{
"type": "FeatureCollection",
"name": "geo_7_2",
"crs": { "type": "name", "properties": { "name": "urn:ogc:def:crs:OGC:1.3:CRS84" } },
"features": [
{ "type": "Feature", "properties": { "ID": 720720000001, "正式名称": "医療法人創仁会　あらいクリニック", "機関区分": 2, "都道府県コード": 7, "市区町村コード": 201, "所在地": "福島県福島市荒井弁天前１７－１", "緯度": 37.723797, "経度": 140.384347, "url": "https://www.iryou.teikyouseido.mhlw.go.jp/znk-web/juminkanja/S2430/initialize?prefCd=07&kikanCd=20720000001&kikanKbn=2", "url2": "sojinkai.or.jp", "内容": "医療法人創仁会　あらいクリニック【2:診療所】【診療科目:0】福島県福島市荒井弁天前１７－１" }, "geometry": { "type": "Point", "coordinates": [ 140.384347, 37.723797 ] } },
{ "type": "Feature", "properties": { "ID": 720720000006, "正式名称": "奥野胃腸科内科医院", "機関区分": 2, "都道府県コード": 7, "市区町村コード": 201, "所在地": "福島県福島市瀬上町字寺前７", "緯度": 37.802769, "経度": 140.492878, "url": "https://www.iryou.teikyouseido.mhlw.go.jp/znk-web/juminkanja/S2430/initialize?prefCd=07&kikanCd=20720000006&kikanKbn=2", "url2": null, "内容": "奥野胃腸科内科医院【2:診療所】【診療科目:0】福島県福島市瀬上町字寺前７" }, "geometry": { "type": "Point", "coordinates": [ 140.492878, 37.802769 ] } },
{ "type": "Feature", "properties": { "ID": 720720000008, "正式名称": "医療法人菊池クリニック", "機関区分": 2, "都道府県コード": 7, "市区町村コード": 201, "所在地": "福島県福島市花園町７－３１", "緯度": 37.762725, "経度": 140.474147, "url": "https://www.iryou.teikyouseido.mhlw.go.jp/znk-web/juminkanja/S2430/initialize?prefCd=07&kikanCd=20720000008&kikanKbn=2", "url2": null, "内容": "医療法人菊池クリニック【2:診療所】【診療科目:0】福島県福島市花園町７－３１" }, "geometry": { "type": "Point", "coordinates": [ 140.474147, 37.762725 ] } },
{ "type": "Feature", "properties": { "ID": 720720000010, "正式名称": "小関小児科医院", "機関区分": 2, "都道府県コード": 7, "市区町村コード": 201, "所在地": "福島県福島市万世町５－３７", "緯度": 37.756269, "経度": 140.466178, "url": "https://www.iryou.teikyouseido.mhlw.go.jp/znk-web/juminkanja/S2430/initialize?prefCd=07&kikanCd=20720000010&kikanKbn=2", "url2": null, "内容": "小関小児科医院【2:診療所】【診療科目:0】福島県福島市万世町５－３７" }, "geometry": { "type": "Point", "coordinates": [ 140.466178, 37.756269 ] } },
{ "type": "Feature", "properties": { "ID": 720720000018, "正式名称": "医療法人　イノモト医院耳鼻咽喉科", "機関区分": 2, "都道府県コード": 7, "市区町村コード": 201, "所在地": "福島県福島市瀬上町字四斗蒔２４－７", "緯度": 37.800892, "経度": 140.492753, "url": "https://www.iryou.teikyouseido.mhlw.go.jp/znk-web/juminkanja/S2430/initialize?prefCd=07&kikanCd=20720000018&kikanKbn=2", "url2": "http://www.inomoto-jibika.com", "内容": "医療法人　イノモト医院耳鼻咽喉科【2:診療所】【診療科目:0】福島県福島市瀬上町字四斗蒔２４－７" }, "geometry": { "type": "Point", "coordinates": [ 140.492753, 37.800892 ] } },
{ "type": "Feature", "properties": { "ID": 720720000019, "正式名称": "医療法人恵仁会　泌尿器科・皮膚科・内科　北町丹治医院", "機関区分": 2, "都道府県コード": 7, "市区町村コード": 201, "所在地": "福島県福島市北町３－３９", "緯度": 37.754606, "経度": 140.47095, "url": "https://www.iryou.teikyouseido.mhlw.go.jp/znk-web/juminkanja/S2430/initialize?prefCd=07&kikanCd=20720000019&kikanKbn=2", "url2": "http://kitatan.byoinnavi.jp/", "内容": "医療法人恵仁会　泌尿器科・皮膚科・内科　北町丹治医院【2:診療所】【診療科目:0】福島県福島市北町３－３９" }, "geometry": { "type": "Point", "coordinates": [ 140.47095, 37.754606 ] } },
{ "type": "Feature", "properties": { "ID": 720720000030, "正式名称": "松川中央医院", "機関区分": 2, "都道府県コード": 7, "市区町村コード": 201, "所在地": "福島県福島市松川町土腐８", "緯度": 37.659097, "経度": 140.468064, "url": "https://www.iryou.teikyouseido.mhlw.go.jp/znk-web/juminkanja/S2430/initialize?prefCd=07&kikanCd=20720000030&kikanKbn=2", "url2": null, "内容": "松川中央医院【2:診療所】【診療科目:0】福島県福島市松川町土腐８" }, "geometry": { "type": "Point", "coordinates": [ 140.468064, 37.659097 ] } },
{ "type": "Feature", "properties": { "ID": 720720000031, "正式名称": "医療法人三河台内科", "機関区分": 2, "都道府県コード": 7, "市区町村コード": 201, "所在地": "福島県福島市野田町２－４－１９", "緯度": 37.757267, "経度": 140.450308, "url": "https://www.iryou.teikyouseido.mhlw.go.jp/znk-web/juminkanja/S2430/initialize?prefCd=07&kikanCd=20720000031&kikanKbn=2", "url2": null, "内容": "医療法人三河台内科【2:診療所】【診療科目:0】福島県福島市野田町２－４－１９" }, "geometry": { "type": "Point", "coordinates": [ 140.450308, 37.757267 ] } },
{ "type": "Feature", "properties": { "ID": 720720000034, "正式名称": "医療法人村上耳鼻咽喉科医院", "機関区分": 2, "都道府県コード": 7, "市区町村コード": 201, "所在地": "福島県福島市松木町１―２３", "緯度": 37.758775, "経度": 140.471033, "url": "https://www.iryou.teikyouseido.mhlw.go.jp/znk-web/juminkanja/S2430/initialize?prefCd=07&kikanCd=20720000034&kikanKbn=2", "url2": "http://www.murakami-jibi.jp/", "内容": "医療法人村上耳鼻咽喉科医院【2:診療所】【診療科目:0】福島県福島市松木町１―２３" }, "geometry": { "type": "Point", "coordinates": [ 140.471033, 37.758775 ] } },
{ "type": "Feature", "properties": { "ID": 720720000037, "正式名称": "池田医院", "機関区分": 2, "都道府県コード": 7, "市区町村コード": 201, "所在地": "福島県福島市飯坂町字若葉町５－１", "緯度": 37.832486, "経度": 140.453944, "url": "https://www.iryou.teikyouseido.mhlw.go.jp/znk-web/juminkanja/S2430/initialize?prefCd=07&kikanCd=20720000037&kikanKbn=2", "url2": "https://ikedaiin-iizaka.com/", "内容": "池田医院【2:診療所】【診療科目:0】福島県福島市飯坂町字若葉町５－１" }, "geometry": { "type": "Point", "coordinates": [ 140.453944, 37.832486 ] } },
{ "type": "Feature", "properties": { "ID": 720720000042, "正式名称": "医療法人　西條耳鼻咽喉科医院", "機関区分": 2, "都道府県コード": 7, "市区町村コード": 201, "所在地": "福島県福島市笹谷字中田５－２", "緯度": 37.794503, "経度": 140.437264, "url": "https://www.iryou.teikyouseido.mhlw.go.jp/znk-web/juminkanja/S2430/initialize?prefCd=07&kikanCd=20720000042&kikanKbn=2", "url2": "https://saijo-jibika.jp/", "内容": "医療法人　西條耳鼻咽喉科医院【2:診療所】【診療科目:0】福島県福島市笹谷字中田５－２" }, "geometry": { "type": "Point", "coordinates": [ 140.437264, 37.794503 ] } },
{ "type": "Feature", "properties": { "ID": 720720000045, "正式名称": "医療法人　安斎外科胃腸科医院", "機関区分": 2, "都道府県コード": 7, "市区町村コード": 201, "所在地": "福島県福島市北五老内町３－２２", "緯度": 37.762817, "経度": 140.475692, "url": "https://www.iryou.teikyouseido.mhlw.go.jp/znk-web/juminkanja/S2430/initialize?prefCd=07&kikanCd=20720000045&kikanKbn=2", "url2": "https://www.anzaigekaichoka.com", "内容": "医療法人　安斎外科胃腸科医院【2:診療所】【診療科目:0】福島県福島市北五老内町３－２２" }, "geometry": { "type": "Point", "coordinates": [ 140.475692, 37.762817 ] } },
{ "type": "Feature", "properties": { "ID": 720720000051, "正式名称": "なかむら外科内科クリニック", "機関区分": 2, "都道府県コード": 7, "市区町村コード": 201, "所在地": "福島県福島市宮下町１５－１８", "緯度": 37.761078, "経度": 140.468003, "url": "https://www.iryou.teikyouseido.mhlw.go.jp/znk-web/juminkanja/S2430/initialize?prefCd=07&kikanCd=20720000051&kikanKbn=2", "url2": "www.nakamurageka-fukushima.com", "内容": "なかむら外科内科クリニック【2:診療所】【診療科目:0】福島県福島市宮下町１５－１８" }, "geometry": { "type": "Point", "coordinates": [ 140.468003, 37.761078 ] } },
{ "type": "Feature", "properties": { "ID": 720720000053, "正式名称": "きくち医院", "機関区分": 2, "都道府県コード": 7, "市区町村コード": 201, "所在地": "福島県福島市太平寺字児子塚３６番地", "緯度": 37.726972, "経度": 140.453514, "url": "https://www.iryou.teikyouseido.mhlw.go.jp/znk-web/juminkanja/S2430/initialize?prefCd=07&kikanCd=20720000053&kikanKbn=2", "url2": "http://http://www.keiai-kai.com/kikuti/", "内容": "きくち医院【2:診療所】【診療科目:0】福島県福島市太平寺字児子塚３６番地" }, "geometry": { "type": "Point", "coordinates": [ 140.453514, 37.726972 ] } },
{ "type": "Feature", "properties": { "ID": 720720000055, "正式名称": "さとう内科医院", "機関区分": 2, "都道府県コード": 7, "市区町村コード": 201, "所在地": "福島県福島市豊田町４－１２", "緯度": 37.754842, "経度": 140.473672, "url": "https://www.iryou.teikyouseido.mhlw.go.jp/znk-web/juminkanja/S2430/initialize?prefCd=07&kikanCd=20720000055&kikanKbn=2", "url2": null, "内容": "さとう内科医院【2:診療所】【診療科目:0】福島県福島市豊田町４－１２" }, "geometry": { "type": "Point", "coordinates": [ 140.473672, 37.754842 ] } },
{ "type": "Feature", "properties": { "ID": 720720000058, "正式名称": "都小児科医院", "機関区分": 2, "都道府県コード": 7, "市区町村コード": 201, "所在地": "福島県福島市東中央一丁目９番地", "緯度": 37.761381, "経度": 140.4419, "url": "https://www.iryou.teikyouseido.mhlw.go.jp/znk-web/juminkanja/S2430/initialize?prefCd=07&kikanCd=20720000058&kikanKbn=2", "url2": "https://miyako-syounika.net/", "内容": "都小児科医院【2:診療所】【診療科目:0】福島県福島市東中央一丁目９番地" }, "geometry": { "type": "Point", "coordinates": [ 140.4419, 37.761381 ] } },
{ "type": "Feature", "properties": { "ID": 720720000062, "正式名称": "むらおか内科・糖尿病内科・耳鼻咽喉科クリニック", "機関区分": 2, "都道府県コード": 7, "市区町村コード": 201, "所在地": "福島県福島市松川町天王原８９", "緯度": 37.655308, "経度": 140.486339, "url": "https://www.iryou.teikyouseido.mhlw.go.jp/znk-web/juminkanja/S2430/initialize?prefCd=07&kikanCd=20720000062&kikanKbn=2", "url2": "https://www.muraoka-clinic.org", "内容": "むらおか内科・糖尿病内科・耳鼻咽喉科クリニック【2:診療所】【診療科目:0】福島県福島市松川町天王原８９" }, "geometry": { "type": "Point", "coordinates": [ 140.486339, 37.655308 ] } },
{ "type": "Feature", "properties": { "ID": 720720000064, "正式名称": "医療法人佐藤医院", "機関区分": 2, "都道府県コード": 7, "市区町村コード": 201, "所在地": "福島県福島市陣場町１―８", "緯度": 37.757073, "経度": 140.461371, "url": "https://www.iryou.teikyouseido.mhlw.go.jp/znk-web/juminkanja/S2430/initialize?prefCd=07&kikanCd=20720000064&kikanKbn=2", "url2": null, "内容": "医療法人佐藤医院【2:診療所】【診療科目:0】福島県福島市陣場町１―８" }, "geometry": { "type": "Point", "coordinates": [ 140.461371, 37.757073 ] } },
{ "type": "Feature", "properties": { "ID": 720720000067, "正式名称": "医療法人ささや産婦人科", "機関区分": 2, "都道府県コード": 7, "市区町村コード": 201, "所在地": "福島県福島市笹谷字才ノ神１７番地の１", "緯度": 37.789486, "経度": 140.439328, "url": "https://www.iryou.teikyouseido.mhlw.go.jp/znk-web/juminkanja/S2430/initialize?prefCd=07&kikanCd=20720000067&kikanKbn=2", "url2": "http://sasaya.kir.jp/", "内容": "医療法人ささや産婦人科【2:診療所】【診療科目:0】福島県福島市笹谷字才ノ神１７番地の１" }, "geometry": { "type": "Point", "coordinates": [ 140.439328, 37.789486 ] } },
{ "type": "Feature", "properties": { "ID": 720720000070, "正式名称": "わたなべクリニック", "機関区分": 2, "都道府県コード": 7, "市区町村コード": 201, "所在地": "福島県福島市成川字神崎４０番地の１", "緯度": 37.740067, "経度": 140.417369, "url": "https://www.iryou.teikyouseido.mhlw.go.jp/znk-web/juminkanja/S2430/initialize?prefCd=07&kikanCd=20720000070&kikanKbn=2", "url2": "fukuseikai-watanabecli.com", "内容": "わたなべクリニック【2:診療所】【診療科目:0】福島県福島市成川字神崎４０番地の１" }, "geometry": { "type": "Point", "coordinates": [ 140.417369, 37.740067 ] } },
{ "type": "Feature", "properties": { "ID": 720720000071, "正式名称": "本町こころとからだクリニック", "機関区分": 2, "都道府県コード": 7, "市区町村コード": 201, "所在地": "福島県福島市本町５―１９油屋ビル２Ｆ", "緯度": 37.752956, "経度": 140.465483, "url": "https://www.iryou.teikyouseido.mhlw.go.jp/znk-web/juminkanja/S2430/initialize?prefCd=07&kikanCd=20720000071&kikanKbn=2", "url2": "http://www.tokujinkai-motomati.jp/", "内容": "本町こころとからだクリニック【2:診療所】【診療科目:0】福島県福島市本町５―１９油屋ビル２Ｆ" }, "geometry": { "type": "Point", "coordinates": [ 140.465483, 37.752956 ] } },
{ "type": "Feature", "properties": { "ID": 720720000074, "正式名称": "やご内科リウマチクリニック", "機関区分": 2, "都道府県コード": 7, "市区町村コード": 201, "所在地": "福島県福島市森合字屋敷下３６の２", "緯度": 37.764081, "経度": 140.456656, "url": "https://www.iryou.teikyouseido.mhlw.go.jp/znk-web/juminkanja/S2430/initialize?prefCd=07&kikanCd=20720000074&kikanKbn=2", "url2": "http://www.yago-rheum.jp/", "内容": "やご内科リウマチクリニック【2:診療所】【診療科目:0】福島県福島市森合字屋敷下３６の２" }, "geometry": { "type": "Point", "coordinates": [ 140.456656, 37.764081 ] } },
{ "type": "Feature", "properties": { "ID": 720720000075, "正式名称": "菅野産婦人科医院", "機関区分": 2, "都道府県コード": 7, "市区町村コード": 201, "所在地": "福島県福島市蓬莱町２－１－１１", "緯度": 37.699508, "経度": 140.470492, "url": "https://www.iryou.teikyouseido.mhlw.go.jp/znk-web/juminkanja/S2430/initialize?prefCd=07&kikanCd=20720000075&kikanKbn=2", "url2": null, "内容": "菅野産婦人科医院【2:診療所】【診療科目:0】福島県福島市蓬莱町２－１－１１" }, "geometry": { "type": "Point", "coordinates": [ 140.470492, 37.699508 ] } },
{ "type": "Feature", "properties": { "ID": 720720000082, "正式名称": "佐藤耳鼻咽喉科", "機関区分": 2, "都道府県コード": 7, "市区町村コード": 201, "所在地": "福島県福島市黒岩田部屋１２－３", "緯度": 37.726233, "経度": 140.464042, "url": "https://www.iryou.teikyouseido.mhlw.go.jp/znk-web/juminkanja/S2430/initialize?prefCd=07&kikanCd=20720000082&kikanKbn=2", "url2": null, "内容": "佐藤耳鼻咽喉科【2:診療所】【診療科目:0】福島県福島市黒岩田部屋１２－３" }, "geometry": { "type": "Point", "coordinates": [ 140.464042, 37.726233 ] } },
{ "type": "Feature", "properties": { "ID": 720720000083, "正式名称": "こじま小児科医院", "機関区分": 2, "都道府県コード": 7, "市区町村コード": 201, "所在地": "福島県福島市南沢又字桜内３３－２３", "緯度": 37.780436, "経度": 140.441586, "url": "https://www.iryou.teikyouseido.mhlw.go.jp/znk-web/juminkanja/S2430/initialize?prefCd=07&kikanCd=20720000083&kikanKbn=2", "url2": null, "内容": "こじま小児科医院【2:診療所】【診療科目:0】福島県福島市南沢又字桜内３３－２３" }, "geometry": { "type": "Point", "coordinates": [ 140.441586, 37.780436 ] } },
{ "type": "Feature", "properties": { "ID": 720720000084, "正式名称": "本田内科医院", "機関区分": 2, "都道府県コード": 7, "市区町村コード": 201, "所在地": "福島県福島市飯坂町平野字東原４２－１２", "緯度": 37.815967, "経度": 140.444833, "url": "https://www.iryou.teikyouseido.mhlw.go.jp/znk-web/juminkanja/S2430/initialize?prefCd=07&kikanCd=20720000084&kikanKbn=2", "url2": null, "内容": "本田内科医院【2:診療所】【診療科目:0】福島県福島市飯坂町平野字東原４２－１２" }, "geometry": { "type": "Point", "coordinates": [ 140.444833, 37.815967 ] } },
{ "type": "Feature", "properties": { "ID": 720720000085, "正式名称": "かんの消化器科外科医院", "機関区分": 2, "都道府県コード": 7, "市区町村コード": 201, "所在地": "福島県福島市山口字雷２０", "緯度": 37.770875, "経度": 140.511131, "url": "https://www.iryou.teikyouseido.mhlw.go.jp/znk-web/juminkanja/S2430/initialize?prefCd=07&kikanCd=20720000085&kikanKbn=2", "url2": "http://www.myclinic.ne.jp/kanno/pc/", "内容": "かんの消化器科外科医院【2:診療所】【診療科目:0】福島県福島市山口字雷２０" }, "geometry": { "type": "Point", "coordinates": [ 140.511131, 37.770875 ] } },
{ "type": "Feature", "properties": { "ID": 720720000087, "正式名称": "待井内科クリニック", "機関区分": 2, "都道府県コード": 7, "市区町村コード": 201, "所在地": "福島県福島市南中央１－７０", "緯度": 37.760958, "経度": 140.440006, "url": "https://www.iryou.teikyouseido.mhlw.go.jp/znk-web/juminkanja/S2430/initialize?prefCd=07&kikanCd=20720000087&kikanKbn=2", "url2": "http://www.machiiclinic.jp", "内容": "待井内科クリニック【2:診療所】【診療科目:0】福島県福島市南中央１－７０" }, "geometry": { "type": "Point", "coordinates": [ 140.440006, 37.760958 ] } },
{ "type": "Feature", "properties": { "ID": 720720000090, "正式名称": "医療法人丸子眼科医院", "機関区分": 2, "都道府県コード": 7, "市区町村コード": 201, "所在地": "福島県福島市仲間町３－３０", "緯度": 37.755939, "経度": 140.470611, "url": "https://www.iryou.teikyouseido.mhlw.go.jp/znk-web/juminkanja/S2430/initialize?prefCd=07&kikanCd=20720000090&kikanKbn=2", "url2": null, "内容": "医療法人丸子眼科医院【2:診療所】【診療科目:0】福島県福島市仲間町３－３０" }, "geometry": { "type": "Point", "coordinates": [ 140.470611, 37.755939 ] } },
{ "type": "Feature", "properties": { "ID": 720720000092, "正式名称": "医療法人桜樹会　岡部クリニック", "機関区分": 2, "都道府県コード": 7, "市区町村コード": 201, "所在地": "福島県福島市岡部字前田１５９－１", "緯度": 37.771528, "経度": 140.502775, "url": "https://www.iryou.teikyouseido.mhlw.go.jp/znk-web/juminkanja/S2430/initialize?prefCd=07&kikanCd=20720000092&kikanKbn=2", "url2": null, "内容": "医療法人桜樹会　岡部クリニック【2:診療所】【診療科目:0】福島県福島市岡部字前田１５９－１" }, "geometry": { "type": "Point", "coordinates": [ 140.502775, 37.771528 ] } },
{ "type": "Feature", "properties": { "ID": 720720000094, "正式名称": "医療法人　武田中央医院", "機関区分": 2, "都道府県コード": 7, "市区町村コード": 201, "所在地": "福島県福島市泉字仲ノ町１４－１３", "緯度": 37.777836, "経度": 140.451406, "url": "https://www.iryou.teikyouseido.mhlw.go.jp/znk-web/juminkanja/S2430/initialize?prefCd=07&kikanCd=20720000094&kikanKbn=2", "url2": null, "内容": "医療法人　武田中央医院【2:診療所】【診療科目:0】福島県福島市泉字仲ノ町１４－１３" }, "geometry": { "type": "Point", "coordinates": [ 140.451406, 37.777836 ] } },
{ "type": "Feature", "properties": { "ID": 720720000099, "正式名称": "紺野整形外科", "機関区分": 2, "都道府県コード": 7, "市区町村コード": 201, "所在地": "福島県福島市丸子字漆方６－１０", "緯度": 37.785808, "経度": 140.482319, "url": "https://www.iryou.teikyouseido.mhlw.go.jp/znk-web/juminkanja/S2430/initialize?prefCd=07&kikanCd=20720000099&kikanKbn=2", "url2": null, "内容": "紺野整形外科【2:診療所】【診療科目:0】福島県福島市丸子字漆方６－１０" }, "geometry": { "type": "Point", "coordinates": [ 140.482319, 37.785808 ] } },
{ "type": "Feature", "properties": { "ID": 720720000106, "正式名称": "医療法人杏泉堂　本間内科", "機関区分": 2, "都道府県コード": 7, "市区町村コード": 201, "所在地": "福島県福島市笹木野字小針尻２０－５", "緯度": 37.763847, "経度": 140.421103, "url": "https://www.iryou.teikyouseido.mhlw.go.jp/znk-web/juminkanja/S2430/initialize?prefCd=07&kikanCd=20720000106&kikanKbn=2", "url2": "https://www.honmanaika.jp", "内容": "医療法人杏泉堂　本間内科【2:診療所】【診療科目:0】福島県福島市笹木野字小針尻２０－５" }, "geometry": { "type": "Point", "coordinates": [ 140.421103, 37.763847 ] } },
{ "type": "Feature", "properties": { "ID": 720720000107, "正式名称": "八子胃腸科内科クリニック", "機関区分": 2, "都道府県コード": 7, "市区町村コード": 201, "所在地": "福島県福島市八島町２－３", "緯度": 37.769711, "経度": 140.482364, "url": "https://www.iryou.teikyouseido.mhlw.go.jp/znk-web/juminkanja/S2430/initialize?prefCd=07&kikanCd=20720000107&kikanKbn=2", "url2": "http://www.myclinic.ne.jp/yago_cli", "内容": "八子胃腸科内科クリニック【2:診療所】【診療科目:0】福島県福島市八島町２－３" }, "geometry": { "type": "Point", "coordinates": [ 140.482364, 37.769711 ] } },
{ "type": "Feature", "properties": { "ID": 720720000111, "正式名称": "きらり健康生活協同組合　須川診療所", "機関区分": 2, "都道府県コード": 7, "市区町村コード": 201, "所在地": "福島県福島市野田町一丁目１２－７２", "緯度": 37.75445, "経度": 140.449947, "url": "https://www.iryou.teikyouseido.mhlw.go.jp/znk-web/juminkanja/S2430/initialize?prefCd=07&kikanCd=20720000111&kikanKbn=2", "url2": "http://www.kirari-hcoop.com/", "内容": "きらり健康生活協同組合　須川診療所【2:診療所】【診療科目:0】福島県福島市野田町一丁目１２－７２" }, "geometry": { "type": "Point", "coordinates": [ 140.449947, 37.75445 ] } },
{ "type": "Feature", "properties": { "ID": 720720000112, "正式名称": "もり皮膚科小児科医院", "機関区分": 2, "都道府県コード": 7, "市区町村コード": 201, "所在地": "福島県福島市大森字丑子内５８－５", "緯度": 37.738603, "経度": 140.448194, "url": "https://www.iryou.teikyouseido.mhlw.go.jp/znk-web/juminkanja/S2430/initialize?prefCd=07&kikanCd=20720000112&kikanKbn=2", "url2": null, "内容": "もり皮膚科小児科医院【2:診療所】【診療科目:0】福島県福島市大森字丑子内５８－５" }, "geometry": { "type": "Point", "coordinates": [ 140.448194, 37.738603 ] } },
{ "type": "Feature", "properties": { "ID": 720720000115, "正式名称": "医療法人　福島腎泌尿器クリニック", "機関区分": 2, "都道府県コード": 7, "市区町村コード": 201, "所在地": "福島県福島市森合字屋敷下３６番地の１", "緯度": 37.764247, "経度": 140.456328, "url": "https://www.iryou.teikyouseido.mhlw.go.jp/znk-web/juminkanja/S2430/initialize?prefCd=07&kikanCd=20720000115&kikanKbn=2", "url2": null, "内容": "医療法人　福島腎泌尿器クリニック【2:診療所】【診療科目:0】福島県福島市森合字屋敷下３６番地の１" }, "geometry": { "type": "Point", "coordinates": [ 140.456328, 37.764247 ] } },
{ "type": "Feature", "properties": { "ID": 720720000118, "正式名称": "児玉胃腸科内科", "機関区分": 2, "都道府県コード": 7, "市区町村コード": 201, "所在地": "福島県福島市浜田町７－２７番地", "緯度": 37.758467, "経度": 140.474811, "url": "https://www.iryou.teikyouseido.mhlw.go.jp/znk-web/juminkanja/S2430/initialize?prefCd=07&kikanCd=20720000118&kikanKbn=2", "url2": null, "内容": "児玉胃腸科内科【2:診療所】【診療科目:0】福島県福島市浜田町７－２７番地" }, "geometry": { "type": "Point", "coordinates": [ 140.474811, 37.758467 ] } },
{ "type": "Feature", "properties": { "ID": 720720000120, "正式名称": "医療法人本田クリニック　本田クリニック産科婦人科", "機関区分": 2, "都道府県コード": 7, "市区町村コード": 201, "所在地": "福島県福島市大森字赤沢９７－６", "緯度": 37.736906, "経度": 140.450581, "url": "https://www.iryou.teikyouseido.mhlw.go.jp/znk-web/juminkanja/S2430/initialize?prefCd=07&kikanCd=20720000120&kikanKbn=2", "url2": "http://www.honcli.or.jp/", "内容": "医療法人本田クリニック　本田クリニック産科婦人科【2:診療所】【診療科目:0】福島県福島市大森字赤沢９７－６" }, "geometry": { "type": "Point", "coordinates": [ 140.450581, 37.736906 ] } },
{ "type": "Feature", "properties": { "ID": 720720000121, "正式名称": "医療法人正槙会南福島クリニック", "機関区分": 2, "都道府県コード": 7, "市区町村コード": 201, "所在地": "福島県福島市永井川字壇ノ腰１０－３", "緯度": 37.724375, "経度": 140.456358, "url": "https://www.iryou.teikyouseido.mhlw.go.jp/znk-web/juminkanja/S2430/initialize?prefCd=07&kikanCd=20720000121&kikanKbn=2", "url2": null, "内容": "医療法人正槙会南福島クリニック【2:診療所】【診療科目:0】福島県福島市永井川字壇ノ腰１０－３" }, "geometry": { "type": "Point", "coordinates": [ 140.456358, 37.724375 ] } },
{ "type": "Feature", "properties": { "ID": 720720000122, "正式名称": "医療法人藤原医院　藤原消化器内科医院", "機関区分": 2, "都道府県コード": 7, "市区町村コード": 201, "所在地": "福島県福島市太平寺字過吹１４番地５", "緯度": 37.730489, "経度": 140.459928, "url": "https://www.iryou.teikyouseido.mhlw.go.jp/znk-web/juminkanja/S2430/initialize?prefCd=07&kikanCd=20720000122&kikanKbn=2", "url2": null, "内容": "医療法人藤原医院　藤原消化器内科医院【2:診療所】【診療科目:0】福島県福島市太平寺字過吹１４番地５" }, "geometry": { "type": "Point", "coordinates": [ 140.459928, 37.730489 ] } },
{ "type": "Feature", "properties": { "ID": 720720000123, "正式名称": "医療法人　腎済会　佐久間内科", "機関区分": 2, "都道府県コード": 7, "市区町村コード": 201, "所在地": "福島県福島市陣場町４－８", "緯度": 37.757336, "経度": 140.461622, "url": "https://www.iryou.teikyouseido.mhlw.go.jp/znk-web/juminkanja/S2430/initialize?prefCd=07&kikanCd=20720000123&kikanKbn=2", "url2": null, "内容": "医療法人　腎済会　佐久間内科【2:診療所】【診療科目:0】福島県福島市陣場町４－８" }, "geometry": { "type": "Point", "coordinates": [ 140.461622, 37.757336 ] } },
{ "type": "Feature", "properties": { "ID": 720720000127, "正式名称": "医療法人すずきクリニック", "機関区分": 2, "都道府県コード": 7, "市区町村コード": 201, "所在地": "福島県福島市松川町字桜内７－２", "緯度": 37.656133, "経度": 140.460531, "url": "https://www.iryou.teikyouseido.mhlw.go.jp/znk-web/juminkanja/S2430/initialize?prefCd=07&kikanCd=20720000127&kikanKbn=2", "url2": "http://www.suzukiclinic-matsukawa.jp/", "内容": "医療法人すずきクリニック【2:診療所】【診療科目:0】福島県福島市松川町字桜内７－２" }, "geometry": { "type": "Point", "coordinates": [ 140.460531, 37.656133 ] } },
{ "type": "Feature", "properties": { "ID": 720720000128, "正式名称": "医療法人ＡＢＣクリニック新妻産婦人科", "機関区分": 2, "都道府県コード": 7, "市区町村コード": 201, "所在地": "福島県福島市陣場町９－１８", "緯度": 37.758225, "経度": 140.463106, "url": "https://www.iryou.teikyouseido.mhlw.go.jp/znk-web/juminkanja/S2430/initialize?prefCd=07&kikanCd=20720000128&kikanKbn=2", "url2": "http://www.niitsuma-sanfujinka.dr-clinic.jp/", "内容": "医療法人ＡＢＣクリニック新妻産婦人科【2:診療所】【診療科目:0】福島県福島市陣場町９－１８" }, "geometry": { "type": "Point", "coordinates": [ 140.463106, 37.758225 ] } },
{ "type": "Feature", "properties": { "ID": 720720000131, "正式名称": "医療法人さいとう医院", "機関区分": 2, "都道府県コード": 7, "市区町村コード": 201, "所在地": "福島県福島市飯坂町湯野字浦湊２－８", "緯度": 37.827267, "経度": 140.465706, "url": "https://www.iryou.teikyouseido.mhlw.go.jp/znk-web/juminkanja/S2430/initialize?prefCd=07&kikanCd=20720000131&kikanKbn=2", "url2": null, "内容": "医療法人さいとう医院【2:診療所】【診療科目:0】福島県福島市飯坂町湯野字浦湊２－８" }, "geometry": { "type": "Point", "coordinates": [ 140.465706, 37.827267 ] } },
{ "type": "Feature", "properties": { "ID": 720720000132, "正式名称": "黒岩内科医院", "機関区分": 2, "都道府県コード": 7, "市区町村コード": 201, "所在地": "福島県福島市黒岩字榎平６４－１", "緯度": 37.724494, "経度": 140.467794, "url": "https://www.iryou.teikyouseido.mhlw.go.jp/znk-web/juminkanja/S2430/initialize?prefCd=07&kikanCd=20720000132&kikanKbn=2", "url2": null, "内容": "黒岩内科医院【2:診療所】【診療科目:0】福島県福島市黒岩字榎平６４－１" }, "geometry": { "type": "Point", "coordinates": [ 140.467794, 37.724494 ] } },
{ "type": "Feature", "properties": { "ID": 720720000136, "正式名称": "土屋眼科医院", "機関区分": 2, "都道府県コード": 7, "市区町村コード": 201, "所在地": "福島県福島市北五老内町６－６", "緯度": 37.762808, "経度": 140.476117, "url": "https://www.iryou.teikyouseido.mhlw.go.jp/znk-web/juminkanja/S2430/initialize?prefCd=07&kikanCd=20720000136&kikanKbn=2", "url2": null, "内容": "土屋眼科医院【2:診療所】【診療科目:0】福島県福島市北五老内町６－６" }, "geometry": { "type": "Point", "coordinates": [ 140.476117, 37.762808 ] } },
{ "type": "Feature", "properties": { "ID": 720720000139, "正式名称": "医療法人　後藤整形外科", "機関区分": 2, "都道府県コード": 7, "市区町村コード": 201, "所在地": "福島県福島市鎌田字門丈壇１０－１０", "緯度": 37.796919, "経度": 140.480308, "url": "https://www.iryou.teikyouseido.mhlw.go.jp/znk-web/juminkanja/S2430/initialize?prefCd=07&kikanCd=20720000139&kikanKbn=2", "url2": null, "内容": "医療法人　後藤整形外科【2:診療所】【診療科目:0】福島県福島市鎌田字門丈壇１０－１０" }, "geometry": { "type": "Point", "coordinates": [ 140.480308, 37.796919 ] } },
{ "type": "Feature", "properties": { "ID": 720720000145, "正式名称": "さとう胃腸科内科", "機関区分": 2, "都道府県コード": 7, "市区町村コード": 201, "所在地": "福島県福島市鳥谷野字宮畑９３－３", "緯度": 37.735064, "経度": 140.467292, "url": "https://www.iryou.teikyouseido.mhlw.go.jp/znk-web/juminkanja/S2430/initialize?prefCd=07&kikanCd=20720000145&kikanKbn=2", "url2": null, "内容": "さとう胃腸科内科【2:診療所】【診療科目:0】福島県福島市鳥谷野字宮畑９３－３" }, "geometry": { "type": "Point", "coordinates": [ 140.467292, 37.735064 ] } },
{ "type": "Feature", "properties": { "ID": 720720000146, "正式名称": "木村内科・皮フ科", "機関区分": 2, "都道府県コード": 7, "市区町村コード": 201, "所在地": "福島県福島市渡利七社宮１０－１", "緯度": 37.748469, "経度": 140.475222, "url": "https://www.iryou.teikyouseido.mhlw.go.jp/znk-web/juminkanja/S2430/initialize?prefCd=07&kikanCd=20720000146&kikanKbn=2", "url2": "https://www.watari-kimuranaika.com", "内容": "木村内科・皮フ科【2:診療所】【診療科目:0】福島県福島市渡利七社宮１０－１" }, "geometry": { "type": "Point", "coordinates": [ 140.475222, 37.748469 ] } },
{ "type": "Feature", "properties": { "ID": 720720000147, "正式名称": "おぐらじクリニック内科・小児科・消化器科", "機関区分": 2, "都道府県コード": 7, "市区町村コード": 201, "所在地": "福島県福島市小倉寺字中田３１", "緯度": 37.732358, "経度": 140.474175, "url": "https://www.iryou.teikyouseido.mhlw.go.jp/znk-web/juminkanja/S2430/initialize?prefCd=07&kikanCd=20720000147&kikanKbn=2", "url2": null, "内容": "おぐらじクリニック内科・小児科・消化器科【2:診療所】【診療科目:0】福島県福島市小倉寺字中田３１" }, "geometry": { "type": "Point", "coordinates": [ 140.474175, 37.732358 ] } },
{ "type": "Feature", "properties": { "ID": 720720000149, "正式名称": "竹内こどもクリニック", "機関区分": 2, "都道府県コード": 7, "市区町村コード": 201, "所在地": "福島県福島市北中央１丁目４８－１", "緯度": 37.763003, "経度": 140.433922, "url": "https://www.iryou.teikyouseido.mhlw.go.jp/znk-web/juminkanja/S2430/initialize?prefCd=07&kikanCd=20720000149&kikanKbn=2", "url2": null, "内容": "竹内こどもクリニック【2:診療所】【診療科目:0】福島県福島市北中央１丁目４８－１" }, "geometry": { "type": "Point", "coordinates": [ 140.433922, 37.763003 ] } },
{ "type": "Feature", "properties": { "ID": 720720000154, "正式名称": "福島県精神保健福祉センター", "機関区分": 2, "都道府県コード": 7, "市区町村コード": 201, "所在地": "福島県福島市御山町８番３０号", "緯度": 37.764281, "経度": 140.468017, "url": "https://www.iryou.teikyouseido.mhlw.go.jp/znk-web/juminkanja/S2430/initialize?prefCd=07&kikanCd=20720000154&kikanKbn=2", "url2": null, "内容": "福島県精神保健福祉センター【2:診療所】【診療科目:0】福島県福島市御山町８番３０号" }, "geometry": { "type": "Point", "coordinates": [ 140.468017, 37.764281 ] } },
{ "type": "Feature", "properties": { "ID": 720720000155, "正式名称": "大原こどもクリニック", "機関区分": 2, "都道府県コード": 7, "市区町村コード": 201, "所在地": "福島県福島市春日町１２－３２", "緯度": 37.765628, "経度": 140.476247, "url": "https://www.iryou.teikyouseido.mhlw.go.jp/znk-web/juminkanja/S2430/initialize?prefCd=07&kikanCd=20720000155&kikanKbn=2", "url2": null, "内容": "大原こどもクリニック【2:診療所】【診療科目:0】福島県福島市春日町１２－３２" }, "geometry": { "type": "Point", "coordinates": [ 140.476247, 37.765628 ] } },
{ "type": "Feature", "properties": { "ID": 720720000156, "正式名称": "きらり健康生活協同組合せのうえ健康クリニック", "機関区分": 2, "都道府県コード": 7, "市区町村コード": 201, "所在地": "福島県福島市瀬上町字四斗蒔１－６", "緯度": 37.801314, "経度": 140.493983, "url": "https://www.iryou.teikyouseido.mhlw.go.jp/znk-web/juminkanja/S2430/initialize?prefCd=07&kikanCd=20720000156&kikanKbn=2", "url2": "http://www.kirari-hcoop.com", "内容": "きらり健康生活協同組合せのうえ健康クリニック【2:診療所】【診療科目:0】福島県福島市瀬上町字四斗蒔１－６" }, "geometry": { "type": "Point", "coordinates": [ 140.493983, 37.801314 ] } },
{ "type": "Feature", "properties": { "ID": 720720000158, "正式名称": "公益財団法人福島県保健衛生協会　総合健診センター", "機関区分": 2, "都道府県コード": 7, "市区町村コード": 201, "所在地": "福島県福島市方木田字水戸内１６－５", "緯度": 37.742825, "経度": 140.446767, "url": "https://www.iryou.teikyouseido.mhlw.go.jp/znk-web/juminkanja/S2430/initialize?prefCd=07&kikanCd=20720000158&kikanKbn=2", "url2": "http://www.fhk.or.jp", "内容": "公益財団法人福島県保健衛生協会　総合健診センター【2:診療所】【診療科目:0】福島県福島市方木田字水戸内１６－５" }, "geometry": { "type": "Point", "coordinates": [ 140.446767, 37.742825 ] } },
{ "type": "Feature", "properties": { "ID": 720720000159, "正式名称": "さくら内科循環器科医院", "機関区分": 2, "都道府県コード": 7, "市区町村コード": 201, "所在地": "福島県福島市上名倉字吉前３９－１", "緯度": 37.735178, "経度": 140.402117, "url": "https://www.iryou.teikyouseido.mhlw.go.jp/znk-web/juminkanja/S2430/initialize?prefCd=07&kikanCd=20720000159&kikanKbn=2", "url2": null, "内容": "さくら内科循環器科医院【2:診療所】【診療科目:0】福島県福島市上名倉字吉前３９－１" }, "geometry": { "type": "Point", "coordinates": [ 140.402117, 37.735178 ] } },
{ "type": "Feature", "properties": { "ID": 720720000161, "正式名称": "ｉひふ・大腸　いがり弘之由美子クリニック", "機関区分": 2, "都道府県コード": 7, "市区町村コード": 201, "所在地": "福島県福島市笹木野字中西裏１８－５", "緯度": 37.769906, "経度": 140.418625, "url": "https://www.iryou.teikyouseido.mhlw.go.jp/znk-web/juminkanja/S2430/initialize?prefCd=07&kikanCd=20720000161&kikanKbn=2", "url2": "http://igacli1101.or.jp", "内容": "ｉひふ・大腸　いがり弘之由美子クリニック【2:診療所】【診療科目:0】福島県福島市笹木野字中西裏１８－５" }, "geometry": { "type": "Point", "coordinates": [ 140.418625, 37.769906 ] } },
{ "type": "Feature", "properties": { "ID": 720720000162, "正式名称": "荒井胃腸科内科", "機関区分": 2, "都道府県コード": 7, "市区町村コード": 201, "所在地": "福島県福島市泉字泉川３－１", "緯度": 37.776883, "経度": 140.446811, "url": "https://www.iryou.teikyouseido.mhlw.go.jp/znk-web/juminkanja/S2430/initialize?prefCd=07&kikanCd=20720000162&kikanKbn=2", "url2": null, "内容": "荒井胃腸科内科【2:診療所】【診療科目:0】福島県福島市泉字泉川３－１" }, "geometry": { "type": "Point", "coordinates": [ 140.446811, 37.776883 ] } },
{ "type": "Feature", "properties": { "ID": 720720000168, "正式名称": "医療法人いちかわクリニック", "機関区分": 2, "都道府県コード": 7, "市区町村コード": 201, "所在地": "福島県福島市南矢野目字鼓田６－１", "緯度": 37.785211, "経度": 140.467067, "url": "https://www.iryou.teikyouseido.mhlw.go.jp/znk-web/juminkanja/S2430/initialize?prefCd=07&kikanCd=20720000168&kikanKbn=2", "url2": "ichikawacl.com", "内容": "医療法人いちかわクリニック【2:診療所】【診療科目:0】福島県福島市南矢野目字鼓田６－１" }, "geometry": { "type": "Point", "coordinates": [ 140.467067, 37.785211 ] } },
{ "type": "Feature", "properties": { "ID": 720720000172, "正式名称": "竹田眼科クリニック", "機関区分": 2, "都道府県コード": 7, "市区町村コード": 201, "所在地": "福島県福島市黒岩字素利町２０－１", "緯度": 37.727425, "経度": 140.459956, "url": "https://www.iryou.teikyouseido.mhlw.go.jp/znk-web/juminkanja/S2430/initialize?prefCd=07&kikanCd=20720000172&kikanKbn=2", "url2": "http://www.takeda-ganka.com/", "内容": "竹田眼科クリニック【2:診療所】【診療科目:0】福島県福島市黒岩字素利町２０－１" }, "geometry": { "type": "Point", "coordinates": [ 140.459956, 37.727425 ] } },
{ "type": "Feature", "properties": { "ID": 720720000173, "正式名称": "きっかわ皮膚科", "機関区分": 2, "都道府県コード": 7, "市区町村コード": 201, "所在地": "福島県福島市南中央１丁目６５－９", "緯度": 37.7603, "経度": 140.440025, "url": "https://www.iryou.teikyouseido.mhlw.go.jp/znk-web/juminkanja/S2430/initialize?prefCd=07&kikanCd=20720000173&kikanKbn=2", "url2": "http://www.uyou.gr.jp/kikkawa-hifu/", "内容": "きっかわ皮膚科【2:診療所】【診療科目:0】福島県福島市南中央１丁目６５－９" }, "geometry": { "type": "Point", "coordinates": [ 140.440025, 37.7603 ] } },
{ "type": "Feature", "properties": { "ID": 720720000174, "正式名称": "医療法人ピーチパイ　ながさわ整形外科", "機関区分": 2, "都道府県コード": 7, "市区町村コード": 201, "所在地": "福島県福島市飯坂町平野字原東５０－１", "緯度": 37.810311, "経度": 140.445747, "url": "https://www.iryou.teikyouseido.mhlw.go.jp/znk-web/juminkanja/S2430/initialize?prefCd=07&kikanCd=20720000174&kikanKbn=2", "url2": null, "内容": "医療法人ピーチパイ　ながさわ整形外科【2:診療所】【診療科目:0】福島県福島市飯坂町平野字原東５０－１" }, "geometry": { "type": "Point", "coordinates": [ 140.445747, 37.810311 ] } },
{ "type": "Feature", "properties": { "ID": 720720000175, "正式名称": "鎌田クリニック", "機関区分": 2, "都道府県コード": 7, "市区町村コード": 201, "所在地": "福島県福島市鎌田字舟戸前２５－１", "緯度": 37.791867, "経度": 140.489486, "url": "https://www.iryou.teikyouseido.mhlw.go.jp/znk-web/juminkanja/S2430/initialize?prefCd=07&kikanCd=20720000175&kikanKbn=2", "url2": "https://kamata-cl.tkc.best-hp.jp/", "内容": "鎌田クリニック【2:診療所】【診療科目:0】福島県福島市鎌田字舟戸前２５－１" }, "geometry": { "type": "Point", "coordinates": [ 140.489486, 37.791867 ] } },
{ "type": "Feature", "properties": { "ID": 720720000176, "正式名称": "皮フ科たんじクリニック", "機関区分": 2, "都道府県コード": 7, "市区町村コード": 201, "所在地": "福島県福島市天神町１５－１０", "緯度": 37.7613, "経度": 140.464467, "url": "https://www.iryou.teikyouseido.mhlw.go.jp/znk-web/juminkanja/S2430/initialize?prefCd=07&kikanCd=20720000176&kikanKbn=2", "url2": null, "内容": "皮フ科たんじクリニック【2:診療所】【診療科目:0】福島県福島市天神町１５－１０" }, "geometry": { "type": "Point", "coordinates": [ 140.464467, 37.7613 ] } },
{ "type": "Feature", "properties": { "ID": 720720000177, "正式名称": "くさの耳鼻咽喉科クリニック", "機関区分": 2, "都道府県コード": 7, "市区町村コード": 201, "所在地": "福島県福島市天神町２番１８号", "緯度": 37.759308, "経度": 140.462519, "url": "https://www.iryou.teikyouseido.mhlw.go.jp/znk-web/juminkanja/S2430/initialize?prefCd=07&kikanCd=20720000177&kikanKbn=2", "url2": "http://www.kusanocl.com/", "内容": "くさの耳鼻咽喉科クリニック【2:診療所】【診療科目:0】福島県福島市天神町２番１８号" }, "geometry": { "type": "Point", "coordinates": [ 140.462519, 37.759308 ] } },
{ "type": "Feature", "properties": { "ID": 720720000178, "正式名称": "みやざき内科循環器科クリニック", "機関区分": 2, "都道府県コード": 7, "市区町村コード": 201, "所在地": "福島県福島市八木田字中島５４－２", "緯度": 37.750469, "経度": 140.447564, "url": "https://www.iryou.teikyouseido.mhlw.go.jp/znk-web/juminkanja/S2430/initialize?prefCd=07&kikanCd=20720000178&kikanKbn=2", "url2": "http://e.oisyasan.ne.jp/miyazakicl/", "内容": "みやざき内科循環器科クリニック【2:診療所】【診療科目:0】福島県福島市八木田字中島５４－２" }, "geometry": { "type": "Point", "coordinates": [ 140.447564, 37.750469 ] } },
{ "type": "Feature", "properties": { "ID": 720720000179, "正式名称": "やまもり内科", "機関区分": 2, "都道府県コード": 7, "市区町村コード": 201, "所在地": "福島県福島市八島田字琵琶渕６２－２", "緯度": 37.769881, "経度": 140.434192, "url": "https://www.iryou.teikyouseido.mhlw.go.jp/znk-web/juminkanja/S2430/initialize?prefCd=07&kikanCd=20720000179&kikanKbn=2", "url2": null, "内容": "やまもり内科【2:診療所】【診療科目:0】福島県福島市八島田字琵琶渕６２－２" }, "geometry": { "type": "Point", "coordinates": [ 140.434192, 37.769881 ] } },
{ "type": "Feature", "properties": { "ID": 720720000180, "正式名称": "厚生会クリニック", "機関区分": 2, "都道府県コード": 7, "市区町村コード": 201, "所在地": "福島県福島市鎌田字門丈壇４番１", "緯度": 37.796272, "経度": 140.480306, "url": "https://www.iryou.teikyouseido.mhlw.go.jp/znk-web/juminkanja/S2430/initialize?prefCd=07&kikanCd=20720000180&kikanKbn=2", "url2": "http://holistica-kamata.jp/", "内容": "厚生会クリニック【2:診療所】【診療科目:0】福島県福島市鎌田字門丈壇４番１" }, "geometry": { "type": "Point", "coordinates": [ 140.480306, 37.796272 ] } },
{ "type": "Feature", "properties": { "ID": 720720000184, "正式名称": "さとう胃腸科クリニック", "機関区分": 2, "都道府県コード": 7, "市区町村コード": 201, "所在地": "福島県福島市森合町２－２１", "緯度": 37.764317, "経度": 140.459522, "url": "https://www.iryou.teikyouseido.mhlw.go.jp/znk-web/juminkanja/S2430/initialize?prefCd=07&kikanCd=20720000184&kikanKbn=2", "url2": null, "内容": "さとう胃腸科クリニック【2:診療所】【診療科目:0】福島県福島市森合町２－２１" }, "geometry": { "type": "Point", "coordinates": [ 140.459522, 37.764317 ] } },
{ "type": "Feature", "properties": { "ID": 720720000186, "正式名称": "医療法人みやけ歯科医科ケア笹木野みやけ内科外科", "機関区分": 2, "都道府県コード": 7, "市区町村コード": 201, "所在地": "福島県福島市笹木野字中小屋１６－２", "緯度": 37.776147, "経度": 140.424433, "url": "https://www.iryou.teikyouseido.mhlw.go.jp/znk-web/juminkanja/S2430/initialize?prefCd=07&kikanCd=20720000186&kikanKbn=2", "url2": "https://www.sasakinomiyake-med.com/clinic", "内容": "医療法人みやけ歯科医科ケア笹木野みやけ内科外科【2:診療所】【診療科目:0】福島県福島市笹木野字中小屋１６－２" }, "geometry": { "type": "Point", "coordinates": [ 140.424433, 37.776147 ] } },
{ "type": "Feature", "properties": { "ID": 720720000189, "正式名称": "やすた耳鼻咽喉科クリニック", "機関区分": 2, "都道府県コード": 7, "市区町村コード": 201, "所在地": "福島県福島市東中央２－３－９", "緯度": 37.761569, "経度": 140.438928, "url": "https://www.iryou.teikyouseido.mhlw.go.jp/znk-web/juminkanja/S2430/initialize?prefCd=07&kikanCd=20720000189&kikanKbn=2", "url2": null, "内容": "やすた耳鼻咽喉科クリニック【2:診療所】【診療科目:0】福島県福島市東中央２－３－９" }, "geometry": { "type": "Point", "coordinates": [ 140.438928, 37.761569 ] } },
{ "type": "Feature", "properties": { "ID": 720720000190, "正式名称": "さかい眼科医院", "機関区分": 2, "都道府県コード": 7, "市区町村コード": 201, "所在地": "福島県福島市泉字弐斗蒔３５－６", "緯度": 37.775403, "経度": 140.448858, "url": "https://www.iryou.teikyouseido.mhlw.go.jp/znk-web/juminkanja/S2430/initialize?prefCd=07&kikanCd=20720000190&kikanKbn=2", "url2": "https://sakai-ganka.net/", "内容": "さかい眼科医院【2:診療所】【診療科目:0】福島県福島市泉字弐斗蒔３５－６" }, "geometry": { "type": "Point", "coordinates": [ 140.448858, 37.775403 ] } },
{ "type": "Feature", "properties": { "ID": 720720000191, "正式名称": "きらり健康生活協同組合上松川診療所", "機関区分": 2, "都道府県コード": 7, "市区町村コード": 201, "所在地": "福島県福島市北沢又字番匠田５", "緯度": 37.785475, "経度": 140.434603, "url": "https://www.iryou.teikyouseido.mhlw.go.jp/znk-web/juminkanja/S2430/initialize?prefCd=07&kikanCd=20720000191&kikanKbn=2", "url2": "http://www.kirari-hcoop.com/medical/medical_kamimatukawa.html", "内容": "きらり健康生活協同組合上松川診療所【2:診療所】【診療科目:0】福島県福島市北沢又字番匠田５" }, "geometry": { "type": "Point", "coordinates": [ 140.434603, 37.785475 ] } },
{ "type": "Feature", "properties": { "ID": 720720000193, "正式名称": "てらだクリニック", "機関区分": 2, "都道府県コード": 7, "市区町村コード": 201, "所在地": "福島県福島市八島田字下干損田４－１", "緯度": 37.767708, "経度": 140.431878, "url": "https://www.iryou.teikyouseido.mhlw.go.jp/znk-web/juminkanja/S2430/initialize?prefCd=07&kikanCd=20720000193&kikanKbn=2", "url2": null, "内容": "てらだクリニック【2:診療所】【診療科目:0】福島県福島市八島田字下干損田４－１" }, "geometry": { "type": "Point", "coordinates": [ 140.431878, 37.767708 ] } },
{ "type": "Feature", "properties": { "ID": 720720000195, "正式名称": "福島市夜間休日急病センター", "機関区分": 2, "都道府県コード": 7, "市区町村コード": 201, "所在地": "福島県福島市上町５番６号　上町テラスビル２階", "緯度": 37.753658, "経度": 140.468303, "url": "https://www.iryou.teikyouseido.mhlw.go.jp/znk-web/juminkanja/S2430/initialize?prefCd=07&kikanCd=20720000195&kikanKbn=2", "url2": "https://www.city.fukushima.fukushima.jp/soshiki/9/1045/4/940.html", "内容": "福島市夜間休日急病センター【2:診療所】【診療科目:0】福島県福島市上町５番６号　上町テラスビル２階" }, "geometry": { "type": "Point", "coordinates": [ 140.468303, 37.753658 ] } },
{ "type": "Feature", "properties": { "ID": 720720000196, "正式名称": "松川クリニック", "機関区分": 2, "都道府県コード": 7, "市区町村コード": 201, "所在地": "福島県福島市松川町沼袋字北原８４－１１", "緯度": 37.653911, "経度": 140.487658, "url": "https://www.iryou.teikyouseido.mhlw.go.jp/znk-web/juminkanja/S2430/initialize?prefCd=07&kikanCd=20720000196&kikanKbn=2", "url2": null, "内容": "松川クリニック【2:診療所】【診療科目:0】福島県福島市松川町沼袋字北原８４－１１" }, "geometry": { "type": "Point", "coordinates": [ 140.487658, 37.653911 ] } },
{ "type": "Feature", "properties": { "ID": 720720000197, "正式名称": "横田泌尿器科", "機関区分": 2, "都道府県コード": 7, "市区町村コード": 201, "所在地": "福島県福島市野田町６丁目６－１３", "緯度": 37.756625, "経度": 140.444817, "url": "https://www.iryou.teikyouseido.mhlw.go.jp/znk-web/juminkanja/S2430/initialize?prefCd=07&kikanCd=20720000197&kikanKbn=2", "url2": null, "内容": "横田泌尿器科【2:診療所】【診療科目:0】福島県福島市野田町６丁目６－１３" }, "geometry": { "type": "Point", "coordinates": [ 140.444817, 37.756625 ] } },
{ "type": "Feature", "properties": { "ID": 720720000200, "正式名称": "さとう日出夫整形外科", "機関区分": 2, "都道府県コード": 7, "市区町村コード": 201, "所在地": "福島県福島市岡部字中条６５", "緯度": 37.7755, "経度": 140.501483, "url": "https://www.iryou.teikyouseido.mhlw.go.jp/znk-web/juminkanja/S2430/initialize?prefCd=07&kikanCd=20720000200&kikanKbn=2", "url2": null, "内容": "さとう日出夫整形外科【2:診療所】【診療科目:0】福島県福島市岡部字中条６５" }, "geometry": { "type": "Point", "coordinates": [ 140.501483, 37.7755 ] } },
{ "type": "Feature", "properties": { "ID": 720720000202, "正式名称": "しぎはらクリニック", "機関区分": 2, "都道府県コード": 7, "市区町村コード": 201, "所在地": "福島県福島市八島田勝口３７", "緯度": 37.767017, "経度": 140.435997, "url": "https://www.iryou.teikyouseido.mhlw.go.jp/znk-web/juminkanja/S2430/initialize?prefCd=07&kikanCd=20720000202&kikanKbn=2", "url2": "http://aki2250.xsrv.jp/", "内容": "しぎはらクリニック【2:診療所】【診療科目:0】福島県福島市八島田勝口３７" }, "geometry": { "type": "Point", "coordinates": [ 140.435997, 37.767017 ] } },
{ "type": "Feature", "properties": { "ID": 720720000203, "正式名称": "天神橋クリニック", "機関区分": 2, "都道府県コード": 7, "市区町村コード": 201, "所在地": "福島県福島市渡利字天神２７－１", "緯度": 37.746636, "経度": 140.468811, "url": "https://www.iryou.teikyouseido.mhlw.go.jp/znk-web/juminkanja/S2430/initialize?prefCd=07&kikanCd=20720000203&kikanKbn=2", "url2": "https://www.tenjinbashi27.com/", "内容": "天神橋クリニック【2:診療所】【診療科目:0】福島県福島市渡利字天神２７－１" }, "geometry": { "type": "Point", "coordinates": [ 140.468811, 37.746636 ] } },
{ "type": "Feature", "properties": { "ID": 720720000205, "正式名称": "上野寺内科・呼吸器内科クリニック", "機関区分": 2, "都道府県コード": 7, "市区町村コード": 201, "所在地": "福島県福島市上野寺西原９－１", "緯度": 37.758267, "経度": 140.400981, "url": "https://www.iryou.teikyouseido.mhlw.go.jp/znk-web/juminkanja/S2430/initialize?prefCd=07&kikanCd=20720000205&kikanKbn=2", "url2": "https://kaminodera.com", "内容": "上野寺内科・呼吸器内科クリニック【2:診療所】【診療科目:0】福島県福島市上野寺西原９－１" }, "geometry": { "type": "Point", "coordinates": [ 140.400981, 37.758267 ] } },
{ "type": "Feature", "properties": { "ID": 720720000206, "正式名称": "医療法人　裕仁堂　渡利整形外科", "機関区分": 2, "都道府県コード": 7, "市区町村コード": 201, "所在地": "福島県福島市渡利椚町５３－１０", "緯度": 37.74425, "経度": 140.481586, "url": "https://www.iryou.teikyouseido.mhlw.go.jp/znk-web/juminkanja/S2430/initialize?prefCd=07&kikanCd=20720000206&kikanKbn=2", "url2": "https://sites.google.com/view/watariseikeigeka?pli=1", "内容": "医療法人　裕仁堂　渡利整形外科【2:診療所】【診療科目:0】福島県福島市渡利椚町５３－１０" }, "geometry": { "type": "Point", "coordinates": [ 140.481586, 37.74425 ] } },
{ "type": "Feature", "properties": { "ID": 720720000207, "正式名称": "おじま眼科", "機関区分": 2, "都道府県コード": 7, "市区町村コード": 201, "所在地": "福島県福島市渡利字椚町２５－１", "緯度": 37.743839, "経度": 140.481442, "url": "https://www.iryou.teikyouseido.mhlw.go.jp/znk-web/juminkanja/S2430/initialize?prefCd=07&kikanCd=20720000207&kikanKbn=2", "url2": "https://www.ojimaeye.com/", "内容": "おじま眼科【2:診療所】【診療科目:0】福島県福島市渡利字椚町２５－１" }, "geometry": { "type": "Point", "coordinates": [ 140.481442, 37.743839 ] } },
{ "type": "Feature", "properties": { "ID": 720720000208, "正式名称": "きらり健康生活協同組合とやのクリニック", "機関区分": 2, "都道府県コード": 7, "市区町村コード": 201, "所在地": "福島県福島市鳥谷野字宮畑６４－１", "緯度": 37.733539, "経度": 140.465675, "url": "https://www.iryou.teikyouseido.mhlw.go.jp/znk-web/juminkanja/S2430/initialize?prefCd=07&kikanCd=20720000208&kikanKbn=2", "url2": "//www.kirari-hcoop.com/", "内容": "きらり健康生活協同組合とやのクリニック【2:診療所】【診療科目:0】福島県福島市鳥谷野字宮畑６４－１" }, "geometry": { "type": "Point", "coordinates": [ 140.465675, 37.733539 ] } },
{ "type": "Feature", "properties": { "ID": 720720000209, "正式名称": "クリニック２１", "機関区分": 2, "都道府県コード": 7, "市区町村コード": 201, "所在地": "福島県福島市栄町６－６　福島セントランドビル２階", "緯度": 37.754986, "経度": 140.461192, "url": "https://www.iryou.teikyouseido.mhlw.go.jp/znk-web/juminkanja/S2430/initialize?prefCd=07&kikanCd=20720000209&kikanKbn=2", "url2": "https//clinic21.org/", "内容": "クリニック２１【2:診療所】【診療科目:0】福島県福島市栄町６－６　福島セントランドビル２階" }, "geometry": { "type": "Point", "coordinates": [ 140.461192, 37.754986 ] } },
{ "type": "Feature", "properties": { "ID": 720720000210, "正式名称": "おひさま子供クリニック", "機関区分": 2, "都道府県コード": 7, "市区町村コード": 201, "所在地": "福島県福島市大森字城の内２４－１０", "緯度": 37.735372, "経度": 140.454892, "url": "https://www.iryou.teikyouseido.mhlw.go.jp/znk-web/juminkanja/S2430/initialize?prefCd=07&kikanCd=20720000210&kikanKbn=2", "url2": "ohisama-kodomo.jp", "内容": "おひさま子供クリニック【2:診療所】【診療科目:0】福島県福島市大森字城の内２４－１０" }, "geometry": { "type": "Point", "coordinates": [ 140.454892, 37.735372 ] } },
{ "type": "Feature", "properties": { "ID": 720720000211, "正式名称": "医療生協わたり病院附属ふれあいクリニックさくらみず", "機関区分": 2, "都道府県コード": 7, "市区町村コード": 201, "所在地": "福島県福島市笹谷字塗谷地２０－１", "緯度": 37.793658, "経度": 140.443408, "url": "https://www.iryou.teikyouseido.mhlw.go.jp/znk-web/juminkanja/S2430/initialize?prefCd=07&kikanCd=20720000211&kikanKbn=2", "url2": "http://www.fmc.u-coop.or.jp/", "内容": "医療生協わたり病院附属ふれあいクリニックさくらみず【2:診療所】【診療科目:0】福島県福島市笹谷字塗谷地２０－１" }, "geometry": { "type": "Point", "coordinates": [ 140.443408, 37.793658 ] } },
{ "type": "Feature", "properties": { "ID": 720720000214, "正式名称": "あすなろ南矢野目クリニック", "機関区分": 2, "都道府県コード": 7, "市区町村コード": 201, "所在地": "福島県福島市南矢野目字清水前３４－１６", "緯度": 37.789961, "経度": 140.450103, "url": "https://www.iryou.teikyouseido.mhlw.go.jp/znk-web/juminkanja/S2430/initialize?prefCd=07&kikanCd=20720000214&kikanKbn=2", "url2": "http://www.facebook.com/asunaro.minami/", "内容": "あすなろ南矢野目クリニック【2:診療所】【診療科目:0】福島県福島市南矢野目字清水前３４－１６" }, "geometry": { "type": "Point", "coordinates": [ 140.450103, 37.789961 ] } },
{ "type": "Feature", "properties": { "ID": 720720000215, "正式名称": "さとう眼科", "機関区分": 2, "都道府県コード": 7, "市区町村コード": 201, "所在地": "福島県福島市大森字島の内６９ー１７", "緯度": 37.733233, "経度": 140.447908, "url": "https://www.iryou.teikyouseido.mhlw.go.jp/znk-web/juminkanja/S2430/initialize?prefCd=07&kikanCd=20720000215&kikanKbn=2", "url2": null, "内容": "さとう眼科【2:診療所】【診療科目:0】福島県福島市大森字島の内６９ー１７" }, "geometry": { "type": "Point", "coordinates": [ 140.447908, 37.733233 ] } },
{ "type": "Feature", "properties": { "ID": 720720000216, "正式名称": "岩谷医院", "機関区分": 2, "都道府県コード": 7, "市区町村コード": 201, "所在地": "福島県福島市太田町１７番２７号ラ・シェール追分１Ｆ", "緯度": 37.751617, "経度": 140.45635, "url": "https://www.iryou.teikyouseido.mhlw.go.jp/znk-web/juminkanja/S2430/initialize?prefCd=07&kikanCd=20720000216&kikanKbn=2", "url2": "http://iwaya-clinic.com", "内容": "岩谷医院【2:診療所】【診療科目:0】福島県福島市太田町１７番２７号ラ・シェール追分１Ｆ" }, "geometry": { "type": "Point", "coordinates": [ 140.45635, 37.751617 ] } },
{ "type": "Feature", "properties": { "ID": 720720000219, "正式名称": "ＡＲＣクリニックよしだ整形外科", "機関区分": 2, "都道府県コード": 7, "市区町村コード": 201, "所在地": "福島県福島市早稲町４－１６ラヴィバレ一番丁１Ｆ", "緯度": 37.751914, "経度": 140.462783, "url": "https://www.iryou.teikyouseido.mhlw.go.jp/znk-web/juminkanja/S2430/initialize?prefCd=07&kikanCd=20720000219&kikanKbn=2", "url2": null, "内容": "ＡＲＣクリニックよしだ整形外科【2:診療所】【診療科目:0】福島県福島市早稲町４－１６ラヴィバレ一番丁１Ｆ" }, "geometry": { "type": "Point", "coordinates": [ 140.462783, 37.751914 ] } },
{ "type": "Feature", "properties": { "ID": 720720000220, "正式名称": "おぎはら泌尿器と腎のクリニック", "機関区分": 2, "都道府県コード": 7, "市区町村コード": 201, "所在地": "福島県福島市黒岩字浜井場１６番１号", "緯度": 37.72705, "経度": 140.469325, "url": "https://www.iryou.teikyouseido.mhlw.go.jp/znk-web/juminkanja/S2430/initialize?prefCd=07&kikanCd=20720000220&kikanKbn=2", "url2": "https://www.ogihara-clinic.or.jp", "内容": "おぎはら泌尿器と腎のクリニック【2:診療所】【診療科目:0】福島県福島市黒岩字浜井場１６番１号" }, "geometry": { "type": "Point", "coordinates": [ 140.469325, 37.72705 ] } },
{ "type": "Feature", "properties": { "ID": 720720000221, "正式名称": "生愛会中央医療クリニック", "機関区分": 2, "都道府県コード": 7, "市区町村コード": 201, "所在地": "福島県福島市大笹生字向平６－１", "緯度": 37.796953, "経度": 140.391753, "url": "https://www.iryou.teikyouseido.mhlw.go.jp/znk-web/juminkanja/S2430/initialize?prefCd=07&kikanCd=20720000221&kikanKbn=2", "url2": "http://www.seiaikai.jp/", "内容": "生愛会中央医療クリニック【2:診療所】【診療科目:0】福島県福島市大笹生字向平６－１" }, "geometry": { "type": "Point", "coordinates": [ 140.391753, 37.796953 ] } },
{ "type": "Feature", "properties": { "ID": 720720000223, "正式名称": "医療法人社団　望星会　蓬莱東クリニック", "機関区分": 2, "都道府県コード": 7, "市区町村コード": 201, "所在地": "福島県福島市蓬莱町８－１－１", "緯度": 37.692511, "経度": 140.487392, "url": "https://www.iryou.teikyouseido.mhlw.go.jp/znk-web/juminkanja/S2430/initialize?prefCd=07&kikanCd=20720000223&kikanKbn=2", "url2": "https://bouseikai.com/hourai/", "内容": "医療法人社団　望星会　蓬莱東クリニック【2:診療所】【診療科目:0】福島県福島市蓬莱町８－１－１" }, "geometry": { "type": "Point", "coordinates": [ 140.487392, 37.692511 ] } },
{ "type": "Feature", "properties": { "ID": 720720000224, "正式名称": "斎藤皮膚科クリニック", "機関区分": 2, "都道府県コード": 7, "市区町村コード": 201, "所在地": "福島県福島市八木田字井戸上８９－１", "緯度": 37.752094, "経度": 140.445997, "url": "https://www.iryou.teikyouseido.mhlw.go.jp/znk-web/juminkanja/S2430/initialize?prefCd=07&kikanCd=20720000224&kikanKbn=2", "url2": null, "内容": "斎藤皮膚科クリニック【2:診療所】【診療科目:0】福島県福島市八木田字井戸上８９－１" }, "geometry": { "type": "Point", "coordinates": [ 140.445997, 37.752094 ] } },
{ "type": "Feature", "properties": { "ID": 720720000225, "正式名称": "内海メンタルクリニック", "機関区分": 2, "都道府県コード": 7, "市区町村コード": 201, "所在地": "福島県福島市蓬莱町６－２－１２", "緯度": 37.695572, "経度": 140.473047, "url": "https://www.iryou.teikyouseido.mhlw.go.jp/znk-web/juminkanja/S2430/initialize?prefCd=07&kikanCd=20720000225&kikanKbn=2", "url2": "https://www.utsumi-mc.jp", "内容": "内海メンタルクリニック【2:診療所】【診療科目:0】福島県福島市蓬莱町６－２－１２" }, "geometry": { "type": "Point", "coordinates": [ 140.473047, 37.695572 ] } },
{ "type": "Feature", "properties": { "ID": 720720000226, "正式名称": "桜水さかい眼科", "機関区分": 2, "都道府県コード": 7, "市区町村コード": 201, "所在地": "福島県福島市笹谷字塗谷地３７－３", "緯度": 37.793842, "経度": 140.444153, "url": "https://www.iryou.teikyouseido.mhlw.go.jp/znk-web/juminkanja/S2430/initialize?prefCd=07&kikanCd=20720000226&kikanKbn=2", "url2": "https://sakai-ganka.net/", "内容": "桜水さかい眼科【2:診療所】【診療科目:0】福島県福島市笹谷字塗谷地３７－３" }, "geometry": { "type": "Point", "coordinates": [ 140.444153, 37.793842 ] } },
{ "type": "Feature", "properties": { "ID": 720720000227, "正式名称": "しおや眼科", "機関区分": 2, "都道府県コード": 7, "市区町村コード": 201, "所在地": "福島県福島市置賜町５番２６号", "緯度": 37.755267, "経度": 140.464681, "url": "https://www.iryou.teikyouseido.mhlw.go.jp/znk-web/juminkanja/S2430/initialize?prefCd=07&kikanCd=20720000227&kikanKbn=2", "url2": "http://shioyaganka.web.fc2.com/", "内容": "しおや眼科【2:診療所】【診療科目:0】福島県福島市置賜町５番２６号" }, "geometry": { "type": "Point", "coordinates": [ 140.464681, 37.755267 ] } },
{ "type": "Feature", "properties": { "ID": 720720000231, "正式名称": "医療法人　西口クリニック婦人科", "機関区分": 2, "都道府県コード": 7, "市区町村コード": 201, "所在地": "福島県福島市三河南町１０－５", "緯度": 37.756961, "経度": 140.455822, "url": "https://www.iryou.teikyouseido.mhlw.go.jp/znk-web/juminkanja/S2430/initialize?prefCd=07&kikanCd=20720000231&kikanKbn=2", "url2": "nishiguchi-ladies.jp", "内容": "医療法人　西口クリニック婦人科【2:診療所】【診療科目:0】福島県福島市三河南町１０－５" }, "geometry": { "type": "Point", "coordinates": [ 140.455822, 37.756961 ] } },
{ "type": "Feature", "properties": { "ID": 720720000232, "正式名称": "おがたクリニック", "機関区分": 2, "都道府県コード": 7, "市区町村コード": 201, "所在地": "福島県福島市矢倉下１０の１", "緯度": 37.772444, "経度": 140.486761, "url": "https://www.iryou.teikyouseido.mhlw.go.jp/znk-web/juminkanja/S2430/initialize?prefCd=07&kikanCd=20720000232&kikanKbn=2", "url2": null, "内容": "おがたクリニック【2:診療所】【診療科目:0】福島県福島市矢倉下１０の１" }, "geometry": { "type": "Point", "coordinates": [ 140.486761, 37.772444 ] } },
{ "type": "Feature", "properties": { "ID": 720720000234, "正式名称": "わたなべ内科", "機関区分": 2, "都道府県コード": 7, "市区町村コード": 201, "所在地": "福島県福島市北沢又字川寒西９－６", "緯度": 37.785322, "経度": 140.450539, "url": "https://www.iryou.teikyouseido.mhlw.go.jp/znk-web/juminkanja/S2430/initialize?prefCd=07&kikanCd=20720000234&kikanKbn=2", "url2": "www.dr-watanabe.com", "内容": "わたなべ内科【2:診療所】【診療科目:0】福島県福島市北沢又字川寒西９－６" }, "geometry": { "type": "Point", "coordinates": [ 140.450539, 37.785322 ] } },
{ "type": "Feature", "properties": { "ID": 720720000235, "正式名称": "医療法人　慶愛会　文化通やぎうち　クリニック", "機関区分": 2, "都道府県コード": 7, "市区町村コード": 201, "所在地": "福島県福島市新町３番３０号", "緯度": 37.7552, "経度": 140.467553, "url": "https://www.iryou.teikyouseido.mhlw.go.jp/znk-web/juminkanja/S2430/initialize?prefCd=07&kikanCd=20720000235&kikanKbn=2", "url2": null, "内容": "医療法人　慶愛会　文化通やぎうち　クリニック【2:診療所】【診療科目:0】福島県福島市新町３番３０号" }, "geometry": { "type": "Point", "coordinates": [ 140.467553, 37.7552 ] } },
{ "type": "Feature", "properties": { "ID": 720720000237, "正式名称": "君島乳腺クリニック", "機関区分": 2, "都道府県コード": 7, "市区町村コード": 201, "所在地": "福島県福島市松浪町２－８", "緯度": 37.765653, "経度": 140.477778, "url": "https://www.iryou.teikyouseido.mhlw.go.jp/znk-web/juminkanja/S2430/initialize?prefCd=07&kikanCd=20720000237&kikanKbn=2", "url2": "https://www.kimijima-clinic.jp/", "内容": "君島乳腺クリニック【2:診療所】【診療科目:0】福島県福島市松浪町２－８" }, "geometry": { "type": "Point", "coordinates": [ 140.477778, 37.765653 ] } },
{ "type": "Feature", "properties": { "ID": 720720000238, "正式名称": "アートクリニック産婦人科", "機関区分": 2, "都道府県コード": 7, "市区町村コード": 201, "所在地": "福島県福島市栄町６番１号エスタビル１２階", "緯度": 37.754119, "経度": 140.461517, "url": "https://www.iryou.teikyouseido.mhlw.go.jp/znk-web/juminkanja/S2430/initialize?prefCd=07&kikanCd=20720000238&kikanKbn=2", "url2": "http://www14.plala.or.jp/art-clinic/", "内容": "アートクリニック産婦人科【2:診療所】【診療科目:0】福島県福島市栄町６番１号エスタビル１２階" }, "geometry": { "type": "Point", "coordinates": [ 140.461517, 37.754119 ] } },
{ "type": "Feature", "properties": { "ID": 720720000240, "正式名称": "大槻スリープクリニック", "機関区分": 2, "都道府県コード": 7, "市区町村コード": 201, "所在地": "福島県福島市早稲町４－１　Ｓｌｅｅｐ　ｏｎｅビル２階", "緯度": 37.751886, "経度": 140.461886, "url": "https://www.iryou.teikyouseido.mhlw.go.jp/znk-web/juminkanja/S2430/initialize?prefCd=07&kikanCd=20720000240&kikanKbn=2", "url2": "http://www.otsukisleep.jp", "内容": "大槻スリープクリニック【2:診療所】【診療科目:0】福島県福島市早稲町４－１　Ｓｌｅｅｐ　ｏｎｅビル２階" }, "geometry": { "type": "Point", "coordinates": [ 140.461886, 37.751886 ] } },
{ "type": "Feature", "properties": { "ID": 720720000241, "正式名称": "むつみ脳神経・耳鼻科クリニック", "機関区分": 2, "都道府県コード": 7, "市区町村コード": 201, "所在地": "福島県福島市渡利字鳥谷下町３８－１", "緯度": 37.743053, "経度": 140.483161, "url": "https://www.iryou.teikyouseido.mhlw.go.jp/znk-web/juminkanja/S2430/initialize?prefCd=07&kikanCd=20720000241&kikanKbn=2", "url2": null, "内容": "むつみ脳神経・耳鼻科クリニック【2:診療所】【診療科目:0】福島県福島市渡利字鳥谷下町３８－１" }, "geometry": { "type": "Point", "coordinates": [ 140.483161, 37.743053 ] } },
{ "type": "Feature", "properties": { "ID": 720720000243, "正式名称": "医療法人湖山荘あずま通りクリニック", "機関区分": 2, "都道府県コード": 7, "市区町村コード": 201, "所在地": "福島県福島市栄町１番２８号　松ヶ丘ビル１Ｆ", "緯度": 37.75675, "経度": 140.460386, "url": "https://www.iryou.teikyouseido.mhlw.go.jp/znk-web/juminkanja/S2430/initialize?prefCd=07&kikanCd=20720000243&kikanKbn=2", "url2": "http:://azumastci.jp/", "内容": "医療法人湖山荘あずま通りクリニック【2:診療所】【診療科目:0】福島県福島市栄町１番２８号　松ヶ丘ビル１Ｆ" }, "geometry": { "type": "Point", "coordinates": [ 140.460386, 37.75675 ] } },
{ "type": "Feature", "properties": { "ID": 720720000245, "正式名称": "医療法人　桜樹会　八子医院", "機関区分": 2, "都道府県コード": 7, "市区町村コード": 201, "所在地": "福島県福島市桜木町１－２７", "緯度": 37.759711, "経度": 140.476881, "url": "https://www.iryou.teikyouseido.mhlw.go.jp/znk-web/juminkanja/S2430/initialize?prefCd=07&kikanCd=20720000245&kikanKbn=2", "url2": "http://www.yagocl.com", "内容": "医療法人　桜樹会　八子医院【2:診療所】【診療科目:0】福島県福島市桜木町１－２７" }, "geometry": { "type": "Point", "coordinates": [ 140.476881, 37.759711 ] } },
{ "type": "Feature", "properties": { "ID": 720720000247, "正式名称": "医療法人　医洋会　いのまた整形外科", "機関区分": 2, "都道府県コード": 7, "市区町村コード": 201, "所在地": "福島県福島市笹谷字中谷地１３－４", "緯度": 37.794139, "経度": 140.438456, "url": "https://www.iryou.teikyouseido.mhlw.go.jp/znk-web/juminkanja/S2430/initialize?prefCd=07&kikanCd=20720000247&kikanKbn=2", "url2": "https://.www.inomata-seikeigeka.com/", "内容": "医療法人　医洋会　いのまた整形外科【2:診療所】【診療科目:0】福島県福島市笹谷字中谷地１３－４" }, "geometry": { "type": "Point", "coordinates": [ 140.438456, 37.794139 ] } },
{ "type": "Feature", "properties": { "ID": 720720000250, "正式名称": "医療法人　健腎会　大森中央泌尿器科・内科・外科クリニック", "機関区分": 2, "都道府県コード": 7, "市区町村コード": 201, "所在地": "福島県福島市大森字街道下７０－２", "緯度": 37.735667, "経度": 140.451469, "url": "https://www.iryou.teikyouseido.mhlw.go.jp/znk-web/juminkanja/S2430/initialize?prefCd=07&kikanCd=20720000250&kikanKbn=2", "url2": "https://www.omori-chuo-clinic.jp", "内容": "医療法人　健腎会　大森中央泌尿器科・内科・外科クリニック【2:診療所】【診療科目:0】福島県福島市大森字街道下７０－２" }, "geometry": { "type": "Point", "coordinates": [ 140.451469, 37.735667 ] } },
{ "type": "Feature", "properties": { "ID": 720720000251, "正式名称": "みずの内科クリニック", "機関区分": 2, "都道府県コード": 7, "市区町村コード": 201, "所在地": "福島県福島市新町８番４号ブレスビル１階", "緯度": 37.756303, "経度": 140.468189, "url": "https://www.iryou.teikyouseido.mhlw.go.jp/znk-web/juminkanja/S2430/initialize?prefCd=07&kikanCd=20720000251&kikanKbn=2", "url2": "http://mizuno-naika.jp/cms/", "内容": "みずの内科クリニック【2:診療所】【診療科目:0】福島県福島市新町８番４号ブレスビル１階" }, "geometry": { "type": "Point", "coordinates": [ 140.468189, 37.756303 ] } },
{ "type": "Feature", "properties": { "ID": 720720000252, "正式名称": "うめつＬＳ内科クリニック", "機関区分": 2, "都道府県コード": 7, "市区町村コード": 201, "所在地": "福島県福島市松浪町２番地３１号", "緯度": 37.765206, "経度": 140.477928, "url": "https://www.iryou.teikyouseido.mhlw.go.jp/znk-web/juminkanja/S2430/initialize?prefCd=07&kikanCd=20720000252&kikanKbn=2", "url2": "http://www.umetsu-ls-naika.com", "内容": "うめつＬＳ内科クリニック【2:診療所】【診療科目:0】福島県福島市松浪町２番地３１号" }, "geometry": { "type": "Point", "coordinates": [ 140.477928, 37.765206 ] } },
{ "type": "Feature", "properties": { "ID": 720720000253, "正式名称": "とみたキッズクリニック", "機関区分": 2, "都道府県コード": 7, "市区町村コード": 201, "所在地": "福島県福島市黒岩字北井２－３", "緯度": 37.729675, "経度": 140.461894, "url": "https://www.iryou.teikyouseido.mhlw.go.jp/znk-web/juminkanja/S2430/initialize?prefCd=07&kikanCd=20720000253&kikanKbn=2", "url2": "https://tomita-kids.com/", "内容": "とみたキッズクリニック【2:診療所】【診療科目:0】福島県福島市黒岩字北井２－３" }, "geometry": { "type": "Point", "coordinates": [ 140.461894, 37.729675 ] } },
{ "type": "Feature", "properties": { "ID": 720720000255, "正式名称": "酒井内科クリニック", "機関区分": 2, "都道府県コード": 7, "市区町村コード": 201, "所在地": "福島県福島市岡部字中条８２－１", "緯度": 37.776431, "経度": 140.501839, "url": "https://www.iryou.teikyouseido.mhlw.go.jp/znk-web/juminkanja/S2430/initialize?prefCd=07&kikanCd=20720000255&kikanKbn=2", "url2": null, "内容": "酒井内科クリニック【2:診療所】【診療科目:0】福島県福島市岡部字中条８２－１" }, "geometry": { "type": "Point", "coordinates": [ 140.501839, 37.776431 ] } },
{ "type": "Feature", "properties": { "ID": 720720000256, "正式名称": "ただき耳鼻咽喉科クリニック", "機関区分": 2, "都道府県コード": 7, "市区町村コード": 201, "所在地": "福島県福島市南矢野目清水前３１番地の１", "緯度": 37.789519, "経度": 140.448342, "url": "https://www.iryou.teikyouseido.mhlw.go.jp/znk-web/juminkanja/S2430/initialize?prefCd=07&kikanCd=20720000256&kikanKbn=2", "url2": null, "内容": "ただき耳鼻咽喉科クリニック【2:診療所】【診療科目:0】福島県福島市南矢野目清水前３１番地の１" }, "geometry": { "type": "Point", "coordinates": [ 140.448342, 37.789519 ] } },
{ "type": "Feature", "properties": { "ID": 720720000257, "正式名称": "いわた整形外科", "機関区分": 2, "都道府県コード": 7, "市区町村コード": 201, "所在地": "福島県福島市南矢野目字荒屋敷５３－８", "緯度": 37.78945, "経度": 140.457333, "url": "https://www.iryou.teikyouseido.mhlw.go.jp/znk-web/juminkanja/S2430/initialize?prefCd=07&kikanCd=20720000257&kikanKbn=2", "url2": null, "内容": "いわた整形外科【2:診療所】【診療科目:0】福島県福島市南矢野目字荒屋敷５３－８" }, "geometry": { "type": "Point", "coordinates": [ 140.457333, 37.78945 ] } },
{ "type": "Feature", "properties": { "ID": 720720000258, "正式名称": "ながおさ整形外科", "機関区分": 2, "都道府県コード": 7, "市区町村コード": 201, "所在地": "福島県福島市吉倉字八幡８－１", "緯度": 37.744008, "経度": 140.439511, "url": "https://www.iryou.teikyouseido.mhlw.go.jp/znk-web/juminkanja/S2430/initialize?prefCd=07&kikanCd=20720000258&kikanKbn=2", "url2": "http://www.nag-seikei.jp", "内容": "ながおさ整形外科【2:診療所】【診療科目:0】福島県福島市吉倉字八幡８－１" }, "geometry": { "type": "Point", "coordinates": [ 140.439511, 37.744008 ] } },
{ "type": "Feature", "properties": { "ID": 720720000260, "正式名称": "西口ハートクリニック", "機関区分": 2, "都道府県コード": 7, "市区町村コード": 201, "所在地": "福島県福島市栄町１番１号福島パワーシティーピボット１階", "緯度": 37.753167, "経度": 140.458522, "url": "https://www.iryou.teikyouseido.mhlw.go.jp/znk-web/juminkanja/S2430/initialize?prefCd=07&kikanCd=20720000260&kikanKbn=2", "url2": "http://www.heart-cl.jp", "内容": "西口ハートクリニック【2:診療所】【診療科目:0】福島県福島市栄町１番１号福島パワーシティーピボット１階" }, "geometry": { "type": "Point", "coordinates": [ 140.458522, 37.753167 ] } },
{ "type": "Feature", "properties": { "ID": 720720000261, "正式名称": "医療法人いそめこどもクリニック", "機関区分": 2, "都道府県コード": 7, "市区町村コード": 201, "所在地": "福島県福島市吉倉字八幡３５－１", "緯度": 37.743097, "経度": 140.43945, "url": "https://www.iryou.teikyouseido.mhlw.go.jp/znk-web/juminkanja/S2430/initialize?prefCd=07&kikanCd=20720000261&kikanKbn=2", "url2": "http://www.isome-child.jp/", "内容": "医療法人いそめこどもクリニック【2:診療所】【診療科目:0】福島県福島市吉倉字八幡３５－１" }, "geometry": { "type": "Point", "coordinates": [ 140.43945, 37.743097 ] } },
{ "type": "Feature", "properties": { "ID": 720720000262, "正式名称": "医療法人　泰博会　村島医院", "機関区分": 2, "都道府県コード": 7, "市区町村コード": 201, "所在地": "福島県福島市飯坂町東堀切８番地", "緯度": 37.834431, "経度": 140.451122, "url": "https://www.iryou.teikyouseido.mhlw.go.jp/znk-web/juminkanja/S2430/initialize?prefCd=07&kikanCd=20720000262&kikanKbn=2", "url2": null, "内容": "医療法人　泰博会　村島医院【2:診療所】【診療科目:0】福島県福島市飯坂町東堀切８番地" }, "geometry": { "type": "Point", "coordinates": [ 140.451122, 37.834431 ] } },
{ "type": "Feature", "properties": { "ID": 720720000266, "正式名称": "ほりこし心身クリニック", "機関区分": 2, "都道府県コード": 7, "市区町村コード": 201, "所在地": "福島県福島市三河南町７番１７号", "緯度": 37.756281, "経度": 140.456172, "url": "https://www.iryou.teikyouseido.mhlw.go.jp/znk-web/juminkanja/S2430/initialize?prefCd=07&kikanCd=20720000266&kikanKbn=2", "url2": "http://horikuri.com", "内容": "ほりこし心身クリニック【2:診療所】【診療科目:0】福島県福島市三河南町７番１７号" }, "geometry": { "type": "Point", "coordinates": [ 140.456172, 37.756281 ] } },
{ "type": "Feature", "properties": { "ID": 720720000270, "正式名称": "ライフナビ脳と痛みと美容のクリニック", "機関区分": 2, "都道府県コード": 7, "市区町村コード": 201, "所在地": "福島県福島市御山字稲荷田５２－１", "緯度": 37.767719, "経度": 140.479583, "url": "https://www.iryou.teikyouseido.mhlw.go.jp/znk-web/juminkanja/S2430/initialize?prefCd=07&kikanCd=20720000270&kikanKbn=2", "url2": "http://www.lifenavi-clinic.com/", "内容": "ライフナビ脳と痛みと美容のクリニック【2:診療所】【診療科目:0】福島県福島市御山字稲荷田５２－１" }, "geometry": { "type": "Point", "coordinates": [ 140.479583, 37.767719 ] } },
{ "type": "Feature", "properties": { "ID": 720720000272, "正式名称": "さとうクリニック内科・消化器内科", "機関区分": 2, "都道府県コード": 7, "市区町村コード": 201, "所在地": "福島県福島市方木田字中屋敷１－１", "緯度": 37.739461, "経度": 140.453339, "url": "https://www.iryou.teikyouseido.mhlw.go.jp/znk-web/juminkanja/S2430/initialize?prefCd=07&kikanCd=20720000272&kikanKbn=2", "url2": "http://satoclinic.net", "内容": "さとうクリニック内科・消化器内科【2:診療所】【診療科目:0】福島県福島市方木田字中屋敷１－１" }, "geometry": { "type": "Point", "coordinates": [ 140.453339, 37.739461 ] } },
{ "type": "Feature", "properties": { "ID": 720720000275, "正式名称": "いがらしキッズクリニック", "機関区分": 2, "都道府県コード": 7, "市区町村コード": 201, "所在地": "福島県福島市三河南町１－１５", "緯度": 37.755972, "経度": 140.458056, "url": "https://www.iryou.teikyouseido.mhlw.go.jp/znk-web/juminkanja/S2430/initialize?prefCd=07&kikanCd=20720000275&kikanKbn=2", "url2": "http://iga-kids.com", "内容": "いがらしキッズクリニック【2:診療所】【診療科目:0】福島県福島市三河南町１－１５" }, "geometry": { "type": "Point", "coordinates": [ 140.458056, 37.755972 ] } },
{ "type": "Feature", "properties": { "ID": 720720000278, "正式名称": "いずみさとう内科", "機関区分": 2, "都道府県コード": 7, "市区町村コード": 201, "所在地": "福島県福島市泉字清水内１８－１", "緯度": 37.776992, "経度": 140.441775, "url": "https://www.iryou.teikyouseido.mhlw.go.jp/znk-web/juminkanja/S2430/initialize?prefCd=07&kikanCd=20720000278&kikanKbn=2", "url2": null, "内容": "いずみさとう内科【2:診療所】【診療科目:0】福島県福島市泉字清水内１８－１" }, "geometry": { "type": "Point", "coordinates": [ 140.441775, 37.776992 ] } },
{ "type": "Feature", "properties": { "ID": 720720000279, "正式名称": "医療法人　青木整形外科医院", "機関区分": 2, "都道府県コード": 7, "市区町村コード": 210, "所在地": "福島県二本松市榎戸１－３１６－１", "緯度": 37.5922, "経度": 140.448992, "url": "https://www.iryou.teikyouseido.mhlw.go.jp/znk-web/juminkanja/S2430/initialize?prefCd=07&kikanCd=20720000279&kikanKbn=2", "url2": "http://www.aokiseikeigeka.com/", "内容": "医療法人　青木整形外科医院【2:診療所】【診療科目:0】福島県二本松市榎戸１－３１６－１" }, "geometry": { "type": "Point", "coordinates": [ 140.448992, 37.5922 ] } },
{ "type": "Feature", "properties": { "ID": 720720000280, "正式名称": "安齋内科胃腸科医院", "機関区分": 2, "都道府県コード": 7, "市区町村コード": 210, "所在地": "福島県二本松市若宮２－５－１", "緯度": 37.590814, "経度": 140.425494, "url": "https://www.iryou.teikyouseido.mhlw.go.jp/znk-web/juminkanja/S2430/initialize?prefCd=07&kikanCd=20720000280&kikanKbn=2", "url2": "http://anzaiiin2011.byoinnavi.jp/", "内容": "安齋内科胃腸科医院【2:診療所】【診療科目:0】福島県二本松市若宮２－５－１" }, "geometry": { "type": "Point", "coordinates": [ 140.425494, 37.590814 ] } },
{ "type": "Feature", "properties": { "ID": 720720000281, "正式名称": "整形外科　内科　リウマチ科　小林医院", "機関区分": 2, "都道府県コード": 7, "市区町村コード": 210, "所在地": "福島県二本松市根崎２－１９７", "緯度": 37.599792, "経度": 140.451331, "url": "https://www.iryou.teikyouseido.mhlw.go.jp/znk-web/juminkanja/S2430/initialize?prefCd=07&kikanCd=20720000281&kikanKbn=2", "url2": null, "内容": "整形外科　内科　リウマチ科　小林医院【2:診療所】【診療科目:0】福島県二本松市根崎２－１９７" }, "geometry": { "type": "Point", "coordinates": [ 140.451331, 37.599792 ] } },
{ "type": "Feature", "properties": { "ID": 720720000282, "正式名称": "佐久間内科小児科医院", "機関区分": 2, "都道府県コード": 7, "市区町村コード": 210, "所在地": "福島県二本松市本町一丁目２３７番地", "緯度": 37.591164, "経度": 140.433364, "url": "https://www.iryou.teikyouseido.mhlw.go.jp/znk-web/juminkanja/S2430/initialize?prefCd=07&kikanCd=20720000282&kikanKbn=2", "url2": "http://sakuma1960.byoinnavi.jp/", "内容": "佐久間内科小児科医院【2:診療所】【診療科目:0】福島県二本松市本町一丁目２３７番地" }, "geometry": { "type": "Point", "coordinates": [ 140.433364, 37.591164 ] } },
{ "type": "Feature", "properties": { "ID": 720720000283, "正式名称": "野地眼科医院", "機関区分": 2, "都道府県コード": 7, "市区町村コード": 210, "所在地": "福島県二本松市若宮１－１８３", "緯度": 37.591703, "経度": 140.429778, "url": "https://www.iryou.teikyouseido.mhlw.go.jp/znk-web/juminkanja/S2430/initialize?prefCd=07&kikanCd=20720000283&kikanKbn=2", "url2": null, "内容": "野地眼科医院【2:診療所】【診療科目:0】福島県二本松市若宮１－１８３" }, "geometry": { "type": "Point", "coordinates": [ 140.429778, 37.591703 ] } },
{ "type": "Feature", "properties": { "ID": 720720000286, "正式名称": "東雲堂内科・循環器内科クリニック", "機関区分": 2, "都道府県コード": 7, "市区町村コード": 210, "所在地": "福島県二本松市岳温泉一丁目１６４－２", "緯度": 37.605625, "経度": 140.354081, "url": "https://www.iryou.teikyouseido.mhlw.go.jp/znk-web/juminkanja/S2430/initialize?prefCd=07&kikanCd=20720000286&kikanKbn=2", "url2": "http://toundoclinic.com", "内容": "東雲堂内科・循環器内科クリニック【2:診療所】【診療科目:0】福島県二本松市岳温泉一丁目１６４－２" }, "geometry": { "type": "Point", "coordinates": [ 140.354081, 37.605625 ] } },
{ "type": "Feature", "properties": { "ID": 720720000288, "正式名称": "医療法人　三浦内科医院", "機関区分": 2, "都道府県コード": 7, "市区町村コード": 210, "所在地": "福島県二本松市亀谷２―２０８―１", "緯度": 37.592511, "経度": 140.445328, "url": "https://www.iryou.teikyouseido.mhlw.go.jp/znk-web/juminkanja/S2430/initialize?prefCd=07&kikanCd=20720000288&kikanKbn=2", "url2": null, "内容": "医療法人　三浦内科医院【2:診療所】【診療科目:0】福島県二本松市亀谷２―２０８―１" }, "geometry": { "type": "Point", "coordinates": [ 140.445328, 37.592511 ] } },
{ "type": "Feature", "properties": { "ID": 720720000289, "正式名称": "本田レディスクリニック", "機関区分": 2, "都道府県コード": 7, "市区町村コード": 210, "所在地": "福島県二本松市本町１－２２９", "緯度": 37.592008, "経度": 140.439725, "url": "https://www.iryou.teikyouseido.mhlw.go.jp/znk-web/juminkanja/S2430/initialize?prefCd=07&kikanCd=20720000289&kikanKbn=2", "url2": "http://www.adachi-med.jp/jimu/annai/hondlady/honda.html", "内容": "本田レディスクリニック【2:診療所】【診療科目:0】福島県二本松市本町１－２２９" }, "geometry": { "type": "Point", "coordinates": [ 140.439725, 37.592008 ] } },
{ "type": "Feature", "properties": { "ID": 720720000290, "正式名称": "佐藤内科胃腸科医院", "機関区分": 2, "都道府県コード": 7, "市区町村コード": 210, "所在地": "福島県二本松市油井八軒町５４", "緯度": 37.602472, "経度": 140.457217, "url": "https://www.iryou.teikyouseido.mhlw.go.jp/znk-web/juminkanja/S2430/initialize?prefCd=07&kikanCd=20720000290&kikanKbn=2", "url2": null, "内容": "佐藤内科胃腸科医院【2:診療所】【診療科目:0】福島県二本松市油井八軒町５４" }, "geometry": { "type": "Point", "coordinates": [ 140.457217, 37.602472 ] } },
{ "type": "Feature", "properties": { "ID": 720720000292, "正式名称": "小野崎医院", "機関区分": 2, "都道府県コード": 7, "市区町村コード": 210, "所在地": "福島県二本松市針道字上台３６", "緯度": 37.600403, "経度": 140.578467, "url": "https://www.iryou.teikyouseido.mhlw.go.jp/znk-web/juminkanja/S2430/initialize?prefCd=07&kikanCd=20720000292&kikanKbn=2", "url2": null, "内容": "小野崎医院【2:診療所】【診療科目:0】福島県二本松市針道字上台３６" }, "geometry": { "type": "Point", "coordinates": [ 140.578467, 37.600403 ] } },
{ "type": "Feature", "properties": { "ID": 720720000294, "正式名称": "二本松市岩代国民健康保険診療所", "機関区分": 2, "都道府県コード": 7, "市区町村コード": 210, "所在地": "福島県二本松市百目木字町５８", "緯度": 37.532425, "経度": 140.612019, "url": "https://www.iryou.teikyouseido.mhlw.go.jp/znk-web/juminkanja/S2430/initialize?prefCd=07&kikanCd=20720000294&kikanKbn=2", "url2": null, "内容": "二本松市岩代国民健康保険診療所【2:診療所】【診療科目:0】福島県二本松市百目木字町５８" }, "geometry": { "type": "Point", "coordinates": [ 140.612019, 37.532425 ] } },
{ "type": "Feature", "properties": { "ID": 720720000299, "正式名称": "みうら内科クリニック", "機関区分": 2, "都道府県コード": 7, "市区町村コード": 210, "所在地": "福島県二本松市羽石１１０－６", "緯度": 37.583242, "経度": 140.429456, "url": "https://www.iryou.teikyouseido.mhlw.go.jp/znk-web/juminkanja/S2430/initialize?prefCd=07&kikanCd=20720000299&kikanKbn=2", "url2": "https://plumestone.jp", "内容": "みうら内科クリニック【2:診療所】【診療科目:0】福島県二本松市羽石１１０－６" }, "geometry": { "type": "Point", "coordinates": [ 140.429456, 37.583242 ] } },
{ "type": "Feature", "properties": { "ID": 720720000300, "正式名称": "和田医院", "機関区分": 2, "都道府県コード": 7, "市区町村コード": 210, "所在地": "福島県二本松市小浜字新町２０番地", "緯度": 37.561614, "経度": 140.508119, "url": "https://www.iryou.teikyouseido.mhlw.go.jp/znk-web/juminkanja/S2430/initialize?prefCd=07&kikanCd=20720000300&kikanKbn=2", "url2": null, "内容": "和田医院【2:診療所】【診療科目:0】福島県二本松市小浜字新町２０番地" }, "geometry": { "type": "Point", "coordinates": [ 140.508119, 37.561614 ] } },
{ "type": "Feature", "properties": { "ID": 720720000301, "正式名称": "土川内科小児科", "機関区分": 2, "都道府県コード": 7, "市区町村コード": 210, "所在地": "福島県二本松市槻木２５０－３", "緯度": 37.573414, "経度": 140.421275, "url": "https://www.iryou.teikyouseido.mhlw.go.jp/znk-web/juminkanja/S2430/initialize?prefCd=07&kikanCd=20720000301&kikanKbn=2", "url2": "http://www.nms.co.jp/", "内容": "土川内科小児科【2:診療所】【診療科目:0】福島県二本松市槻木２５０－３" }, "geometry": { "type": "Point", "coordinates": [ 140.421275, 37.573414 ] } },
{ "type": "Feature", "properties": { "ID": 720720000302, "正式名称": "鈴木皮フ科クリニック", "機関区分": 2, "都道府県コード": 7, "市区町村コード": 210, "所在地": "福島県二本松市本町２－７４", "緯度": 37.591142, "経度": 140.436503, "url": "https://www.iryou.teikyouseido.mhlw.go.jp/znk-web/juminkanja/S2430/initialize?prefCd=07&kikanCd=20720000302&kikanKbn=2", "url2": null, "内容": "鈴木皮フ科クリニック【2:診療所】【診療科目:0】福島県二本松市本町２－７４" }, "geometry": { "type": "Point", "coordinates": [ 140.436503, 37.591142 ] } },
{ "type": "Feature", "properties": { "ID": 720720000304, "正式名称": "土川産婦人科医院", "機関区分": 2, "都道府県コード": 7, "市区町村コード": 210, "所在地": "福島県二本松市松岡２６５番地１６", "緯度": 37.590256, "経度": 140.431706, "url": "https://www.iryou.teikyouseido.mhlw.go.jp/znk-web/juminkanja/S2430/initialize?prefCd=07&kikanCd=20720000304&kikanKbn=2", "url2": null, "内容": "土川産婦人科医院【2:診療所】【診療科目:0】福島県二本松市松岡２６５番地１６" }, "geometry": { "type": "Point", "coordinates": [ 140.431706, 37.590256 ] } },
{ "type": "Feature", "properties": { "ID": 720720000307, "正式名称": "きくち整形外科", "機関区分": 2, "都道府県コード": 7, "市区町村コード": 210, "所在地": "福島県二本松市油井字背戸谷地７－３", "緯度": 37.612267, "経度": 140.463019, "url": "https://www.iryou.teikyouseido.mhlw.go.jp/znk-web/juminkanja/S2430/initialize?prefCd=07&kikanCd=20720000307&kikanKbn=2", "url2": null, "内容": "きくち整形外科【2:診療所】【診療科目:0】福島県二本松市油井字背戸谷地７－３" }, "geometry": { "type": "Point", "coordinates": [ 140.463019, 37.612267 ] } },
{ "type": "Feature", "properties": { "ID": 720720000308, "正式名称": "医療法人靜心会　斎藤医院", "機関区分": 2, "都道府県コード": 7, "市区町村コード": 210, "所在地": "福島県二本松市若宮２－２０４－１", "緯度": 37.590378, "経度": 140.429236, "url": "https://www.iryou.teikyouseido.mhlw.go.jp/znk-web/juminkanja/S2430/initialize?prefCd=07&kikanCd=20720000308&kikanKbn=2", "url2": null, "内容": "医療法人靜心会　斎藤医院【2:診療所】【診療科目:0】福島県二本松市若宮２－２０４－１" }, "geometry": { "type": "Point", "coordinates": [ 140.429236, 37.590378 ] } },
{ "type": "Feature", "properties": { "ID": 720720000311, "正式名称": "みずのクリニック", "機関区分": 2, "都道府県コード": 7, "市区町村コード": 210, "所在地": "福島県二本松市根崎一丁目５５", "緯度": 37.599022, "経度": 140.448294, "url": "https://www.iryou.teikyouseido.mhlw.go.jp/znk-web/juminkanja/S2430/initialize?prefCd=07&kikanCd=20720000311&kikanKbn=2", "url2": "http://mizunocl.jp/", "内容": "みずのクリニック【2:診療所】【診療科目:0】福島県二本松市根崎一丁目５５" }, "geometry": { "type": "Point", "coordinates": [ 140.448294, 37.599022 ] } },
{ "type": "Feature", "properties": { "ID": 720720000312, "正式名称": "しかの眼科", "機関区分": 2, "都道府県コード": 7, "市区町村コード": 210, "所在地": "福島県二本松市油井福岡１５８－２", "緯度": 37.611467, "経度": 140.462833, "url": "https://www.iryou.teikyouseido.mhlw.go.jp/znk-web/juminkanja/S2430/initialize?prefCd=07&kikanCd=20720000312&kikanKbn=2", "url2": null, "内容": "しかの眼科【2:診療所】【診療科目:0】福島県二本松市油井福岡１５８－２" }, "geometry": { "type": "Point", "coordinates": [ 140.462833, 37.611467 ] } },
{ "type": "Feature", "properties": { "ID": 720720000313, "正式名称": "かさい小児科クリニック", "機関区分": 2, "都道府県コード": 7, "市区町村コード": 210, "所在地": "福島県二本松市油井字福岡１６１－１", "緯度": 37.611478, "経度": 140.462253, "url": "https://www.iryou.teikyouseido.mhlw.go.jp/znk-web/juminkanja/S2430/initialize?prefCd=07&kikanCd=20720000313&kikanKbn=2", "url2": null, "内容": "かさい小児科クリニック【2:診療所】【診療科目:0】福島県二本松市油井字福岡１６１－１" }, "geometry": { "type": "Point", "coordinates": [ 140.462253, 37.611478 ] } },
{ "type": "Feature", "properties": { "ID": 720720000314, "正式名称": "下田診療所", "機関区分": 2, "都道府県コード": 7, "市区町村コード": 210, "所在地": "福島県二本松市太田下田９９－１", "緯度": 37.568864, "経度": 140.577739, "url": "https://www.iryou.teikyouseido.mhlw.go.jp/znk-web/juminkanja/S2430/initialize?prefCd=07&kikanCd=20720000314&kikanKbn=2", "url2": null, "内容": "下田診療所【2:診療所】【診療科目:0】福島県二本松市太田下田９９－１" }, "geometry": { "type": "Point", "coordinates": [ 140.577739, 37.568864 ] } },
{ "type": "Feature", "properties": { "ID": 720720000315, "正式名称": "東和クリニック", "機関区分": 2, "都道府県コード": 7, "市区町村コード": 210, "所在地": "福島県二本松市針道字蔵下１２０番地１", "緯度": 37.597539, "経度": 140.578803, "url": "https://www.iryou.teikyouseido.mhlw.go.jp/znk-web/juminkanja/S2430/initialize?prefCd=07&kikanCd=20720000315&kikanKbn=2", "url2": null, "内容": "東和クリニック【2:診療所】【診療科目:0】福島県二本松市針道字蔵下１２０番地１" }, "geometry": { "type": "Point", "coordinates": [ 140.578803, 37.597539 ] } },
{ "type": "Feature", "properties": { "ID": 720720000318, "正式名称": "ばばクリニック", "機関区分": 2, "都道府県コード": 7, "市区町村コード": 210, "所在地": "福島県二本松市油井字福岡４４１－２", "緯度": 37.613594, "経度": 140.461078, "url": "https://www.iryou.teikyouseido.mhlw.go.jp/znk-web/juminkanja/S2430/initialize?prefCd=07&kikanCd=20720000318&kikanKbn=2", "url2": null, "内容": "ばばクリニック【2:診療所】【診療科目:0】福島県二本松市油井字福岡４４１－２" }, "geometry": { "type": "Point", "coordinates": [ 140.461078, 37.613594 ] } },
{ "type": "Feature", "properties": { "ID": 720720000320, "正式名称": "医療法人　桑名医院", "機関区分": 2, "都道府県コード": 7, "市区町村コード": 213, "所在地": "福島県伊達市片町４１", "緯度": 37.819886, "経度": 140.501683, "url": "https://www.iryou.teikyouseido.mhlw.go.jp/znk-web/juminkanja/S2430/initialize?prefCd=07&kikanCd=20720000320&kikanKbn=2", "url2": null, "内容": "医療法人　桑名医院【2:診療所】【診療科目:0】福島県伊達市片町４１" }, "geometry": { "type": "Point", "coordinates": [ 140.501683, 37.819886 ] } },
{ "type": "Feature", "properties": { "ID": 720720000321, "正式名称": "医療法人　菊地整形外科　理事長　菊地　秀明", "機関区分": 2, "都道府県コード": 7, "市区町村コード": 213, "所在地": "福島県伊達市坂ノ上１０－１", "緯度": 37.817106, "経度": 140.503156, "url": "https://www.iryou.teikyouseido.mhlw.go.jp/znk-web/juminkanja/S2430/initialize?prefCd=07&kikanCd=20720000321&kikanKbn=2", "url2": null, "内容": "医療法人　菊地整形外科　理事長　菊地　秀明【2:診療所】【診療科目:0】福島県伊達市坂ノ上１０－１" }, "geometry": { "type": "Point", "coordinates": [ 140.503156, 37.817106 ] } },
{ "type": "Feature", "properties": { "ID": 720720000326, "正式名称": "大木内科医院", "機関区分": 2, "都道府県コード": 7, "市区町村コード": 213, "所在地": "福島県伊達市保原町字元町４", "緯度": 37.82285, "経度": 140.556397, "url": "https://www.iryou.teikyouseido.mhlw.go.jp/znk-web/juminkanja/S2430/initialize?prefCd=07&kikanCd=20720000326&kikanKbn=2", "url2": "www.ookinaika.com", "内容": "大木内科医院【2:診療所】【診療科目:0】福島県伊達市保原町字元町４" }, "geometry": { "type": "Point", "coordinates": [ 140.556397, 37.82285 ] } },
{ "type": "Feature", "properties": { "ID": 720720000327, "正式名称": "医療法人　武田小児科", "機関区分": 2, "都道府県コード": 7, "市区町村コード": 213, "所在地": "福島県伊達市保原町栄町５１", "緯度": 37.825156, "経度": 140.557031, "url": "https://www.iryou.teikyouseido.mhlw.go.jp/znk-web/juminkanja/S2430/initialize?prefCd=07&kikanCd=20720000327&kikanKbn=2", "url2": "https://www.takeda-shonika.jp", "内容": "医療法人　武田小児科【2:診療所】【診療科目:0】福島県伊達市保原町栄町５１" }, "geometry": { "type": "Point", "coordinates": [ 140.557031, 37.825156 ] } },
{ "type": "Feature", "properties": { "ID": 720720000329, "正式名称": "医療法人　すずき医院", "機関区分": 2, "都道府県コード": 7, "市区町村コード": 213, "所在地": "福島県伊達市保原町字西町１７５", "緯度": 37.823542, "経度": 140.553294, "url": "https://www.iryou.teikyouseido.mhlw.go.jp/znk-web/juminkanja/S2430/initialize?prefCd=07&kikanCd=20720000329&kikanKbn=2", "url2": null, "内容": "医療法人　すずき医院【2:診療所】【診療科目:0】福島県伊達市保原町字西町１７５" }, "geometry": { "type": "Point", "coordinates": [ 140.553294, 37.823542 ] } },
{ "type": "Feature", "properties": { "ID": 720720000330, "正式名称": "熊谷耳鼻咽喉科医院", "機関区分": 2, "都道府県コード": 7, "市区町村コード": 213, "所在地": "福島県伊達市保原町字宮下７５の２", "緯度": 37.819594, "経度": 140.555889, "url": "https://www.iryou.teikyouseido.mhlw.go.jp/znk-web/juminkanja/S2430/initialize?prefCd=07&kikanCd=20720000330&kikanKbn=2", "url2": null, "内容": "熊谷耳鼻咽喉科医院【2:診療所】【診療科目:0】福島県伊達市保原町字宮下７５の２" }, "geometry": { "type": "Point", "coordinates": [ 140.555889, 37.819594 ] } },
{ "type": "Feature", "properties": { "ID": 720720000336, "正式名称": "医療法人天藤会阪内医院", "機関区分": 2, "都道府県コード": 7, "市区町村コード": 213, "所在地": "福島県伊達市梁川町字青葉町９７", "緯度": 37.846611, "経度": 140.599714, "url": "https://www.iryou.teikyouseido.mhlw.go.jp/znk-web/juminkanja/S2430/initialize?prefCd=07&kikanCd=20720000336&kikanKbn=2", "url2": null, "内容": "医療法人天藤会阪内医院【2:診療所】【診療科目:0】福島県伊達市梁川町字青葉町９７" }, "geometry": { "type": "Point", "coordinates": [ 140.599714, 37.846611 ] } },
{ "type": "Feature", "properties": { "ID": 720720000339, "正式名称": "医療法人尚仁会　上保原内科", "機関区分": 2, "都道府県コード": 7, "市区町村コード": 213, "所在地": "福島県伊達市保原町上保原大木田８－１", "緯度": 37.810453, "経度": 140.544686, "url": "https://www.iryou.teikyouseido.mhlw.go.jp/znk-web/juminkanja/S2430/initialize?prefCd=07&kikanCd=20720000339&kikanKbn=2", "url2": "https://www.kamihobara-clinic.com/", "内容": "医療法人尚仁会　上保原内科【2:診療所】【診療科目:0】福島県伊達市保原町上保原大木田８－１" }, "geometry": { "type": "Point", "coordinates": [ 140.544686, 37.810453 ] } },
{ "type": "Feature", "properties": { "ID": 720720000341, "正式名称": "ゆう愛クリニック", "機関区分": 2, "都道府県コード": 7, "市区町村コード": 213, "所在地": "福島県伊達市霊山町掛田字西裏４９－１", "緯度": 37.784608, "経度": 140.593667, "url": "https://www.iryou.teikyouseido.mhlw.go.jp/znk-web/juminkanja/S2430/initialize?prefCd=07&kikanCd=20720000341&kikanKbn=2", "url2": "https://youi-kai.org/", "内容": "ゆう愛クリニック【2:診療所】【診療科目:0】福島県伊達市霊山町掛田字西裏４９－１" }, "geometry": { "type": "Point", "coordinates": [ 140.593667, 37.784608 ] } },
{ "type": "Feature", "properties": { "ID": 720720000342, "正式名称": "医療法人厚良会　伊達セントラルクリニック", "機関区分": 2, "都道府県コード": 7, "市区町村コード": 213, "所在地": "福島県伊達市保原町字西町１８９番地１", "緯度": 37.822186, "経度": 140.550497, "url": "https://www.iryou.teikyouseido.mhlw.go.jp/znk-web/juminkanja/S2430/initialize?prefCd=07&kikanCd=20720000342&kikanKbn=2", "url2": null, "内容": "医療法人厚良会　伊達セントラルクリニック【2:診療所】【診療科目:0】福島県伊達市保原町字西町１８９番地１" }, "geometry": { "type": "Point", "coordinates": [ 140.550497, 37.822186 ] } },
{ "type": "Feature", "properties": { "ID": 720720000346, "正式名称": "医療法人敬和会　もり医院", "機関区分": 2, "都道府県コード": 7, "市区町村コード": 213, "所在地": "福島県伊達市梁川町希望ヶ丘２４", "緯度": 37.864156, "経度": 140.611306, "url": "https://www.iryou.teikyouseido.mhlw.go.jp/znk-web/juminkanja/S2430/initialize?prefCd=07&kikanCd=20720000346&kikanKbn=2", "url2": null, "内容": "医療法人敬和会　もり医院【2:診療所】【診療科目:0】福島県伊達市梁川町希望ヶ丘２４" }, "geometry": { "type": "Point", "coordinates": [ 140.611306, 37.864156 ] } },
{ "type": "Feature", "properties": { "ID": 720720000348, "正式名称": "おの整形外科クリニック", "機関区分": 2, "都道府県コード": 7, "市区町村コード": 213, "所在地": "福島県伊達市梁川町字西土橋１２０", "緯度": 37.849111, "経度": 140.591675, "url": "https://www.iryou.teikyouseido.mhlw.go.jp/znk-web/juminkanja/S2430/initialize?prefCd=07&kikanCd=20720000348&kikanKbn=2", "url2": "www.ono-ortho.com", "内容": "おの整形外科クリニック【2:診療所】【診療科目:0】福島県伊達市梁川町字西土橋１２０" }, "geometry": { "type": "Point", "coordinates": [ 140.591675, 37.849111 ] } },
{ "type": "Feature", "properties": { "ID": 720720000349, "正式名称": "おおこうち眼科", "機関区分": 2, "都道府県コード": 7, "市区町村コード": 213, "所在地": "福島県伊達市岡前２０番地の５", "緯度": 37.822194, "経度": 140.505228, "url": "https://www.iryou.teikyouseido.mhlw.go.jp/znk-web/juminkanja/S2430/initialize?prefCd=07&kikanCd=20720000349&kikanKbn=2", "url2": null, "内容": "おおこうち眼科【2:診療所】【診療科目:0】福島県伊達市岡前２０番地の５" }, "geometry": { "type": "Point", "coordinates": [ 140.505228, 37.822194 ] } },
{ "type": "Feature", "properties": { "ID": 720720000350, "正式名称": "かしの木内科クリニック", "機関区分": 2, "都道府県コード": 7, "市区町村コード": 213, "所在地": "福島県伊達市岡前２０－６", "緯度": 37.821925, "経度": 140.505275, "url": "https://www.iryou.teikyouseido.mhlw.go.jp/znk-web/juminkanja/S2430/initialize?prefCd=07&kikanCd=20720000350&kikanKbn=2", "url2": null, "内容": "かしの木内科クリニック【2:診療所】【診療科目:0】福島県伊達市岡前２０－６" }, "geometry": { "type": "Point", "coordinates": [ 140.505275, 37.821925 ] } },
{ "type": "Feature", "properties": { "ID": 720720000351, "正式名称": "保原中央クリニック", "機関区分": 2, "都道府県コード": 7, "市区町村コード": 213, "所在地": "福島県伊達市保原町字城ノ内７３の１", "緯度": 37.820722, "経度": 140.559567, "url": "https://www.iryou.teikyouseido.mhlw.go.jp/znk-web/juminkanja/S2430/initialize?prefCd=07&kikanCd=20720000351&kikanKbn=2", "url2": "http://www.jinsenkai.or.jp/", "内容": "保原中央クリニック【2:診療所】【診療科目:0】福島県伊達市保原町字城ノ内７３の１" }, "geometry": { "type": "Point", "coordinates": [ 140.559567, 37.820722 ] } },
{ "type": "Feature", "properties": { "ID": 720720000352, "正式名称": "医療法人ながえクリニック", "機関区分": 2, "都道府県コード": 7, "市区町村コード": 213, "所在地": "福島県伊達市保原町字中村町３０－１", "緯度": 37.815569, "経度": 140.553589, "url": "https://www.iryou.teikyouseido.mhlw.go.jp/znk-web/juminkanja/S2430/initialize?prefCd=07&kikanCd=20720000352&kikanKbn=2", "url2": null, "内容": "医療法人ながえクリニック【2:診療所】【診療科目:0】福島県伊達市保原町字中村町３０－１" }, "geometry": { "type": "Point", "coordinates": [ 140.553589, 37.815569 ] } },
{ "type": "Feature", "properties": { "ID": 720720000355, "正式名称": "医療法人伊藤皮フ科クリニック", "機関区分": 2, "都道府県コード": 7, "市区町村コード": 213, "所在地": "福島県伊達市岡前", "緯度": 37.822211, "経度": 140.504994, "url": "https://www.iryou.teikyouseido.mhlw.go.jp/znk-web/juminkanja/S2430/initialize?prefCd=07&kikanCd=20720000355&kikanKbn=2", "url2": "http://www.itou-hifu.jp/", "内容": "医療法人伊藤皮フ科クリニック【2:診療所】【診療科目:0】福島県伊達市岡前" }, "geometry": { "type": "Point", "coordinates": [ 140.504994, 37.822211 ] } },
{ "type": "Feature", "properties": { "ID": 720720000356, "正式名称": "だて耳鼻科　パオパオ", "機関区分": 2, "都道府県コード": 7, "市区町村コード": 213, "所在地": "福島県伊達市梨子木町２７番地１", "緯度": 37.819228, "経度": 140.507675, "url": "https://www.iryou.teikyouseido.mhlw.go.jp/znk-web/juminkanja/S2430/initialize?prefCd=07&kikanCd=20720000356&kikanKbn=2", "url2": null, "内容": "だて耳鼻科　パオパオ【2:診療所】【診療科目:0】福島県伊達市梨子木町２７番地１" }, "geometry": { "type": "Point", "coordinates": [ 140.507675, 37.819228 ] } },
{ "type": "Feature", "properties": { "ID": 720720000361, "正式名称": "本宮市国民健康保険白岩診療所", "機関区分": 2, "都道府県コード": 7, "市区町村コード": 214, "所在地": "福島県本宮市白岩字田中２２５―８", "緯度": 37.50045, "経度": 140.469681, "url": "https://www.iryou.teikyouseido.mhlw.go.jp/znk-web/juminkanja/S2430/initialize?prefCd=07&kikanCd=20720000361&kikanKbn=2", "url2": null, "内容": "本宮市国民健康保険白岩診療所【2:診療所】【診療科目:0】福島県本宮市白岩字田中２２５―８" }, "geometry": { "type": "Point", "coordinates": [ 140.469681, 37.50045 ] } },
{ "type": "Feature", "properties": { "ID": 720720000363, "正式名称": "医療法人渡辺クリニック", "機関区分": 2, "都道府県コード": 7, "市区町村コード": 214, "所在地": "福島県本宮市高木字高木１９－６", "緯度": 37.515247, "経度": 140.406461, "url": "https://www.iryou.teikyouseido.mhlw.go.jp/znk-web/juminkanja/S2430/initialize?prefCd=07&kikanCd=20720000363&kikanKbn=2", "url2": null, "内容": "医療法人渡辺クリニック【2:診療所】【診療科目:0】福島県本宮市高木字高木１９－６" }, "geometry": { "type": "Point", "coordinates": [ 140.406461, 37.515247 ] } },
{ "type": "Feature", "properties": { "ID": 720720000365, "正式名称": "池田眼科医院", "機関区分": 2, "都道府県コード": 7, "市区町村コード": 214, "所在地": "福島県本宮市本宮字仲町２２－３", "緯度": 37.519075, "経度": 140.405269, "url": "https://www.iryou.teikyouseido.mhlw.go.jp/znk-web/juminkanja/S2430/initialize?prefCd=07&kikanCd=20720000365&kikanKbn=2", "url2": null, "内容": "池田眼科医院【2:診療所】【診療科目:0】福島県本宮市本宮字仲町２２－３" }, "geometry": { "type": "Point", "coordinates": [ 140.405269, 37.519075 ] } },
{ "type": "Feature", "properties": { "ID": 720720000366, "正式名称": "医療法人上遠野内科医院", "機関区分": 2, "都道府県コード": 7, "市区町村コード": 214, "所在地": "福島県本宮市本宮字荒町５４", "緯度": 37.517258, "経度": 140.404772, "url": "https://www.iryou.teikyouseido.mhlw.go.jp/znk-web/juminkanja/S2430/initialize?prefCd=07&kikanCd=20720000366&kikanKbn=2", "url2": "https://katono-clinic.jp/", "内容": "医療法人上遠野内科医院【2:診療所】【診療科目:0】福島県本宮市本宮字荒町５４" }, "geometry": { "type": "Point", "coordinates": [ 140.404772, 37.517258 ] } },
{ "type": "Feature", "properties": { "ID": 720720000369, "正式名称": "よしだこどもクリニック", "機関区分": 2, "都道府県コード": 7, "市区町村コード": 214, "所在地": "福島県本宮市高木字平内６７番１５", "緯度": 37.516108, "経度": 140.409308, "url": "https://www.iryou.teikyouseido.mhlw.go.jp/znk-web/juminkanja/S2430/initialize?prefCd=07&kikanCd=20720000369&kikanKbn=2", "url2": "https://stylekoriyama.com/clinic/yoshida-kodomo/", "内容": "よしだこどもクリニック【2:診療所】【診療科目:0】福島県本宮市高木字平内６７番１５" }, "geometry": { "type": "Point", "coordinates": [ 140.409308, 37.516108 ] } },
{ "type": "Feature", "properties": { "ID": 720720000370, "正式名称": "よしだ内科", "機関区分": 2, "都道府県コード": 7, "市区町村コード": 214, "所在地": "福島県本宮市本宮字一ツ屋１－１", "緯度": 37.521703, "経度": 140.391492, "url": "https://www.iryou.teikyouseido.mhlw.go.jp/znk-web/juminkanja/S2430/initialize?prefCd=07&kikanCd=20720000370&kikanKbn=2", "url2": "http://www.yoshidanaika-med.jp", "内容": "よしだ内科【2:診療所】【診療科目:0】福島県本宮市本宮字一ツ屋１－１" }, "geometry": { "type": "Point", "coordinates": [ 140.391492, 37.521703 ] } },
{ "type": "Feature", "properties": { "ID": 720720000371, "正式名称": "いしわたクリニック", "機関区分": 2, "都道府県コード": 7, "市区町村コード": 214, "所在地": "福島県本宮市荒井字東学壇１１の１", "緯度": 37.489014, "経度": 140.388994, "url": "https://www.iryou.teikyouseido.mhlw.go.jp/znk-web/juminkanja/S2430/initialize?prefCd=07&kikanCd=20720000371&kikanKbn=2", "url2": null, "内容": "いしわたクリニック【2:診療所】【診療科目:0】福島県本宮市荒井字東学壇１１の１" }, "geometry": { "type": "Point", "coordinates": [ 140.388994, 37.489014 ] } },
{ "type": "Feature", "properties": { "ID": 720720000374, "正式名称": "橋本クリニック", "機関区分": 2, "都道府県コード": 7, "市区町村コード": 214, "所在地": "福島県本宮市白岩字馬場１１０番地の１", "緯度": 37.502803, "経度": 140.475989, "url": "https://www.iryou.teikyouseido.mhlw.go.jp/znk-web/juminkanja/S2430/initialize?prefCd=07&kikanCd=20720000374&kikanKbn=2", "url2": null, "内容": "橋本クリニック【2:診療所】【診療科目:0】福島県本宮市白岩字馬場１１０番地の１" }, "geometry": { "type": "Point", "coordinates": [ 140.475989, 37.502803 ] } },
{ "type": "Feature", "properties": { "ID": 720720000375, "正式名称": "医療法人　佐藤外科医院　さとう整形外科クリニック", "機関区分": 2, "都道府県コード": 7, "市区町村コード": 301, "所在地": "福島県伊達郡桑折町堰合１５番地", "緯度": 37.850278, "経度": 140.520719, "url": "https://www.iryou.teikyouseido.mhlw.go.jp/znk-web/juminkanja/S2430/initialize?prefCd=07&kikanCd=20720000375&kikanKbn=2", "url2": null, "内容": "医療法人　佐藤外科医院　さとう整形外科クリニック【2:診療所】【診療科目:0】福島県伊達郡桑折町堰合１５番地" }, "geometry": { "type": "Point", "coordinates": [ 140.520719, 37.850278 ] } },
{ "type": "Feature", "properties": { "ID": 720720000378, "正式名称": "医療法人　天藤会　遠藤内科医院", "機関区分": 2, "都道府県コード": 7, "市区町村コード": 301, "所在地": "福島県伊達郡桑折町字陣屋１－６", "緯度": 37.844197, "経度": 140.519764, "url": "https://www.iryou.teikyouseido.mhlw.go.jp/znk-web/juminkanja/S2430/initialize?prefCd=07&kikanCd=20720000378&kikanKbn=2", "url2": null, "内容": "医療法人　天藤会　遠藤内科医院【2:診療所】【診療科目:0】福島県伊達郡桑折町字陣屋１－６" }, "geometry": { "type": "Point", "coordinates": [ 140.519764, 37.844197 ] } },
{ "type": "Feature", "properties": { "ID": 720720000380, "正式名称": "井上内科クリニック", "機関区分": 2, "都道府県コード": 7, "市区町村コード": 301, "所在地": "福島県伊達郡桑折町谷地字石塚１５", "緯度": 37.856911, "経度": 140.521781, "url": "https://www.iryou.teikyouseido.mhlw.go.jp/znk-web/juminkanja/S2430/initialize?prefCd=07&kikanCd=20720000380&kikanKbn=2", "url2": null, "内容": "井上内科クリニック【2:診療所】【診療科目:0】福島県伊達郡桑折町谷地字石塚１５" }, "geometry": { "type": "Point", "coordinates": [ 140.521781, 37.856911 ] } },
{ "type": "Feature", "properties": { "ID": 720720000381, "正式名称": "まつもとクリニック", "機関区分": 2, "都道府県コード": 7, "市区町村コード": 301, "所在地": "福島県伊達郡桑折町大字南半田字六角１５－１", "緯度": 37.854864, "経度": 140.518097, "url": "https://www.iryou.teikyouseido.mhlw.go.jp/znk-web/juminkanja/S2430/initialize?prefCd=07&kikanCd=20720000381&kikanKbn=2", "url2": null, "内容": "まつもとクリニック【2:診療所】【診療科目:0】福島県伊達郡桑折町大字南半田字六角１５－１" }, "geometry": { "type": "Point", "coordinates": [ 140.518097, 37.854864 ] } },
{ "type": "Feature", "properties": { "ID": 720720000383, "正式名称": "医療法人　博寿会　村上医院", "機関区分": 2, "都道府県コード": 7, "市区町村コード": 303, "所在地": "福島県伊達郡国見町藤田北１１－１", "緯度": 37.876064, "経度": 140.544783, "url": "https://www.iryou.teikyouseido.mhlw.go.jp/znk-web/juminkanja/S2430/initialize?prefCd=07&kikanCd=20720000383&kikanKbn=2", "url2": null, "内容": "医療法人　博寿会　村上医院【2:診療所】【診療科目:0】福島県伊達郡国見町藤田北１１－１" }, "geometry": { "type": "Point", "coordinates": [ 140.544783, 37.876064 ] } },
{ "type": "Feature", "properties": { "ID": 720720000389, "正式名称": "むとうこどもクリニック", "機関区分": 2, "都道府県コード": 7, "市区町村コード": 308, "所在地": "福島県伊達郡川俣町瓦町３１", "緯度": 37.66705, "経度": 140.602497, "url": "https://www.iryou.teikyouseido.mhlw.go.jp/znk-web/juminkanja/S2430/initialize?prefCd=07&kikanCd=20720000389&kikanKbn=2", "url2": null, "内容": "むとうこどもクリニック【2:診療所】【診療科目:0】福島県伊達郡川俣町瓦町３１" }, "geometry": { "type": "Point", "coordinates": [ 140.602497, 37.66705 ] } },
{ "type": "Feature", "properties": { "ID": 720720000395, "正式名称": "鈴木内科医院", "機関区分": 2, "都道府県コード": 7, "市区町村コード": 308, "所在地": "福島県伊達郡川俣町字新中町２１－３", "緯度": 37.660322, "経度": 140.605492, "url": "https://www.iryou.teikyouseido.mhlw.go.jp/znk-web/juminkanja/S2430/initialize?prefCd=07&kikanCd=20720000395&kikanKbn=2", "url2": null, "内容": "鈴木内科医院【2:診療所】【診療科目:0】福島県伊達郡川俣町字新中町２１－３" }, "geometry": { "type": "Point", "coordinates": [ 140.605492, 37.660322 ] } },
{ "type": "Feature", "properties": { "ID": 720720000396, "正式名称": "医療法人慈心会　村上医院", "機関区分": 2, "都道府県コード": 7, "市区町村コード": 308, "所在地": "福島県伊達郡川俣町字本町４４番地１", "緯度": 37.667614, "経度": 140.606367, "url": "https://www.iryou.teikyouseido.mhlw.go.jp/znk-web/juminkanja/S2430/initialize?prefCd=07&kikanCd=20720000396&kikanKbn=2", "url2": null, "内容": "医療法人慈心会　村上医院【2:診療所】【診療科目:0】福島県伊達郡川俣町字本町４４番地１" }, "geometry": { "type": "Point", "coordinates": [ 140.606367, 37.667614 ] } },
{ "type": "Feature", "properties": { "ID": 720720000401, "正式名称": "あんざい整形外科クリニック", "機関区分": 2, "都道府県コード": 7, "市区町村コード": 308, "所在地": "福島県伊達郡川俣町鶴沢字川端２８", "緯度": 37.665733, "経度": 140.595631, "url": "https://www.iryou.teikyouseido.mhlw.go.jp/znk-web/juminkanja/S2430/initialize?prefCd=07&kikanCd=20720000401&kikanKbn=2", "url2": null, "内容": "あんざい整形外科クリニック【2:診療所】【診療科目:0】福島県伊達郡川俣町鶴沢字川端２８" }, "geometry": { "type": "Point", "coordinates": [ 140.595631, 37.665733 ] } },
{ "type": "Feature", "properties": { "ID": 720720000404, "正式名称": "斎藤医院", "機関区分": 2, "都道府県コード": 7, "市区町村コード": 201, "所在地": "福島県福島市飯野町字町８１", "緯度": 37.655828, "経度": 140.536294, "url": "https://www.iryou.teikyouseido.mhlw.go.jp/znk-web/juminkanja/S2430/initialize?prefCd=07&kikanCd=20720000404&kikanKbn=2", "url2": null, "内容": "斎藤医院【2:診療所】【診療科目:0】福島県福島市飯野町字町８１" }, "geometry": { "type": "Point", "coordinates": [ 140.536294, 37.655828 ] } },
{ "type": "Feature", "properties": { "ID": 720720000405, "正式名称": "生協いいの診療所", "機関区分": 2, "都道府県コード": 7, "市区町村コード": 201, "所在地": "福島県福島市飯野町字後川２７－２", "緯度": 37.655919, "経度": 140.533556, "url": "https://www.iryou.teikyouseido.mhlw.go.jp/znk-web/juminkanja/S2430/initialize?prefCd=07&kikanCd=20720000405&kikanKbn=2", "url2": "https://www.watari-hp.jp/clinic_iino/", "内容": "生協いいの診療所【2:診療所】【診療科目:0】福島県福島市飯野町字後川２７－２" }, "geometry": { "type": "Point", "coordinates": [ 140.533556, 37.655919 ] } },
{ "type": "Feature", "properties": { "ID": 720720000409, "正式名称": "太田メディカルクリニック", "機関区分": 2, "都道府県コード": 7, "市区町村コード": 207, "所在地": "福島県須賀川市諏訪町５", "緯度": 37.291431, "経度": 140.374214, "url": "https://www.iryou.teikyouseido.mhlw.go.jp/znk-web/juminkanja/S2430/initialize?prefCd=07&kikanCd=20720000409&kikanKbn=2", "url2": "http://www.clinic-ohta.com", "内容": "太田メディカルクリニック【2:診療所】【診療科目:0】福島県須賀川市諏訪町５" }, "geometry": { "type": "Point", "coordinates": [ 140.374214, 37.291431 ] } },
{ "type": "Feature", "properties": { "ID": 720720000410, "正式名称": "（医療法人）太田耳鼻咽喉科医院", "機関区分": 2, "都道府県コード": 7, "市区町村コード": 207, "所在地": "福島県須賀川市北山寺町１９７", "緯度": 37.305139, "経度": 140.361556, "url": "https://www.iryou.teikyouseido.mhlw.go.jp/znk-web/juminkanja/S2430/initialize?prefCd=07&kikanCd=20720000410&kikanKbn=2", "url2": null, "内容": "（医療法人）太田耳鼻咽喉科医院【2:診療所】【診療科目:0】福島県須賀川市北山寺町１９７" }, "geometry": { "type": "Point", "coordinates": [ 140.361556, 37.305139 ] } },
{ "type": "Feature", "properties": { "ID": 720720000412, "正式名称": "医療法人　高橋整形外科", "機関区分": 2, "都道府県コード": 7, "市区町村コード": 207, "所在地": "福島県須賀川市塚田１４２", "緯度": 37.298253, "経度": 140.373208, "url": "https://www.iryou.teikyouseido.mhlw.go.jp/znk-web/juminkanja/S2430/initialize?prefCd=07&kikanCd=20720000412&kikanKbn=2", "url2": null, "内容": "医療法人　高橋整形外科【2:診療所】【診療科目:0】福島県須賀川市塚田１４２" }, "geometry": { "type": "Point", "coordinates": [ 140.373208, 37.298253 ] } },
{ "type": "Feature", "properties": { "ID": 720720000416, "正式名称": "医療法人西間木医院", "機関区分": 2, "都道府県コード": 7, "市区町村コード": 207, "所在地": "福島県須賀川市和田字弥六内３５６－４", "緯度": 37.287778, "経度": 140.390081, "url": "https://www.iryou.teikyouseido.mhlw.go.jp/znk-web/juminkanja/S2430/initialize?prefCd=07&kikanCd=20720000416&kikanKbn=2", "url2": null, "内容": "医療法人西間木医院【2:診療所】【診療科目:0】福島県須賀川市和田字弥六内３５６－４" }, "geometry": { "type": "Point", "coordinates": [ 140.390081, 37.287778 ] } },
{ "type": "Feature", "properties": { "ID": 720720000421, "正式名称": "医療法人清水産科婦人科クリニック", "機関区分": 2, "都道府県コード": 7, "市区町村コード": 207, "所在地": "福島県須賀川市一里坦１４番地の４", "緯度": 37.275503, "経度": 140.364161, "url": "https://www.iryou.teikyouseido.mhlw.go.jp/znk-web/juminkanja/S2430/initialize?prefCd=07&kikanCd=20720000421&kikanKbn=2", "url2": null, "内容": "医療法人清水産科婦人科クリニック【2:診療所】【診療科目:0】福島県須賀川市一里坦１４番地の４" }, "geometry": { "type": "Point", "coordinates": [ 140.364161, 37.275503 ] } },
{ "type": "Feature", "properties": { "ID": 720720000425, "正式名称": "医療法人　小林医院", "機関区分": 2, "都道府県コード": 7, "市区町村コード": 207, "所在地": "福島県須賀川市南町３０－１０", "緯度": 37.280847, "経度": 140.370611, "url": "https://www.iryou.teikyouseido.mhlw.go.jp/znk-web/juminkanja/S2430/initialize?prefCd=07&kikanCd=20720000425&kikanKbn=2", "url2": null, "内容": "医療法人　小林医院【2:診療所】【診療科目:0】福島県須賀川市南町３０－１０" }, "geometry": { "type": "Point", "coordinates": [ 140.370611, 37.280847 ] } },
{ "type": "Feature", "properties": { "ID": 720720000429, "正式名称": "小橋クリニック", "機関区分": 2, "都道府県コード": 7, "市区町村コード": 207, "所在地": "福島県須賀川市仁井田字大谷地１７２－３", "緯度": 37.3385, "経度": 140.351253, "url": "https://www.iryou.teikyouseido.mhlw.go.jp/znk-web/juminkanja/S2430/initialize?prefCd=07&kikanCd=20720000429&kikanKbn=2", "url2": null, "内容": "小橋クリニック【2:診療所】【診療科目:0】福島県須賀川市仁井田字大谷地１７２－３" }, "geometry": { "type": "Point", "coordinates": [ 140.351253, 37.3385 ] } },
{ "type": "Feature", "properties": { "ID": 720720000430, "正式名称": "医療法人　須賀川セントラル眼科", "機関区分": 2, "都道府県コード": 7, "市区町村コード": 207, "所在地": "福島県須賀川市岡東町１０１番地", "緯度": 37.295114, "経度": 140.362819, "url": "https://www.iryou.teikyouseido.mhlw.go.jp/znk-web/juminkanja/S2430/initialize?prefCd=07&kikanCd=20720000430&kikanKbn=2", "url2": "https://xn--1ck0a1gi1b8068cfevbdlefw5ceux.jp/%e3%82%a2%e3%82%af%e3%82%bb%e3%82%b9", "内容": "医療法人　須賀川セントラル眼科【2:診療所】【診療科目:0】福島県須賀川市岡東町１０１番地" }, "geometry": { "type": "Point", "coordinates": [ 140.362819, 37.295114 ] } },
{ "type": "Feature", "properties": { "ID": 720720000431, "正式名称": "医療法人吉田医院", "機関区分": 2, "都道府県コード": 7, "市区町村コード": 207, "所在地": "福島県須賀川市上北町９６－１", "緯度": 37.291922, "経度": 140.376264, "url": "https://www.iryou.teikyouseido.mhlw.go.jp/znk-web/juminkanja/S2430/initialize?prefCd=07&kikanCd=20720000431&kikanKbn=2", "url2": "http://clinicyoshida.sakura.ne.jp/", "内容": "医療法人吉田医院【2:診療所】【診療科目:0】福島県須賀川市上北町９６－１" }, "geometry": { "type": "Point", "coordinates": [ 140.376264, 37.291922 ] } },
{ "type": "Feature", "properties": { "ID": 720720000433, "正式名称": "医療法人翠蔭会　あづまクリニック", "機関区分": 2, "都道府県コード": 7, "市区町村コード": 207, "所在地": "福島県須賀川市前川５２－１", "緯度": 37.295031, "経度": 140.381008, "url": "https://www.iryou.teikyouseido.mhlw.go.jp/znk-web/juminkanja/S2430/initialize?prefCd=07&kikanCd=20720000433&kikanKbn=2", "url2": "http://www.azumaclinic.byoinnavi.jp/", "内容": "医療法人翠蔭会　あづまクリニック【2:診療所】【診療科目:0】福島県須賀川市前川５２－１" }, "geometry": { "type": "Point", "coordinates": [ 140.381008, 37.295031 ] } },
{ "type": "Feature", "properties": { "ID": 720720000434, "正式名称": "医療法人　黒澤医院", "機関区分": 2, "都道府県コード": 7, "市区町村コード": 207, "所在地": "福島県須賀川市森宿字鍛治山３６－１０", "緯度": 37.307347, "経度": 140.367856, "url": "https://www.iryou.teikyouseido.mhlw.go.jp/znk-web/juminkanja/S2430/initialize?prefCd=07&kikanCd=20720000434&kikanKbn=2", "url2": null, "内容": "医療法人　黒澤医院【2:診療所】【診療科目:0】福島県須賀川市森宿字鍛治山３６－１０" }, "geometry": { "type": "Point", "coordinates": [ 140.367856, 37.307347 ] } },
{ "type": "Feature", "properties": { "ID": 720720000435, "正式名称": "今泉須賀川医院", "機関区分": 2, "都道府県コード": 7, "市区町村コード": 207, "所在地": "福島県須賀川市南町３２０", "緯度": 37.282103, "経度": 140.373858, "url": "https://www.iryou.teikyouseido.mhlw.go.jp/znk-web/juminkanja/S2430/initialize?prefCd=07&kikanCd=20720000435&kikanKbn=2", "url2": "www.imasuka-eye.com", "内容": "今泉須賀川医院【2:診療所】【診療科目:0】福島県須賀川市南町３２０" }, "geometry": { "type": "Point", "coordinates": [ 140.373858, 37.282103 ] } },
{ "type": "Feature", "properties": { "ID": 720720000437, "正式名称": "渡辺内科胃腸科クリニック", "機関区分": 2, "都道府県コード": 7, "市区町村コード": 207, "所在地": "福島県須賀川市山寺町１６２", "緯度": 37.303639, "経度": 140.364403, "url": "https://www.iryou.teikyouseido.mhlw.go.jp/znk-web/juminkanja/S2430/initialize?prefCd=07&kikanCd=20720000437&kikanKbn=2", "url2": null, "内容": "渡辺内科胃腸科クリニック【2:診療所】【診療科目:0】福島県須賀川市山寺町１６２" }, "geometry": { "type": "Point", "coordinates": [ 140.364403, 37.303639 ] } },
{ "type": "Feature", "properties": { "ID": 720720000441, "正式名称": "医療法人　こんの小児科", "機関区分": 2, "都道府県コード": 7, "市区町村コード": 207, "所在地": "福島県須賀川市中宿３４６", "緯度": 37.301194, "経度": 140.377931, "url": "https://www.iryou.teikyouseido.mhlw.go.jp/znk-web/juminkanja/S2430/initialize?prefCd=07&kikanCd=20720000441&kikanKbn=2", "url2": null, "内容": "医療法人　こんの小児科【2:診療所】【診療科目:0】福島県須賀川市中宿３４６" }, "geometry": { "type": "Point", "coordinates": [ 140.377931, 37.301194 ] } },
{ "type": "Feature", "properties": { "ID": 720720000442, "正式名称": "折笠クリニック", "機関区分": 2, "都道府県コード": 7, "市区町村コード": 207, "所在地": "福島県須賀川市東作１４６－７", "緯度": 37.278761, "経度": 140.384994, "url": "https://www.iryou.teikyouseido.mhlw.go.jp/znk-web/juminkanja/S2430/initialize?prefCd=07&kikanCd=20720000442&kikanKbn=2", "url2": "http://orikasa-clinic.com/", "内容": "折笠クリニック【2:診療所】【診療科目:0】福島県須賀川市東作１４６－７" }, "geometry": { "type": "Point", "coordinates": [ 140.384994, 37.278761 ] } },
{ "type": "Feature", "properties": { "ID": 720720000443, "正式名称": "須賀川地方休日夜間急病診療所", "機関区分": 2, "都道府県コード": 7, "市区町村コード": 207, "所在地": "福島県須賀川市諏訪町６７－１", "緯度": 37.289789, "経度": 140.373483, "url": "https://www.iryou.teikyouseido.mhlw.go.jp/znk-web/juminkanja/S2430/initialize?prefCd=07&kikanCd=20720000443&kikanKbn=2", "url2": null, "内容": "須賀川地方休日夜間急病診療所【2:診療所】【診療科目:0】福島県須賀川市諏訪町６７－１" }, "geometry": { "type": "Point", "coordinates": [ 140.373483, 37.289789 ] } },
{ "type": "Feature", "properties": { "ID": 720720000444, "正式名称": "国分内科クリニック", "機関区分": 2, "都道府県コード": 7, "市区町村コード": 207, "所在地": "福島県須賀川市中宿４４５", "緯度": 37.298447, "経度": 140.374889, "url": "https://www.iryou.teikyouseido.mhlw.go.jp/znk-web/juminkanja/S2430/initialize?prefCd=07&kikanCd=20720000444&kikanKbn=2", "url2": "http://www.kokubun-clinic.com", "内容": "国分内科クリニック【2:診療所】【診療科目:0】福島県須賀川市中宿４４５" }, "geometry": { "type": "Point", "coordinates": [ 140.374889, 37.298447 ] } },
{ "type": "Feature", "properties": { "ID": 720720000445, "正式名称": "医療法人あすなろこどもクリニック", "機関区分": 2, "都道府県コード": 7, "市区町村コード": 207, "所在地": "福島県須賀川市西山寺町２２８番地", "緯度": 37.302606, "経度": 140.359767, "url": "https://www.iryou.teikyouseido.mhlw.go.jp/znk-web/juminkanja/S2430/initialize?prefCd=07&kikanCd=20720000445&kikanKbn=2", "url2": "http://www.asunaroc.jp", "内容": "医療法人あすなろこどもクリニック【2:診療所】【診療科目:0】福島県須賀川市西山寺町２２８番地" }, "geometry": { "type": "Point", "coordinates": [ 140.359767, 37.302606 ] } },
{ "type": "Feature", "properties": { "ID": 720720000447, "正式名称": "山田クリニック", "機関区分": 2, "都道府県コード": 7, "市区町村コード": 207, "所在地": "福島県須賀川市越久字三斗内７５－１", "緯度": 37.308589, "経度": 140.338717, "url": "https://www.iryou.teikyouseido.mhlw.go.jp/znk-web/juminkanja/S2430/initialize?prefCd=07&kikanCd=20720000447&kikanKbn=2", "url2": null, "内容": "山田クリニック【2:診療所】【診療科目:0】福島県須賀川市越久字三斗内７５－１" }, "geometry": { "type": "Point", "coordinates": [ 140.338717, 37.308589 ] } },
{ "type": "Feature", "properties": { "ID": 720720000448, "正式名称": "さとう心療内科", "機関区分": 2, "都道府県コード": 7, "市区町村コード": 207, "所在地": "福島県須賀川市山寺町３７番地", "緯度": 37.301842, "経度": 140.366178, "url": "https://www.iryou.teikyouseido.mhlw.go.jp/znk-web/juminkanja/S2430/initialize?prefCd=07&kikanCd=20720000448&kikanKbn=2", "url2": null, "内容": "さとう心療内科【2:診療所】【診療科目:0】福島県須賀川市山寺町３７番地" }, "geometry": { "type": "Point", "coordinates": [ 140.366178, 37.301842 ] } },
{ "type": "Feature", "properties": { "ID": 720720000450, "正式名称": "かのめガーデンクリニック", "機関区分": 2, "都道府県コード": 7, "市区町村コード": 207, "所在地": "福島県須賀川市大字和田字六軒１７３", "緯度": 37.269372, "経度": 140.375644, "url": "https://www.iryou.teikyouseido.mhlw.go.jp/znk-web/juminkanja/S2430/initialize?prefCd=07&kikanCd=20720000450&kikanKbn=2", "url2": null, "内容": "かのめガーデンクリニック【2:診療所】【診療科目:0】福島県須賀川市大字和田字六軒１７３" }, "geometry": { "type": "Point", "coordinates": [ 140.375644, 37.269372 ] } },
{ "type": "Feature", "properties": { "ID": 720720000451, "正式名称": "医療法人陽和会　ひまわり皮ふ科医院", "機関区分": 2, "都道府県コード": 7, "市区町村コード": 207, "所在地": "福島県須賀川市花岡９－３", "緯度": 37.275411, "経度": 140.387325, "url": "https://www.iryou.teikyouseido.mhlw.go.jp/znk-web/juminkanja/S2430/initialize?prefCd=07&kikanCd=20720000451&kikanKbn=2", "url2": null, "内容": "医療法人陽和会　ひまわり皮ふ科医院【2:診療所】【診療科目:0】福島県須賀川市花岡９－３" }, "geometry": { "type": "Point", "coordinates": [ 140.387325, 37.275411 ] } },
{ "type": "Feature", "properties": { "ID": 720720000452, "正式名称": "矢部医院", "機関区分": 2, "都道府県コード": 7, "市区町村コード": 207, "所在地": "福島県須賀川市大町２８０", "緯度": 37.284306, "経度": 140.374633, "url": "https://www.iryou.teikyouseido.mhlw.go.jp/znk-web/juminkanja/S2430/initialize?prefCd=07&kikanCd=20720000452&kikanKbn=2", "url2": "yabe-cl.jp", "内容": "矢部医院【2:診療所】【診療科目:0】福島県須賀川市大町２８０" }, "geometry": { "type": "Point", "coordinates": [ 140.374633, 37.284306 ] } },
{ "type": "Feature", "properties": { "ID": 720720000453, "正式名称": "橋本医院", "機関区分": 2, "都道府県コード": 7, "市区町村コード": 207, "所在地": "福島県須賀川市越久字三斗内７６", "緯度": 37.307928, "経度": 140.339464, "url": "https://www.iryou.teikyouseido.mhlw.go.jp/znk-web/juminkanja/S2430/initialize?prefCd=07&kikanCd=20720000453&kikanKbn=2", "url2": null, "内容": "橋本医院【2:診療所】【診療科目:0】福島県須賀川市越久字三斗内７６" }, "geometry": { "type": "Point", "coordinates": [ 140.339464, 37.307928 ] } },
{ "type": "Feature", "properties": { "ID": 720720000454, "正式名称": "春日クリニック", "機関区分": 2, "都道府県コード": 7, "市区町村コード": 207, "所在地": "福島県須賀川市東町１１９－２", "緯度": 37.288411, "経度": 140.378811, "url": "https://www.iryou.teikyouseido.mhlw.go.jp/znk-web/juminkanja/S2430/initialize?prefCd=07&kikanCd=20720000454&kikanKbn=2", "url2": "kasuga-cl.com", "内容": "春日クリニック【2:診療所】【診療科目:0】福島県須賀川市東町１１９－２" }, "geometry": { "type": "Point", "coordinates": [ 140.378811, 37.288411 ] } },
{ "type": "Feature", "properties": { "ID": 720720000455, "正式名称": "石川内科", "機関区分": 2, "都道府県コード": 7, "市区町村コード": 207, "所在地": "福島県須賀川市下宿町５７", "緯度": 37.308408, "経度": 140.373869, "url": "https://www.iryou.teikyouseido.mhlw.go.jp/znk-web/juminkanja/S2430/initialize?prefCd=07&kikanCd=20720000455&kikanKbn=2", "url2": null, "内容": "石川内科【2:診療所】【診療科目:0】福島県須賀川市下宿町５７" }, "geometry": { "type": "Point", "coordinates": [ 140.373869, 37.308408 ] } },
{ "type": "Feature", "properties": { "ID": 720720000458, "正式名称": "医療法人　長沼クリニック", "機関区分": 2, "都道府県コード": 7, "市区町村コード": 207, "所在地": "福島県須賀川市長沼殿町１１－３", "緯度": 37.292433, "経度": 140.214389, "url": "https://www.iryou.teikyouseido.mhlw.go.jp/znk-web/juminkanja/S2430/initialize?prefCd=07&kikanCd=20720000458&kikanKbn=2", "url2": "http://www.naganuma.or.jp/", "内容": "医療法人　長沼クリニック【2:診療所】【診療科目:0】福島県須賀川市長沼殿町１１－３" }, "geometry": { "type": "Point", "coordinates": [ 140.214389, 37.292433 ] } },
{ "type": "Feature", "properties": { "ID": 720720000460, "正式名称": "医療法人　あべ内科医院", "機関区分": 2, "都道府県コード": 7, "市区町村コード": 207, "所在地": "福島県須賀川市木之崎字寺前７７－６", "緯度": 37.280111, "経度": 140.272458, "url": "https://www.iryou.teikyouseido.mhlw.go.jp/znk-web/juminkanja/S2430/initialize?prefCd=07&kikanCd=20720000460&kikanKbn=2", "url2": null, "内容": "医療法人　あべ内科医院【2:診療所】【診療科目:0】福島県須賀川市木之崎字寺前７７－６" }, "geometry": { "type": "Point", "coordinates": [ 140.272458, 37.280111 ] } },
{ "type": "Feature", "properties": { "ID": 720720000461, "正式名称": "医療法人　壬辰会　渋谷クリニック岩瀬", "機関区分": 2, "都道府県コード": 7, "市区町村コード": 207, "所在地": "福島県須賀川市矢沢字竹の内１５８－１", "緯度": 37.313167, "経度": 140.291047, "url": "https://www.iryou.teikyouseido.mhlw.go.jp/znk-web/juminkanja/S2430/initialize?prefCd=07&kikanCd=20720000461&kikanKbn=2", "url2": null, "内容": "医療法人　壬辰会　渋谷クリニック岩瀬【2:診療所】【診療科目:0】福島県須賀川市矢沢字竹の内１５８－１" }, "geometry": { "type": "Point", "coordinates": [ 140.291047, 37.313167 ] } },
{ "type": "Feature", "properties": { "ID": 720720000463, "正式名称": "みやのもりクリニック", "機関区分": 2, "都道府県コード": 7, "市区町村コード": 207, "所在地": "福島県須賀川市森宿横見根１３ー３", "緯度": 37.316822, "経度": 140.371908, "url": "https://www.iryou.teikyouseido.mhlw.go.jp/znk-web/juminkanja/S2430/initialize?prefCd=07&kikanCd=20720000463&kikanKbn=2", "url2": "http://www.miyanomori-clinic.com", "内容": "みやのもりクリニック【2:診療所】【診療科目:0】福島県須賀川市森宿横見根１３ー３" }, "geometry": { "type": "Point", "coordinates": [ 140.371908, 37.316822 ] } },
{ "type": "Feature", "properties": { "ID": 720720000465, "正式名称": "天栄村国民健康保険診療所", "機関区分": 2, "都道府県コード": 7, "市区町村コード": 344, "所在地": "福島県岩瀬郡天栄村大字湯本字下原７４", "緯度": 37.280775, "経度": 139.989981, "url": "https://www.iryou.teikyouseido.mhlw.go.jp/znk-web/juminkanja/S2430/initialize?prefCd=07&kikanCd=20720000465&kikanKbn=2", "url2": null, "内容": "天栄村国民健康保険診療所【2:診療所】【診療科目:0】福島県岩瀬郡天栄村大字湯本字下原７４" }, "geometry": { "type": "Point", "coordinates": [ 139.989981, 37.280775 ] } },
{ "type": "Feature", "properties": { "ID": 720720000466, "正式名称": "田中医院", "機関区分": 2, "都道府県コード": 7, "市区町村コード": 344, "所在地": "福島県岩瀬郡天栄村大字下松本字四十壇９", "緯度": 37.256508, "経度": 140.248117, "url": "https://www.iryou.teikyouseido.mhlw.go.jp/znk-web/juminkanja/S2430/initialize?prefCd=07&kikanCd=20720000466&kikanKbn=2", "url2": null, "内容": "田中医院【2:診療所】【診療科目:0】福島県岩瀬郡天栄村大字下松本字四十壇９" }, "geometry": { "type": "Point", "coordinates": [ 140.248117, 37.256508 ] } },
{ "type": "Feature", "properties": { "ID": 720720000468, "正式名称": "医療法人　梨の樹会　天栄クリニック", "機関区分": 2, "都道府県コード": 7, "市区町村コード": 344, "所在地": "福島県岩瀬郡天栄村大字飯豊字上原３２", "緯度": 37.244786, "経度": 140.295203, "url": "https://www.iryou.teikyouseido.mhlw.go.jp/znk-web/juminkanja/S2430/initialize?prefCd=07&kikanCd=20720000468&kikanKbn=2", "url2": null, "内容": "医療法人　梨の樹会　天栄クリニック【2:診療所】【診療科目:0】福島県岩瀬郡天栄村大字飯豊字上原３２" }, "geometry": { "type": "Point", "coordinates": [ 140.295203, 37.244786 ] } },
{ "type": "Feature", "properties": { "ID": 720720000473, "正式名称": "医療法人　矢吹医院", "機関区分": 2, "都道府県コード": 7, "市区町村コード": 342, "所在地": "福島県岩瀬郡鏡石町中央２０６", "緯度": 37.249358, "経度": 140.343869, "url": "https://www.iryou.teikyouseido.mhlw.go.jp/znk-web/juminkanja/S2430/initialize?prefCd=07&kikanCd=20720000473&kikanKbn=2", "url2": null, "内容": "医療法人　矢吹医院【2:診療所】【診療科目:0】福島県岩瀬郡鏡石町中央２０６" }, "geometry": { "type": "Point", "coordinates": [ 140.343869, 37.249358 ] } },
{ "type": "Feature", "properties": { "ID": 720720000477, "正式名称": "つむらやクリニック", "機関区分": 2, "都道府県コード": 7, "市区町村コード": 342, "所在地": "福島県岩瀬郡鏡石町鏡沼１８９－２", "緯度": 37.260917, "経度": 140.350711, "url": "https://www.iryou.teikyouseido.mhlw.go.jp/znk-web/juminkanja/S2430/initialize?prefCd=07&kikanCd=20720000477&kikanKbn=2", "url2": null, "内容": "つむらやクリニック【2:診療所】【診療科目:0】福島県岩瀬郡鏡石町鏡沼１８９－２" }, "geometry": { "type": "Point", "coordinates": [ 140.350711, 37.260917 ] } },
{ "type": "Feature", "properties": { "ID": 720720000479, "正式名称": "春山医院", "機関区分": 2, "都道府県コード": 7, "市区町村コード": 521, "所在地": "福島県田村郡三春町字荒町１３８", "緯度": 37.443356, "経度": 140.487742, "url": "https://www.iryou.teikyouseido.mhlw.go.jp/znk-web/juminkanja/S2430/initialize?prefCd=07&kikanCd=20720000479&kikanKbn=2", "url2": null, "内容": "春山医院【2:診療所】【診療科目:0】福島県田村郡三春町字荒町１３８" }, "geometry": { "type": "Point", "coordinates": [ 140.487742, 37.443356 ] } },
{ "type": "Feature", "properties": { "ID": 720720000480, "正式名称": "矢吹医院", "機関区分": 2, "都道府県コード": 7, "市区町村コード": 521, "所在地": "福島県田村郡三春町字中町２８", "緯度": 37.440656, "経度": 140.487639, "url": "https://www.iryou.teikyouseido.mhlw.go.jp/znk-web/juminkanja/S2430/initialize?prefCd=07&kikanCd=20720000480&kikanKbn=2", "url2": null, "内容": "矢吹医院【2:診療所】【診療科目:0】福島県田村郡三春町字中町２８" }, "geometry": { "type": "Point", "coordinates": [ 140.487639, 37.440656 ] } },
{ "type": "Feature", "properties": { "ID": 720720000482, "正式名称": "なごみファミリークリニック", "機関区分": 2, "都道府県コード": 7, "市区町村コード": 521, "所在地": "福島県田村郡三春町大字熊耳字上荒井１９９番地の１", "緯度": 37.445944, "経度": 140.504153, "url": "https://www.iryou.teikyouseido.mhlw.go.jp/znk-web/juminkanja/S2430/initialize?prefCd=07&kikanCd=20720000482&kikanKbn=2", "url2": null, "内容": "なごみファミリークリニック【2:診療所】【診療科目:0】福島県田村郡三春町大字熊耳字上荒井１９９番地の１" }, "geometry": { "type": "Point", "coordinates": [ 140.504153, 37.445944 ] } },
{ "type": "Feature", "properties": { "ID": 720720000484, "正式名称": "雷　クリニック", "機関区分": 2, "都道府県コード": 7, "市区町村コード": 521, "所在地": "福島県田村郡三春町担橋２丁目１－２", "緯度": 37.450058, "経度": 140.479889, "url": "https://www.iryou.teikyouseido.mhlw.go.jp/znk-web/juminkanja/S2430/initialize?prefCd=07&kikanCd=20720000484&kikanKbn=2", "url2": null, "内容": "雷　クリニック【2:診療所】【診療科目:0】福島県田村郡三春町担橋２丁目１－２" }, "geometry": { "type": "Point", "coordinates": [ 140.479889, 37.450058 ] } },
{ "type": "Feature", "properties": { "ID": 720720000487, "正式名称": "のざわ内科クリニック", "機関区分": 2, "都道府県コード": 7, "市区町村コード": 521, "所在地": "福島県田村郡三春町大字貝山字岩田８６－２", "緯度": 37.436392, "経度": 140.485656, "url": "https://www.iryou.teikyouseido.mhlw.go.jp/znk-web/juminkanja/S2430/initialize?prefCd=07&kikanCd=20720000487&kikanKbn=2", "url2": "nozawaclinic.jp", "内容": "のざわ内科クリニック【2:診療所】【診療科目:0】福島県田村郡三春町大字貝山字岩田８６－２" }, "geometry": { "type": "Point", "coordinates": [ 140.485656, 37.436392 ] } },
{ "type": "Feature", "properties": { "ID": 720720000488, "正式名称": "むとう整形外科クリニック", "機関区分": 2, "都道府県コード": 7, "市区町村コード": 521, "所在地": "福島県田村郡三春町大字貝山字岩田８６－１", "緯度": 37.436692, "経度": 140.485575, "url": "https://www.iryou.teikyouseido.mhlw.go.jp/znk-web/juminkanja/S2430/initialize?prefCd=07&kikanCd=20720000488&kikanKbn=2", "url2": null, "内容": "むとう整形外科クリニック【2:診療所】【診療科目:0】福島県田村郡三春町大字貝山字岩田８６－１" }, "geometry": { "type": "Point", "coordinates": [ 140.485575, 37.436692 ] } },
{ "type": "Feature", "properties": { "ID": 720720000489, "正式名称": "せんざき医院", "機関区分": 2, "都道府県コード": 7, "市区町村コード": 521, "所在地": "福島県田村郡三春町大町３２　三春壱番館１Ｆ", "緯度": 37.442028, "経度": 140.489811, "url": "https://www.iryou.teikyouseido.mhlw.go.jp/znk-web/juminkanja/S2430/initialize?prefCd=07&kikanCd=20720000489&kikanKbn=2", "url2": "http://www.senzaki-clinic.jp/", "内容": "せんざき医院【2:診療所】【診療科目:0】福島県田村郡三春町大町３２　三春壱番館１Ｆ" }, "geometry": { "type": "Point", "coordinates": [ 140.489811, 37.442028 ] } },
{ "type": "Feature", "properties": { "ID": 720720000490, "正式名称": "しのはら眼科", "機関区分": 2, "都道府県コード": 7, "市区町村コード": 521, "所在地": "福島県田村郡三春町字北町１９", "緯度": 37.443636, "経度": 140.491422, "url": "https://www.iryou.teikyouseido.mhlw.go.jp/znk-web/juminkanja/S2430/initialize?prefCd=07&kikanCd=20720000490&kikanKbn=2", "url2": null, "内容": "しのはら眼科【2:診療所】【診療科目:0】福島県田村郡三春町字北町１９" }, "geometry": { "type": "Point", "coordinates": [ 140.491422, 37.443636 ] } },
{ "type": "Feature", "properties": { "ID": 720720000493, "正式名称": "医療法人島貫整形外科", "機関区分": 2, "都道府県コード": 7, "市区町村コード": 522, "所在地": "福島県田村郡小野町大字小野新町字中通１５６", "緯度": 37.283453, "経度": 140.628083, "url": "https://www.iryou.teikyouseido.mhlw.go.jp/znk-web/juminkanja/S2430/initialize?prefCd=07&kikanCd=20720000493&kikanKbn=2", "url2": null, "内容": "医療法人島貫整形外科【2:診療所】【診療科目:0】福島県田村郡小野町大字小野新町字中通１５６" }, "geometry": { "type": "Point", "coordinates": [ 140.628083, 37.283453 ] } },
{ "type": "Feature", "properties": { "ID": 720720000495, "正式名称": "石塚醫院", "機関区分": 2, "都道府県コード": 7, "市区町村コード": 522, "所在地": "福島県田村郡小野町大字小野新町字品の木１２３", "緯度": 37.286922, "経度": 140.626878, "url": "https://www.iryou.teikyouseido.mhlw.go.jp/znk-web/juminkanja/S2430/initialize?prefCd=07&kikanCd=20720000495&kikanKbn=2", "url2": "https://www.ishizuka-clinic.or.jp/", "内容": "石塚醫院【2:診療所】【診療科目:0】福島県田村郡小野町大字小野新町字品の木１２３" }, "geometry": { "type": "Point", "coordinates": [ 140.626878, 37.286922 ] } },
{ "type": "Feature", "properties": { "ID": 720720000496, "正式名称": "医療法人　朝陽会　橋本医院", "機関区分": 2, "都道府県コード": 7, "市区町村コード": 522, "所在地": "福島県田村郡小野町大字谷津作字馬場７０－１", "緯度": 37.274211, "経度": 140.635439, "url": "https://www.iryou.teikyouseido.mhlw.go.jp/znk-web/juminkanja/S2430/initialize?prefCd=07&kikanCd=20720000496&kikanKbn=2", "url2": null, "内容": "医療法人　朝陽会　橋本医院【2:診療所】【診療科目:0】福島県田村郡小野町大字谷津作字馬場７０－１" }, "geometry": { "type": "Point", "coordinates": [ 140.635439, 37.274211 ] } },
{ "type": "Feature", "properties": { "ID": 720720000497, "正式名称": "医療法人　さいとう医院本院", "機関区分": 2, "都道府県コード": 7, "市区町村コード": 522, "所在地": "福島県田村郡小野町大字小野新町字中通５９－１", "緯度": 37.280544, "経度": 140.631514, "url": "https://www.iryou.teikyouseido.mhlw.go.jp/znk-web/juminkanja/S2430/initialize?prefCd=07&kikanCd=20720000497&kikanKbn=2", "url2": null, "内容": "医療法人　さいとう医院本院【2:診療所】【診療科目:0】福島県田村郡小野町大字小野新町字中通５９－１" }, "geometry": { "type": "Point", "coordinates": [ 140.631514, 37.280544 ] } },
{ "type": "Feature", "properties": { "ID": 720720000500, "正式名称": "一般財団法人脳神経疾患研究所附属総合南東北病院附属滝根診療所", "機関区分": 2, "都道府県コード": 7, "市区町村コード": 211, "所在地": "福島県田村市滝根町神俣字町５２", "緯度": 37.325719, "経度": 140.657417, "url": "https://www.iryou.teikyouseido.mhlw.go.jp/znk-web/juminkanja/S2430/initialize?prefCd=07&kikanCd=20720000500&kikanKbn=2", "url2": null, "内容": "一般財団法人脳神経疾患研究所附属総合南東北病院附属滝根診療所【2:診療所】【診療科目:0】福島県田村市滝根町神俣字町５２" }, "geometry": { "type": "Point", "coordinates": [ 140.657417, 37.325719 ] } },
{ "type": "Feature", "properties": { "ID": 720720000504, "正式名称": "田村市立都路診療所", "機関区分": 2, "都道府県コード": 7, "市区町村コード": 211, "所在地": "福島県田村市都路町古道字寺下５０", "緯度": 37.434378, "経度": 140.792422, "url": "https://www.iryou.teikyouseido.mhlw.go.jp/znk-web/juminkanja/S2430/initialize?prefCd=07&kikanCd=20720000504&kikanKbn=2", "url2": null, "内容": "田村市立都路診療所【2:診療所】【診療科目:0】福島県田村市都路町古道字寺下５０" }, "geometry": { "type": "Point", "coordinates": [ 140.792422, 37.434378 ] } },
{ "type": "Feature", "properties": { "ID": 720720000506, "正式名称": "青山医院", "機関区分": 2, "都道府県コード": 7, "市区町村コード": 211, "所在地": "福島県田村市常葉町常葉字荒町４８", "緯度": 37.438858, "経度": 140.641781, "url": "https://www.iryou.teikyouseido.mhlw.go.jp/znk-web/juminkanja/S2430/initialize?prefCd=07&kikanCd=20720000506&kikanKbn=2", "url2": "https://aoyama-cl.jp/", "内容": "青山医院【2:診療所】【診療科目:0】福島県田村市常葉町常葉字荒町４８" }, "geometry": { "type": "Point", "coordinates": [ 140.641781, 37.438858 ] } },
{ "type": "Feature", "properties": { "ID": 720720000507, "正式名称": "白岩医院", "機関区分": 2, "都道府県コード": 7, "市区町村コード": 211, "所在地": "福島県田村市常葉町常葉字内町４８", "緯度": 37.439944, "経度": 140.645908, "url": "https://www.iryou.teikyouseido.mhlw.go.jp/znk-web/juminkanja/S2430/initialize?prefCd=07&kikanCd=20720000507&kikanKbn=2", "url2": "shiraiwa-clinic.com", "内容": "白岩医院【2:診療所】【診療科目:0】福島県田村市常葉町常葉字内町４８" }, "geometry": { "type": "Point", "coordinates": [ 140.645908, 37.439944 ] } },
{ "type": "Feature", "properties": { "ID": 720720000508, "正式名称": "まつざき内科胃腸科クリニック", "機関区分": 2, "都道府県コード": 7, "市区町村コード": 211, "所在地": "福島県田村市大越町下大越字上田５５", "緯度": 37.399472, "経度": 140.620725, "url": "https://www.iryou.teikyouseido.mhlw.go.jp/znk-web/juminkanja/S2430/initialize?prefCd=07&kikanCd=20720000508&kikanKbn=2", "url2": null, "内容": "まつざき内科胃腸科クリニック【2:診療所】【診療科目:0】福島県田村市大越町下大越字上田５５" }, "geometry": { "type": "Point", "coordinates": [ 140.620725, 37.399472 ] } },
{ "type": "Feature", "properties": { "ID": 720720000510, "正式名称": "医療法人　遠藤医院", "機関区分": 2, "都道府県コード": 7, "市区町村コード": 211, "所在地": "福島県田村市船引町門沢字直道３３８", "緯度": 37.387089, "経度": 140.588253, "url": "https://www.iryou.teikyouseido.mhlw.go.jp/znk-web/juminkanja/S2430/initialize?prefCd=07&kikanCd=20720000510&kikanKbn=2", "url2": null, "内容": "医療法人　遠藤医院【2:診療所】【診療科目:0】福島県田村市船引町門沢字直道３３８" }, "geometry": { "type": "Point", "coordinates": [ 140.588253, 37.387089 ] } },
{ "type": "Feature", "properties": { "ID": 720720000512, "正式名称": "医療法人　崇敬会　清水医院", "機関区分": 2, "都道府県コード": 7, "市区町村コード": 211, "所在地": "福島県田村市船引町船引字馬場６０番地", "緯度": 37.441911, "経度": 140.569017, "url": "https://www.iryou.teikyouseido.mhlw.go.jp/znk-web/juminkanja/S2430/initialize?prefCd=07&kikanCd=20720000512&kikanKbn=2", "url2": "https://www.shukeikai-s.jp/shimizu-clinic/", "内容": "医療法人　崇敬会　清水医院【2:診療所】【診療科目:0】福島県田村市船引町船引字馬場６０番地" }, "geometry": { "type": "Point", "coordinates": [ 140.569017, 37.441911 ] } },
{ "type": "Feature", "properties": { "ID": 720720000514, "正式名称": "秋元医院", "機関区分": 2, "都道府県コード": 7, "市区町村コード": 211, "所在地": "福島県田村市船引町船引字畑添４", "緯度": 37.442911, "経度": 140.574558, "url": "https://www.iryou.teikyouseido.mhlw.go.jp/znk-web/juminkanja/S2430/initialize?prefCd=07&kikanCd=20720000514&kikanKbn=2", "url2": null, "内容": "秋元医院【2:診療所】【診療科目:0】福島県田村市船引町船引字畑添４" }, "geometry": { "type": "Point", "coordinates": [ 140.574558, 37.442911 ] } },
{ "type": "Feature", "properties": { "ID": 720720000515, "正式名称": "医療法人健山会　船引クリニック", "機関区分": 2, "都道府県コード": 7, "市区町村コード": 211, "所在地": "福島県田村市船引町船引字砂子田４２", "緯度": 37.445656, "経度": 140.571586, "url": "https://www.iryou.teikyouseido.mhlw.go.jp/znk-web/juminkanja/S2430/initialize?prefCd=07&kikanCd=20720000515&kikanKbn=2", "url2": "http://funehiki.clinic/", "内容": "医療法人健山会　船引クリニック【2:診療所】【診療科目:0】福島県田村市船引町船引字砂子田４２" }, "geometry": { "type": "Point", "coordinates": [ 140.571586, 37.445656 ] } },
{ "type": "Feature", "properties": { "ID": 720720000517, "正式名称": "まつえ整形外科", "機関区分": 2, "都道府県コード": 7, "市区町村コード": 211, "所在地": "福島県田村市船引町船引字源次郎１２５－３１", "緯度": 37.447072, "経度": 140.584297, "url": "https://www.iryou.teikyouseido.mhlw.go.jp/znk-web/juminkanja/S2430/initialize?prefCd=07&kikanCd=20720000517&kikanKbn=2", "url2": "http://www.dr-matsue.jp", "内容": "まつえ整形外科【2:診療所】【診療科目:0】福島県田村市船引町船引字源次郎１２５－３１" }, "geometry": { "type": "Point", "coordinates": [ 140.584297, 37.447072 ] } },
{ "type": "Feature", "properties": { "ID": 720720000518, "正式名称": "たかはし内科クリニック", "機関区分": 2, "都道府県コード": 7, "市区町村コード": 211, "所在地": "福島県田村市船引町東部台４－８１", "緯度": 37.439608, "経度": 140.587889, "url": "https://www.iryou.teikyouseido.mhlw.go.jp/znk-web/juminkanja/S2430/initialize?prefCd=07&kikanCd=20720000518&kikanKbn=2", "url2": "https://www.takahashi-medical-clinic.com/", "内容": "たかはし内科クリニック【2:診療所】【診療科目:0】福島県田村市船引町東部台４－８１" }, "geometry": { "type": "Point", "coordinates": [ 140.587889, 37.439608 ] } },
{ "type": "Feature", "properties": { "ID": 720720000519, "正式名称": "さとう耳鼻咽喉科クリニック", "機関区分": 2, "都道府県コード": 7, "市区町村コード": 211, "所在地": "福島県田村市船引町船引字堰田８２－１８", "緯度": 37.447536, "経度": 140.584633, "url": "https://www.iryou.teikyouseido.mhlw.go.jp/znk-web/juminkanja/S2430/initialize?prefCd=07&kikanCd=20720000519&kikanKbn=2", "url2": "https://www.satojibiinkouka.com/", "内容": "さとう耳鼻咽喉科クリニック【2:診療所】【診療科目:0】福島県田村市船引町船引字堰田８２－１８" }, "geometry": { "type": "Point", "coordinates": [ 140.584633, 37.447536 ] } },
{ "type": "Feature", "properties": { "ID": 720720000520, "正式名称": "こじま眼科", "機関区分": 2, "都道府県コード": 7, "市区町村コード": 211, "所在地": "福島県田村市船引町船引字源次郎１２５－４０", "緯度": 37.447481, "経度": 140.58355, "url": "https://www.iryou.teikyouseido.mhlw.go.jp/znk-web/juminkanja/S2430/initialize?prefCd=07&kikanCd=20720000520&kikanKbn=2", "url2": "https://www.kojima-eye.com/", "内容": "こじま眼科【2:診療所】【診療科目:0】福島県田村市船引町船引字源次郎１２５－４０" }, "geometry": { "type": "Point", "coordinates": [ 140.58355, 37.447481 ] } },
{ "type": "Feature", "properties": { "ID": 720720000521, "正式名称": "医療法人　東部台こどもクリニック", "機関区分": 2, "都道府県コード": 7, "市区町村コード": 211, "所在地": "福島県田村市船引町東部台３－７８", "緯度": 37.444958, "経度": 140.584761, "url": "https://www.iryou.teikyouseido.mhlw.go.jp/znk-web/juminkanja/S2430/initialize?prefCd=07&kikanCd=20720000521&kikanKbn=2", "url2": "https://www.tobudai.net/", "内容": "医療法人　東部台こどもクリニック【2:診療所】【診療科目:0】福島県田村市船引町東部台３－７８" }, "geometry": { "type": "Point", "coordinates": [ 140.584761, 37.444958 ] } },
{ "type": "Feature", "properties": { "ID": 720720000522, "正式名称": "中央通りクリニックやない", "機関区分": 2, "都道府県コード": 7, "市区町村コード": 211, "所在地": "福島県田村市船引町東部台３－１０８", "緯度": 37.441467, "経度": 140.586231, "url": "https://www.iryou.teikyouseido.mhlw.go.jp/znk-web/juminkanja/S2430/initialize?prefCd=07&kikanCd=20720000522&kikanKbn=2", "url2": null, "内容": "中央通りクリニックやない【2:診療所】【診療科目:0】福島県田村市船引町東部台３－１０８" }, "geometry": { "type": "Point", "coordinates": [ 140.586231, 37.441467 ] } },
{ "type": "Feature", "properties": { "ID": 720720000523, "正式名称": "石川中央医院", "機関区分": 2, "都道府県コード": 7, "市区町村コード": 501, "所在地": "福島県石川郡石川町字新町５５", "緯度": 37.147839, "経度": 140.455453, "url": "https://www.iryou.teikyouseido.mhlw.go.jp/znk-web/juminkanja/S2430/initialize?prefCd=07&kikanCd=20720000523&kikanKbn=2", "url2": null, "内容": "石川中央医院【2:診療所】【診療科目:0】福島県石川郡石川町字新町５５" }, "geometry": { "type": "Point", "coordinates": [ 140.455453, 37.147839 ] } },
{ "type": "Feature", "properties": { "ID": 720720000524, "正式名称": "ひらた中央病院附属中島医院", "機関区分": 2, "都道府県コード": 7, "市区町村コード": 501, "所在地": "福島県石川郡石川町字新町４６－１", "緯度": 37.148431, "経度": 140.454581, "url": "https://www.iryou.teikyouseido.mhlw.go.jp/znk-web/juminkanja/S2430/initialize?prefCd=07&kikanCd=20720000524&kikanKbn=2", "url2": "http://www.seireikai.net", "内容": "ひらた中央病院附属中島医院【2:診療所】【診療科目:0】福島県石川郡石川町字新町４６－１" }, "geometry": { "type": "Point", "coordinates": [ 140.454581, 37.148431 ] } },
{ "type": "Feature", "properties": { "ID": 720720000525, "正式名称": "医療法人田中内科医院", "機関区分": 2, "都道府県コード": 7, "市区町村コード": 501, "所在地": "福島県石川郡石川町立ヶ岡５０", "緯度": 37.140731, "経度": 140.445506, "url": "https://www.iryou.teikyouseido.mhlw.go.jp/znk-web/juminkanja/S2430/initialize?prefCd=07&kikanCd=20720000525&kikanKbn=2", "url2": null, "内容": "医療法人田中内科医院【2:診療所】【診療科目:0】福島県石川郡石川町立ヶ岡５０" }, "geometry": { "type": "Point", "coordinates": [ 140.445506, 37.140731 ] } },
{ "type": "Feature", "properties": { "ID": 720720000526, "正式名称": "添田医院", "機関区分": 2, "都道府県コード": 7, "市区町村コード": 501, "所在地": "福島県石川郡石川町大字湯郷渡字米子平１９２", "緯度": 37.176494, "経度": 140.472297, "url": "https://www.iryou.teikyouseido.mhlw.go.jp/znk-web/juminkanja/S2430/initialize?prefCd=07&kikanCd=20720000526&kikanKbn=2", "url2": null, "内容": "添田医院【2:診療所】【診療科目:0】福島県石川郡石川町大字湯郷渡字米子平１９２" }, "geometry": { "type": "Point", "coordinates": [ 140.472297, 37.176494 ] } },
{ "type": "Feature", "properties": { "ID": 720720000528, "正式名称": "医療法人社団愛恵会　大野診療所", "機関区分": 2, "都道府県コード": 7, "市区町村コード": 501, "所在地": "福島県石川郡石川町字下泉１７１", "緯度": 37.143625, "経度": 140.453506, "url": "https://www.iryou.teikyouseido.mhlw.go.jp/znk-web/juminkanja/S2430/initialize?prefCd=07&kikanCd=20720000528&kikanKbn=2", "url2": null, "内容": "医療法人社団愛恵会　大野診療所【2:診療所】【診療科目:0】福島県石川郡石川町字下泉１７１" }, "geometry": { "type": "Point", "coordinates": [ 140.453506, 37.143625 ] } },
{ "type": "Feature", "properties": { "ID": 720720000529, "正式名称": "大竹眼科", "機関区分": 2, "都道府県コード": 7, "市区町村コード": 501, "所在地": "福島県石川郡石川町字新町４４－２", "緯度": 37.148258, "経度": 140.455314, "url": "https://www.iryou.teikyouseido.mhlw.go.jp/znk-web/juminkanja/S2430/initialize?prefCd=07&kikanCd=20720000529&kikanKbn=2", "url2": null, "内容": "大竹眼科【2:診療所】【診療科目:0】福島県石川郡石川町字新町４４－２" }, "geometry": { "type": "Point", "coordinates": [ 140.455314, 37.148258 ] } },
{ "type": "Feature", "properties": { "ID": 720720000530, "正式名称": "医療法人萩医会　やまもと内科クリニック", "機関区分": 2, "都道府県コード": 7, "市区町村コード": 501, "所在地": "福島県石川郡石川町大字双里字白坂下７５－３", "緯度": 37.147917, "経度": 140.470236, "url": "https://www.iryou.teikyouseido.mhlw.go.jp/znk-web/juminkanja/S2430/initialize?prefCd=07&kikanCd=20720000530&kikanKbn=2", "url2": "http://www.yamamoto-m-clinic.com/", "内容": "医療法人萩医会　やまもと内科クリニック【2:診療所】【診療科目:0】福島県石川郡石川町大字双里字白坂下７５－３" }, "geometry": { "type": "Point", "coordinates": [ 140.470236, 37.147917 ] } },
{ "type": "Feature", "properties": { "ID": 720720000533, "正式名称": "大野北町診療所", "機関区分": 2, "都道府県コード": 7, "市区町村コード": 501, "所在地": "福島県石川郡石川町字古舘３５６－１", "緯度": 37.152732, "経度": 140.45622, "url": "https://www.iryou.teikyouseido.mhlw.go.jp/znk-web/juminkanja/S2430/initialize?prefCd=07&kikanCd=20720000533&kikanKbn=2", "url2": null, "内容": "大野北町診療所【2:診療所】【診療科目:0】福島県石川郡石川町字古舘３５６－１" }, "geometry": { "type": "Point", "coordinates": [ 140.45622, 37.152732 ] } },
{ "type": "Feature", "properties": { "ID": 720720000536, "正式名称": "医療法人味原医院", "機関区分": 2, "都道府県コード": 7, "市区町村コード": 502, "所在地": "福島県石川郡玉川村大字川辺字和尚平２７９", "緯度": 37.191839, "経度": 140.411542, "url": "https://www.iryou.teikyouseido.mhlw.go.jp/znk-web/juminkanja/S2430/initialize?prefCd=07&kikanCd=20720000536&kikanKbn=2", "url2": null, "内容": "医療法人味原医院【2:診療所】【診療科目:0】福島県石川郡玉川村大字川辺字和尚平２７９" }, "geometry": { "type": "Point", "coordinates": [ 140.411542, 37.191839 ] } },
{ "type": "Feature", "properties": { "ID": 720720000539, "正式名称": "あつうみ内科医院", "機関区分": 2, "都道府県コード": 7, "市区町村コード": 502, "所在地": "福島県石川郡玉川村大字小高字中畷１８－１", "緯度": 37.210939, "経度": 140.407242, "url": "https://www.iryou.teikyouseido.mhlw.go.jp/znk-web/juminkanja/S2430/initialize?prefCd=07&kikanCd=20720000539&kikanKbn=2", "url2": null, "内容": "あつうみ内科医院【2:診療所】【診療科目:0】福島県石川郡玉川村大字小高字中畷１８－１" }, "geometry": { "type": "Point", "coordinates": [ 140.407242, 37.210939 ] } },
{ "type": "Feature", "properties": { "ID": 720720000549, "正式名称": "角田内科医院　胃・大腸クリニック", "機関区分": 2, "都道府県コード": 7, "市区町村コード": 504, "所在地": "福島県石川郡浅川町大字東大畑字新町１０－１", "緯度": 37.076694, "経度": 140.416842, "url": "https://www.iryou.teikyouseido.mhlw.go.jp/znk-web/juminkanja/S2430/initialize?prefCd=07&kikanCd=20720000549&kikanKbn=2", "url2": null, "内容": "角田内科医院　胃・大腸クリニック【2:診療所】【診療科目:0】福島県石川郡浅川町大字東大畑字新町１０－１" }, "geometry": { "type": "Point", "coordinates": [ 140.416842, 37.076694 ] } },
{ "type": "Feature", "properties": { "ID": 720720000550, "正式名称": "ふるどのクリニック", "機関区分": 2, "都道府県コード": 7, "市区町村コード": 505, "所在地": "福島県石川郡古殿町大字松川字林１４－１", "緯度": 37.090567, "経度": 140.550536, "url": "https://www.iryou.teikyouseido.mhlw.go.jp/znk-web/juminkanja/S2430/initialize?prefCd=07&kikanCd=20720000550&kikanKbn=2", "url2": null, "内容": "ふるどのクリニック【2:診療所】【診療科目:0】福島県石川郡古殿町大字松川字林１４－１" }, "geometry": { "type": "Point", "coordinates": [ 140.550536, 37.090567 ] } },
{ "type": "Feature", "properties": { "ID": 720720000554, "正式名称": "青村眼科医院", "機関区分": 2, "都道府県コード": 7, "市区町村コード": 205, "所在地": "福島県白河市本町６３", "緯度": 37.097722, "経度": 140.349728, "url": "https://www.iryou.teikyouseido.mhlw.go.jp/znk-web/juminkanja/S2430/initialize?prefCd=07&kikanCd=20720000554&kikanKbn=2", "url2": null, "内容": "青村眼科医院【2:診療所】【診療科目:0】福島県白河市本町６３" }, "geometry": { "type": "Point", "coordinates": [ 140.349728, 37.097722 ] } },
{ "type": "Feature", "properties": { "ID": 720720000557, "正式名称": "吉田医院", "機関区分": 2, "都道府県コード": 7, "市区町村コード": 205, "所在地": "福島県白河市年貢町２", "緯度": 37.126014, "経度": 140.219181, "url": "https://www.iryou.teikyouseido.mhlw.go.jp/znk-web/juminkanja/S2430/initialize?prefCd=07&kikanCd=20720000557&kikanKbn=2", "url2": null, "内容": "吉田医院【2:診療所】【診療科目:0】福島県白河市年貢町２" }, "geometry": { "type": "Point", "coordinates": [ 140.219181, 37.126014 ] } },
{ "type": "Feature", "properties": { "ID": 720720000561, "正式名称": "小﨑内科医院", "機関区分": 2, "都道府県コード": 7, "市区町村コード": 205, "所在地": "福島県白河市愛宕町３番地", "緯度": 37.127611, "経度": 140.208414, "url": "https://www.iryou.teikyouseido.mhlw.go.jp/znk-web/juminkanja/S2430/initialize?prefCd=07&kikanCd=20720000561&kikanKbn=2", "url2": null, "内容": "小﨑内科医院【2:診療所】【診療科目:0】福島県白河市愛宕町３番地" }, "geometry": { "type": "Point", "coordinates": [ 140.208414, 37.127611 ] } },
{ "type": "Feature", "properties": { "ID": 720720000563, "正式名称": "関医院", "機関区分": 2, "都道府県コード": 7, "市区町村コード": 205, "所在地": "福島県白河市横町１２５", "緯度": 37.126847, "経度": 140.218586, "url": "https://www.iryou.teikyouseido.mhlw.go.jp/znk-web/juminkanja/S2430/initialize?prefCd=07&kikanCd=20720000563&kikanKbn=2", "url2": null, "内容": "関医院【2:診療所】【診療科目:0】福島県白河市横町１２５" }, "geometry": { "type": "Point", "coordinates": [ 140.218586, 37.126847 ] } },
{ "type": "Feature", "properties": { "ID": 720720000564, "正式名称": "尾股整形外科医院", "機関区分": 2, "都道府県コード": 7, "市区町村コード": 205, "所在地": "福島県白河市立石１２３", "緯度": 37.128308, "経度": 140.1982, "url": "https://www.iryou.teikyouseido.mhlw.go.jp/znk-web/juminkanja/S2430/initialize?prefCd=07&kikanCd=20720000564&kikanKbn=2", "url2": null, "内容": "尾股整形外科医院【2:診療所】【診療科目:0】福島県白河市立石１２３" }, "geometry": { "type": "Point", "coordinates": [ 140.1982, 37.128308 ] } },
{ "type": "Feature", "properties": { "ID": 720720000574, "正式名称": "片倉医院産科婦人科", "機関区分": 2, "都道府県コード": 7, "市区町村コード": 205, "所在地": "福島県白河市昭和町１", "緯度": 37.130197, "経度": 140.204386, "url": "https://www.iryou.teikyouseido.mhlw.go.jp/znk-web/juminkanja/S2430/initialize?prefCd=07&kikanCd=20720000574&kikanKbn=2", "url2": null, "内容": "片倉医院産科婦人科【2:診療所】【診療科目:0】福島県白河市昭和町１" }, "geometry": { "type": "Point", "coordinates": [ 140.204386, 37.130197 ] } },
{ "type": "Feature", "properties": { "ID": 720720000575, "正式名称": "近藤眼科", "機関区分": 2, "都道府県コード": 7, "市区町村コード": 205, "所在地": "福島県白河市大手町４－５", "緯度": 37.129128, "経度": 140.215306, "url": "https://www.iryou.teikyouseido.mhlw.go.jp/znk-web/juminkanja/S2430/initialize?prefCd=07&kikanCd=20720000575&kikanKbn=2", "url2": "http://www.kondo-eye.net/", "内容": "近藤眼科【2:診療所】【診療科目:0】福島県白河市大手町４－５" }, "geometry": { "type": "Point", "coordinates": [ 140.215306, 37.129128 ] } },
{ "type": "Feature", "properties": { "ID": 720720000576, "正式名称": "医療法人　大高内科胃腸科", "機関区分": 2, "都道府県コード": 7, "市区町村コード": 205, "所在地": "福島県白河市道場小路９１－１０", "緯度": 37.129164, "経度": 140.209678, "url": "https://www.iryou.teikyouseido.mhlw.go.jp/znk-web/juminkanja/S2430/initialize?prefCd=07&kikanCd=20720000576&kikanKbn=2", "url2": null, "内容": "医療法人　大高内科胃腸科【2:診療所】【診療科目:0】福島県白河市道場小路９１－１０" }, "geometry": { "type": "Point", "coordinates": [ 140.209678, 37.129164 ] } },
{ "type": "Feature", "properties": { "ID": 720720000579, "正式名称": "わたなべ内科医院", "機関区分": 2, "都道府県コード": 7, "市区町村コード": 205, "所在地": "福島県白河市新白河１丁目－９７", "緯度": 37.12525, "経度": 140.196453, "url": "https://www.iryou.teikyouseido.mhlw.go.jp/znk-web/juminkanja/S2430/initialize?prefCd=07&kikanCd=20720000579&kikanKbn=2", "url2": null, "内容": "わたなべ内科医院【2:診療所】【診療科目:0】福島県白河市新白河１丁目－９７" }, "geometry": { "type": "Point", "coordinates": [ 140.196453, 37.12525 ] } },
{ "type": "Feature", "properties": { "ID": 720720000580, "正式名称": "医療法人公翁会千葉医院", "機関区分": 2, "都道府県コード": 7, "市区町村コード": 205, "所在地": "福島県白河市外薄葉４３－１", "緯度": 37.142694, "経度": 140.222289, "url": "https://www.iryou.teikyouseido.mhlw.go.jp/znk-web/juminkanja/S2430/initialize?prefCd=07&kikanCd=20720000580&kikanKbn=2", "url2": null, "内容": "医療法人公翁会千葉医院【2:診療所】【診療科目:0】福島県白河市外薄葉４３－１" }, "geometry": { "type": "Point", "coordinates": [ 140.222289, 37.142694 ] } },
{ "type": "Feature", "properties": { "ID": 720720000581, "正式名称": "医療法人　みうら小児クリニック", "機関区分": 2, "都道府県コード": 7, "市区町村コード": 205, "所在地": "福島県白河市白坂石阿弥陀１７－１", "緯度": 37.098658, "経度": 140.214536, "url": "https://www.iryou.teikyouseido.mhlw.go.jp/znk-web/juminkanja/S2430/initialize?prefCd=07&kikanCd=20720000581&kikanKbn=2", "url2": "http://www2.i-helios-net.com", "内容": "医療法人　みうら小児クリニック【2:診療所】【診療科目:0】福島県白河市白坂石阿弥陀１７－１" }, "geometry": { "type": "Point", "coordinates": [ 140.214536, 37.098658 ] } },
{ "type": "Feature", "properties": { "ID": 720720000582, "正式名称": "河田眼科医院", "機関区分": 2, "都道府県コード": 7, "市区町村コード": 205, "所在地": "福島県白河市大手町６－５", "緯度": 37.129025, "経度": 140.216569, "url": "https://www.iryou.teikyouseido.mhlw.go.jp/znk-web/juminkanja/S2430/initialize?prefCd=07&kikanCd=20720000582&kikanKbn=2", "url2": "http://www.kawata-eye.com/", "内容": "河田眼科医院【2:診療所】【診療科目:0】福島県白河市大手町６－５" }, "geometry": { "type": "Point", "coordinates": [ 140.216569, 37.129025 ] } },
{ "type": "Feature", "properties": { "ID": 720720000583, "正式名称": "野村貫成堂クリニック", "機関区分": 2, "都道府県コード": 7, "市区町村コード": 205, "所在地": "福島県白河市新白河４丁目５９番地", "緯度": 37.118533, "経度": 140.188436, "url": "https://www.iryou.teikyouseido.mhlw.go.jp/znk-web/juminkanja/S2430/initialize?prefCd=07&kikanCd=20720000583&kikanKbn=2", "url2": null, "内容": "野村貫成堂クリニック【2:診療所】【診療科目:0】福島県白河市新白河４丁目５９番地" }, "geometry": { "type": "Point", "coordinates": [ 140.188436, 37.118533 ] } },
{ "type": "Feature", "properties": { "ID": 720720000585, "正式名称": "船久保眼科医院", "機関区分": 2, "都道府県コード": 7, "市区町村コード": 205, "所在地": "福島県白河市北堀切４１－３", "緯度": 37.125494, "経度": 140.195128, "url": "https://www.iryou.teikyouseido.mhlw.go.jp/znk-web/juminkanja/S2430/initialize?prefCd=07&kikanCd=20720000585&kikanKbn=2", "url2": null, "内容": "船久保眼科医院【2:診療所】【診療科目:0】福島県白河市北堀切４１－３" }, "geometry": { "type": "Point", "coordinates": [ 140.195128, 37.125494 ] } },
{ "type": "Feature", "properties": { "ID": 720720000587, "正式名称": "すずき内科クリニック", "機関区分": 2, "都道府県コード": 7, "市区町村コード": 205, "所在地": "福島県白河市大森ノ内８４－４", "緯度": 37.122719, "経度": 140.239797, "url": "https://www.iryou.teikyouseido.mhlw.go.jp/znk-web/juminkanja/S2430/initialize?prefCd=07&kikanCd=20720000587&kikanKbn=2", "url2": "http://www.utatane.server-shared.com/", "内容": "すずき内科クリニック【2:診療所】【診療科目:0】福島県白河市大森ノ内８４－４" }, "geometry": { "type": "Point", "coordinates": [ 140.239797, 37.122719 ] } },
{ "type": "Feature", "properties": { "ID": 720720000589, "正式名称": "大高整形外科", "機関区分": 2, "都道府県コード": 7, "市区町村コード": 205, "所在地": "福島県白河市昭和町５番地", "緯度": 37.130081, "経度": 140.203394, "url": "https://www.iryou.teikyouseido.mhlw.go.jp/znk-web/juminkanja/S2430/initialize?prefCd=07&kikanCd=20720000589&kikanKbn=2", "url2": null, "内容": "大高整形外科【2:診療所】【診療科目:0】福島県白河市昭和町５番地" }, "geometry": { "type": "Point", "coordinates": [ 140.203394, 37.130081 ] } },
{ "type": "Feature", "properties": { "ID": 720720000591, "正式名称": "医療法人　昭寿会　つかはら内科クリニック", "機関区分": 2, "都道府県コード": 7, "市区町村コード": 205, "所在地": "福島県白河市郭内１２－１４", "緯度": 37.129061, "経度": 140.216931, "url": "https://www.iryou.teikyouseido.mhlw.go.jp/znk-web/juminkanja/S2430/initialize?prefCd=07&kikanCd=20720000591&kikanKbn=2", "url2": null, "内容": "医療法人　昭寿会　つかはら内科クリニック【2:診療所】【診療科目:0】福島県白河市郭内１２－１４" }, "geometry": { "type": "Point", "coordinates": [ 140.216931, 37.129061 ] } },
{ "type": "Feature", "properties": { "ID": 720720000592, "正式名称": "鈴木ホームクリニック", "機関区分": 2, "都道府県コード": 7, "市区町村コード": 205, "所在地": "福島県白河市南真舟６－２", "緯度": 37.130572, "経度": 140.1922, "url": "https://www.iryou.teikyouseido.mhlw.go.jp/znk-web/juminkanja/S2430/initialize?prefCd=07&kikanCd=20720000592&kikanKbn=2", "url2": null, "内容": "鈴木ホームクリニック【2:診療所】【診療科目:0】福島県白河市南真舟６－２" }, "geometry": { "type": "Point", "coordinates": [ 140.1922, 37.130572 ] } },
{ "type": "Feature", "properties": { "ID": 720720000593, "正式名称": "ありがクリニック", "機関区分": 2, "都道府県コード": 7, "市区町村コード": 205, "所在地": "福島県白河市北中川原１８３－１", "緯度": 37.121886, "経度": 140.227403, "url": "https://www.iryou.teikyouseido.mhlw.go.jp/znk-web/juminkanja/S2430/initialize?prefCd=07&kikanCd=20720000593&kikanKbn=2", "url2": null, "内容": "ありがクリニック【2:診療所】【診療科目:0】福島県白河市北中川原１８３－１" }, "geometry": { "type": "Point", "coordinates": [ 140.227403, 37.121886 ] } },
{ "type": "Feature", "properties": { "ID": 720720000595, "正式名称": "尾股耳鼻咽喉科医院", "機関区分": 2, "都道府県コード": 7, "市区町村コード": 205, "所在地": "福島県白河市立石１４３番地１", "緯度": 37.127339, "経度": 140.198336, "url": "https://www.iryou.teikyouseido.mhlw.go.jp/znk-web/juminkanja/S2430/initialize?prefCd=07&kikanCd=20720000595&kikanKbn=2", "url2": null, "内容": "尾股耳鼻咽喉科医院【2:診療所】【診療科目:0】福島県白河市立石１４３番地１" }, "geometry": { "type": "Point", "coordinates": [ 140.198336, 37.127339 ] } },
{ "type": "Feature", "properties": { "ID": 720720000598, "正式名称": "南湖こころのクリニック", "機関区分": 2, "都道府県コード": 7, "市区町村コード": 205, "所在地": "福島県白河市関辺引目橋３３", "緯度": 37.100731, "経度": 140.237678, "url": "https://www.iryou.teikyouseido.mhlw.go.jp/znk-web/juminkanja/S2430/initialize?prefCd=07&kikanCd=20720000598&kikanKbn=2", "url2": "https://nanko.himorogi.org/", "内容": "南湖こころのクリニック【2:診療所】【診療科目:0】福島県白河市関辺引目橋３３" }, "geometry": { "type": "Point", "coordinates": [ 140.237678, 37.100731 ] } },
{ "type": "Feature", "properties": { "ID": 720720000599, "正式名称": "わたなべ子どもクリニック", "機関区分": 2, "都道府県コード": 7, "市区町村コード": 205, "所在地": "福島県白河市老久保１６番４", "緯度": 37.116822, "経度": 140.201739, "url": "https://www.iryou.teikyouseido.mhlw.go.jp/znk-web/juminkanja/S2430/initialize?prefCd=07&kikanCd=20720000599&kikanKbn=2", "url2": "http://www.watanabekodomo.com/", "内容": "わたなべ子どもクリニック【2:診療所】【診療科目:0】福島県白河市老久保１６番４" }, "geometry": { "type": "Point", "coordinates": [ 140.201739, 37.116822 ] } },
{ "type": "Feature", "properties": { "ID": 720720000600, "正式名称": "よこむら整形外科クリニック", "機関区分": 2, "都道府県コード": 7, "市区町村コード": 205, "所在地": "福島県白河市老久保１４番地１", "緯度": 37.116892, "経度": 140.201306, "url": "https://www.iryou.teikyouseido.mhlw.go.jp/znk-web/juminkanja/S2430/initialize?prefCd=07&kikanCd=20720000600&kikanKbn=2", "url2": "http://www.yokomura-seikei.com/", "内容": "よこむら整形外科クリニック【2:診療所】【診療科目:0】福島県白河市老久保１４番地１" }, "geometry": { "type": "Point", "coordinates": [ 140.201306, 37.116892 ] } },
{ "type": "Feature", "properties": { "ID": 720720000601, "正式名称": "なかつか耳鼻科", "機関区分": 2, "都道府県コード": 7, "市区町村コード": 205, "所在地": "福島県白河市大手町１０番１", "緯度": 37.128169, "経度": 140.214108, "url": "https://www.iryou.teikyouseido.mhlw.go.jp/znk-web/juminkanja/S2430/initialize?prefCd=07&kikanCd=20720000601&kikanKbn=2", "url2": "http://241533.atat.jp", "内容": "なかつか耳鼻科【2:診療所】【診療科目:0】福島県白河市大手町１０番１" }, "geometry": { "type": "Point", "coordinates": [ 140.214108, 37.128169 ] } },
{ "type": "Feature", "properties": { "ID": 720720000602, "正式名称": "いがらし内科クリニック", "機関区分": 2, "都道府県コード": 7, "市区町村コード": 205, "所在地": "福島県白河市老久保１３番地１", "緯度": 37.117044, "経度": 140.201028, "url": "https://www.iryou.teikyouseido.mhlw.go.jp/znk-web/juminkanja/S2430/initialize?prefCd=07&kikanCd=20720000602&kikanKbn=2", "url2": null, "内容": "いがらし内科クリニック【2:診療所】【診療科目:0】福島県白河市老久保１３番地１" }, "geometry": { "type": "Point", "coordinates": [ 140.201028, 37.117044 ] } },
{ "type": "Feature", "properties": { "ID": 720720000607, "正式名称": "かねこクリニック", "機関区分": 2, "都道府県コード": 7, "市区町村コード": 461, "所在地": "福島県西白河郡西郷村字道南東１１番地", "緯度": 37.122614, "経度": 140.190383, "url": "https://www.iryou.teikyouseido.mhlw.go.jp/znk-web/juminkanja/S2430/initialize?prefCd=07&kikanCd=20720000607&kikanKbn=2", "url2": "https://hakueikai.gr.jp/kaneko/", "内容": "かねこクリニック【2:診療所】【診療科目:0】福島県西白河郡西郷村字道南東１１番地" }, "geometry": { "type": "Point", "coordinates": [ 140.190383, 37.122614 ] } },
{ "type": "Feature", "properties": { "ID": 720720000608, "正式名称": "ニューロクリニック", "機関区分": 2, "都道府県コード": 7, "市区町村コード": 461, "所在地": "福島県西白河郡西郷村字下前田東５－１", "緯度": 37.122867, "経度": 140.190356, "url": "https://www.iryou.teikyouseido.mhlw.go.jp/znk-web/juminkanja/S2430/initialize?prefCd=07&kikanCd=20720000608&kikanKbn=2", "url2": "http://kanekoclinic.jp/nuero-cl/index.html", "内容": "ニューロクリニック【2:診療所】【診療科目:0】福島県西白河郡西郷村字下前田東５－１" }, "geometry": { "type": "Point", "coordinates": [ 140.190356, 37.122867 ] } },
{ "type": "Feature", "properties": { "ID": 720720000610, "正式名称": "白河市表郷クリニック", "機関区分": 2, "都道府県コード": 7, "市区町村コード": 205, "所在地": "福島県白河市表郷金山字長者久保２－５", "緯度": 37.054303, "経度": 140.3069, "url": "https://www.iryou.teikyouseido.mhlw.go.jp/znk-web/juminkanja/S2430/initialize?prefCd=07&kikanCd=20720000610&kikanKbn=2", "url2": null, "内容": "白河市表郷クリニック【2:診療所】【診療科目:0】福島県白河市表郷金山字長者久保２－５" }, "geometry": { "type": "Point", "coordinates": [ 140.3069, 37.054303 ] } },
{ "type": "Feature", "properties": { "ID": 720720000613, "正式名称": "医療法人　江藤医院", "機関区分": 2, "都道府県コード": 7, "市区町村コード": 205, "所在地": "福島県白河市東深仁井田字刈敷坂８２", "緯度": 37.116367, "経度": 140.3519, "url": "https://www.iryou.teikyouseido.mhlw.go.jp/znk-web/juminkanja/S2430/initialize?prefCd=07&kikanCd=20720000613&kikanKbn=2", "url2": null, "内容": "医療法人　江藤医院【2:診療所】【診療科目:0】福島県白河市東深仁井田字刈敷坂８２" }, "geometry": { "type": "Point", "coordinates": [ 140.3519, 37.116367 ] } },
{ "type": "Feature", "properties": { "ID": 720720000622, "正式名称": "樋口小児クリニック", "機関区分": 2, "都道府県コード": 7, "市区町村コード": 466, "所在地": "福島県西白河郡矢吹町大久保３９３", "緯度": 37.184228, "経度": 140.342092, "url": "https://www.iryou.teikyouseido.mhlw.go.jp/znk-web/juminkanja/S2430/initialize?prefCd=07&kikanCd=20720000622&kikanKbn=2", "url2": null, "内容": "樋口小児クリニック【2:診療所】【診療科目:0】福島県西白河郡矢吹町大久保３９３" }, "geometry": { "type": "Point", "coordinates": [ 140.342092, 37.184228 ] } },
{ "type": "Feature", "properties": { "ID": 720720000624, "正式名称": "きたむら整形外科", "機関区分": 2, "都道府県コード": 7, "市区町村コード": 466, "所在地": "福島県西白河郡矢吹町八幡町２６１－１", "緯度": 37.197822, "経度": 140.331033, "url": "https://www.iryou.teikyouseido.mhlw.go.jp/znk-web/juminkanja/S2430/initialize?prefCd=07&kikanCd=20720000624&kikanKbn=2", "url2": "https://www.kitamura-seikei.com", "内容": "きたむら整形外科【2:診療所】【診療科目:0】福島県西白河郡矢吹町八幡町２６１－１" }, "geometry": { "type": "Point", "coordinates": [ 140.331033, 37.197822 ] } },
{ "type": "Feature", "properties": { "ID": 720720000628, "正式名称": "らくらく医院", "機関区分": 2, "都道府県コード": 7, "市区町村コード": 205, "所在地": "福島県白河市大信町屋字町屋１０７－１", "緯度": 37.204944, "経度": 140.248561, "url": "https://www.iryou.teikyouseido.mhlw.go.jp/znk-web/juminkanja/S2430/initialize?prefCd=07&kikanCd=20720000628&kikanKbn=2", "url2": null, "内容": "らくらく医院【2:診療所】【診療科目:0】福島県白河市大信町屋字町屋１０７－１" }, "geometry": { "type": "Point", "coordinates": [ 140.248561, 37.204944 ] } },
{ "type": "Feature", "properties": { "ID": 720720000633, "正式名称": "杉山胃腸科外科皮膚科", "機関区分": 2, "都道府県コード": 7, "市区町村コード": 481, "所在地": "福島県東白川郡棚倉町大字棚倉字広畑１５３－７", "緯度": 37.028508, "経度": 140.376514, "url": "https://www.iryou.teikyouseido.mhlw.go.jp/znk-web/juminkanja/S2430/initialize?prefCd=07&kikanCd=20720000633&kikanKbn=2", "url2": null, "内容": "杉山胃腸科外科皮膚科【2:診療所】【診療科目:0】福島県東白川郡棚倉町大字棚倉字広畑１５３－７" }, "geometry": { "type": "Point", "coordinates": [ 140.376514, 37.028508 ] } },
{ "type": "Feature", "properties": { "ID": 720720000635, "正式名称": "和田医院", "機関区分": 2, "都道府県コード": 7, "市区町村コード": 481, "所在地": "福島県東白川郡棚倉町大字棚倉字城跡３－１", "緯度": 37.031894, "経度": 140.386031, "url": "https://www.iryou.teikyouseido.mhlw.go.jp/znk-web/juminkanja/S2430/initialize?prefCd=07&kikanCd=20720000635&kikanKbn=2", "url2": null, "内容": "和田医院【2:診療所】【診療科目:0】福島県東白川郡棚倉町大字棚倉字城跡３－１" }, "geometry": { "type": "Point", "coordinates": [ 140.386031, 37.031894 ] } },
{ "type": "Feature", "properties": { "ID": 720720000636, "正式名称": "あらまちクリニック", "機関区分": 2, "都道府県コード": 7, "市区町村コード": 481, "所在地": "福島県東白川郡棚倉町棚倉北町１５６－２", "緯度": 37.032703, "経度": 140.38525, "url": "https://www.iryou.teikyouseido.mhlw.go.jp/znk-web/juminkanja/S2430/initialize?prefCd=07&kikanCd=20720000636&kikanKbn=2", "url2": null, "内容": "あらまちクリニック【2:診療所】【診療科目:0】福島県東白川郡棚倉町棚倉北町１５６－２" }, "geometry": { "type": "Point", "coordinates": [ 140.38525, 37.032703 ] } },
{ "type": "Feature", "properties": { "ID": 720720000637, "正式名称": "大木医院", "機関区分": 2, "都道府県コード": 7, "市区町村コード": 481, "所在地": "福島県東白川郡棚倉町大字棚倉字古町２８－４", "緯度": 37.028203, "経度": 140.389208, "url": "https://www.iryou.teikyouseido.mhlw.go.jp/znk-web/juminkanja/S2430/initialize?prefCd=07&kikanCd=20720000637&kikanKbn=2", "url2": null, "内容": "大木医院【2:診療所】【診療科目:0】福島県東白川郡棚倉町大字棚倉字古町２８－４" }, "geometry": { "type": "Point", "coordinates": [ 140.389208, 37.028203 ] } },
{ "type": "Feature", "properties": { "ID": 720720000639, "正式名称": "おおひら整形外科クリニック", "機関区分": 2, "都道府県コード": 7, "市区町村コード": 481, "所在地": "福島県東白川郡棚倉町大字棚倉字町裏５３－８", "緯度": 37.03355, "経度": 140.382056, "url": "https://www.iryou.teikyouseido.mhlw.go.jp/znk-web/juminkanja/S2430/initialize?prefCd=07&kikanCd=20720000639&kikanKbn=2", "url2": null, "内容": "おおひら整形外科クリニック【2:診療所】【診療科目:0】福島県東白川郡棚倉町大字棚倉字町裏５３－８" }, "geometry": { "type": "Point", "coordinates": [ 140.382056, 37.03355 ] } },
{ "type": "Feature", "properties": { "ID": 720720000642, "正式名称": "木村医院", "機関区分": 2, "都道府県コード": 7, "市区町村コード": 482, "所在地": "福島県東白川郡矢祭町大字戸塚字山崎１１６－１", "緯度": 36.890886, "経度": 140.420075, "url": "https://www.iryou.teikyouseido.mhlw.go.jp/znk-web/juminkanja/S2430/initialize?prefCd=07&kikanCd=20720000642&kikanKbn=2", "url2": "https://www.kimura-yamatsuri.com/home", "内容": "木村医院【2:診療所】【診療科目:0】福島県東白川郡矢祭町大字戸塚字山崎１１６－１" }, "geometry": { "type": "Point", "coordinates": [ 140.420075, 36.890886 ] } },
{ "type": "Feature", "properties": { "ID": 720720000644, "正式名称": "東舘診療所", "機関区分": 2, "都道府県コード": 7, "市区町村コード": 482, "所在地": "福島県東白川郡矢祭町大字東舘字反田１３－１", "緯度": 36.871628, "経度": 140.423608, "url": "https://www.iryou.teikyouseido.mhlw.go.jp/znk-web/juminkanja/S2430/initialize?prefCd=07&kikanCd=20720000644&kikanKbn=2", "url2": null, "内容": "東舘診療所【2:診療所】【診療科目:0】福島県東白川郡矢祭町大字東舘字反田１３－１" }, "geometry": { "type": "Point", "coordinates": [ 140.423608, 36.871628 ] } },
{ "type": "Feature", "properties": { "ID": 720720000646, "正式名称": "医療法人徹仁会　中島医院", "機関区分": 2, "都道府県コード": 7, "市区町村コード": 483, "所在地": "福島県東白川郡塙町大字塙字本町１１４－１", "緯度": 36.954308, "経度": 140.413492, "url": "https://www.iryou.teikyouseido.mhlw.go.jp/znk-web/juminkanja/S2430/initialize?prefCd=07&kikanCd=20720000646&kikanKbn=2", "url2": null, "内容": "医療法人徹仁会　中島医院【2:診療所】【診療科目:0】福島県東白川郡塙町大字塙字本町１１４－１" }, "geometry": { "type": "Point", "coordinates": [ 140.413492, 36.954308 ] } },
{ "type": "Feature", "properties": { "ID": 720720000648, "正式名称": "鮫川村国民健康保険診療所", "機関区分": 2, "都道府県コード": 7, "市区町村コード": 484, "所在地": "福島県東白川郡鮫川村大字赤坂中野字新宿１８９－１", "緯度": 37.040008, "経度": 140.509067, "url": "https://www.iryou.teikyouseido.mhlw.go.jp/znk-web/juminkanja/S2430/initialize?prefCd=07&kikanCd=20720000648&kikanKbn=2", "url2": null, "内容": "鮫川村国民健康保険診療所【2:診療所】【診療科目:0】福島県東白川郡鮫川村大字赤坂中野字新宿１８９－１" }, "geometry": { "type": "Point", "coordinates": [ 140.509067, 37.040008 ] } },
{ "type": "Feature", "properties": { "ID": 720720000654, "正式名称": "会津若松市夜間急病センター", "機関区分": 2, "都道府県コード": 7, "市区町村コード": 202, "所在地": "福島県会津若松市山鹿町１－２２", "緯度": 37.490589, "経度": 139.925064, "url": "https://www.iryou.teikyouseido.mhlw.go.jp/znk-web/juminkanja/S2430/initialize?prefCd=07&kikanCd=20720000654&kikanKbn=2", "url2": "https://www.city.aizuwakamatsu.fukushima.jp/", "内容": "会津若松市夜間急病センター【2:診療所】【診療科目:0】福島県会津若松市山鹿町１－２２" }, "geometry": { "type": "Point", "coordinates": [ 139.925064, 37.490589 ] } },
{ "type": "Feature", "properties": { "ID": 720720000658, "正式名称": "医療生協会津若松診療所", "機関区分": 2, "都道府県コード": 7, "市区町村コード": 202, "所在地": "福島県会津若松市東千石１丁目２番１３号", "緯度": 37.496392, "経度": 139.944525, "url": "https://www.iryou.teikyouseido.mhlw.go.jp/znk-web/juminkanja/S2430/initialize?prefCd=07&kikanCd=20720000658&kikanKbn=2", "url2": "http://aizu-health.coop", "内容": "医療生協会津若松診療所【2:診療所】【診療科目:0】福島県会津若松市東千石１丁目２番１３号" }, "geometry": { "type": "Point", "coordinates": [ 139.944525, 37.496392 ] } },
{ "type": "Feature", "properties": { "ID": 720720000659, "正式名称": "一般社団法人順天道医院　米山眼科", "機関区分": 2, "都道府県コード": 7, "市区町村コード": 202, "所在地": "福島県会津若松市東栄町６－７", "緯度": 37.494117, "経度": 139.931433, "url": "https://www.iryou.teikyouseido.mhlw.go.jp/znk-web/juminkanja/S2430/initialize?prefCd=07&kikanCd=20720000659&kikanKbn=2", "url2": null, "内容": "一般社団法人順天道医院　米山眼科【2:診療所】【診療科目:0】福島県会津若松市東栄町６－７" }, "geometry": { "type": "Point", "coordinates": [ 139.931433, 37.494117 ] } },
{ "type": "Feature", "properties": { "ID": 720720000664, "正式名称": "医療法人　高村整形外科", "機関区分": 2, "都道府県コード": 7, "市区町村コード": 202, "所在地": "福島県会津若松市門田町大字中野字大道東９－４", "緯度": 37.465956, "経度": 139.922828, "url": "https://www.iryou.teikyouseido.mhlw.go.jp/znk-web/juminkanja/S2430/initialize?prefCd=07&kikanCd=20720000664&kikanKbn=2", "url2": null, "内容": "医療法人　高村整形外科【2:診療所】【診療科目:0】福島県会津若松市門田町大字中野字大道東９－４" }, "geometry": { "type": "Point", "coordinates": [ 139.922828, 37.465956 ] } },
{ "type": "Feature", "properties": { "ID": 720720000665, "正式名称": "医療法人　志波医院", "機関区分": 2, "都道府県コード": 7, "市区町村コード": 202, "所在地": "福島県会津若松市馬場町２－２１", "緯度": 37.498294, "経度": 139.93115, "url": "https://www.iryou.teikyouseido.mhlw.go.jp/znk-web/juminkanja/S2430/initialize?prefCd=07&kikanCd=20720000665&kikanKbn=2", "url2": null, "内容": "医療法人　志波医院【2:診療所】【診療科目:0】福島県会津若松市馬場町２－２１" }, "geometry": { "type": "Point", "coordinates": [ 139.93115, 37.498294 ] } },
{ "type": "Feature", "properties": { "ID": 720720000666, "正式名称": "医療法人　手塚医院", "機関区分": 2, "都道府県コード": 7, "市区町村コード": 202, "所在地": "福島県会津若松市材木町１－１０－１５", "緯度": 37.487719, "経度": 139.910942, "url": "https://www.iryou.teikyouseido.mhlw.go.jp/znk-web/juminkanja/S2430/initialize?prefCd=07&kikanCd=20720000666&kikanKbn=2", "url2": null, "内容": "医療法人　手塚医院【2:診療所】【診療科目:0】福島県会津若松市材木町１－１０－１５" }, "geometry": { "type": "Point", "coordinates": [ 139.910942, 37.487719 ] } },
{ "type": "Feature", "properties": { "ID": 720720000668, "正式名称": "医療法人　林谷内科医院", "機関区分": 2, "都道府県コード": 7, "市区町村コード": 202, "所在地": "福島県会津若松市栄町７－２６", "緯度": 37.496264, "経度": 139.932706, "url": "https://www.iryou.teikyouseido.mhlw.go.jp/znk-web/juminkanja/S2430/initialize?prefCd=07&kikanCd=20720000668&kikanKbn=2", "url2": null, "内容": "医療法人　林谷内科医院【2:診療所】【診療科目:0】福島県会津若松市栄町７－２６" }, "geometry": { "type": "Point", "coordinates": [ 139.932706, 37.496264 ] } },
{ "type": "Feature", "properties": { "ID": 720720000672, "正式名称": "医療法人　吉田内科", "機関区分": 2, "都道府県コード": 7, "市区町村コード": 202, "所在地": "福島県会津若松市中町１－２６", "緯度": 37.496806, "経度": 139.927464, "url": "https://www.iryou.teikyouseido.mhlw.go.jp/znk-web/juminkanja/S2430/initialize?prefCd=07&kikanCd=20720000672&kikanKbn=2", "url2": "http://www.270537.com/", "内容": "医療法人　吉田内科【2:診療所】【診療科目:0】福島県会津若松市中町１－２６" }, "geometry": { "type": "Point", "coordinates": [ 139.927464, 37.496806 ] } },
{ "type": "Feature", "properties": { "ID": 720720000673, "正式名称": "蛯谷クリニック", "機関区分": 2, "都道府県コード": 7, "市区町村コード": 202, "所在地": "福島県会津若松市天神町２４－５３", "緯度": 37.477728, "経度": 139.933103, "url": "https://www.iryou.teikyouseido.mhlw.go.jp/znk-web/juminkanja/S2430/initialize?prefCd=07&kikanCd=20720000673&kikanKbn=2", "url2": null, "内容": "蛯谷クリニック【2:診療所】【診療科目:0】福島県会津若松市天神町２４－５３" }, "geometry": { "type": "Point", "coordinates": [ 139.933103, 37.477728 ] } },
{ "type": "Feature", "properties": { "ID": 720720000675, "正式名称": "医療法人　蛯谷整形外科医院", "機関区分": 2, "都道府県コード": 7, "市区町村コード": 202, "所在地": "福島県会津若松市白虎一丁目１番地の１１", "緯度": 37.510572, "経度": 139.931774, "url": "https://www.iryou.teikyouseido.mhlw.go.jp/znk-web/juminkanja/S2430/initialize?prefCd=07&kikanCd=20720000675&kikanKbn=2", "url2": null, "内容": "医療法人　蛯谷整形外科医院【2:診療所】【診療科目:0】福島県会津若松市白虎一丁目１番地の１１" }, "geometry": { "type": "Point", "coordinates": [ 139.931774, 37.510572 ] } },
{ "type": "Feature", "properties": { "ID": 720720000676, "正式名称": "医療法人　穴沢耳鼻咽喉科医院", "機関区分": 2, "都道府県コード": 7, "市区町村コード": 202, "所在地": "福島県会津若松市天神町３１－３", "緯度": 37.478703, "経度": 139.931044, "url": "https://www.iryou.teikyouseido.mhlw.go.jp/znk-web/juminkanja/S2430/initialize?prefCd=07&kikanCd=20720000676&kikanKbn=2", "url2": null, "内容": "医療法人　穴沢耳鼻咽喉科医院【2:診療所】【診療科目:0】福島県会津若松市天神町３１－３" }, "geometry": { "type": "Point", "coordinates": [ 139.931044, 37.478703 ] } },
{ "type": "Feature", "properties": { "ID": 720720000677, "正式名称": "医療法人遠山会　遠山胃腸科内科医院", "機関区分": 2, "都道府県コード": 7, "市区町村コード": 202, "所在地": "福島県会津若松市城北町６－１", "緯度": 37.502469, "経度": 139.922406, "url": "https://www.iryou.teikyouseido.mhlw.go.jp/znk-web/juminkanja/S2430/initialize?prefCd=07&kikanCd=20720000677&kikanKbn=2", "url2": "http://www.toyamaiin.com/", "内容": "医療法人遠山会　遠山胃腸科内科医院【2:診療所】【診療科目:0】福島県会津若松市城北町６－１" }, "geometry": { "type": "Point", "coordinates": [ 139.922406, 37.502469 ] } },
{ "type": "Feature", "properties": { "ID": 720720000678, "正式名称": "医療法人　二瓶眼科医院", "機関区分": 2, "都道府県コード": 7, "市区町村コード": 202, "所在地": "福島県会津若松市七日町８－５０", "緯度": 37.500264, "経度": 139.924214, "url": "https://www.iryou.teikyouseido.mhlw.go.jp/znk-web/juminkanja/S2430/initialize?prefCd=07&kikanCd=20720000678&kikanKbn=2", "url2": null, "内容": "医療法人　二瓶眼科医院【2:診療所】【診療科目:0】福島県会津若松市七日町８－５０" }, "geometry": { "type": "Point", "coordinates": [ 139.924214, 37.500264 ] } },
{ "type": "Feature", "properties": { "ID": 720720000679, "正式名称": "医療法人　長谷川内科消化器科医院", "機関区分": 2, "都道府県コード": 7, "市区町村コード": 202, "所在地": "福島県会津若松市行仁町３－３１", "緯度": 37.497397, "経度": 139.936306, "url": "https://www.iryou.teikyouseido.mhlw.go.jp/znk-web/juminkanja/S2430/initialize?prefCd=07&kikanCd=20720000679&kikanKbn=2", "url2": "https://hasegawa-iin.com/", "内容": "医療法人　長谷川内科消化器科医院【2:診療所】【診療科目:0】福島県会津若松市行仁町３－３１" }, "geometry": { "type": "Point", "coordinates": [ 139.936306, 37.497397 ] } },
{ "type": "Feature", "properties": { "ID": 720720000681, "正式名称": "医療法人　黒河内内科・小児科・神経科医院", "機関区分": 2, "都道府県コード": 7, "市区町村コード": 202, "所在地": "福島県会津若松市中町１－１６", "緯度": 37.496153, "経度": 139.926983, "url": "https://www.iryou.teikyouseido.mhlw.go.jp/znk-web/juminkanja/S2430/initialize?prefCd=07&kikanCd=20720000681&kikanKbn=2", "url2": "http://www8.ocn.ne.jp/~kuroiinn/", "内容": "医療法人　黒河内内科・小児科・神経科医院【2:診療所】【診療科目:0】福島県会津若松市中町１－１６" }, "geometry": { "type": "Point", "coordinates": [ 139.926983, 37.496153 ] } },
{ "type": "Feature", "properties": { "ID": 720720000684, "正式名称": "医療法人　前田眼科医院", "機関区分": 2, "都道府県コード": 7, "市区町村コード": 202, "所在地": "福島県会津若松市中町３－３０", "緯度": 37.498278, "経度": 139.925342, "url": "https://www.iryou.teikyouseido.mhlw.go.jp/znk-web/juminkanja/S2430/initialize?prefCd=07&kikanCd=20720000684&kikanKbn=2", "url2": "http://maeda-ganka.com/index.html", "内容": "医療法人　前田眼科医院【2:診療所】【診療科目:0】福島県会津若松市中町３－３０" }, "geometry": { "type": "Point", "coordinates": [ 139.925342, 37.498278 ] } },
{ "type": "Feature", "properties": { "ID": 720720000685, "正式名称": "佐藤内科小児科医院", "機関区分": 2, "都道府県コード": 7, "市区町村コード": 202, "所在地": "福島県会津若松市新横町６－２６", "緯度": 37.492456, "経度": 139.918003, "url": "https://www.iryou.teikyouseido.mhlw.go.jp/znk-web/juminkanja/S2430/initialize?prefCd=07&kikanCd=20720000685&kikanKbn=2", "url2": null, "内容": "佐藤内科小児科医院【2:診療所】【診療科目:0】福島県会津若松市新横町６－２６" }, "geometry": { "type": "Point", "coordinates": [ 139.918003, 37.492456 ] } },
{ "type": "Feature", "properties": { "ID": 720720000687, "正式名称": "荒川胃腸科・内科クリニック", "機関区分": 2, "都道府県コード": 7, "市区町村コード": 202, "所在地": "福島県会津若松市中央二丁目１－２９", "緯度": 37.501103, "経度": 139.931744, "url": "https://www.iryou.teikyouseido.mhlw.go.jp/znk-web/juminkanja/S2430/initialize?prefCd=07&kikanCd=20720000687&kikanKbn=2", "url2": "http://arakawa-clinic.net/", "内容": "荒川胃腸科・内科クリニック【2:診療所】【診療科目:0】福島県会津若松市中央二丁目１－２９" }, "geometry": { "type": "Point", "coordinates": [ 139.931744, 37.501103 ] } },
{ "type": "Feature", "properties": { "ID": 720720000688, "正式名称": "医療法人　クリニック荒木", "機関区分": 2, "都道府県コード": 7, "市区町村コード": 202, "所在地": "福島県会津若松市神指町大字黒川字湯川東２２７", "緯度": 37.511339, "経度": 139.91265, "url": "https://www.iryou.teikyouseido.mhlw.go.jp/znk-web/juminkanja/S2430/initialize?prefCd=07&kikanCd=20720000688&kikanKbn=2", "url2": "http://www.clinic-araki.e-doctor.info", "内容": "医療法人　クリニック荒木【2:診療所】【診療科目:0】福島県会津若松市神指町大字黒川字湯川東２２７" }, "geometry": { "type": "Point", "coordinates": [ 139.91265, 37.511339 ] } },
{ "type": "Feature", "properties": { "ID": 720720000689, "正式名称": "いとう子どもクリニック", "機関区分": 2, "都道府県コード": 7, "市区町村コード": 202, "所在地": "福島県会津若松市門田町大字黒岩字大坪１８０", "緯度": 37.473364, "経度": 139.932931, "url": "https://www.iryou.teikyouseido.mhlw.go.jp/znk-web/juminkanja/S2430/initialize?prefCd=07&kikanCd=20720000689&kikanKbn=2", "url2": "https://itokodomoclinic.jp", "内容": "いとう子どもクリニック【2:診療所】【診療科目:0】福島県会津若松市門田町大字黒岩字大坪１８０" }, "geometry": { "type": "Point", "coordinates": [ 139.932931, 37.473364 ] } },
{ "type": "Feature", "properties": { "ID": 720720000690, "正式名称": "医療法人健心会　えんどうクリニック", "機関区分": 2, "都道府県コード": 7, "市区町村コード": 202, "所在地": "福島県会津若松市藤原一丁目５番地ー３２", "緯度": 37.510761, "経度": 139.941353, "url": "https://www.iryou.teikyouseido.mhlw.go.jp/znk-web/juminkanja/S2430/initialize?prefCd=07&kikanCd=20720000690&kikanKbn=2", "url2": "http://www.endo-go-cl.jp/", "内容": "医療法人健心会　えんどうクリニック【2:診療所】【診療科目:0】福島県会津若松市藤原一丁目５番地ー３２" }, "geometry": { "type": "Point", "coordinates": [ 139.941353, 37.510761 ] } },
{ "type": "Feature", "properties": { "ID": 720720000692, "正式名称": "医療法人　わたなべクリニック", "機関区分": 2, "都道府県コード": 7, "市区町村コード": 202, "所在地": "福島県会津若松市一箕町松長１丁目１７－３２", "緯度": 37.530967, "経度": 139.956939, "url": "https://www.iryou.teikyouseido.mhlw.go.jp/znk-web/juminkanja/S2430/initialize?prefCd=07&kikanCd=20720000692&kikanKbn=2", "url2": null, "内容": "医療法人　わたなべクリニック【2:診療所】【診療科目:0】福島県会津若松市一箕町松長１丁目１７－３２" }, "geometry": { "type": "Point", "coordinates": [ 139.956939, 37.530967 ] } },
{ "type": "Feature", "properties": { "ID": 720720000693, "正式名称": "いいづかファミリークリニック", "機関区分": 2, "都道府県コード": 7, "市区町村コード": 202, "所在地": "福島県会津若松市一箕町大字鶴賀字下居合５９", "緯度": 37.523436, "経度": 139.944289, "url": "https://www.iryou.teikyouseido.mhlw.go.jp/znk-web/juminkanja/S2430/initialize?prefCd=07&kikanCd=20720000693&kikanKbn=2", "url2": "https://iizukafamilyclinic.com/", "内容": "いいづかファミリークリニック【2:診療所】【診療科目:0】福島県会津若松市一箕町大字鶴賀字下居合５９" }, "geometry": { "type": "Point", "coordinates": [ 139.944289, 37.523436 ] } },
{ "type": "Feature", "properties": { "ID": 720720000696, "正式名称": "仙波耳鼻咽喉科医院", "機関区分": 2, "都道府県コード": 7, "市区町村コード": 202, "所在地": "福島県会津若松市飯寺南一丁目２番１０号", "緯度": 37.476472, "経度": 139.910706, "url": "https://www.iryou.teikyouseido.mhlw.go.jp/znk-web/juminkanja/S2430/initialize?prefCd=07&kikanCd=20720000696&kikanKbn=2", "url2": null, "内容": "仙波耳鼻咽喉科医院【2:診療所】【診療科目:0】福島県会津若松市飯寺南一丁目２番１０号" }, "geometry": { "type": "Point", "coordinates": [ 139.910706, 37.476472 ] } },
{ "type": "Feature", "properties": { "ID": 720720000697, "正式名称": "あらい内科循環器科クリニック", "機関区分": 2, "都道府県コード": 7, "市区町村コード": 202, "所在地": "福島県会津若松市城西町５番５５号", "緯度": 37.48225, "経度": 139.915706, "url": "https://www.iryou.teikyouseido.mhlw.go.jp/znk-web/juminkanja/S2430/initialize?prefCd=07&kikanCd=20720000697&kikanKbn=2", "url2": null, "内容": "あらい内科循環器科クリニック【2:診療所】【診療科目:0】福島県会津若松市城西町５番５５号" }, "geometry": { "type": "Point", "coordinates": [ 139.915706, 37.48225 ] } },
{ "type": "Feature", "properties": { "ID": 720720000698, "正式名称": "こばり耳鼻咽喉科クリニック", "機関区分": 2, "都道府県コード": 7, "市区町村コード": 202, "所在地": "福島県会津若松市宮町６番５５号", "緯度": 37.494358, "経度": 139.935822, "url": "https://www.iryou.teikyouseido.mhlw.go.jp/znk-web/juminkanja/S2430/initialize?prefCd=07&kikanCd=20720000698&kikanKbn=2", "url2": "http://www.kobarijibika.aizu.or.jp/", "内容": "こばり耳鼻咽喉科クリニック【2:診療所】【診療科目:0】福島県会津若松市宮町６番５５号" }, "geometry": { "type": "Point", "coordinates": [ 139.935822, 37.494358 ] } },
{ "type": "Feature", "properties": { "ID": 720720000701, "正式名称": "斎藤医院", "機関区分": 2, "都道府県コード": 7, "市区町村コード": 202, "所在地": "福島県会津若松市住吉町２５番３０号", "緯度": 37.485681, "経度": 139.906406, "url": "https://www.iryou.teikyouseido.mhlw.go.jp/znk-web/juminkanja/S2430/initialize?prefCd=07&kikanCd=20720000701&kikanKbn=2", "url2": null, "内容": "斎藤医院【2:診療所】【診療科目:0】福島県会津若松市住吉町２５番３０号" }, "geometry": { "type": "Point", "coordinates": [ 139.906406, 37.485681 ] } },
{ "type": "Feature", "properties": { "ID": 720720000702, "正式名称": "石田眼科医院", "機関区分": 2, "都道府県コード": 7, "市区町村コード": 202, "所在地": "福島県会津若松市日新町１－２", "緯度": 37.494708, "経度": 139.922744, "url": "https://www.iryou.teikyouseido.mhlw.go.jp/znk-web/juminkanja/S2430/initialize?prefCd=07&kikanCd=20720000702&kikanKbn=2", "url2": "http://www2s.biglobe.ne.jp/~i_ophth/", "内容": "石田眼科医院【2:診療所】【診療科目:0】福島県会津若松市日新町１－２" }, "geometry": { "type": "Point", "coordinates": [ 139.922744, 37.494708 ] } },
{ "type": "Feature", "properties": { "ID": 720720000704, "正式名称": "にいでら診療所", "機関区分": 2, "都道府県コード": 7, "市区町村コード": 202, "所在地": "福島県会津若松市飯寺南一丁目１４番１６号", "緯度": 37.472428, "経度": 139.906958, "url": "https://www.iryou.teikyouseido.mhlw.go.jp/znk-web/juminkanja/S2430/initialize?prefCd=07&kikanCd=20720000704&kikanKbn=2", "url2": "http://www.fukushima-doctors.jp/detail/index_402.html", "内容": "にいでら診療所【2:診療所】【診療科目:0】福島県会津若松市飯寺南一丁目１４番１６号" }, "geometry": { "type": "Point", "coordinates": [ 139.906958, 37.472428 ] } },
{ "type": "Feature", "properties": { "ID": 720720000705, "正式名称": "さいとう内科胃腸科クリニック", "機関区分": 2, "都道府県コード": 7, "市区町村コード": 202, "所在地": "福島県会津若松市宮町８番５０号", "緯度": 37.492656, "経度": 139.939958, "url": "https://www.iryou.teikyouseido.mhlw.go.jp/znk-web/juminkanja/S2430/initialize?prefCd=07&kikanCd=20720000705&kikanKbn=2", "url2": null, "内容": "さいとう内科胃腸科クリニック【2:診療所】【診療科目:0】福島県会津若松市宮町８番５０号" }, "geometry": { "type": "Point", "coordinates": [ 139.939958, 37.492656 ] } },
{ "type": "Feature", "properties": { "ID": 720720000707, "正式名称": "医療法人社団永和舎　徒之町クリニック", "機関区分": 2, "都道府県コード": 7, "市区町村コード": 202, "所在地": "福島県会津若松市徒之町４番２５号", "緯度": 37.492128, "経度": 139.939383, "url": "https://www.iryou.teikyouseido.mhlw.go.jp/znk-web/juminkanja/S2430/initialize?prefCd=07&kikanCd=20720000707&kikanKbn=2", "url2": null, "内容": "医療法人社団永和舎　徒之町クリニック【2:診療所】【診療科目:0】福島県会津若松市徒之町４番２５号" }, "geometry": { "type": "Point", "coordinates": [ 139.939383, 37.492128 ] } },
{ "type": "Feature", "properties": { "ID": 720720000709, "正式名称": "会津クリニック", "機関区分": 2, "都道府県コード": 7, "市区町村コード": 202, "所在地": "福島県会津若松市材木町１－４－４", "緯度": 37.485908, "経度": 139.913861, "url": "https://www.iryou.teikyouseido.mhlw.go.jp/znk-web/juminkanja/S2430/initialize?prefCd=07&kikanCd=20720000709&kikanKbn=2", "url2": "https://aizucl.web.fc2.com/", "内容": "会津クリニック【2:診療所】【診療科目:0】福島県会津若松市材木町１－４－４" }, "geometry": { "type": "Point", "coordinates": [ 139.913861, 37.485908 ] } },
{ "type": "Feature", "properties": { "ID": 720720000710, "正式名称": "北田内科医院", "機関区分": 2, "都道府県コード": 7, "市区町村コード": 202, "所在地": "福島県会津若松市門田町大字中野字大道西３９", "緯度": 37.465892, "経度": 139.921981, "url": "https://www.iryou.teikyouseido.mhlw.go.jp/znk-web/juminkanja/S2430/initialize?prefCd=07&kikanCd=20720000710&kikanKbn=2", "url2": null, "内容": "北田内科医院【2:診療所】【診療科目:0】福島県会津若松市門田町大字中野字大道西３９" }, "geometry": { "type": "Point", "coordinates": [ 139.921981, 37.465892 ] } },
{ "type": "Feature", "properties": { "ID": 720720000711, "正式名称": "白虎ファミリークリニック", "機関区分": 2, "都道府県コード": 7, "市区町村コード": 202, "所在地": "福島県会津若松市八角町１３番３８号", "緯度": 37.504111, "経度": 139.946217, "url": "https://www.iryou.teikyouseido.mhlw.go.jp/znk-web/juminkanja/S2430/initialize?prefCd=07&kikanCd=20720000711&kikanKbn=2", "url2": null, "内容": "白虎ファミリークリニック【2:診療所】【診療科目:0】福島県会津若松市八角町１３番３８号" }, "geometry": { "type": "Point", "coordinates": [ 139.946217, 37.504111 ] } },
{ "type": "Feature", "properties": { "ID": 720720000713, "正式名称": "医療法人　たてうまクリニック", "機関区分": 2, "都道府県コード": 7, "市区町村コード": 202, "所在地": "福島県会津若松市館馬町１番３号", "緯度": 37.480167, "経度": 139.925119, "url": "https://www.iryou.teikyouseido.mhlw.go.jp/znk-web/juminkanja/S2430/initialize?prefCd=07&kikanCd=20720000713&kikanKbn=2", "url2": null, "内容": "医療法人　たてうまクリニック【2:診療所】【診療科目:0】福島県会津若松市館馬町１番３号" }, "geometry": { "type": "Point", "coordinates": [ 139.925119, 37.480167 ] } },
{ "type": "Feature", "properties": { "ID": 720720000714, "正式名称": "佐瀬皮膚科医院", "機関区分": 2, "都道府県コード": 7, "市区町村コード": 202, "所在地": "福島県会津若松市白虎町３８番地の９", "緯度": 37.508642, "経度": 139.932442, "url": "https://www.iryou.teikyouseido.mhlw.go.jp/znk-web/juminkanja/S2430/initialize?prefCd=07&kikanCd=20720000714&kikanKbn=2", "url2": null, "内容": "佐瀬皮膚科医院【2:診療所】【診療科目:0】福島県会津若松市白虎町３８番地の９" }, "geometry": { "type": "Point", "coordinates": [ 139.932442, 37.508642 ] } },
{ "type": "Feature", "properties": { "ID": 720720000716, "正式名称": "医療法人　佐藤内科循環器科医院", "機関区分": 2, "都道府県コード": 7, "市区町村コード": 202, "所在地": "福島県会津若松市東栄町５番３２号", "緯度": 37.494289, "経度": 139.930869, "url": "https://www.iryou.teikyouseido.mhlw.go.jp/znk-web/juminkanja/S2430/initialize?prefCd=07&kikanCd=20720000716&kikanKbn=2", "url2": null, "内容": "医療法人　佐藤内科循環器科医院【2:診療所】【診療科目:0】福島県会津若松市東栄町５番３２号" }, "geometry": { "type": "Point", "coordinates": [ 139.930869, 37.494289 ] } },
{ "type": "Feature", "properties": { "ID": 720720000717, "正式名称": "あいづ整形外科リハビリテーションクリニック", "機関区分": 2, "都道府県コード": 7, "市区町村コード": 202, "所在地": "福島県会津若松市対馬館町５－１", "緯度": 37.481831, "経度": 139.916067, "url": "https://www.iryou.teikyouseido.mhlw.go.jp/znk-web/juminkanja/S2430/initialize?prefCd=07&kikanCd=20720000717&kikanKbn=2", "url2": "https://aizuseikei-clinic.com/", "内容": "あいづ整形外科リハビリテーションクリニック【2:診療所】【診療科目:0】福島県会津若松市対馬館町５－１" }, "geometry": { "type": "Point", "coordinates": [ 139.916067, 37.481831 ] } },
{ "type": "Feature", "properties": { "ID": 720720000719, "正式名称": "若松あおいクリニック", "機関区分": 2, "都道府県コード": 7, "市区町村コード": 202, "所在地": "福島県会津若松市飯寺南一丁目２－６", "緯度": 37.477392, "経度": 139.910494, "url": "https://www.iryou.teikyouseido.mhlw.go.jp/znk-web/juminkanja/S2430/initialize?prefCd=07&kikanCd=20720000719&kikanKbn=2", "url2": "https://wakamatsu-aoi.komeikai.or.jp/", "内容": "若松あおいクリニック【2:診療所】【診療科目:0】福島県会津若松市飯寺南一丁目２－６" }, "geometry": { "type": "Point", "coordinates": [ 139.910494, 37.477392 ] } },
{ "type": "Feature", "properties": { "ID": 720720000720, "正式名称": "山口皮ふ科医院", "機関区分": 2, "都道府県コード": 7, "市区町村コード": 202, "所在地": "福島県会津若松市天神町３１番５号", "緯度": 37.478825, "経度": 139.931103, "url": "https://www.iryou.teikyouseido.mhlw.go.jp/znk-web/juminkanja/S2430/initialize?prefCd=07&kikanCd=20720000720&kikanKbn=2", "url2": "https://www.yamaguchihifuka.com/", "内容": "山口皮ふ科医院【2:診療所】【診療科目:0】福島県会津若松市天神町３１番５号" }, "geometry": { "type": "Point", "coordinates": [ 139.931103, 37.478825 ] } },
{ "type": "Feature", "properties": { "ID": 720720000721, "正式名称": "医療法人　七日町クリニック", "機関区分": 2, "都道府県コード": 7, "市区町村コード": 202, "所在地": "福島県会津若松市西七日町３－１２", "緯度": 37.501908, "経度": 139.916153, "url": "https://www.iryou.teikyouseido.mhlw.go.jp/znk-web/juminkanja/S2430/initialize?prefCd=07&kikanCd=20720000721&kikanKbn=2", "url2": null, "内容": "医療法人　七日町クリニック【2:診療所】【診療科目:0】福島県会津若松市西七日町３－１２" }, "geometry": { "type": "Point", "coordinates": [ 139.916153, 37.501908 ] } },
{ "type": "Feature", "properties": { "ID": 720720000724, "正式名称": "会津アイクリニック", "機関区分": 2, "都道府県コード": 7, "市区町村コード": 202, "所在地": "福島県会津若松市白虎町１－２－１３", "緯度": 37.506244, "経度": 139.936997, "url": "https://www.iryou.teikyouseido.mhlw.go.jp/znk-web/juminkanja/S2430/initialize?prefCd=07&kikanCd=20720000724&kikanKbn=2", "url2": null, "内容": "会津アイクリニック【2:診療所】【診療科目:0】福島県会津若松市白虎町１－２－１３" }, "geometry": { "type": "Point", "coordinates": [ 139.936997, 37.506244 ] } },
{ "type": "Feature", "properties": { "ID": 720720000725, "正式名称": "医療法人　くらしげ内科小児科医院", "機関区分": 2, "都道府県コード": 7, "市区町村コード": 202, "所在地": "福島県会津若松市中島町６－５", "緯度": 37.510453, "経度": 139.949839, "url": "https://www.iryou.teikyouseido.mhlw.go.jp/znk-web/juminkanja/S2430/initialize?prefCd=07&kikanCd=20720000725&kikanKbn=2", "url2": "http://kurashige.byoinnavi.jp", "内容": "医療法人　くらしげ内科小児科医院【2:診療所】【診療科目:0】福島県会津若松市中島町６－５" }, "geometry": { "type": "Point", "coordinates": [ 139.949839, 37.510453 ] } },
{ "type": "Feature", "properties": { "ID": 720720000726, "正式名称": "山鹿クリニック", "機関区分": 2, "都道府県コード": 7, "市区町村コード": 202, "所在地": "福島県会津若松市本町１番１号", "緯度": 37.491658, "経度": 139.921369, "url": "https://www.iryou.teikyouseido.mhlw.go.jp/znk-web/juminkanja/S2430/initialize?prefCd=07&kikanCd=20720000726&kikanKbn=2", "url2": "http://www.takeda.or.jp", "内容": "山鹿クリニック【2:診療所】【診療科目:0】福島県会津若松市本町１番１号" }, "geometry": { "type": "Point", "coordinates": [ 139.921369, 37.491658 ] } },
{ "type": "Feature", "properties": { "ID": 720720000728, "正式名称": "なるせとみこレディースクリニック", "機関区分": 2, "都道府県コード": 7, "市区町村コード": 202, "所在地": "福島県会津若松市白虎一丁目１番地の４", "緯度": 37.507031, "経度": 139.935075, "url": "https://www.iryou.teikyouseido.mhlw.go.jp/znk-web/juminkanja/S2430/initialize?prefCd=07&kikanCd=20720000728&kikanKbn=2", "url2": null, "内容": "なるせとみこレディースクリニック【2:診療所】【診療科目:0】福島県会津若松市白虎一丁目１番地の４" }, "geometry": { "type": "Point", "coordinates": [ 139.935075, 37.507031 ] } },
{ "type": "Feature", "properties": { "ID": 720720000729, "正式名称": "小島原内科クリニック", "機関区分": 2, "都道府県コード": 7, "市区町村コード": 202, "所在地": "福島県会津若松市米代一丁目６番２８号", "緯度": 37.487822, "経度": 139.920386, "url": "https://www.iryou.teikyouseido.mhlw.go.jp/znk-web/juminkanja/S2430/initialize?prefCd=07&kikanCd=20720000729&kikanKbn=2", "url2": null, "内容": "小島原内科クリニック【2:診療所】【診療科目:0】福島県会津若松市米代一丁目６番２８号" }, "geometry": { "type": "Point", "coordinates": [ 139.920386, 37.487822 ] } },
{ "type": "Feature", "properties": { "ID": 720720000732, "正式名称": "小野木クリニック", "機関区分": 2, "都道府県コード": 7, "市区町村コード": 202, "所在地": "福島県会津若松市材木町二丁目５番２０号", "緯度": 37.483833, "経度": 139.910753, "url": "https://www.iryou.teikyouseido.mhlw.go.jp/znk-web/juminkanja/S2430/initialize?prefCd=07&kikanCd=20720000732&kikanKbn=2", "url2": "http://www.onogiclinic.jp", "内容": "小野木クリニック【2:診療所】【診療科目:0】福島県会津若松市材木町二丁目５番２０号" }, "geometry": { "type": "Point", "coordinates": [ 139.910753, 37.483833 ] } },
{ "type": "Feature", "properties": { "ID": 720720000734, "正式名称": "あみウイメンズクリニック", "機関区分": 2, "都道府県コード": 7, "市区町村コード": 202, "所在地": "福島県会津若松市八角町４番２１号", "緯度": 37.502539, "経度": 139.943425, "url": "https://www.iryou.teikyouseido.mhlw.go.jp/znk-web/juminkanja/S2430/initialize?prefCd=07&kikanCd=20720000734&kikanKbn=2", "url2": "http://ami-clinic.jp", "内容": "あみウイメンズクリニック【2:診療所】【診療科目:0】福島県会津若松市八角町４番２１号" }, "geometry": { "type": "Point", "coordinates": [ 139.943425, 37.502539 ] } },
{ "type": "Feature", "properties": { "ID": 720720000735, "正式名称": "おのぎレディースクリニック", "機関区分": 2, "都道府県コード": 7, "市区町村コード": 202, "所在地": "福島県会津若松市飯寺南一丁目１４番３０号", "緯度": 37.472842, "経度": 139.907189, "url": "https://www.iryou.teikyouseido.mhlw.go.jp/znk-web/juminkanja/S2430/initialize?prefCd=07&kikanCd=20720000735&kikanKbn=2", "url2": "http://www.myclinic.ne.jp/onogi_ladies/pc/", "内容": "おのぎレディースクリニック【2:診療所】【診療科目:0】福島県会津若松市飯寺南一丁目１４番３０号" }, "geometry": { "type": "Point", "coordinates": [ 139.907189, 37.472842 ] } },
{ "type": "Feature", "properties": { "ID": 720720000736, "正式名称": "そね内科クリニック", "機関区分": 2, "都道府県コード": 7, "市区町村コード": 202, "所在地": "福島県会津若松市扇町三丁目１７番地の７", "緯度": 37.514972, "経度": 139.933792, "url": "https://www.iryou.teikyouseido.mhlw.go.jp/znk-web/juminkanja/S2430/initialize?prefCd=07&kikanCd=20720000736&kikanKbn=2", "url2": null, "内容": "そね内科クリニック【2:診療所】【診療科目:0】福島県会津若松市扇町三丁目１７番地の７" }, "geometry": { "type": "Point", "coordinates": [ 139.933792, 37.514972 ] } },
{ "type": "Feature", "properties": { "ID": 720720000739, "正式名称": "二瓶クリニック", "機関区分": 2, "都道府県コード": 7, "市区町村コード": 202, "所在地": "福島県会津若松市真宮新町北一丁目１１－１", "緯度": 37.529036, "経度": 139.869417, "url": "https://www.iryou.teikyouseido.mhlw.go.jp/znk-web/juminkanja/S2430/initialize?prefCd=07&kikanCd=20720000739&kikanKbn=2", "url2": "http://nihei-clinic.e-doctor.info/14.html", "内容": "二瓶クリニック【2:診療所】【診療科目:0】福島県会津若松市真宮新町北一丁目１１－１" }, "geometry": { "type": "Point", "coordinates": [ 139.869417, 37.529036 ] } },
{ "type": "Feature", "properties": { "ID": 720720000740, "正式名称": "扇町渡部小児科アレルギー科医院", "機関区分": 2, "都道府県コード": 7, "市区町村コード": 202, "所在地": "福島県会津若松市扇町３丁目１－８", "緯度": 37.513639, "経度": 139.932608, "url": "https://www.iryou.teikyouseido.mhlw.go.jp/znk-web/juminkanja/S2430/initialize?prefCd=07&kikanCd=20720000740&kikanKbn=2", "url2": null, "内容": "扇町渡部小児科アレルギー科医院【2:診療所】【診療科目:0】福島県会津若松市扇町３丁目１－８" }, "geometry": { "type": "Point", "coordinates": [ 139.932608, 37.513639 ] } },
{ "type": "Feature", "properties": { "ID": 720720000743, "正式名称": "医療法人　耳鼻咽喉科　鈴木医院", "機関区分": 2, "都道府県コード": 7, "市区町村コード": 202, "所在地": "福島県会津若松市西栄町１０番１４号", "緯度": 37.495547, "経度": 139.923561, "url": "https://www.iryou.teikyouseido.mhlw.go.jp/znk-web/juminkanja/S2430/initialize?prefCd=07&kikanCd=20720000743&kikanKbn=2", "url2": "suzukijibika.net", "内容": "医療法人　耳鼻咽喉科　鈴木医院【2:診療所】【診療科目:0】福島県会津若松市西栄町１０番１４号" }, "geometry": { "type": "Point", "coordinates": [ 139.923561, 37.495547 ] } },
{ "type": "Feature", "properties": { "ID": 720720000745, "正式名称": "力神堂ひぐち眼科", "機関区分": 2, "都道府県コード": 7, "市区町村コード": 202, "所在地": "福島県会津若松市昭和町２番２０号", "緯度": 37.504478, "経度": 139.934264, "url": "https://www.iryou.teikyouseido.mhlw.go.jp/znk-web/juminkanja/S2430/initialize?prefCd=07&kikanCd=20720000745&kikanKbn=2", "url2": "https://www.rikishindo-higuchi-ganka.com", "内容": "力神堂ひぐち眼科【2:診療所】【診療科目:0】福島県会津若松市昭和町２番２０号" }, "geometry": { "type": "Point", "coordinates": [ 139.934264, 37.504478 ] } },
{ "type": "Feature", "properties": { "ID": 720720000759, "正式名称": "医療法人　福田耳鼻咽喉科医院", "機関区分": 2, "都道府県コード": 7, "市区町村コード": 208, "所在地": "福島県喜多方市字西四ツ谷２７５", "緯度": 37.649019, "経度": 139.879083, "url": "https://www.iryou.teikyouseido.mhlw.go.jp/znk-web/juminkanja/S2430/initialize?prefCd=07&kikanCd=20720000759&kikanKbn=2", "url2": null, "内容": "医療法人　福田耳鼻咽喉科医院【2:診療所】【診療科目:0】福島県喜多方市字西四ツ谷２７５" }, "geometry": { "type": "Point", "coordinates": [ 139.879083, 37.649019 ] } },
{ "type": "Feature", "properties": { "ID": 720720000760, "正式名称": "医療法人　山田産婦人科医院", "機関区分": 2, "都道府県コード": 7, "市区町村コード": 208, "所在地": "福島県喜多方市惣座宮２７３５－１", "緯度": 37.654472, "経度": 139.876694, "url": "https://www.iryou.teikyouseido.mhlw.go.jp/znk-web/juminkanja/S2430/initialize?prefCd=07&kikanCd=20720000760&kikanKbn=2", "url2": null, "内容": "医療法人　山田産婦人科医院【2:診療所】【診療科目:0】福島県喜多方市惣座宮２７３５－１" }, "geometry": { "type": "Point", "coordinates": [ 139.876694, 37.654472 ] } },
{ "type": "Feature", "properties": { "ID": 720720000762, "正式名称": "市役所前の診察室　大竹内科", "機関区分": 2, "都道府県コード": 7, "市区町村コード": 208, "所在地": "福島県喜多方市梅竹７２９４の２", "緯度": 37.650256, "経度": 139.874958, "url": "https://www.iryou.teikyouseido.mhlw.go.jp/znk-web/juminkanja/S2430/initialize?prefCd=07&kikanCd=20720000762&kikanKbn=2", "url2": null, "内容": "市役所前の診察室　大竹内科【2:診療所】【診療科目:0】福島県喜多方市梅竹７２９４の２" }, "geometry": { "type": "Point", "coordinates": [ 139.874958, 37.650256 ] } },
{ "type": "Feature", "properties": { "ID": 720720000763, "正式名称": "医療生協きたかた診療所", "機関区分": 2, "都道府県コード": 7, "市区町村コード": 208, "所在地": "福島県喜多方市字押切東一丁目３３番地", "緯度": 37.657747, "経度": 139.866897, "url": "https://www.iryou.teikyouseido.mhlw.go.jp/znk-web/juminkanja/S2430/initialize?prefCd=07&kikanCd=20720000763&kikanKbn=2", "url2": null, "内容": "医療生協きたかた診療所【2:診療所】【診療科目:0】福島県喜多方市字押切東一丁目３３番地" }, "geometry": { "type": "Point", "coordinates": [ 139.866897, 37.657747 ] } },
{ "type": "Feature", "properties": { "ID": 720720000764, "正式名称": "（医）子博会高橋小児クリニック", "機関区分": 2, "都道府県コード": 7, "市区町村コード": 208, "所在地": "福島県喜多方市関柴町上高額字家ノ北６０５－１", "緯度": 37.645811, "経度": 139.880892, "url": "https://www.iryou.teikyouseido.mhlw.go.jp/znk-web/juminkanja/S2430/initialize?prefCd=07&kikanCd=20720000764&kikanKbn=2", "url2": null, "内容": "（医）子博会高橋小児クリニック【2:診療所】【診療科目:0】福島県喜多方市関柴町上高額字家ノ北６０５－１" }, "geometry": { "type": "Point", "coordinates": [ 139.880892, 37.645811 ] } },
{ "type": "Feature", "properties": { "ID": 720720000767, "正式名称": "内科消化器科みつはし医院", "機関区分": 2, "都道府県コード": 7, "市区町村コード": 208, "所在地": "福島県喜多方市関柴町上高額字広面６８１－１", "緯度": 37.6464, "経度": 139.881117, "url": "https://www.iryou.teikyouseido.mhlw.go.jp/znk-web/juminkanja/S2430/initialize?prefCd=07&kikanCd=20720000767&kikanKbn=2", "url2": null, "内容": "内科消化器科みつはし医院【2:診療所】【診療科目:0】福島県喜多方市関柴町上高額字広面６８１－１" }, "geometry": { "type": "Point", "coordinates": [ 139.881117, 37.6464 ] } },
{ "type": "Feature", "properties": { "ID": 720720000768, "正式名称": "医療法人　いとう眼科", "機関区分": 2, "都道府県コード": 7, "市区町村コード": 208, "所在地": "福島県喜多方市字江中子４１７８番地", "緯度": 37.648819, "経度": 139.880439, "url": "https://www.iryou.teikyouseido.mhlw.go.jp/znk-web/juminkanja/S2430/initialize?prefCd=07&kikanCd=20720000768&kikanKbn=2", "url2": "http://www.ito-eye.jp/", "内容": "医療法人　いとう眼科【2:診療所】【診療科目:0】福島県喜多方市字江中子４１７８番地" }, "geometry": { "type": "Point", "coordinates": [ 139.880439, 37.648819 ] } },
{ "type": "Feature", "properties": { "ID": 720720000770, "正式名称": "あきもと整形外科クリニック", "機関区分": 2, "都道府県コード": 7, "市区町村コード": 208, "所在地": "福島県喜多方市字下川原８２９０－１２", "緯度": 37.644747, "経度": 139.864022, "url": "https://www.iryou.teikyouseido.mhlw.go.jp/znk-web/juminkanja/S2430/initialize?prefCd=07&kikanCd=20720000770&kikanKbn=2", "url2": "http://www.akimoto-clinic.jp", "内容": "あきもと整形外科クリニック【2:診療所】【診療科目:0】福島県喜多方市字下川原８２９０－１２" }, "geometry": { "type": "Point", "coordinates": [ 139.864022, 37.644747 ] } },
{ "type": "Feature", "properties": { "ID": 720720000772, "正式名称": "医療法人くまたクリニック", "機関区分": 2, "都道府県コード": 7, "市区町村コード": 208, "所在地": "福島県喜多方市塩川町字東栄町５丁目５－１１", "緯度": 37.595597, "経度": 139.893456, "url": "https://www.iryou.teikyouseido.mhlw.go.jp/znk-web/juminkanja/S2430/initialize?prefCd=07&kikanCd=20720000772&kikanKbn=2", "url2": null, "内容": "医療法人くまたクリニック【2:診療所】【診療科目:0】福島県喜多方市塩川町字東栄町５丁目５－１１" }, "geometry": { "type": "Point", "coordinates": [ 139.893456, 37.595597 ] } },
{ "type": "Feature", "properties": { "ID": 720720000775, "正式名称": "医療法人社団福寿会武田医院", "機関区分": 2, "都道府県コード": 7, "市区町村コード": 208, "所在地": "福島県喜多方市塩川町字東栄町１丁目３番地６", "緯度": 37.591561, "経度": 139.8904, "url": "https://www.iryou.teikyouseido.mhlw.go.jp/znk-web/juminkanja/S2430/initialize?prefCd=07&kikanCd=20720000775&kikanKbn=2", "url2": null, "内容": "医療法人社団福寿会武田医院【2:診療所】【診療科目:0】福島県喜多方市塩川町字東栄町１丁目３番地６" }, "geometry": { "type": "Point", "coordinates": [ 139.8904, 37.591561 ] } },
{ "type": "Feature", "properties": { "ID": 720720000780, "正式名称": "南東北桧原診療所", "機関区分": 2, "都道府県コード": 7, "市区町村コード": 402, "所在地": "福島県耶麻郡北塩原村大字桧原字道前原１１３１－５４", "緯度": 37.708408, "経度": 140.040378, "url": "https://www.iryou.teikyouseido.mhlw.go.jp/znk-web/juminkanja/S2430/initialize?prefCd=07&kikanCd=20720000780&kikanKbn=2", "url2": null, "内容": "南東北桧原診療所【2:診療所】【診療科目:0】福島県耶麻郡北塩原村大字桧原字道前原１１３１－５４" }, "geometry": { "type": "Point", "coordinates": [ 140.040378, 37.708408 ] } },
{ "type": "Feature", "properties": { "ID": 720720000781, "正式名称": "南東北裏磐梯診療所", "機関区分": 2, "都道府県コード": 7, "市区町村コード": 402, "所在地": "福島県耶麻郡北塩原村大字桧原字剣ヶ峯１０９３番地の７３２", "緯度": 37.658756, "経度": 140.084314, "url": "https://www.iryou.teikyouseido.mhlw.go.jp/znk-web/juminkanja/S2430/initialize?prefCd=07&kikanCd=20720000781&kikanKbn=2", "url2": null, "内容": "南東北裏磐梯診療所【2:診療所】【診療科目:0】福島県耶麻郡北塩原村大字桧原字剣ヶ峯１０９３番地の７３２" }, "geometry": { "type": "Point", "coordinates": [ 140.084314, 37.658756 ] } },
{ "type": "Feature", "properties": { "ID": 720720000783, "正式名称": "西会津町国民健康保険群岡診療所", "機関区分": 2, "都道府県コード": 7, "市区町村コード": 405, "所在地": "福島県耶麻郡西会津町上野尻字西林崎３１３７番地の２０", "緯度": 37.628867, "経度": 139.630289, "url": "https://www.iryou.teikyouseido.mhlw.go.jp/znk-web/juminkanja/S2430/initialize?prefCd=07&kikanCd=20720000783&kikanKbn=2", "url2": null, "内容": "西会津町国民健康保険群岡診療所【2:診療所】【診療科目:0】福島県耶麻郡西会津町上野尻字西林崎３１３７番地の２０" }, "geometry": { "type": "Point", "coordinates": [ 139.630289, 37.628867 ] } },
{ "type": "Feature", "properties": { "ID": 720720000785, "正式名称": "西会津町国民健康保険西会津診療所", "機関区分": 2, "都道府県コード": 7, "市区町村コード": 405, "所在地": "福島県耶麻郡西会津町登世島字田畑乙２０４２－６５", "緯度": 37.597925, "経度": 139.639561, "url": "https://www.iryou.teikyouseido.mhlw.go.jp/znk-web/juminkanja/S2430/initialize?prefCd=07&kikanCd=20720000785&kikanKbn=2", "url2": "www.town.nishiaizu.fukushima.jp", "内容": "西会津町国民健康保険西会津診療所【2:診療所】【診療科目:0】福島県耶麻郡西会津町登世島字田畑乙２０４２－６５" }, "geometry": { "type": "Point", "coordinates": [ 139.639561, 37.597925 ] } },
{ "type": "Feature", "properties": { "ID": 720720000787, "正式名称": "西会津町国民健康保険奥川診療所", "機関区分": 2, "都道府県コード": 7, "市区町村コード": 405, "所在地": "福島県耶麻郡西会津町奥川大字飯里字上ノ原３７番地１", "緯度": 37.687997, "経度": 139.670219, "url": "https://www.iryou.teikyouseido.mhlw.go.jp/znk-web/juminkanja/S2430/initialize?prefCd=07&kikanCd=20720000787&kikanKbn=2", "url2": null, "内容": "西会津町国民健康保険奥川診療所【2:診療所】【診療科目:0】福島県耶麻郡西会津町奥川大字飯里字上ノ原３７番地１" }, "geometry": { "type": "Point", "coordinates": [ 139.670219, 37.687997 ] } },
{ "type": "Feature", "properties": { "ID": 720720000788, "正式名称": "磐梯町医療センター", "機関区分": 2, "都道府県コード": 7, "市区町村コード": 407, "所在地": "福島県耶麻郡磐梯町大字磐梯諏訪山２９２６番地", "緯度": 37.557136, "経度": 139.981228, "url": "https://www.iryou.teikyouseido.mhlw.go.jp/znk-web/juminkanja/S2430/initialize?prefCd=07&kikanCd=20720000788&kikanKbn=2", "url2": "http://www.bandai.gr.jp", "内容": "磐梯町医療センター【2:診療所】【診療科目:0】福島県耶麻郡磐梯町大字磐梯諏訪山２９２６番地" }, "geometry": { "type": "Point", "coordinates": [ 139.981228, 37.557136 ] } },
{ "type": "Feature", "properties": { "ID": 720720000790, "正式名称": "医療法人社団大志会矢吹医院", "機関区分": 2, "都道府県コード": 7, "市区町村コード": 408, "所在地": "福島県耶麻郡猪苗代町字古城町９９－１", "緯度": 37.562611, "経度": 140.106111, "url": "https://www.iryou.teikyouseido.mhlw.go.jp/znk-web/juminkanja/S2430/initialize?prefCd=07&kikanCd=20720000790&kikanKbn=2", "url2": "http://www.yabuki-med.com", "内容": "医療法人社団大志会矢吹医院【2:診療所】【診療科目:0】福島県耶麻郡猪苗代町字古城町９９－１" }, "geometry": { "type": "Point", "coordinates": [ 140.106111, 37.562611 ] } },
{ "type": "Feature", "properties": { "ID": 720720000792, "正式名称": "医療法人社団敬天会　小川医院", "機関区分": 2, "都道府県コード": 7, "市区町村コード": 408, "所在地": "福島県耶麻郡猪苗代町字カキ田３９３", "緯度": 37.559472, "経度": 140.107119, "url": "https://www.iryou.teikyouseido.mhlw.go.jp/znk-web/juminkanja/S2430/initialize?prefCd=07&kikanCd=20720000792&kikanKbn=2", "url2": null, "内容": "医療法人社団敬天会　小川医院【2:診療所】【診療科目:0】福島県耶麻郡猪苗代町字カキ田３９３" }, "geometry": { "type": "Point", "coordinates": [ 140.107119, 37.559472 ] } },
{ "type": "Feature", "properties": { "ID": 720720000797, "正式名称": "かねこ内科・外科クリニック", "機関区分": 2, "都道府県コード": 7, "市区町村コード": 408, "所在地": "福島県耶麻郡猪苗代町大字千代田字油地６２番３", "緯度": 37.553961, "経度": 140.111469, "url": "https://www.iryou.teikyouseido.mhlw.go.jp/znk-web/juminkanja/S2430/initialize?prefCd=07&kikanCd=20720000797&kikanKbn=2", "url2": null, "内容": "かねこ内科・外科クリニック【2:診療所】【診療科目:0】福島県耶麻郡猪苗代町大字千代田字油地６２番３" }, "geometry": { "type": "Point", "coordinates": [ 140.111469, 37.553961 ] } },
{ "type": "Feature", "properties": { "ID": 720720000798, "正式名称": "医療法人　ケアテル　マリアクリニック", "機関区分": 2, "都道府県コード": 7, "市区町村コード": 408, "所在地": "福島県耶麻郡猪苗代町大字川桁字元寺２４０３番地１", "緯度": 37.542119, "経度": 140.153294, "url": "https://www.iryou.teikyouseido.mhlw.go.jp/znk-web/juminkanja/S2430/initialize?prefCd=07&kikanCd=20720000798&kikanKbn=2", "url2": "http://www.caretel.jp/", "内容": "医療法人　ケアテル　マリアクリニック【2:診療所】【診療科目:0】福島県耶麻郡猪苗代町大字川桁字元寺２４０３番地１" }, "geometry": { "type": "Point", "coordinates": [ 140.153294, 37.542119 ] } },
{ "type": "Feature", "properties": { "ID": 720720000803, "正式名称": "渡辺医院", "機関区分": 2, "都道府県コード": 7, "市区町村コード": 421, "所在地": "福島県河沼郡会津坂下町五反田１１８１", "緯度": 37.558542, "経度": 139.824306, "url": "https://www.iryou.teikyouseido.mhlw.go.jp/znk-web/juminkanja/S2430/initialize?prefCd=07&kikanCd=20720000803&kikanKbn=2", "url2": null, "内容": "渡辺医院【2:診療所】【診療科目:0】福島県河沼郡会津坂下町五反田１１８１" }, "geometry": { "type": "Point", "coordinates": [ 139.824306, 37.558542 ] } },
{ "type": "Feature", "properties": { "ID": 720720000805, "正式名称": "医療法人　荒井医院", "機関区分": 2, "都道府県コード": 7, "市区町村コード": 421, "所在地": "福島県河沼郡会津坂下町古市乙１５０", "緯度": 37.560475, "経度": 139.827806, "url": "https://www.iryou.teikyouseido.mhlw.go.jp/znk-web/juminkanja/S2430/initialize?prefCd=07&kikanCd=20720000805&kikanKbn=2", "url2": null, "内容": "医療法人　荒井医院【2:診療所】【診療科目:0】福島県河沼郡会津坂下町古市乙１５０" }, "geometry": { "type": "Point", "coordinates": [ 139.827806, 37.560475 ] } },
{ "type": "Feature", "properties": { "ID": 720720000806, "正式名称": "医療法人　平野医院", "機関区分": 2, "都道府県コード": 7, "市区町村コード": 421, "所在地": "福島県河沼郡会津坂下町字上ノ台乙４３９", "緯度": 37.559741, "経度": 139.830421, "url": "https://www.iryou.teikyouseido.mhlw.go.jp/znk-web/juminkanja/S2430/initialize?prefCd=07&kikanCd=20720000806&kikanKbn=2", "url2": null, "内容": "医療法人　平野医院【2:診療所】【診療科目:0】福島県河沼郡会津坂下町字上ノ台乙４３９" }, "geometry": { "type": "Point", "coordinates": [ 139.830421, 37.559741 ] } },
{ "type": "Feature", "properties": { "ID": 720720000807, "正式名称": "医療法人　清扶会　星医院", "機関区分": 2, "都道府県コード": 7, "市区町村コード": 421, "所在地": "福島県河沼郡会津坂下町字小川原１０５１", "緯度": 37.560519, "経度": 139.824442, "url": "https://www.iryou.teikyouseido.mhlw.go.jp/znk-web/juminkanja/S2430/initialize?prefCd=07&kikanCd=20720000807&kikanKbn=2", "url2": "https://hoshi-iin.jp/", "内容": "医療法人　清扶会　星医院【2:診療所】【診療科目:0】福島県河沼郡会津坂下町字小川原１０５１" }, "geometry": { "type": "Point", "coordinates": [ 139.824442, 37.560519 ] } },
{ "type": "Feature", "properties": { "ID": 720720000811, "正式名称": "柳津町国民健康保険診療所", "機関区分": 2, "都道府県コード": 7, "市区町村コード": 423, "所在地": "福島県河沼郡柳津町大字柳津字龍蔵庵乙５１０番地", "緯度": 37.526297, "経度": 139.717397, "url": "https://www.iryou.teikyouseido.mhlw.go.jp/znk-web/juminkanja/S2430/initialize?prefCd=07&kikanCd=20720000811&kikanKbn=2", "url2": "http://www.town.yanaizu.fukushima.jp/", "内容": "柳津町国民健康保険診療所【2:診療所】【診療科目:0】福島県河沼郡柳津町大字柳津字龍蔵庵乙５１０番地" }, "geometry": { "type": "Point", "coordinates": [ 139.717397, 37.526297 ] } },
{ "type": "Feature", "properties": { "ID": 720720000812, "正式名称": "柳津町国民健康保険診療所　西山出張所", "機関区分": 2, "都道府県コード": 7, "市区町村コード": 423, "所在地": "福島県河沼郡柳津町大字砂子原字居平４０６番地", "緯度": 37.446161, "経度": 139.687858, "url": "https://www.iryou.teikyouseido.mhlw.go.jp/znk-web/juminkanja/S2430/initialize?prefCd=07&kikanCd=20720000812&kikanKbn=2", "url2": "http://www.town.yanaizu.fukushima.jp/", "内容": "柳津町国民健康保険診療所　西山出張所【2:診療所】【診療科目:0】福島県河沼郡柳津町大字砂子原字居平４０６番地" }, "geometry": { "type": "Point", "coordinates": [ 139.687858, 37.446161 ] } },
{ "type": "Feature", "properties": { "ID": 720720000817, "正式名称": "こばやしファミリークリニック", "機関区分": 2, "都道府県コード": 7, "市区町村コード": 447, "所在地": "福島県大沼郡会津美里町字高田道上２８４１－１", "緯度": 37.465067, "経度": 139.844356, "url": "https://www.iryou.teikyouseido.mhlw.go.jp/znk-web/juminkanja/S2430/initialize?prefCd=07&kikanCd=20720000817&kikanKbn=2", "url2": null, "内容": "こばやしファミリークリニック【2:診療所】【診療科目:0】福島県大沼郡会津美里町字高田道上２８４１－１" }, "geometry": { "type": "Point", "coordinates": [ 139.844356, 37.465067 ] } },
{ "type": "Feature", "properties": { "ID": 720720000819, "正式名称": "医療法人吉川医院", "機関区分": 2, "都道府県コード": 7, "市区町村コード": 447, "所在地": "福島県大沼郡会津美里町字瀬戸町甲３２６２", "緯度": 37.453739, "経度": 139.892347, "url": "https://www.iryou.teikyouseido.mhlw.go.jp/znk-web/juminkanja/S2430/initialize?prefCd=07&kikanCd=20720000819&kikanKbn=2", "url2": null, "内容": "医療法人吉川医院【2:診療所】【診療科目:0】福島県大沼郡会津美里町字瀬戸町甲３２６２" }, "geometry": { "type": "Point", "coordinates": [ 139.892347, 37.453739 ] } },
{ "type": "Feature", "properties": { "ID": 720720000824, "正式名称": "もこぬま内科消化器科医院", "機関区分": 2, "都道府県コード": 7, "市区町村コード": 447, "所在地": "福島県大沼郡会津美里町字北川原１３番地１", "緯度": 37.453414, "経度": 139.885586, "url": "https://www.iryou.teikyouseido.mhlw.go.jp/znk-web/juminkanja/S2430/initialize?prefCd=07&kikanCd=20720000824&kikanKbn=2", "url2": "http://www.moko-clinic.com", "内容": "もこぬま内科消化器科医院【2:診療所】【診療科目:0】福島県大沼郡会津美里町字北川原１３番地１" }, "geometry": { "type": "Point", "coordinates": [ 139.885586, 37.453414 ] } },
{ "type": "Feature", "properties": { "ID": 720720000827, "正式名称": "金山町国民健康保険診療所", "機関区分": 2, "都道府県コード": 7, "市区町村コード": 445, "所在地": "福島県大沼郡金山町大字川口字金洗道上１５５８", "緯度": 37.455442, "経度": 139.518047, "url": "https://www.iryou.teikyouseido.mhlw.go.jp/znk-web/juminkanja/S2430/initialize?prefCd=07&kikanCd=20720000827&kikanKbn=2", "url2": "https://www.town.kaneyama.fukushima.jp/soshiki/26.html", "内容": "金山町国民健康保険診療所【2:診療所】【診療科目:0】福島県大沼郡金山町大字川口字金洗道上１５５８" }, "geometry": { "type": "Point", "coordinates": [ 139.518047, 37.455442 ] } },
{ "type": "Feature", "properties": { "ID": 720720000831, "正式名称": "昭和村国民健康保険診療所", "機関区分": 2, "都道府県コード": 7, "市区町村コード": 446, "所在地": "福島県大沼郡昭和村大字小中津川字石仏１８３６番地", "緯度": 37.331756, "経度": 139.617933, "url": "https://www.iryou.teikyouseido.mhlw.go.jp/znk-web/juminkanja/S2430/initialize?prefCd=07&kikanCd=20720000831&kikanKbn=2", "url2": null, "内容": "昭和村国民健康保険診療所【2:診療所】【診療科目:0】福島県大沼郡昭和村大字小中津川字石仏１８３６番地" }, "geometry": { "type": "Point", "coordinates": [ 139.617933, 37.331756 ] } },
{ "type": "Feature", "properties": { "ID": 720720000833, "正式名称": "高橋医院", "機関区分": 2, "都道府県コード": 7, "市区町村コード": 368, "所在地": "福島県南会津郡南会津町田島字中町甲３９０５", "緯度": 37.201219, "経度": 139.77535, "url": "https://www.iryou.teikyouseido.mhlw.go.jp/znk-web/juminkanja/S2430/initialize?prefCd=07&kikanCd=20720000833&kikanKbn=2", "url2": null, "内容": "高橋医院【2:診療所】【診療科目:0】福島県南会津郡南会津町田島字中町甲３９０５" }, "geometry": { "type": "Point", "coordinates": [ 139.77535, 37.201219 ] } },
{ "type": "Feature", "properties": { "ID": 720720000835, "正式名称": "馬場医院", "機関区分": 2, "都道府県コード": 7, "市区町村コード": 368, "所在地": "福島県南会津郡南会津町田島字谷地甲３０", "緯度": 37.201058, "経度": 139.769197, "url": "https://www.iryou.teikyouseido.mhlw.go.jp/znk-web/juminkanja/S2430/initialize?prefCd=07&kikanCd=20720000835&kikanKbn=2", "url2": null, "内容": "馬場医院【2:診療所】【診療科目:0】福島県南会津郡南会津町田島字谷地甲３０" }, "geometry": { "type": "Point", "coordinates": [ 139.769197, 37.201058 ] } },
{ "type": "Feature", "properties": { "ID": 720720000836, "正式名称": "きむらクリニック", "機関区分": 2, "都道府県コード": 7, "市区町村コード": 368, "所在地": "福島県南会津郡南会津町田島字大坪３５－１", "緯度": 37.204667, "経度": 139.774775, "url": "https://www.iryou.teikyouseido.mhlw.go.jp/znk-web/juminkanja/S2430/initialize?prefCd=07&kikanCd=20720000836&kikanKbn=2", "url2": null, "内容": "きむらクリニック【2:診療所】【診療科目:0】福島県南会津郡南会津町田島字大坪３５－１" }, "geometry": { "type": "Point", "coordinates": [ 139.774775, 37.204667 ] } },
{ "type": "Feature", "properties": { "ID": 720720000838, "正式名称": "舘岩愛輝診療所", "機関区分": 2, "都道府県コード": 7, "市区町村コード": 368, "所在地": "福島県南会津郡南会津町湯ノ花６４８番地", "緯度": 37.067542, "経度": 139.5226, "url": "https://www.iryou.teikyouseido.mhlw.go.jp/znk-web/juminkanja/S2430/initialize?prefCd=07&kikanCd=20720000838&kikanKbn=2", "url2": null, "内容": "舘岩愛輝診療所【2:診療所】【診療科目:0】福島県南会津郡南会津町湯ノ花６４８番地" }, "geometry": { "type": "Point", "coordinates": [ 139.5226, 37.067542 ] } },
{ "type": "Feature", "properties": { "ID": 720720000842, "正式名称": "芳賀医院", "機関区分": 2, "都道府県コード": 7, "市区町村コード": 362, "所在地": "福島県南会津郡下郷町大字栄富字南原甲６１９－３", "緯度": 37.258183, "経度": 139.866653, "url": "https://www.iryou.teikyouseido.mhlw.go.jp/znk-web/juminkanja/S2430/initialize?prefCd=07&kikanCd=20720000842&kikanKbn=2", "url2": "https://www.haga-clinic.jp", "内容": "芳賀医院【2:診療所】【診療科目:0】福島県南会津郡下郷町大字栄富字南原甲６１９－３" }, "geometry": { "type": "Point", "coordinates": [ 139.866653, 37.258183 ] } },
{ "type": "Feature", "properties": { "ID": 720720000843, "正式名称": "医療法人　正生会　佐藤医院", "機関区分": 2, "都道府県コード": 7, "市区町村コード": 362, "所在地": "福島県南会津郡下郷町大字塩生字下タ原１３１７", "緯度": 37.250606, "経度": 139.871619, "url": "https://www.iryou.teikyouseido.mhlw.go.jp/znk-web/juminkanja/S2430/initialize?prefCd=07&kikanCd=20720000843&kikanKbn=2", "url2": "http://www.shoseikai.or.jp", "内容": "医療法人　正生会　佐藤医院【2:診療所】【診療科目:0】福島県南会津郡下郷町大字塩生字下タ原１３１７" }, "geometry": { "type": "Point", "coordinates": [ 139.871619, 37.250606 ] } },
{ "type": "Feature", "properties": { "ID": 720720000844, "正式名称": "檜枝岐診療所", "機関区分": 2, "都道府県コード": 7, "市区町村コード": 364, "所在地": "福島県南会津郡檜枝岐村字下ノ台４０１－４", "緯度": 37.020728, "経度": 139.386544, "url": "https://www.iryou.teikyouseido.mhlw.go.jp/znk-web/juminkanja/S2430/initialize?prefCd=07&kikanCd=20720000844&kikanKbn=2", "url2": null, "内容": "檜枝岐診療所【2:診療所】【診療科目:0】福島県南会津郡檜枝岐村字下ノ台４０１－４" }, "geometry": { "type": "Point", "coordinates": [ 139.386544, 37.020728 ] } },
{ "type": "Feature", "properties": { "ID": 720720000845, "正式名称": "只見町国民健康保険朝日診療所", "機関区分": 2, "都道府県コード": 7, "市区町村コード": 367, "所在地": "福島県南会津郡只見町大字長浜字久保田３１番地", "緯度": 37.304014, "経度": 139.375344, "url": "https://www.iryou.teikyouseido.mhlw.go.jp/znk-web/juminkanja/S2430/initialize?prefCd=07&kikanCd=20720000845&kikanKbn=2", "url2": "https://www.town.tadami.lg.jp/asahi_clinic/index.html", "内容": "只見町国民健康保険朝日診療所【2:診療所】【診療科目:0】福島県南会津郡只見町大字長浜字久保田３１番地" }, "geometry": { "type": "Point", "coordinates": [ 139.375344, 37.304014 ] } },
{ "type": "Feature", "properties": { "ID": 720720000854, "正式名称": "小林眼科医院", "機関区分": 2, "都道府県コード": 7, "市区町村コード": 212, "所在地": "福島県南相馬市原町区南町１－１５５", "緯度": 37.638258, "経度": 140.959169, "url": "https://www.iryou.teikyouseido.mhlw.go.jp/znk-web/juminkanja/S2430/initialize?prefCd=07&kikanCd=20720000854&kikanKbn=2", "url2": null, "内容": "小林眼科医院【2:診療所】【診療科目:0】福島県南相馬市原町区南町１－１５５" }, "geometry": { "type": "Point", "coordinates": [ 140.959169, 37.638258 ] } },
{ "type": "Feature", "properties": { "ID": 720720000856, "正式名称": "高野眼科医院", "機関区分": 2, "都道府県コード": 7, "市区町村コード": 212, "所在地": "福島県南相馬市原町区本町２－５６", "緯度": 37.641786, "経度": 140.958256, "url": "https://www.iryou.teikyouseido.mhlw.go.jp/znk-web/juminkanja/S2430/initialize?prefCd=07&kikanCd=20720000856&kikanKbn=2", "url2": null, "内容": "高野眼科医院【2:診療所】【診療科目:0】福島県南相馬市原町区本町２－５６" }, "geometry": { "type": "Point", "coordinates": [ 140.958256, 37.641786 ] } },
{ "type": "Feature", "properties": { "ID": 720720000857, "正式名称": "亘理内科小児科医院", "機関区分": 2, "都道府県コード": 7, "市区町村コード": 212, "所在地": "福島県南相馬市原町区東町３丁目３０番地", "緯度": 37.642258, "経度": 140.965189, "url": "https://www.iryou.teikyouseido.mhlw.go.jp/znk-web/juminkanja/S2430/initialize?prefCd=07&kikanCd=20720000857&kikanKbn=2", "url2": null, "内容": "亘理内科小児科医院【2:診療所】【診療科目:0】福島県南相馬市原町区東町３丁目３０番地" }, "geometry": { "type": "Point", "coordinates": [ 140.965189, 37.642258 ] } },
{ "type": "Feature", "properties": { "ID": 720720000860, "正式名称": "医療法人誠愛会南相馬中央医院", "機関区分": 2, "都道府県コード": 7, "市区町村コード": 212, "所在地": "福島県南相馬市原町区橋本町１―３―２", "緯度": 37.635894, "経度": 140.961642, "url": "https://www.iryou.teikyouseido.mhlw.go.jp/znk-web/juminkanja/S2430/initialize?prefCd=07&kikanCd=20720000860&kikanKbn=2", "url2": "www6.ocn.ne.jp/~syunran/", "内容": "医療法人誠愛会南相馬中央医院【2:診療所】【診療科目:0】福島県南相馬市原町区橋本町１―３―２" }, "geometry": { "type": "Point", "coordinates": [ 140.961642, 37.635894 ] } },
{ "type": "Feature", "properties": { "ID": 720720000863, "正式名称": "大石医院", "機関区分": 2, "都道府県コード": 7, "市区町村コード": 209, "所在地": "福島県相馬市中村大町４７", "緯度": 37.797417, "経度": 140.920028, "url": "https://www.iryou.teikyouseido.mhlw.go.jp/znk-web/juminkanja/S2430/initialize?prefCd=07&kikanCd=20720000863&kikanKbn=2", "url2": null, "内容": "大石医院【2:診療所】【診療科目:0】福島県相馬市中村大町４７" }, "geometry": { "type": "Point", "coordinates": [ 140.920028, 37.797417 ] } },
{ "type": "Feature", "properties": { "ID": 720720000865, "正式名称": "米村胃腸科内科医院", "機関区分": 2, "都道府県コード": 7, "市区町村コード": 209, "所在地": "福島県相馬市中村１－３－１０", "緯度": 37.80265, "経度": 140.922542, "url": "https://www.iryou.teikyouseido.mhlw.go.jp/znk-web/juminkanja/S2430/initialize?prefCd=07&kikanCd=20720000865&kikanKbn=2", "url2": null, "内容": "米村胃腸科内科医院【2:診療所】【診療科目:0】福島県相馬市中村１－３－１０" }, "geometry": { "type": "Point", "coordinates": [ 140.922542, 37.80265 ] } },
{ "type": "Feature", "properties": { "ID": 720720000872, "正式名称": "医療法人　半谷医院", "機関区分": 2, "都道府県コード": 7, "市区町村コード": 212, "所在地": "福島県南相馬市小高区上町２－５０", "緯度": 37.565867, "経度": 140.986903, "url": "https://www.iryou.teikyouseido.mhlw.go.jp/znk-web/juminkanja/S2430/initialize?prefCd=07&kikanCd=20720000872&kikanKbn=2", "url2": "http://hangaicl.byoinnavi.jp/", "内容": "医療法人　半谷医院【2:診療所】【診療科目:0】福島県南相馬市小高区上町２－５０" }, "geometry": { "type": "Point", "coordinates": [ 140.986903, 37.565867 ] } },
{ "type": "Feature", "properties": { "ID": 720720000876, "正式名称": "西潤マタニティクリニック", "機関区分": 2, "都道府県コード": 7, "市区町村コード": 212, "所在地": "福島県南相馬市原町区大町１－９９", "緯度": 37.639542, "経度": 140.960836, "url": "https://www.iryou.teikyouseido.mhlw.go.jp/znk-web/juminkanja/S2430/initialize?prefCd=07&kikanCd=20720000876&kikanKbn=2", "url2": null, "内容": "西潤マタニティクリニック【2:診療所】【診療科目:0】福島県南相馬市原町区大町１－９９" }, "geometry": { "type": "Point", "coordinates": [ 140.960836, 37.639542 ] } },
{ "type": "Feature", "properties": { "ID": 720720000878, "正式名称": "志賀医院", "機関区分": 2, "都道府県コード": 7, "市区町村コード": 212, "所在地": "福島県南相馬市原町区国見町２丁目６４", "緯度": 37.629708, "経度": 140.952958, "url": "https://www.iryou.teikyouseido.mhlw.go.jp/znk-web/juminkanja/S2430/initialize?prefCd=07&kikanCd=20720000878&kikanKbn=2", "url2": null, "内容": "志賀医院【2:診療所】【診療科目:0】福島県南相馬市原町区国見町２丁目６４" }, "geometry": { "type": "Point", "coordinates": [ 140.952958, 37.629708 ] } },
{ "type": "Feature", "properties": { "ID": 720720000879, "正式名称": "ふりど循環器科", "機関区分": 2, "都道府県コード": 7, "市区町村コード": 212, "所在地": "福島県南相馬市原町区上渋佐原田２３８", "緯度": 37.636817, "経度": 140.994789, "url": "https://www.iryou.teikyouseido.mhlw.go.jp/znk-web/juminkanja/S2430/initialize?prefCd=07&kikanCd=20720000879&kikanKbn=2", "url2": null, "内容": "ふりど循環器科【2:診療所】【診療科目:0】福島県南相馬市原町区上渋佐原田２３８" }, "geometry": { "type": "Point", "coordinates": [ 140.994789, 37.636817 ] } },
{ "type": "Feature", "properties": { "ID": 720720000880, "正式名称": "みみはなのど荒川クリニック", "機関区分": 2, "都道府県コード": 7, "市区町村コード": 209, "所在地": "福島県相馬市中村字荒井町３４", "緯度": 37.802506, "経度": 140.921114, "url": "https://www.iryou.teikyouseido.mhlw.go.jp/znk-web/juminkanja/S2430/initialize?prefCd=07&kikanCd=20720000880&kikanKbn=2", "url2": null, "内容": "みみはなのど荒川クリニック【2:診療所】【診療科目:0】福島県相馬市中村字荒井町３４" }, "geometry": { "type": "Point", "coordinates": [ 140.921114, 37.802506 ] } },
{ "type": "Feature", "properties": { "ID": 720720000881, "正式名称": "相双眼科医院", "機関区分": 2, "都道府県コード": 7, "市区町村コード": 209, "所在地": "福島県相馬市中村字川沼２３５", "緯度": 37.804133, "経度": 140.915325, "url": "https://www.iryou.teikyouseido.mhlw.go.jp/znk-web/juminkanja/S2430/initialize?prefCd=07&kikanCd=20720000881&kikanKbn=2", "url2": null, "内容": "相双眼科医院【2:診療所】【診療科目:0】福島県相馬市中村字川沼２３５" }, "geometry": { "type": "Point", "coordinates": [ 140.915325, 37.804133 ] } },
{ "type": "Feature", "properties": { "ID": 720720000884, "正式名称": "医療法人　杉本医院", "機関区分": 2, "都道府県コード": 7, "市区町村コード": 209, "所在地": "福島県相馬市小泉字高池６４８－５", "緯度": 37.808819, "経度": 140.921853, "url": "https://www.iryou.teikyouseido.mhlw.go.jp/znk-web/juminkanja/S2430/initialize?prefCd=07&kikanCd=20720000884&kikanKbn=2", "url2": null, "内容": "医療法人　杉本医院【2:診療所】【診療科目:0】福島県相馬市小泉字高池６４８－５" }, "geometry": { "type": "Point", "coordinates": [ 140.921853, 37.808819 ] } },
{ "type": "Feature", "properties": { "ID": 720720000886, "正式名称": "医療法人　石原クリニック", "機関区分": 2, "都道府県コード": 7, "市区町村コード": 212, "所在地": "福島県南相馬市原町区南町４丁目２５－５", "緯度": 37.629989, "経度": 140.958511, "url": "https://www.iryou.teikyouseido.mhlw.go.jp/znk-web/juminkanja/S2430/initialize?prefCd=07&kikanCd=20720000886&kikanKbn=2", "url2": null, "内容": "医療法人　石原クリニック【2:診療所】【診療科目:0】福島県南相馬市原町区南町４丁目２５－５" }, "geometry": { "type": "Point", "coordinates": [ 140.958511, 37.629989 ] } },
{ "type": "Feature", "properties": { "ID": 720720000888, "正式名称": "ひかりクリニック", "機関区分": 2, "都道府県コード": 7, "市区町村コード": 209, "所在地": "福島県相馬市中村字桜ヶ丘１５１－２", "緯度": 37.802342, "経度": 140.917272, "url": "https://www.iryou.teikyouseido.mhlw.go.jp/znk-web/juminkanja/S2430/initialize?prefCd=07&kikanCd=20720000888&kikanKbn=2", "url2": null, "内容": "ひかりクリニック【2:診療所】【診療科目:0】福島県相馬市中村字桜ヶ丘１５１－２" }, "geometry": { "type": "Point", "coordinates": [ 140.917272, 37.802342 ] } },
{ "type": "Feature", "properties": { "ID": 720720000890, "正式名称": "医療法人　田村内科医院", "機関区分": 2, "都道府県コード": 7, "市区町村コード": 212, "所在地": "福島県南相馬市鹿島区横手字町田４６", "緯度": 37.711503, "経度": 140.961697, "url": "https://www.iryou.teikyouseido.mhlw.go.jp/znk-web/juminkanja/S2430/initialize?prefCd=07&kikanCd=20720000890&kikanKbn=2", "url2": null, "内容": "医療法人　田村内科医院【2:診療所】【診療科目:0】福島県南相馬市鹿島区横手字町田４６" }, "geometry": { "type": "Point", "coordinates": [ 140.961697, 37.711503 ] } },
{ "type": "Feature", "properties": { "ID": 720720000891, "正式名称": "馬場医院", "機関区分": 2, "都道府県コード": 7, "市区町村コード": 541, "所在地": "福島県双葉郡広野町下浅見川字広長１００－６", "緯度": 37.210864, "経度": 140.997006, "url": "https://www.iryou.teikyouseido.mhlw.go.jp/znk-web/juminkanja/S2430/initialize?prefCd=07&kikanCd=20720000891&kikanKbn=2", "url2": null, "内容": "馬場医院【2:診療所】【診療科目:0】福島県双葉郡広野町下浅見川字広長１００－６" }, "geometry": { "type": "Point", "coordinates": [ 140.997006, 37.210864 ] } },
{ "type": "Feature", "properties": { "ID": 720720000910, "正式名称": "ふなばし内科クリニック", "機関区分": 2, "都道府県コード": 7, "市区町村コード": 209, "所在地": "福島県相馬市中村字塚田２８－８", "緯度": 37.803658, "経度": 140.911667, "url": "https://www.iryou.teikyouseido.mhlw.go.jp/znk-web/juminkanja/S2430/initialize?prefCd=07&kikanCd=20720000910&kikanKbn=2", "url2": null, "内容": "ふなばし内科クリニック【2:診療所】【診療科目:0】福島県相馬市中村字塚田２８－８" }, "geometry": { "type": "Point", "coordinates": [ 140.911667, 37.803658 ] } },
{ "type": "Feature", "properties": { "ID": 720720000912, "正式名称": "医療法人桃蹊会　菅野医院", "機関区分": 2, "都道府県コード": 7, "市区町村コード": 561, "所在地": "福島県相馬郡新地町谷地小屋字萩崎６１－１", "緯度": 37.875567, "経度": 140.920744, "url": "https://www.iryou.teikyouseido.mhlw.go.jp/znk-web/juminkanja/S2430/initialize?prefCd=07&kikanCd=20720000912&kikanKbn=2", "url2": "http://kanno-clinic.jp", "内容": "医療法人桃蹊会　菅野医院【2:診療所】【診療科目:0】福島県相馬郡新地町谷地小屋字萩崎６１－１" }, "geometry": { "type": "Point", "coordinates": [ 140.920744, 37.875567 ] } },
{ "type": "Feature", "properties": { "ID": 720720000916, "正式名称": "医療法人　マルイ眼科", "機関区分": 2, "都道府県コード": 7, "市区町村コード": 212, "所在地": "福島県南相馬市原町区本陣前一丁目８３の３", "緯度": 37.626717, "経度": 140.956883, "url": "https://www.iryou.teikyouseido.mhlw.go.jp/znk-web/juminkanja/S2430/initialize?prefCd=07&kikanCd=20720000916&kikanKbn=2", "url2": "https://1544819658.jimdofree.com/", "内容": "医療法人　マルイ眼科【2:診療所】【診療科目:0】福島県南相馬市原町区本陣前一丁目８３の３" }, "geometry": { "type": "Point", "coordinates": [ 140.956883, 37.626717 ] } },
{ "type": "Feature", "properties": { "ID": 720720000917, "正式名称": "若盛耳鼻咽喉科医院", "機関区分": 2, "都道府県コード": 7, "市区町村コード": 212, "所在地": "福島県南相馬市原町区二見町一丁目４３", "緯度": 37.635375, "経度": 140.96685, "url": "https://www.iryou.teikyouseido.mhlw.go.jp/znk-web/juminkanja/S2430/initialize?prefCd=07&kikanCd=20720000917&kikanKbn=2", "url2": null, "内容": "若盛耳鼻咽喉科医院【2:診療所】【診療科目:0】福島県南相馬市原町区二見町一丁目４３" }, "geometry": { "type": "Point", "coordinates": [ 140.96685, 37.635375 ] } },
{ "type": "Feature", "properties": { "ID": 720720000918, "正式名称": "医療法人　羽根田医院", "機関区分": 2, "都道府県コード": 7, "市区町村コード": 209, "所在地": "福島県相馬市沖の内二丁目１１－１", "緯度": 37.806869, "経度": 140.930889, "url": "https://www.iryou.teikyouseido.mhlw.go.jp/znk-web/juminkanja/S2430/initialize?prefCd=07&kikanCd=20720000918&kikanKbn=2", "url2": "www.haneda-cl.jp", "内容": "医療法人　羽根田医院【2:診療所】【診療科目:0】福島県相馬市沖の内二丁目１１－１" }, "geometry": { "type": "Point", "coordinates": [ 140.930889, 37.806869 ] } },
{ "type": "Feature", "properties": { "ID": 720720000919, "正式名称": "川内村国民健康保険診療所", "機関区分": 2, "都道府県コード": 7, "市区町村コード": 544, "所在地": "福島県双葉郡川内村大字下川内字坂シ内１３３－５", "緯度": 37.332039, "経度": 140.837931, "url": "https://www.iryou.teikyouseido.mhlw.go.jp/znk-web/juminkanja/S2430/initialize?prefCd=07&kikanCd=20720000919&kikanKbn=2", "url2": "https://www.kawauchimura.jp/kurashi/shinryojo-kyujitsutoban/page000151.html", "内容": "川内村国民健康保険診療所【2:診療所】【診療科目:0】福島県双葉郡川内村大字下川内字坂シ内１３３－５" }, "geometry": { "type": "Point", "coordinates": [ 140.837931, 37.332039 ] } },
{ "type": "Feature", "properties": { "ID": 720720000920, "正式名称": "駒場内科医院", "機関区分": 2, "都道府県コード": 7, "市区町村コード": 212, "所在地": "福島県南相馬市原町区三島町２丁目２０２－１", "緯度": 37.638472, "経度": 140.955206, "url": "https://www.iryou.teikyouseido.mhlw.go.jp/znk-web/juminkanja/S2430/initialize?prefCd=07&kikanCd=20720000920&kikanKbn=2", "url2": "https://www.komabanaika.com", "内容": "駒場内科医院【2:診療所】【診療科目:0】福島県南相馬市原町区三島町２丁目２０２－１" }, "geometry": { "type": "Point", "coordinates": [ 140.955206, 37.638472 ] } },
{ "type": "Feature", "properties": { "ID": 720720000922, "正式名称": "八巻クリニック", "機関区分": 2, "都道府県コード": 7, "市区町村コード": 209, "所在地": "福島県相馬市中村一丁目８－９", "緯度": 37.800914, "経度": 140.925381, "url": "https://www.iryou.teikyouseido.mhlw.go.jp/znk-web/juminkanja/S2430/initialize?prefCd=07&kikanCd=20720000922&kikanKbn=2", "url2": null, "内容": "八巻クリニック【2:診療所】【診療科目:0】福島県相馬市中村一丁目８－９" }, "geometry": { "type": "Point", "coordinates": [ 140.925381, 37.800914 ] } },
{ "type": "Feature", "properties": { "ID": 720720000923, "正式名称": "レディースクリニックはらまち", "機関区分": 2, "都道府県コード": 7, "市区町村コード": 212, "所在地": "福島県南相馬市原町区西町２丁目７１－１", "緯度": 37.634931, "経度": 140.952742, "url": "https://www.iryou.teikyouseido.mhlw.go.jp/znk-web/juminkanja/S2430/initialize?prefCd=07&kikanCd=20720000923&kikanKbn=2", "url2": null, "内容": "レディースクリニックはらまち【2:診療所】【診療科目:0】福島県南相馬市原町区西町２丁目７１－１" }, "geometry": { "type": "Point", "coordinates": [ 140.952742, 37.634931 ] } },
{ "type": "Feature", "properties": { "ID": 720720000924, "正式名称": "こいずみクリニック", "機関区分": 2, "都道府県コード": 7, "市区町村コード": 212, "所在地": "福島県南相馬市原町区大町３－７７", "緯度": 37.638981, "経度": 140.968281, "url": "https://www.iryou.teikyouseido.mhlw.go.jp/znk-web/juminkanja/S2430/initialize?prefCd=07&kikanCd=20720000924&kikanKbn=2", "url2": null, "内容": "こいずみクリニック【2:診療所】【診療科目:0】福島県南相馬市原町区大町３－７７" }, "geometry": { "type": "Point", "coordinates": [ 140.968281, 37.638981 ] } },
{ "type": "Feature", "properties": { "ID": 720720000925, "正式名称": "阿部クリニック", "機関区分": 2, "都道府県コード": 7, "市区町村コード": 209, "所在地": "福島県相馬市中村１丁目１４－２", "緯度": 37.801378, "経度": 140.924661, "url": "https://www.iryou.teikyouseido.mhlw.go.jp/znk-web/juminkanja/S2430/initialize?prefCd=07&kikanCd=20720000925&kikanKbn=2", "url2": "https://www.soma-abe.jp/home", "内容": "阿部クリニック【2:診療所】【診療科目:0】福島県相馬市中村１丁目１４－２" }, "geometry": { "type": "Point", "coordinates": [ 140.924661, 37.801378 ] } },
{ "type": "Feature", "properties": { "ID": 720720000927, "正式名称": "やまぐち小児科医院", "機関区分": 2, "都道府県コード": 7, "市区町村コード": 209, "所在地": "福島県相馬市中村１丁目３－２７", "緯度": 37.802689, "経度": 140.922717, "url": "https://www.iryou.teikyouseido.mhlw.go.jp/znk-web/juminkanja/S2430/initialize?prefCd=07&kikanCd=20720000927&kikanKbn=2", "url2": null, "内容": "やまぐち小児科医院【2:診療所】【診療科目:0】福島県相馬市中村１丁目３－２７" }, "geometry": { "type": "Point", "coordinates": [ 140.922717, 37.802689 ] } },
{ "type": "Feature", "properties": { "ID": 720720000932, "正式名称": "はらまち心療内科クリニック", "機関区分": 2, "都道府県コード": 7, "市区町村コード": 212, "所在地": "福島県南相馬市原町区旭町４－１７－１", "緯度": 37.635744, "経度": 140.972572, "url": "https://www.iryou.teikyouseido.mhlw.go.jp/znk-web/juminkanja/S2430/initialize?prefCd=07&kikanCd=20720000932&kikanKbn=2", "url2": "http://nttbj.itp.ne.jp/0244231134/index.html", "内容": "はらまち心療内科クリニック【2:診療所】【診療科目:0】福島県南相馬市原町区旭町４－１７－１" }, "geometry": { "type": "Point", "coordinates": [ 140.972572, 37.635744 ] } },
{ "type": "Feature", "properties": { "ID": 720720000935, "正式名称": "しんどうクリニック", "機関区分": 2, "都道府県コード": 7, "市区町村コード": 212, "所在地": "福島県南相馬市原町区大木戸字松島３１８－１４", "緯度": 37.624931, "経度": 140.943861, "url": "https://www.iryou.teikyouseido.mhlw.go.jp/znk-web/juminkanja/S2430/initialize?prefCd=07&kikanCd=20720000935&kikanKbn=2", "url2": null, "内容": "しんどうクリニック【2:診療所】【診療科目:0】福島県南相馬市原町区大木戸字松島３１８－１４" }, "geometry": { "type": "Point", "coordinates": [ 140.943861, 37.624931 ] } },
{ "type": "Feature", "properties": { "ID": 720720000936, "正式名称": "医療法人　緑樹会　早川医院", "機関区分": 2, "都道府県コード": 7, "市区町村コード": 209, "所在地": "福島県相馬市中村字泉町９－１", "緯度": 37.805764, "経度": 140.923322, "url": "https://www.iryou.teikyouseido.mhlw.go.jp/znk-web/juminkanja/S2430/initialize?prefCd=07&kikanCd=20720000936&kikanKbn=2", "url2": null, "内容": "医療法人　緑樹会　早川医院【2:診療所】【診療科目:0】福島県相馬市中村字泉町９－１" }, "geometry": { "type": "Point", "coordinates": [ 140.923322, 37.805764 ] } },
{ "type": "Feature", "properties": { "ID": 720720000937, "正式名称": "桜ヶ丘さいとう整形外科", "機関区分": 2, "都道府県コード": 7, "市区町村コード": 209, "所在地": "福島県相馬市中村字桜ヶ丘２０８", "緯度": 37.802403, "経度": 140.913614, "url": "https://www.iryou.teikyouseido.mhlw.go.jp/znk-web/juminkanja/S2430/initialize?prefCd=07&kikanCd=20720000937&kikanKbn=2", "url2": "http://nttbj.itp.ne.jp/0244351333/index.html", "内容": "桜ヶ丘さいとう整形外科【2:診療所】【診療科目:0】福島県相馬市中村字桜ヶ丘２０８" }, "geometry": { "type": "Point", "coordinates": [ 140.913614, 37.802403 ] } },
{ "type": "Feature", "properties": { "ID": 720720000938, "正式名称": "ときクリニック", "機関区分": 2, "都道府県コード": 7, "市区町村コード": 542, "所在地": "福島県双葉郡楢葉町大字下小塙字佐野３－９", "緯度": 37.26115, "経度": 140.998956, "url": "https://www.iryou.teikyouseido.mhlw.go.jp/znk-web/juminkanja/S2430/initialize?prefCd=07&kikanCd=20720000938&kikanKbn=2", "url2": null, "内容": "ときクリニック【2:診療所】【診療科目:0】福島県双葉郡楢葉町大字下小塙字佐野３－９" }, "geometry": { "type": "Point", "coordinates": [ 140.998956, 37.26115 ] } },
{ "type": "Feature", "properties": { "ID": 720720000941, "正式名称": "ひぐちクリニック", "機関区分": 2, "都道府県コード": 7, "市区町村コード": 212, "所在地": "福島県南相馬市原町区日の出町１２５－２", "緯度": 37.632511, "経度": 140.982786, "url": "https://www.iryou.teikyouseido.mhlw.go.jp/znk-web/juminkanja/S2430/initialize?prefCd=07&kikanCd=20720000941&kikanKbn=2", "url2": null, "内容": "ひぐちクリニック【2:診療所】【診療科目:0】福島県南相馬市原町区日の出町１２５－２" }, "geometry": { "type": "Point", "coordinates": [ 140.982786, 37.632511 ] } },
{ "type": "Feature", "properties": { "ID": 720720000942, "正式名称": "ときわ整形外科", "機関区分": 2, "都道府県コード": 7, "市区町村コード": 212, "所在地": "福島県南相馬市原町区大木戸字松島３０４－２６", "緯度": 37.626319, "経度": 140.94105, "url": "https://www.iryou.teikyouseido.mhlw.go.jp/znk-web/juminkanja/S2430/initialize?prefCd=07&kikanCd=20720000942&kikanKbn=2", "url2": null, "内容": "ときわ整形外科【2:診療所】【診療科目:0】福島県南相馬市原町区大木戸字松島３０４－２６" }, "geometry": { "type": "Point", "coordinates": [ 140.94105, 37.626319 ] } },
{ "type": "Feature", "properties": { "ID": 720720000947, "正式名称": "みずこし眼科クリニック", "機関区分": 2, "都道府県コード": 7, "市区町村コード": 209, "所在地": "福島県相馬市中村字宇多川町１３－８", "緯度": 37.796692, "経度": 140.923583, "url": "https://www.iryou.teikyouseido.mhlw.go.jp/znk-web/juminkanja/S2430/initialize?prefCd=07&kikanCd=20720000947&kikanKbn=2", "url2": null, "内容": "みずこし眼科クリニック【2:診療所】【診療科目:0】福島県相馬市中村字宇多川町１３－８" }, "geometry": { "type": "Point", "coordinates": [ 140.923583, 37.796692 ] } },
{ "type": "Feature", "properties": { "ID": 720720000950, "正式名称": "もんま整形外科医院", "機関区分": 2, "都道府県コード": 7, "市区町村コード": 212, "所在地": "福島県南相馬市小高区大町１丁目４０－１", "緯度": 37.563892, "経度": 140.989656, "url": "https://www.iryou.teikyouseido.mhlw.go.jp/znk-web/juminkanja/S2430/initialize?prefCd=07&kikanCd=20720000950&kikanKbn=2", "url2": null, "内容": "もんま整形外科医院【2:診療所】【診療科目:0】福島県南相馬市小高区大町１丁目４０－１" }, "geometry": { "type": "Point", "coordinates": [ 140.989656, 37.563892 ] } },
{ "type": "Feature", "properties": { "ID": 720720000951, "正式名称": "わたなべ胃腸内科", "機関区分": 2, "都道府県コード": 7, "市区町村コード": 209, "所在地": "福島県相馬市大曲字大毛内７７－１", "緯度": 37.792994, "経度": 140.932958, "url": "https://www.iryou.teikyouseido.mhlw.go.jp/znk-web/juminkanja/S2430/initialize?prefCd=07&kikanCd=20720000951&kikanKbn=2", "url2": null, "内容": "わたなべ胃腸内科【2:診療所】【診療科目:0】福島県相馬市大曲字大毛内７７－１" }, "geometry": { "type": "Point", "coordinates": [ 140.932958, 37.792994 ] } },
{ "type": "Feature", "properties": { "ID": 720720000952, "正式名称": "医療法人おのだ内科クリニック", "機関区分": 2, "都道府県コード": 7, "市区町村コード": 212, "所在地": "福島県南相馬市原町区大町１－３", "緯度": 37.6395, "経度": 140.96445, "url": "https://www.iryou.teikyouseido.mhlw.go.jp/znk-web/juminkanja/S2430/initialize?prefCd=07&kikanCd=20720000952&kikanKbn=2", "url2": null, "内容": "医療法人おのだ内科クリニック【2:診療所】【診療科目:0】福島県南相馬市原町区大町１－３" }, "geometry": { "type": "Point", "coordinates": [ 140.96445, 37.6395 ] } },
{ "type": "Feature", "properties": { "ID": 720720000953, "正式名称": "すぎやまこどもクリニック", "機関区分": 2, "都道府県コード": 7, "市区町村コード": 209, "所在地": "福島県相馬市大曲字大毛内５１－１", "緯度": 37.793103, "経度": 140.931192, "url": "https://www.iryou.teikyouseido.mhlw.go.jp/znk-web/juminkanja/S2430/initialize?prefCd=07&kikanCd=20720000953&kikanKbn=2", "url2": "https://sugiyama-kodomo.com/", "内容": "すぎやまこどもクリニック【2:診療所】【診療科目:0】福島県相馬市大曲字大毛内５１－１" }, "geometry": { "type": "Point", "coordinates": [ 140.931192, 37.793103 ] } },
{ "type": "Feature", "properties": { "ID": 720720000955, "正式名称": "うめだ腎泌尿器科", "機関区分": 2, "都道府県コード": 7, "市区町村コード": 212, "所在地": "福島県南相馬市原町区上町３丁目１２－１", "緯度": 37.629792, "経度": 140.949392, "url": "https://www.iryou.teikyouseido.mhlw.go.jp/znk-web/juminkanja/S2430/initialize?prefCd=07&kikanCd=20720000955&kikanKbn=2", "url2": "https://umedajinhinyoukika.wixsite.com/mysite", "内容": "うめだ腎泌尿器科【2:診療所】【診療科目:0】福島県南相馬市原町区上町３丁目１２－１" }, "geometry": { "type": "Point", "coordinates": [ 140.949392, 37.629792 ] } },
{ "type": "Feature", "properties": { "ID": 720720000995, "正式名称": "鈴木医院　鈴木進一", "機関区分": 2, "都道府県コード": 7, "市区町村コード": 203, "所在地": "福島県郡山市富久山町福原字鎌田２４－８", "緯度": 37.418311, "経度": 140.392417, "url": "https://www.iryou.teikyouseido.mhlw.go.jp/znk-web/juminkanja/S2430/initialize?prefCd=07&kikanCd=20720000995&kikanKbn=2", "url2": "https://suzukiclinic-fukuyama.com/", "内容": "鈴木医院　鈴木進一【2:診療所】【診療科目:0】福島県郡山市富久山町福原字鎌田２４－８" }, "geometry": { "type": "Point", "coordinates": [ 140.392417, 37.418311 ] } },
{ "type": "Feature", "properties": { "ID": 720720000997, "正式名称": "三浦医院", "機関区分": 2, "都道府県コード": 7, "市区町村コード": 203, "所在地": "福島県郡山市駅前２－７－４", "緯度": 37.399297, "経度": 140.386103, "url": "https://www.iryou.teikyouseido.mhlw.go.jp/znk-web/juminkanja/S2430/initialize?prefCd=07&kikanCd=20720000997&kikanKbn=2", "url2": null, "内容": "三浦医院【2:診療所】【診療科目:0】福島県郡山市駅前２－７－４" }, "geometry": { "type": "Point", "coordinates": [ 140.386103, 37.399297 ] } },
{ "type": "Feature", "properties": { "ID": 720720001003, "正式名称": "増戸医院", "機関区分": 2, "都道府県コード": 7, "市区町村コード": 203, "所在地": "福島県郡山市逢瀬町多田野字久保田１０－１", "緯度": 37.396453, "経度": 140.273386, "url": "https://www.iryou.teikyouseido.mhlw.go.jp/znk-web/juminkanja/S2430/initialize?prefCd=07&kikanCd=20720001003&kikanKbn=2", "url2": "http://www.mashito-iin.com", "内容": "増戸医院【2:診療所】【診療科目:0】福島県郡山市逢瀬町多田野字久保田１０－１" }, "geometry": { "type": "Point", "coordinates": [ 140.273386, 37.396453 ] } },
{ "type": "Feature", "properties": { "ID": 720720001016, "正式名称": "医療法人　仁寿会　菊池医院", "機関区分": 2, "都道府県コード": 7, "市区町村コード": 203, "所在地": "福島県郡山市本町一丁目１３番１７号", "緯度": 37.393831, "経度": 140.383467, "url": "https://www.iryou.teikyouseido.mhlw.go.jp/znk-web/juminkanja/S2430/initialize?prefCd=07&kikanCd=20720001016&kikanKbn=2", "url2": "jinjukai-kikuchi.or.jp", "内容": "医療法人　仁寿会　菊池医院【2:診療所】【診療科目:0】福島県郡山市本町一丁目１３番１７号" }, "geometry": { "type": "Point", "coordinates": [ 140.383467, 37.393831 ] } },
{ "type": "Feature", "properties": { "ID": 720720001017, "正式名称": "医療法人慈繁会　付属　田村診療所", "機関区分": 2, "都道府県コード": 7, "市区町村コード": 203, "所在地": "福島県郡山市田村町岩作字穂多礼２１８", "緯度": 37.321961, "経度": 140.415169, "url": "https://www.iryou.teikyouseido.mhlw.go.jp/znk-web/juminkanja/S2430/initialize?prefCd=07&kikanCd=20720001017&kikanKbn=2", "url2": "https://jihankai.jp/tamura/", "内容": "医療法人慈繁会　付属　田村診療所【2:診療所】【診療科目:0】福島県郡山市田村町岩作字穂多礼２１８" }, "geometry": { "type": "Point", "coordinates": [ 140.415169, 37.321961 ] } },
{ "type": "Feature", "properties": { "ID": 720720001018, "正式名称": "佐藤眼科医院", "機関区分": 2, "都道府県コード": 7, "市区町村コード": 203, "所在地": "福島県郡山市安積町長久保３－１５－１２", "緯度": 37.357592, "経度": 140.359622, "url": "https://www.iryou.teikyouseido.mhlw.go.jp/znk-web/juminkanja/S2430/initialize?prefCd=07&kikanCd=20720001018&kikanKbn=2", "url2": null, "内容": "佐藤眼科医院【2:診療所】【診療科目:0】福島県郡山市安積町長久保３－１５－１２" }, "geometry": { "type": "Point", "coordinates": [ 140.359622, 37.357592 ] } },
{ "type": "Feature", "properties": { "ID": 720720001019, "正式名称": "三央医院", "機関区分": 2, "都道府県コード": 7, "市区町村コード": 203, "所在地": "福島県郡山市土瓜１丁目１８５", "緯度": 37.400664, "経度": 140.330011, "url": "https://www.iryou.teikyouseido.mhlw.go.jp/znk-web/juminkanja/S2430/initialize?prefCd=07&kikanCd=20720001019&kikanKbn=2", "url2": null, "内容": "三央医院【2:診療所】【診療科目:0】福島県郡山市土瓜１丁目１８５" }, "geometry": { "type": "Point", "coordinates": [ 140.330011, 37.400664 ] } },
{ "type": "Feature", "properties": { "ID": 720720001021, "正式名称": "医療法人　宮田泌尿器科", "機関区分": 2, "都道府県コード": 7, "市区町村コード": 203, "所在地": "福島県郡山市安積町長久保１－４－２", "緯度": 37.359331, "経度": 140.362906, "url": "https://www.iryou.teikyouseido.mhlw.go.jp/znk-web/juminkanja/S2430/initialize?prefCd=07&kikanCd=20720001021&kikanKbn=2", "url2": "https://www.miyata-hinyoukika.jp/", "内容": "医療法人　宮田泌尿器科【2:診療所】【診療科目:0】福島県郡山市安積町長久保１－４－２" }, "geometry": { "type": "Point", "coordinates": [ 140.362906, 37.359331 ] } },
{ "type": "Feature", "properties": { "ID": 720720001024, "正式名称": "医療法人チルドレンクリニック", "機関区分": 2, "都道府県コード": 7, "市区町村コード": 203, "所在地": "福島県郡山市大槻町二本木１２－１", "緯度": 37.392803, "経度": 140.322111, "url": "https://www.iryou.teikyouseido.mhlw.go.jp/znk-web/juminkanja/S2430/initialize?prefCd=07&kikanCd=20720001024&kikanKbn=2", "url2": "http://homepage2.nifty.com/children-clinic", "内容": "医療法人チルドレンクリニック【2:診療所】【診療科目:0】福島県郡山市大槻町二本木１２－１" }, "geometry": { "type": "Point", "coordinates": [ 140.322111, 37.392803 ] } },
{ "type": "Feature", "properties": { "ID": 720720001027, "正式名称": "医療法人　佐々木医院", "機関区分": 2, "都道府県コード": 7, "市区町村コード": 203, "所在地": "福島県郡山市町東一丁目１９６番地", "緯度": 37.421631, "経度": 140.351422, "url": "https://www.iryou.teikyouseido.mhlw.go.jp/znk-web/juminkanja/S2430/initialize?prefCd=07&kikanCd=20720001027&kikanKbn=2", "url2": null, "内容": "医療法人　佐々木医院【2:診療所】【診療科目:0】福島県郡山市町東一丁目１９６番地" }, "geometry": { "type": "Point", "coordinates": [ 140.351422, 37.421631 ] } },
{ "type": "Feature", "properties": { "ID": 720720001029, "正式名称": "医療法人　侑心会　小玉耳鼻咽喉科", "機関区分": 2, "都道府県コード": 7, "市区町村コード": 203, "所在地": "福島県郡山市中野１－２３", "緯度": 37.39305, "経度": 140.332442, "url": "https://www.iryou.teikyouseido.mhlw.go.jp/znk-web/juminkanja/S2430/initialize?prefCd=07&kikanCd=20720001029&kikanKbn=2", "url2": null, "内容": "医療法人　侑心会　小玉耳鼻咽喉科【2:診療所】【診療科目:0】福島県郡山市中野１－２３" }, "geometry": { "type": "Point", "coordinates": [ 140.332442, 37.39305 ] } },
{ "type": "Feature", "properties": { "ID": 720720001031, "正式名称": "岡崎バースクリニック", "機関区分": 2, "都道府県コード": 7, "市区町村コード": 203, "所在地": "福島県郡山市安積２－３３５", "緯度": 37.358962, "経度": 140.364114, "url": "https://www.iryou.teikyouseido.mhlw.go.jp/znk-web/juminkanja/S2430/initialize?prefCd=07&kikanCd=20720001031&kikanKbn=2", "url2": "http://www.okazaki.or.jp", "内容": "岡崎バースクリニック【2:診療所】【診療科目:0】福島県郡山市安積２－３３５" }, "geometry": { "type": "Point", "coordinates": [ 140.364114, 37.358962 ] } },
{ "type": "Feature", "properties": { "ID": 720720001035, "正式名称": "医）桜井産婦人科医院", "機関区分": 2, "都道府県コード": 7, "市区町村コード": 203, "所在地": "福島県郡山市虎丸町２３－１８", "緯度": 37.398336, "経度": 140.377933, "url": "https://www.iryou.teikyouseido.mhlw.go.jp/znk-web/juminkanja/S2430/initialize?prefCd=07&kikanCd=20720001035&kikanKbn=2", "url2": "http://www.sakurai-cl.net/", "内容": "医）桜井産婦人科医院【2:診療所】【診療科目:0】福島県郡山市虎丸町２３－１８" }, "geometry": { "type": "Point", "coordinates": [ 140.377933, 37.398336 ] } },
{ "type": "Feature", "properties": { "ID": 720720001037, "正式名称": "医療法人社団添田整形外科", "機関区分": 2, "都道府県コード": 7, "市区町村コード": 203, "所在地": "福島県郡山市富田町字町畑２４－３", "緯度": 37.414164, "経度": 140.347106, "url": "https://www.iryou.teikyouseido.mhlw.go.jp/znk-web/juminkanja/S2430/initialize?prefCd=07&kikanCd=20720001037&kikanKbn=2", "url2": null, "内容": "医療法人社団添田整形外科【2:診療所】【診療科目:0】福島県郡山市富田町字町畑２４－３" }, "geometry": { "type": "Point", "coordinates": [ 140.347106, 37.414164 ] } },
{ "type": "Feature", "properties": { "ID": 720720001038, "正式名称": "医療法人　石橋医院", "機関区分": 2, "都道府県コード": 7, "市区町村コード": 203, "所在地": "福島県郡山市駅前１－１４－１６", "緯度": 37.394731, "経度": 140.386564, "url": "https://www.iryou.teikyouseido.mhlw.go.jp/znk-web/juminkanja/S2430/initialize?prefCd=07&kikanCd=20720001038&kikanKbn=2", "url2": "https://ishibashi-cl.jp/", "内容": "医療法人　石橋医院【2:診療所】【診療科目:0】福島県郡山市駅前１－１４－１６" }, "geometry": { "type": "Point", "coordinates": [ 140.386564, 37.394731 ] } },
{ "type": "Feature", "properties": { "ID": 720720001039, "正式名称": "医療法人　森藤医院", "機関区分": 2, "都道府県コード": 7, "市区町村コード": 203, "所在地": "福島県郡山市日和田町字山ノ井２", "緯度": 37.455497, "経度": 140.388514, "url": "https://www.iryou.teikyouseido.mhlw.go.jp/znk-web/juminkanja/S2430/initialize?prefCd=07&kikanCd=20720001039&kikanKbn=2", "url2": null, "内容": "医療法人　森藤医院【2:診療所】【診療科目:0】福島県郡山市日和田町字山ノ井２" }, "geometry": { "type": "Point", "coordinates": [ 140.388514, 37.455497 ] } },
{ "type": "Feature", "properties": { "ID": 720720001041, "正式名称": "医療法人日和田整形痛みのクリニック", "機関区分": 2, "都道府県コード": 7, "市区町村コード": 203, "所在地": "福島県郡山市日和田町字南原２－５４", "緯度": 37.439822, "経度": 140.384506, "url": "https://www.iryou.teikyouseido.mhlw.go.jp/znk-web/juminkanja/S2430/initialize?prefCd=07&kikanCd=20720001041&kikanKbn=2", "url2": "http://www.hiwada-orthopedic-pain-clinic.info", "内容": "医療法人日和田整形痛みのクリニック【2:診療所】【診療科目:0】福島県郡山市日和田町字南原２－５４" }, "geometry": { "type": "Point", "coordinates": [ 140.384506, 37.439822 ] } },
{ "type": "Feature", "properties": { "ID": 720720001042, "正式名称": "医療法人星富久山医院", "機関区分": 2, "都道府県コード": 7, "市区町村コード": 203, "所在地": "福島県郡山市富久山町久保田字久保田９１－１", "緯度": 37.409983, "経度": 140.391042, "url": "https://www.iryou.teikyouseido.mhlw.go.jp/znk-web/juminkanja/S2430/initialize?prefCd=07&kikanCd=20720001042&kikanKbn=2", "url2": null, "内容": "医療法人星富久山医院【2:診療所】【診療科目:0】福島県郡山市富久山町久保田字久保田９１－１" }, "geometry": { "type": "Point", "coordinates": [ 140.391042, 37.409983 ] } },
{ "type": "Feature", "properties": { "ID": 720720001043, "正式名称": "医療法人社団大野医院", "機関区分": 2, "都道府県コード": 7, "市区町村コード": 203, "所在地": "福島県郡山市香久池２－１１－８", "緯度": 37.378356, "経度": 140.370803, "url": "https://www.iryou.teikyouseido.mhlw.go.jp/znk-web/juminkanja/S2430/initialize?prefCd=07&kikanCd=20720001043&kikanKbn=2", "url2": null, "内容": "医療法人社団大野医院【2:診療所】【診療科目:0】福島県郡山市香久池２－１１－８" }, "geometry": { "type": "Point", "coordinates": [ 140.370803, 37.378356 ] } },
{ "type": "Feature", "properties": { "ID": 720720001044, "正式名称": "医療法人海野医院", "機関区分": 2, "都道府県コード": 7, "市区町村コード": 203, "所在地": "福島県郡山市町東三丁目１００番地", "緯度": 37.420142, "経度": 140.347444, "url": "https://www.iryou.teikyouseido.mhlw.go.jp/znk-web/juminkanja/S2430/initialize?prefCd=07&kikanCd=20720001044&kikanKbn=2", "url2": "www4.ocn.ne.jp/~uminoiin/index.htm.", "内容": "医療法人海野医院【2:診療所】【診療科目:0】福島県郡山市町東三丁目１００番地" }, "geometry": { "type": "Point", "coordinates": [ 140.347444, 37.420142 ] } },
{ "type": "Feature", "properties": { "ID": 720720001046, "正式名称": "ファミリークリニックさとう", "機関区分": 2, "都道府県コード": 7, "市区町村コード": 203, "所在地": "福島県郡山市開成５－１２－２", "緯度": 37.388228, "経度": 140.3545, "url": "https://www.iryou.teikyouseido.mhlw.go.jp/znk-web/juminkanja/S2430/initialize?prefCd=07&kikanCd=20720001046&kikanKbn=2", "url2": null, "内容": "ファミリークリニックさとう【2:診療所】【診療科目:0】福島県郡山市開成５－１２－２" }, "geometry": { "type": "Point", "coordinates": [ 140.3545, 37.388228 ] } },
{ "type": "Feature", "properties": { "ID": 720720001051, "正式名称": "医療法人社団　根本内科医院", "機関区分": 2, "都道府県コード": 7, "市区町村コード": 203, "所在地": "福島県郡山市田村町金屋字マセロ４０－２", "緯度": 37.368722, "経度": 140.388513, "url": "https://www.iryou.teikyouseido.mhlw.go.jp/znk-web/juminkanja/S2430/initialize?prefCd=07&kikanCd=20720001051&kikanKbn=2", "url2": null, "内容": "医療法人社団　根本内科医院【2:診療所】【診療科目:0】福島県郡山市田村町金屋字マセロ４０－２" }, "geometry": { "type": "Point", "coordinates": [ 140.388513, 37.368722 ] } },
{ "type": "Feature", "properties": { "ID": 720720001052, "正式名称": "医療法人　長谷川整形外科医院　スポーツクリニック", "機関区分": 2, "都道府県コード": 7, "市区町村コード": 203, "所在地": "福島県郡山市鶴見坦２－４－２４", "緯度": 37.393242, "経度": 140.367558, "url": "https://www.iryou.teikyouseido.mhlw.go.jp/znk-web/juminkanja/S2430/initialize?prefCd=07&kikanCd=20720001052&kikanKbn=2", "url2": null, "内容": "医療法人　長谷川整形外科医院　スポーツクリニック【2:診療所】【診療科目:0】福島県郡山市鶴見坦２－４－２４" }, "geometry": { "type": "Point", "coordinates": [ 140.367558, 37.393242 ] } },
{ "type": "Feature", "properties": { "ID": 720720001053, "正式名称": "医療法人　浅木整形外科医院", "機関区分": 2, "都道府県コード": 7, "市区町村コード": 203, "所在地": "福島県郡山市富久山町久保田字金堀田４０－２", "緯度": 37.410283, "経度": 140.385861, "url": "https://www.iryou.teikyouseido.mhlw.go.jp/znk-web/juminkanja/S2430/initialize?prefCd=07&kikanCd=20720001053&kikanKbn=2", "url2": "https://www.asaki-orthopedics.jp/access", "内容": "医療法人　浅木整形外科医院【2:診療所】【診療科目:0】福島県郡山市富久山町久保田字金堀田４０－２" }, "geometry": { "type": "Point", "coordinates": [ 140.385861, 37.410283 ] } },
{ "type": "Feature", "properties": { "ID": 720720001054, "正式名称": "医療法人　渡辺医院", "機関区分": 2, "都道府県コード": 7, "市区町村コード": 203, "所在地": "福島県郡山市笹川２－２０３", "緯度": 37.358381, "経度": 140.371422, "url": "https://www.iryou.teikyouseido.mhlw.go.jp/znk-web/juminkanja/S2430/initialize?prefCd=07&kikanCd=20720001054&kikanKbn=2", "url2": "http://watanabe-iin.or.jp", "内容": "医療法人　渡辺医院【2:診療所】【診療科目:0】福島県郡山市笹川２－２０３" }, "geometry": { "type": "Point", "coordinates": [ 140.371422, 37.358381 ] } },
{ "type": "Feature", "properties": { "ID": 720720001059, "正式名称": "医療法人　杏和会　今村ホームクリニック", "機関区分": 2, "都道府県コード": 7, "市区町村コード": 203, "所在地": "福島県郡山市緑町４－１２", "緯度": 37.401567, "経度": 140.363489, "url": "https://www.iryou.teikyouseido.mhlw.go.jp/znk-web/juminkanja/S2430/initialize?prefCd=07&kikanCd=20720001059&kikanKbn=2", "url2": "http://hp.oisyasan.ne.jp/imamura-hc/index.php", "内容": "医療法人　杏和会　今村ホームクリニック【2:診療所】【診療科目:0】福島県郡山市緑町４－１２" }, "geometry": { "type": "Point", "coordinates": [ 140.363489, 37.401567 ] } },
{ "type": "Feature", "properties": { "ID": 720720001061, "正式名称": "青山医院", "機関区分": 2, "都道府県コード": 7, "市区町村コード": 203, "所在地": "福島県郡山市日和田町字南原２－１３３", "緯度": 37.439319, "経度": 140.384756, "url": "https://www.iryou.teikyouseido.mhlw.go.jp/znk-web/juminkanja/S2430/initialize?prefCd=07&kikanCd=20720001061&kikanKbn=2", "url2": "http://aoyama-iin.byoinnavi.jp/pc/", "内容": "青山医院【2:診療所】【診療科目:0】福島県郡山市日和田町字南原２－１３３" }, "geometry": { "type": "Point", "coordinates": [ 140.384756, 37.439319 ] } },
{ "type": "Feature", "properties": { "ID": 720720001062, "正式名称": "相楽眼科", "機関区分": 2, "都道府県コード": 7, "市区町村コード": 203, "所在地": "福島県郡山市大槻町字西ノ宮西８１－２", "緯度": 37.399439, "経度": 140.322453, "url": "https://www.iryou.teikyouseido.mhlw.go.jp/znk-web/juminkanja/S2430/initialize?prefCd=07&kikanCd=20720001062&kikanKbn=2", "url2": null, "内容": "相楽眼科【2:診療所】【診療科目:0】福島県郡山市大槻町字西ノ宮西８１－２" }, "geometry": { "type": "Point", "coordinates": [ 140.322453, 37.399439 ] } },
{ "type": "Feature", "properties": { "ID": 720720001065, "正式名称": "医療法人　中町耳鼻咽喉科クリニック", "機関区分": 2, "都道府県コード": 7, "市区町村コード": 203, "所在地": "福島県郡山市中町１４－１７", "緯度": 37.395253, "経度": 140.384939, "url": "https://www.iryou.teikyouseido.mhlw.go.jp/znk-web/juminkanja/S2430/initialize?prefCd=07&kikanCd=20720001065&kikanKbn=2", "url2": null, "内容": "医療法人　中町耳鼻咽喉科クリニック【2:診療所】【診療科目:0】福島県郡山市中町１４－１７" }, "geometry": { "type": "Point", "coordinates": [ 140.384939, 37.395253 ] } },
{ "type": "Feature", "properties": { "ID": 720720001068, "正式名称": "医療法人　長岐医院", "機関区分": 2, "都道府県コード": 7, "市区町村コード": 203, "所在地": "福島県郡山市菜根３－１９－９", "緯度": 37.380822, "経度": 140.366867, "url": "https://www.iryou.teikyouseido.mhlw.go.jp/znk-web/juminkanja/S2430/initialize?prefCd=07&kikanCd=20720001068&kikanKbn=2", "url2": null, "内容": "医療法人　長岐医院【2:診療所】【診療科目:0】福島県郡山市菜根３－１９－９" }, "geometry": { "type": "Point", "coordinates": [ 140.366867, 37.380822 ] } },
{ "type": "Feature", "properties": { "ID": 720720001073, "正式名称": "医療法人　三橋内科胃腸科クリニック", "機関区分": 2, "都道府県コード": 7, "市区町村コード": 203, "所在地": "福島県郡山市大槻町字北ノ林２７－２", "緯度": 37.391589, "経度": 140.334858, "url": "https://www.iryou.teikyouseido.mhlw.go.jp/znk-web/juminkanja/S2430/initialize?prefCd=07&kikanCd=20720001073&kikanKbn=2", "url2": null, "内容": "医療法人　三橋内科胃腸科クリニック【2:診療所】【診療科目:0】福島県郡山市大槻町字北ノ林２７－２" }, "geometry": { "type": "Point", "coordinates": [ 140.334858, 37.391589 ] } },
{ "type": "Feature", "properties": { "ID": 720720001074, "正式名称": "医療法人　藹グループ　郡山整形外科・リハビリテーション科", "機関区分": 2, "都道府県コード": 7, "市区町村コード": 203, "所在地": "福島県郡山市鳴神３丁目１１０番地", "緯度": 37.394011, "経度": 140.335061, "url": "https://www.iryou.teikyouseido.mhlw.go.jp/znk-web/juminkanja/S2430/initialize?prefCd=07&kikanCd=20720001074&kikanKbn=2", "url2": "https://aigroup-koriyama.com", "内容": "医療法人　藹グループ　郡山整形外科・リハビリテーション科【2:診療所】【診療科目:0】福島県郡山市鳴神３丁目１１０番地" }, "geometry": { "type": "Point", "coordinates": [ 140.335061, 37.394011 ] } },
{ "type": "Feature", "properties": { "ID": 720720001077, "正式名称": "根本医院", "機関区分": 2, "都道府県コード": 7, "市区町村コード": 203, "所在地": "福島県郡山市田村町谷田川字北表４５", "緯度": 37.312039, "経度": 140.451703, "url": "https://www.iryou.teikyouseido.mhlw.go.jp/znk-web/juminkanja/S2430/initialize?prefCd=07&kikanCd=20720001077&kikanKbn=2", "url2": null, "内容": "根本医院【2:診療所】【診療科目:0】福島県郡山市田村町谷田川字北表４５" }, "geometry": { "type": "Point", "coordinates": [ 140.451703, 37.312039 ] } },
{ "type": "Feature", "properties": { "ID": 720720001078, "正式名称": "医療法人恕心会　ささうち内科クリニック", "機関区分": 2, "都道府県コード": 7, "市区町村コード": 203, "所在地": "福島県郡山市富久山町久保田字久保田１１２", "緯度": 37.407647, "経度": 140.390392, "url": "https://www.iryou.teikyouseido.mhlw.go.jp/znk-web/juminkanja/S2430/initialize?prefCd=07&kikanCd=20720001078&kikanKbn=2", "url2": null, "内容": "医療法人恕心会　ささうち内科クリニック【2:診療所】【診療科目:0】福島県郡山市富久山町久保田字久保田１１２" }, "geometry": { "type": "Point", "coordinates": [ 140.390392, 37.407647 ] } },
{ "type": "Feature", "properties": { "ID": 720720001079, "正式名称": "医療法人　永岡医院", "機関区分": 2, "都道府県コード": 7, "市区町村コード": 203, "所在地": "福島県郡山市富久山町久保田字上野１７－１", "緯度": 37.413936, "経度": 140.390086, "url": "https://www.iryou.teikyouseido.mhlw.go.jp/znk-web/juminkanja/S2430/initialize?prefCd=07&kikanCd=20720001079&kikanKbn=2", "url2": "https://www.nagaokaclinic.com/", "内容": "医療法人　永岡医院【2:診療所】【診療科目:0】福島県郡山市富久山町久保田字上野１７－１" }, "geometry": { "type": "Point", "coordinates": [ 140.390086, 37.413936 ] } },
{ "type": "Feature", "properties": { "ID": 720720001082, "正式名称": "植松医院", "機関区分": 2, "都道府県コード": 7, "市区町村コード": 203, "所在地": "福島県郡山市大槻町字六角北３０－１１", "緯度": 37.405928, "経度": 140.330178, "url": "https://www.iryou.teikyouseido.mhlw.go.jp/znk-web/juminkanja/S2430/initialize?prefCd=07&kikanCd=20720001082&kikanKbn=2", "url2": "https://itp.ne.jp/info/079137326000000899/", "内容": "植松医院【2:診療所】【診療科目:0】福島県郡山市大槻町字六角北３０－１１" }, "geometry": { "type": "Point", "coordinates": [ 140.330178, 37.405928 ] } },
{ "type": "Feature", "properties": { "ID": 720720001083, "正式名称": "医療法人　信清会　本町鈴木クリニック", "機関区分": 2, "都道府県コード": 7, "市区町村コード": 203, "所在地": "福島県郡山市本町２－２－７", "緯度": 37.391244, "経度": 140.382769, "url": "https://www.iryou.teikyouseido.mhlw.go.jp/znk-web/juminkanja/S2430/initialize?prefCd=07&kikanCd=20720001083&kikanKbn=2", "url2": null, "内容": "医療法人　信清会　本町鈴木クリニック【2:診療所】【診療科目:0】福島県郡山市本町２－２－７" }, "geometry": { "type": "Point", "coordinates": [ 140.382769, 37.391244 ] } },
{ "type": "Feature", "properties": { "ID": 720720001084, "正式名称": "医療法人　桜クリニック", "機関区分": 2, "都道府県コード": 7, "市区町村コード": 203, "所在地": "福島県郡山市名倉２４－１", "緯度": 37.376594, "経度": 140.364922, "url": "https://www.iryou.teikyouseido.mhlw.go.jp/znk-web/juminkanja/S2430/initialize?prefCd=07&kikanCd=20720001084&kikanKbn=2", "url2": null, "内容": "医療法人　桜クリニック【2:診療所】【診療科目:0】福島県郡山市名倉２４－１" }, "geometry": { "type": "Point", "coordinates": [ 140.364922, 37.376594 ] } },
{ "type": "Feature", "properties": { "ID": 720720001085, "正式名称": "菁莪堂　栗山医院", "機関区分": 2, "都道府県コード": 7, "市区町村コード": 203, "所在地": "福島県郡山市開成２丁目２３番２３号", "緯度": 37.395564, "経度": 140.358519, "url": "https://www.iryou.teikyouseido.mhlw.go.jp/znk-web/juminkanja/S2430/initialize?prefCd=07&kikanCd=20720001085&kikanKbn=2", "url2": "http://www.seigadoh.jp/", "内容": "菁莪堂　栗山医院【2:診療所】【診療科目:0】福島県郡山市開成２丁目２３番２３号" }, "geometry": { "type": "Point", "coordinates": [ 140.358519, 37.395564 ] } },
{ "type": "Feature", "properties": { "ID": 720720001086, "正式名称": "二瓶医院", "機関区分": 2, "都道府県コード": 7, "市区町村コード": 203, "所在地": "福島県郡山市湖南町三代字御代１２５０", "緯度": 37.378625, "経度": 140.116075, "url": "https://www.iryou.teikyouseido.mhlw.go.jp/znk-web/juminkanja/S2430/initialize?prefCd=07&kikanCd=20720001086&kikanKbn=2", "url2": null, "内容": "二瓶医院【2:診療所】【診療科目:0】福島県郡山市湖南町三代字御代１２５０" }, "geometry": { "type": "Point", "coordinates": [ 140.116075, 37.378625 ] } },
{ "type": "Feature", "properties": { "ID": 720720001087, "正式名称": "二瓶医院中野診療所", "機関区分": 2, "都道府県コード": 7, "市区町村コード": 203, "所在地": "福島県郡山市湖南町中野字堰内２４９５の４", "緯度": 37.396336, "経度": 140.132651, "url": "https://www.iryou.teikyouseido.mhlw.go.jp/znk-web/juminkanja/S2430/initialize?prefCd=07&kikanCd=20720001087&kikanKbn=2", "url2": null, "内容": "二瓶医院中野診療所【2:診療所】【診療科目:0】福島県郡山市湖南町中野字堰内２４９５の４" }, "geometry": { "type": "Point", "coordinates": [ 140.132651, 37.396336 ] } },
{ "type": "Feature", "properties": { "ID": 720720001090, "正式名称": "中村脳神経外科クリニック", "機関区分": 2, "都道府県コード": 7, "市区町村コード": 203, "所在地": "福島県郡山市池ノ台７－２４コーセーレジデンス１０１", "緯度": 37.392358, "経度": 140.376311, "url": "https://www.iryou.teikyouseido.mhlw.go.jp/znk-web/juminkanja/S2430/initialize?prefCd=07&kikanCd=20720001090&kikanKbn=2", "url2": null, "内容": "中村脳神経外科クリニック【2:診療所】【診療科目:0】福島県郡山市池ノ台７－２４コーセーレジデンス１０１" }, "geometry": { "type": "Point", "coordinates": [ 140.376311, 37.392358 ] } },
{ "type": "Feature", "properties": { "ID": 720720001092, "正式名称": "医療法人　池田内科医院", "機関区分": 2, "都道府県コード": 7, "市区町村コード": 203, "所在地": "福島県郡山市安積町荒井字下北井前４３－５", "緯度": 37.373011, "経度": 140.359361, "url": "https://www.iryou.teikyouseido.mhlw.go.jp/znk-web/juminkanja/S2430/initialize?prefCd=07&kikanCd=20720001092&kikanKbn=2", "url2": "http://www.k5.dion.ne.jp/~iked-cl/", "内容": "医療法人　池田内科医院【2:診療所】【診療科目:0】福島県郡山市安積町荒井字下北井前４３－５" }, "geometry": { "type": "Point", "coordinates": [ 140.359361, 37.373011 ] } },
{ "type": "Feature", "properties": { "ID": 720720001093, "正式名称": "山田内科クリニック", "機関区分": 2, "都道府県コード": 7, "市区町村コード": 203, "所在地": "福島県郡山市開成２－７－８", "緯度": 37.393225, "経度": 140.359833, "url": "https://www.iryou.teikyouseido.mhlw.go.jp/znk-web/juminkanja/S2430/initialize?prefCd=07&kikanCd=20720001093&kikanKbn=2", "url2": null, "内容": "山田内科クリニック【2:診療所】【診療科目:0】福島県郡山市開成２－７－８" }, "geometry": { "type": "Point", "coordinates": [ 140.359833, 37.393225 ] } },
{ "type": "Feature", "properties": { "ID": 720720001095, "正式名称": "医療法人　かわなこどもクリニック", "機関区分": 2, "都道府県コード": 7, "市区町村コード": 203, "所在地": "福島県郡山市安積３－２９８", "緯度": 37.355042, "経度": 140.363325, "url": "https://www.iryou.teikyouseido.mhlw.go.jp/znk-web/juminkanja/S2430/initialize?prefCd=07&kikanCd=20720001095&kikanKbn=2", "url2": "https://www.kawana-kodomo.jp", "内容": "医療法人　かわなこどもクリニック【2:診療所】【診療科目:0】福島県郡山市安積３－２９８" }, "geometry": { "type": "Point", "coordinates": [ 140.363325, 37.355042 ] } },
{ "type": "Feature", "properties": { "ID": 720720001097, "正式名称": "医療法人将文会　どうまえクリニック", "機関区分": 2, "都道府県コード": 7, "市区町村コード": 203, "所在地": "福島県郡山市堂前町３１－６", "緯度": 37.393644, "経度": 140.381794, "url": "https://www.iryou.teikyouseido.mhlw.go.jp/znk-web/juminkanja/S2430/initialize?prefCd=07&kikanCd=20720001097&kikanKbn=2", "url2": null, "内容": "医療法人将文会　どうまえクリニック【2:診療所】【診療科目:0】福島県郡山市堂前町３１－６" }, "geometry": { "type": "Point", "coordinates": [ 140.381794, 37.393644 ] } },
{ "type": "Feature", "properties": { "ID": 720720001098, "正式名称": "斎藤クリニック", "機関区分": 2, "都道府県コード": 7, "市区町村コード": 203, "所在地": "福島県郡山市芳賀３－３－２０", "緯度": 37.388189, "経度": 140.393875, "url": "https://www.iryou.teikyouseido.mhlw.go.jp/znk-web/juminkanja/S2430/initialize?prefCd=07&kikanCd=20720001098&kikanKbn=2", "url2": null, "内容": "斎藤クリニック【2:診療所】【診療科目:0】福島県郡山市芳賀３－３－２０" }, "geometry": { "type": "Point", "coordinates": [ 140.393875, 37.388189 ] } },
{ "type": "Feature", "properties": { "ID": 720720001100, "正式名称": "医療法人桐心会　大平クリニック", "機関区分": 2, "都道府県コード": 7, "市区町村コード": 203, "所在地": "福島県郡山市小原田二丁目１７番１４号", "緯度": 37.381203, "経度": 140.387583, "url": "https://www.iryou.teikyouseido.mhlw.go.jp/znk-web/juminkanja/S2430/initialize?prefCd=07&kikanCd=20720001100&kikanKbn=2", "url2": "https://ohhira-c.jp", "内容": "医療法人桐心会　大平クリニック【2:診療所】【診療科目:0】福島県郡山市小原田二丁目１７番１４号" }, "geometry": { "type": "Point", "coordinates": [ 140.387583, 37.381203 ] } },
{ "type": "Feature", "properties": { "ID": 720720001101, "正式名称": "太田整形外科クリニック", "機関区分": 2, "都道府県コード": 7, "市区町村コード": 203, "所在地": "福島県郡山市不動前一丁目３８番地１", "緯度": 37.420522, "経度": 140.358864, "url": "https://www.iryou.teikyouseido.mhlw.go.jp/znk-web/juminkanja/S2430/initialize?prefCd=07&kikanCd=20720001101&kikanKbn=2", "url2": null, "内容": "太田整形外科クリニック【2:診療所】【診療科目:0】福島県郡山市不動前一丁目３８番地１" }, "geometry": { "type": "Point", "coordinates": [ 140.358864, 37.420522 ] } },
{ "type": "Feature", "properties": { "ID": 720720001103, "正式名称": "あさひ内科クリニック", "機関区分": 2, "都道府県コード": 7, "市区町村コード": 203, "所在地": "福島県郡山市朝日３－２－３３", "緯度": 37.407586, "経度": 140.360917, "url": "https://www.iryou.teikyouseido.mhlw.go.jp/znk-web/juminkanja/S2430/initialize?prefCd=07&kikanCd=20720001103&kikanKbn=2", "url2": "https://asahinaika.com", "内容": "あさひ内科クリニック【2:診療所】【診療科目:0】福島県郡山市朝日３－２－３３" }, "geometry": { "type": "Point", "coordinates": [ 140.360917, 37.407586 ] } },
{ "type": "Feature", "properties": { "ID": 720720001104, "正式名称": "山田眼科医院", "機関区分": 2, "都道府県コード": 7, "市区町村コード": 203, "所在地": "福島県郡山市駅前１－１１－１２", "緯度": 37.394847, "経度": 140.385858, "url": "https://www.iryou.teikyouseido.mhlw.go.jp/znk-web/juminkanja/S2430/initialize?prefCd=07&kikanCd=20720001104&kikanKbn=2", "url2": null, "内容": "山田眼科医院【2:診療所】【診療科目:0】福島県郡山市駅前１－１１－１２" }, "geometry": { "type": "Point", "coordinates": [ 140.385858, 37.394847 ] } },
{ "type": "Feature", "properties": { "ID": 720720001106, "正式名称": "医療法人喜孝会　池ノ台クリニック", "機関区分": 2, "都道府県コード": 7, "市区町村コード": 203, "所在地": "福島県郡山市池ノ台３－１", "緯度": 37.391483, "経度": 140.377019, "url": "https://www.iryou.teikyouseido.mhlw.go.jp/znk-web/juminkanja/S2430/initialize?prefCd=07&kikanCd=20720001106&kikanKbn=2", "url2": null, "内容": "医療法人喜孝会　池ノ台クリニック【2:診療所】【診療科目:0】福島県郡山市池ノ台３－１" }, "geometry": { "type": "Point", "coordinates": [ 140.377019, 37.391483 ] } },
{ "type": "Feature", "properties": { "ID": 720720001107, "正式名称": "医療法人主恩会　東部整形外科", "機関区分": 2, "都道府県コード": 7, "市区町村コード": 203, "所在地": "福島県郡山市字北畑１５", "緯度": 37.397206, "経度": 140.403194, "url": "https://www.iryou.teikyouseido.mhlw.go.jp/znk-web/juminkanja/S2430/initialize?prefCd=07&kikanCd=20720001107&kikanKbn=2", "url2": "http://www.tobu-seikeigeka.jp/", "内容": "医療法人主恩会　東部整形外科【2:診療所】【診療科目:0】福島県郡山市字北畑１５" }, "geometry": { "type": "Point", "coordinates": [ 140.403194, 37.397206 ] } },
{ "type": "Feature", "properties": { "ID": 720720001109, "正式名称": "医療法人　仁正会　塚原産婦人科内科・外科医院", "機関区分": 2, "都道府県コード": 7, "市区町村コード": 203, "所在地": "福島県郡山市桑野２－３４－１２", "緯度": 37.402331, "経度": 140.352906, "url": "https://www.iryou.teikyouseido.mhlw.go.jp/znk-web/juminkanja/S2430/initialize?prefCd=07&kikanCd=20720001109&kikanKbn=2", "url2": "http://www.kuwano-momotsukahara.com", "内容": "医療法人　仁正会　塚原産婦人科内科・外科医院【2:診療所】【診療科目:0】福島県郡山市桑野２－３４－１２" }, "geometry": { "type": "Point", "coordinates": [ 140.352906, 37.402331 ] } },
{ "type": "Feature", "properties": { "ID": 720720001110, "正式名称": "石井在宅クリニック", "機関区分": 2, "都道府県コード": 7, "市区町村コード": 203, "所在地": "福島県郡山市菜根三丁目２５－８", "緯度": 37.382272, "経度": 140.366064, "url": "https://www.iryou.teikyouseido.mhlw.go.jp/znk-web/juminkanja/S2430/initialize?prefCd=07&kikanCd=20720001110&kikanKbn=2", "url2": null, "内容": "石井在宅クリニック【2:診療所】【診療科目:0】福島県郡山市菜根三丁目２５－８" }, "geometry": { "type": "Point", "coordinates": [ 140.366064, 37.382272 ] } },
{ "type": "Feature", "properties": { "ID": 720720001111, "正式名称": "矢内クリニック", "機関区分": 2, "都道府県コード": 7, "市区町村コード": 203, "所在地": "福島県郡山市緑ヶ丘東３－１－４", "緯度": 37.382967, "経度": 140.435228, "url": "https://www.iryou.teikyouseido.mhlw.go.jp/znk-web/juminkanja/S2430/initialize?prefCd=07&kikanCd=20720001111&kikanKbn=2", "url2": "https://www.yanai-cl-cello.com", "内容": "矢内クリニック【2:診療所】【診療科目:0】福島県郡山市緑ヶ丘東３－１－４" }, "geometry": { "type": "Point", "coordinates": [ 140.435228, 37.382967 ] } },
{ "type": "Feature", "properties": { "ID": 720720001112, "正式名称": "医療法人　てちがわら内科", "機関区分": 2, "都道府県コード": 7, "市区町村コード": 203, "所在地": "福島県郡山市島１－１７－３", "緯度": 37.399089, "経度": 140.347125, "url": "https://www.iryou.teikyouseido.mhlw.go.jp/znk-web/juminkanja/S2430/initialize?prefCd=07&kikanCd=20720001112&kikanKbn=2", "url2": null, "内容": "医療法人　てちがわら内科【2:診療所】【診療科目:0】福島県郡山市島１－１７－３" }, "geometry": { "type": "Point", "coordinates": [ 140.347125, 37.399089 ] } },
{ "type": "Feature", "properties": { "ID": 720720001113, "正式名称": "むかわクリニック", "機関区分": 2, "都道府県コード": 7, "市区町村コード": 203, "所在地": "福島県郡山市八山田５丁目７９番地", "緯度": 37.426244, "経度": 140.378728, "url": "https://www.iryou.teikyouseido.mhlw.go.jp/znk-web/juminkanja/S2430/initialize?prefCd=07&kikanCd=20720001113&kikanKbn=2", "url2": "www.mukawa.or.jp", "内容": "むかわクリニック【2:診療所】【診療科目:0】福島県郡山市八山田５丁目７９番地" }, "geometry": { "type": "Point", "coordinates": [ 140.378728, 37.426244 ] } },
{ "type": "Feature", "properties": { "ID": 720720001115, "正式名称": "医療法人　壬辰会　渋谷クリニック", "機関区分": 2, "都道府県コード": 7, "市区町村コード": 203, "所在地": "福島県郡山市安積町成田字西畑１３－１", "緯度": 37.362486, "経度": 140.331231, "url": "https://www.iryou.teikyouseido.mhlw.go.jp/znk-web/juminkanja/S2430/initialize?prefCd=07&kikanCd=20720001115&kikanKbn=2", "url2": "http://shi-bu-yaclinic.jp", "内容": "医療法人　壬辰会　渋谷クリニック【2:診療所】【診療科目:0】福島県郡山市安積町成田字西畑１３－１" }, "geometry": { "type": "Point", "coordinates": [ 140.331231, 37.362486 ] } },
{ "type": "Feature", "properties": { "ID": 720720001116, "正式名称": "ふるかわ皮ふ科クリニック", "機関区分": 2, "都道府県コード": 7, "市区町村コード": 203, "所在地": "福島県郡山市不動前一丁目３８番２号", "緯度": 37.420681, "経度": 140.358669, "url": "https://www.iryou.teikyouseido.mhlw.go.jp/znk-web/juminkanja/S2430/initialize?prefCd=07&kikanCd=20720001116&kikanKbn=2", "url2": "http://www.furukawa-hifuka.com/", "内容": "ふるかわ皮ふ科クリニック【2:診療所】【診療科目:0】福島県郡山市不動前一丁目３８番２号" }, "geometry": { "type": "Point", "coordinates": [ 140.358669, 37.420681 ] } },
{ "type": "Feature", "properties": { "ID": 720720001117, "正式名称": "いがらし内科外科クリニック", "機関区分": 2, "都道府県コード": 7, "市区町村コード": 203, "所在地": "福島県郡山市並木二丁目１２―７", "緯度": 37.413122, "経度": 140.364378, "url": "https://www.iryou.teikyouseido.mhlw.go.jp/znk-web/juminkanja/S2430/initialize?prefCd=07&kikanCd=20720001117&kikanKbn=2", "url2": "http://www.yasuragi-web.com/", "内容": "いがらし内科外科クリニック【2:診療所】【診療科目:0】福島県郡山市並木二丁目１２―７" }, "geometry": { "type": "Point", "coordinates": [ 140.364378, 37.413122 ] } },
{ "type": "Feature", "properties": { "ID": 720720001118, "正式名称": "さとう皮フ科", "機関区分": 2, "都道府県コード": 7, "市区町村コード": 203, "所在地": "福島県郡山市富久山町福原沼下５５－１３８", "緯度": 37.429967, "経度": 140.383942, "url": "https://www.iryou.teikyouseido.mhlw.go.jp/znk-web/juminkanja/S2430/initialize?prefCd=07&kikanCd=20720001118&kikanKbn=2", "url2": null, "内容": "さとう皮フ科【2:診療所】【診療科目:0】福島県郡山市富久山町福原沼下５５－１３８" }, "geometry": { "type": "Point", "coordinates": [ 140.383942, 37.429967 ] } },
{ "type": "Feature", "properties": { "ID": 720720001119, "正式名称": "やまさわ内科", "機関区分": 2, "都道府県コード": 7, "市区町村コード": 203, "所在地": "福島県郡山市不動前一丁目３９番地", "緯度": 37.420419, "経度": 140.358669, "url": "https://www.iryou.teikyouseido.mhlw.go.jp/znk-web/juminkanja/S2430/initialize?prefCd=07&kikanCd=20720001119&kikanKbn=2", "url2": null, "内容": "やまさわ内科【2:診療所】【診療科目:0】福島県郡山市不動前一丁目３９番地" }, "geometry": { "type": "Point", "coordinates": [ 140.358669, 37.420419 ] } },
{ "type": "Feature", "properties": { "ID": 720720001121, "正式名称": "医療法人たるかわクリニック", "機関区分": 2, "都道府県コード": 7, "市区町村コード": 203, "所在地": "福島県郡山市御前南１－１３", "緯度": 37.385875, "経度": 140.334361, "url": "https://www.iryou.teikyouseido.mhlw.go.jp/znk-web/juminkanja/S2430/initialize?prefCd=07&kikanCd=20720001121&kikanKbn=2", "url2": "http://tarukawa.sakura.ne.jp", "内容": "医療法人たるかわクリニック【2:診療所】【診療科目:0】福島県郡山市御前南１－１３" }, "geometry": { "type": "Point", "coordinates": [ 140.334361, 37.385875 ] } },
{ "type": "Feature", "properties": { "ID": 720720001122, "正式名称": "緑ヶ丘こどもクリニック", "機関区分": 2, "都道府県コード": 7, "市区町村コード": 203, "所在地": "福島県郡山市緑ヶ丘東３－１－３", "緯度": 37.383189, "経度": 140.435242, "url": "https://www.iryou.teikyouseido.mhlw.go.jp/znk-web/juminkanja/S2430/initialize?prefCd=07&kikanCd=20720001122&kikanKbn=2", "url2": null, "内容": "緑ヶ丘こどもクリニック【2:診療所】【診療科目:0】福島県郡山市緑ヶ丘東３－１－３" }, "geometry": { "type": "Point", "coordinates": [ 140.435242, 37.383189 ] } },
{ "type": "Feature", "properties": { "ID": 720720001124, "正式名称": "医療法人愛眞会　クリニック兼谷", "機関区分": 2, "都道府県コード": 7, "市区町村コード": 203, "所在地": "福島県郡山市中町１１－７アオキヤビル３階", "緯度": 37.394994, "経度": 140.384544, "url": "https://www.iryou.teikyouseido.mhlw.go.jp/znk-web/juminkanja/S2430/initialize?prefCd=07&kikanCd=20720001124&kikanKbn=2", "url2": null, "内容": "医療法人愛眞会　クリニック兼谷【2:診療所】【診療科目:0】福島県郡山市中町１１－７アオキヤビル３階" }, "geometry": { "type": "Point", "coordinates": [ 140.384544, 37.394994 ] } },
{ "type": "Feature", "properties": { "ID": 720720001127, "正式名称": "医療法人社団秀誠会村上整形外科", "機関区分": 2, "都道府県コード": 7, "市区町村コード": 203, "所在地": "福島県郡山市安積荒井１丁目１８２", "緯度": 37.369889, "経度": 140.355808, "url": "https://www.iryou.teikyouseido.mhlw.go.jp/znk-web/juminkanja/S2430/initialize?prefCd=07&kikanCd=20720001127&kikanKbn=2", "url2": null, "内容": "医療法人社団秀誠会村上整形外科【2:診療所】【診療科目:0】福島県郡山市安積荒井１丁目１８２" }, "geometry": { "type": "Point", "coordinates": [ 140.355808, 37.369889 ] } },
{ "type": "Feature", "properties": { "ID": 720720001129, "正式名称": "医療法人天田医院天田内科クリニック", "機関区分": 2, "都道府県コード": 7, "市区町村コード": 203, "所在地": "福島県郡山市山根町１２－２７", "緯度": 37.384511, "経度": 140.374469, "url": "https://www.iryou.teikyouseido.mhlw.go.jp/znk-web/juminkanja/S2430/initialize?prefCd=07&kikanCd=20720001129&kikanKbn=2", "url2": null, "内容": "医療法人天田医院天田内科クリニック【2:診療所】【診療科目:0】福島県郡山市山根町１２－２７" }, "geometry": { "type": "Point", "coordinates": [ 140.374469, 37.384511 ] } },
{ "type": "Feature", "properties": { "ID": 720720001132, "正式名称": "医療法人社団互仁会　トリニティ眼科", "機関区分": 2, "都道府県コード": 7, "市区町村コード": 203, "所在地": "福島県郡山市松木町２－８８　イオンタウン郡山１階", "緯度": 37.447264, "経度": 140.390386, "url": "https://www.iryou.teikyouseido.mhlw.go.jp/znk-web/juminkanja/S2430/initialize?prefCd=07&kikanCd=20720001132&kikanKbn=2", "url2": null, "内容": "医療法人社団互仁会　トリニティ眼科【2:診療所】【診療科目:0】福島県郡山市松木町２－８８　イオンタウン郡山１階" }, "geometry": { "type": "Point", "coordinates": [ 140.390386, 37.447264 ] } },
{ "type": "Feature", "properties": { "ID": 720720001135, "正式名称": "公益財団法人湯浅報恩会　寿泉堂クリニック", "機関区分": 2, "都道府県コード": 7, "市区町村コード": 203, "所在地": "福島県郡山市駅前１－５－７", "緯度": 37.397819, "経度": 140.386153, "url": "https://www.iryou.teikyouseido.mhlw.go.jp/znk-web/juminkanja/S2430/initialize?prefCd=07&kikanCd=20720001135&kikanKbn=2", "url2": "https://www.jusendo.or.jp/cln", "内容": "公益財団法人湯浅報恩会　寿泉堂クリニック【2:診療所】【診療科目:0】福島県郡山市駅前１－５－７" }, "geometry": { "type": "Point", "coordinates": [ 140.386153, 37.397819 ] } },
{ "type": "Feature", "properties": { "ID": 720720001136, "正式名称": "医療法人　美術館通りクリニック", "機関区分": 2, "都道府県コード": 7, "市区町村コード": 203, "所在地": "福島県郡山市字下舘野２３－４", "緯度": 37.396281, "経度": 140.404969, "url": "https://www.iryou.teikyouseido.mhlw.go.jp/znk-web/juminkanja/S2430/initialize?prefCd=07&kikanCd=20720001136&kikanKbn=2", "url2": "https://www.bijutsukandori-cl.com/", "内容": "医療法人　美術館通りクリニック【2:診療所】【診療科目:0】福島県郡山市字下舘野２３－４" }, "geometry": { "type": "Point", "coordinates": [ 140.404969, 37.396281 ] } },
{ "type": "Feature", "properties": { "ID": 720720001137, "正式名称": "医療法人　健生会　おおがももこクリニック", "機関区分": 2, "都道府県コード": 7, "市区町村コード": 203, "所在地": "福島県郡山市片平町字出磬東５番地の５", "緯度": 37.407044, "経度": 140.33125, "url": "https://www.iryou.teikyouseido.mhlw.go.jp/znk-web/juminkanja/S2430/initialize?prefCd=07&kikanCd=20720001137&kikanKbn=2", "url2": "http://ohga-momoko-clinic.jp/", "内容": "医療法人　健生会　おおがももこクリニック【2:診療所】【診療科目:0】福島県郡山市片平町字出磬東５番地の５" }, "geometry": { "type": "Point", "coordinates": [ 140.33125, 37.407044 ] } },
{ "type": "Feature", "properties": { "ID": 720720001142, "正式名称": "根本クリニック", "機関区分": 2, "都道府県コード": 7, "市区町村コード": 203, "所在地": "福島県郡山市咲田１－５－１１", "緯度": 37.403522, "経度": 140.375911, "url": "https://www.iryou.teikyouseido.mhlw.go.jp/znk-web/juminkanja/S2430/initialize?prefCd=07&kikanCd=20720001142&kikanKbn=2", "url2": null, "内容": "根本クリニック【2:診療所】【診療科目:0】福島県郡山市咲田１－５－１１" }, "geometry": { "type": "Point", "coordinates": [ 140.375911, 37.403522 ] } },
{ "type": "Feature", "properties": { "ID": 720720001143, "正式名称": "大山内科クリニック", "機関区分": 2, "都道府県コード": 7, "市区町村コード": 203, "所在地": "福島県郡山市久留米３丁目１２６－１", "緯度": 37.376647, "経度": 140.356403, "url": "https://www.iryou.teikyouseido.mhlw.go.jp/znk-web/juminkanja/S2430/initialize?prefCd=07&kikanCd=20720001143&kikanKbn=2", "url2": null, "内容": "大山内科クリニック【2:診療所】【診療科目:0】福島県郡山市久留米３丁目１２６－１" }, "geometry": { "type": "Point", "coordinates": [ 140.356403, 37.376647 ] } },
{ "type": "Feature", "properties": { "ID": 720720001144, "正式名称": "内科　リウマチ科　大口クリニック", "機関区分": 2, "都道府県コード": 7, "市区町村コード": 203, "所在地": "福島県郡山市麓山二丁目１１－２６", "緯度": 37.395442, "経度": 140.369086, "url": "https://www.iryou.teikyouseido.mhlw.go.jp/znk-web/juminkanja/S2430/initialize?prefCd=07&kikanCd=20720001144&kikanKbn=2", "url2": "oguchi-clinic.jp/", "内容": "内科　リウマチ科　大口クリニック【2:診療所】【診療科目:0】福島県郡山市麓山二丁目１１－２６" }, "geometry": { "type": "Point", "coordinates": [ 140.369086, 37.395442 ] } },
{ "type": "Feature", "properties": { "ID": 720720001145, "正式名称": "喜久田クリニック", "機関区分": 2, "都道府県コード": 7, "市区町村コード": 203, "所在地": "福島県郡山市喜久田町堀之内南椚内８－１０", "緯度": 37.4511, "経度": 140.34135, "url": "https://www.iryou.teikyouseido.mhlw.go.jp/znk-web/juminkanja/S2430/initialize?prefCd=07&kikanCd=20720001145&kikanKbn=2", "url2": null, "内容": "喜久田クリニック【2:診療所】【診療科目:0】福島県郡山市喜久田町堀之内南椚内８－１０" }, "geometry": { "type": "Point", "coordinates": [ 140.34135, 37.4511 ] } },
{ "type": "Feature", "properties": { "ID": 720720001147, "正式名称": "医療法人　桜井診療所", "機関区分": 2, "都道府県コード": 7, "市区町村コード": 203, "所在地": "福島県郡山市方八町２丁目６番１６号", "緯度": 37.393061, "経度": 140.392297, "url": "https://www.iryou.teikyouseido.mhlw.go.jp/znk-web/juminkanja/S2430/initialize?prefCd=07&kikanCd=20720001147&kikanKbn=2", "url2": null, "内容": "医療法人　桜井診療所【2:診療所】【診療科目:0】福島県郡山市方八町２丁目６番１６号" }, "geometry": { "type": "Point", "coordinates": [ 140.392297, 37.393061 ] } },
{ "type": "Feature", "properties": { "ID": 720720001148, "正式名称": "こおりやま脳神経クリニック", "機関区分": 2, "都道府県コード": 7, "市区町村コード": 203, "所在地": "福島県郡山市富久山町久保田字伊賀河原１６", "緯度": 37.41459, "経度": 140.373607, "url": "https://www.iryou.teikyouseido.mhlw.go.jp/znk-web/juminkanja/S2430/initialize?prefCd=07&kikanCd=20720001148&kikanKbn=2", "url2": "https://www.kennoukai.com", "内容": "こおりやま脳神経クリニック【2:診療所】【診療科目:0】福島県郡山市富久山町久保田字伊賀河原１６" }, "geometry": { "type": "Point", "coordinates": [ 140.373607, 37.41459 ] } },
{ "type": "Feature", "properties": { "ID": 720720001150, "正式名称": "岡沼内科往診クリニック", "機関区分": 2, "都道府県コード": 7, "市区町村コード": 203, "所在地": "福島県郡山市安積三丁目３４９－１", "緯度": 37.355731, "経度": 140.363364, "url": "https://www.iryou.teikyouseido.mhlw.go.jp/znk-web/juminkanja/S2430/initialize?prefCd=07&kikanCd=20720001150&kikanKbn=2", "url2": null, "内容": "岡沼内科往診クリニック【2:診療所】【診療科目:0】福島県郡山市安積三丁目３４９－１" }, "geometry": { "type": "Point", "coordinates": [ 140.363364, 37.355731 ] } },
{ "type": "Feature", "properties": { "ID": 720720001151, "正式名称": "医療法人　星伸会　柴宮整形外科クリニック", "機関区分": 2, "都道府県コード": 7, "市区町村コード": 203, "所在地": "福島県郡山市久留米６－１６４－１", "緯度": 37.37725, "経度": 140.343467, "url": "https://www.iryou.teikyouseido.mhlw.go.jp/znk-web/juminkanja/S2430/initialize?prefCd=07&kikanCd=20720001151&kikanKbn=2", "url2": "http://www.sibamiya.com/", "内容": "医療法人　星伸会　柴宮整形外科クリニック【2:診療所】【診療科目:0】福島県郡山市久留米６－１６４－１" }, "geometry": { "type": "Point", "coordinates": [ 140.343467, 37.37725 ] } },
{ "type": "Feature", "properties": { "ID": 720720001152, "正式名称": "医療法人久米こどもクリニック", "機関区分": 2, "都道府県コード": 7, "市区町村コード": 203, "所在地": "福島県郡山市島２－５０－１", "緯度": 37.398694, "経度": 140.352228, "url": "https://www.iryou.teikyouseido.mhlw.go.jp/znk-web/juminkanja/S2430/initialize?prefCd=07&kikanCd=20720001152&kikanKbn=2", "url2": "https://www.kume-cl.jp/", "内容": "医療法人久米こどもクリニック【2:診療所】【診療科目:0】福島県郡山市島２－５０－１" }, "geometry": { "type": "Point", "coordinates": [ 140.352228, 37.398694 ] } },
{ "type": "Feature", "properties": { "ID": 720720001153, "正式名称": "医療法人　鶴見坦民井診療所", "機関区分": 2, "都道府県コード": 7, "市区町村コード": 203, "所在地": "福島県郡山市鶴見坦１－６－１０", "緯度": 37.395006, "経度": 140.364553, "url": "https://www.iryou.teikyouseido.mhlw.go.jp/znk-web/juminkanja/S2430/initialize?prefCd=07&kikanCd=20720001153&kikanKbn=2", "url2": null, "内容": "医療法人　鶴見坦民井診療所【2:診療所】【診療科目:0】福島県郡山市鶴見坦１－６－１０" }, "geometry": { "type": "Point", "coordinates": [ 140.364553, 37.395006 ] } },
{ "type": "Feature", "properties": { "ID": 720720001158, "正式名称": "宝沢内科クリニック", "機関区分": 2, "都道府県コード": 7, "市区町村コード": 203, "所在地": "福島県郡山市富久山町八山田字大森新田３５－３", "緯度": 37.431347, "経度": 140.383028, "url": "https://www.iryou.teikyouseido.mhlw.go.jp/znk-web/juminkanja/S2430/initialize?prefCd=07&kikanCd=20720001158&kikanKbn=2", "url2": null, "内容": "宝沢内科クリニック【2:診療所】【診療科目:0】福島県郡山市富久山町八山田字大森新田３５－３" }, "geometry": { "type": "Point", "coordinates": [ 140.383028, 37.431347 ] } },
{ "type": "Feature", "properties": { "ID": 720720001159, "正式名称": "山下内科胃腸科医院", "機関区分": 2, "都道府県コード": 7, "市区町村コード": 203, "所在地": "福島県郡山市方八町２－１６－１１", "緯度": 37.393317, "経度": 140.394253, "url": "https://www.iryou.teikyouseido.mhlw.go.jp/znk-web/juminkanja/S2430/initialize?prefCd=07&kikanCd=20720001159&kikanKbn=2", "url2": null, "内容": "山下内科胃腸科医院【2:診療所】【診療科目:0】福島県郡山市方八町２－１６－１１" }, "geometry": { "type": "Point", "coordinates": [ 140.394253, 37.393317 ] } },
{ "type": "Feature", "properties": { "ID": 720720001160, "正式名称": "眼科君塚医院", "機関区分": 2, "都道府県コード": 7, "市区町村コード": 203, "所在地": "福島県郡山市御前南１丁目５番地", "緯度": 37.385611, "経度": 140.335317, "url": "https://www.iryou.teikyouseido.mhlw.go.jp/znk-web/juminkanja/S2430/initialize?prefCd=07&kikanCd=20720001160&kikanKbn=2", "url2": "http://www.eye-kimizuka.com/", "内容": "眼科君塚医院【2:診療所】【診療科目:0】福島県郡山市御前南１丁目５番地" }, "geometry": { "type": "Point", "coordinates": [ 140.335317, 37.385611 ] } },
{ "type": "Feature", "properties": { "ID": 720720001161, "正式名称": "医療法人　おおた呼吸器クリニック", "機関区分": 2, "都道府県コード": 7, "市区町村コード": 203, "所在地": "福島県郡山市富田東３丁目１０５番地", "緯度": 37.424428, "経度": 140.367211, "url": "https://www.iryou.teikyouseido.mhlw.go.jp/znk-web/juminkanja/S2430/initialize?prefCd=07&kikanCd=20720001161&kikanKbn=2", "url2": "http://ohtakokyuukikurinikku.web.fc2.com/", "内容": "医療法人　おおた呼吸器クリニック【2:診療所】【診療科目:0】福島県郡山市富田東３丁目１０５番地" }, "geometry": { "type": "Point", "coordinates": [ 140.367211, 37.424428 ] } },
{ "type": "Feature", "properties": { "ID": 720720001163, "正式名称": "あさかの杜クリニック", "機関区分": 2, "都道府県コード": 7, "市区町村コード": 203, "所在地": "福島県郡山市安積町成田字漆山５０", "緯度": 37.359456, "経度": 140.34005, "url": "https://www.iryou.teikyouseido.mhlw.go.jp/znk-web/juminkanja/S2430/initialize?prefCd=07&kikanCd=20720001163&kikanKbn=2", "url2": "http://www.asakanomori.com/", "内容": "あさかの杜クリニック【2:診療所】【診療科目:0】福島県郡山市安積町成田字漆山５０" }, "geometry": { "type": "Point", "coordinates": [ 140.34005, 37.359456 ] } },
{ "type": "Feature", "properties": { "ID": 720720001164, "正式名称": "さがわ内科・消化器科クリニック", "機関区分": 2, "都道府県コード": 7, "市区町村コード": 203, "所在地": "福島県郡山市富田東５－２０", "緯度": 37.421047, "経度": 140.369653, "url": "https://www.iryou.teikyouseido.mhlw.go.jp/znk-web/juminkanja/S2430/initialize?prefCd=07&kikanCd=20720001164&kikanKbn=2", "url2": "https://.sagawa-c.jp", "内容": "さがわ内科・消化器科クリニック【2:診療所】【診療科目:0】福島県郡山市富田東５－２０" }, "geometry": { "type": "Point", "coordinates": [ 140.369653, 37.421047 ] } },
{ "type": "Feature", "properties": { "ID": 720720001165, "正式名称": "医療法人あさか会　あさか内科クリニック", "機関区分": 2, "都道府県コード": 7, "市区町村コード": 203, "所在地": "福島県郡山市安積町長久保１－１－５", "緯度": 37.362181, "経度": 140.364197, "url": "https://www.iryou.teikyouseido.mhlw.go.jp/znk-web/juminkanja/S2430/initialize?prefCd=07&kikanCd=20720001165&kikanKbn=2", "url2": null, "内容": "医療法人あさか会　あさか内科クリニック【2:診療所】【診療科目:0】福島県郡山市安積町長久保１－１－５" }, "geometry": { "type": "Point", "coordinates": [ 140.364197, 37.362181 ] } },
{ "type": "Feature", "properties": { "ID": 720720001167, "正式名称": "うさみ内科", "機関区分": 2, "都道府県コード": 7, "市区町村コード": 203, "所在地": "福島県郡山市大槻町三角田８８－２", "緯度": 37.386067, "経度": 140.314453, "url": "https://www.iryou.teikyouseido.mhlw.go.jp/znk-web/juminkanja/S2430/initialize?prefCd=07&kikanCd=20720001167&kikanKbn=2", "url2": null, "内容": "うさみ内科【2:診療所】【診療科目:0】福島県郡山市大槻町三角田８８－２" }, "geometry": { "type": "Point", "coordinates": [ 140.314453, 37.386067 ] } },
{ "type": "Feature", "properties": { "ID": 720720001172, "正式名称": "コスモス皮膚科・内科クリニック", "機関区分": 2, "都道府県コード": 7, "市区町村コード": 203, "所在地": "福島県郡山市御前南五丁目１５０", "緯度": 37.385156, "経度": 140.328261, "url": "https://www.iryou.teikyouseido.mhlw.go.jp/znk-web/juminkanja/S2430/initialize?prefCd=07&kikanCd=20720001172&kikanKbn=2", "url2": "cosmos-c.jp", "内容": "コスモス皮膚科・内科クリニック【2:診療所】【診療科目:0】福島県郡山市御前南五丁目１５０" }, "geometry": { "type": "Point", "coordinates": [ 140.328261, 37.385156 ] } },
{ "type": "Feature", "properties": { "ID": 720720001173, "正式名称": "医療法人渡辺栄一整形外科", "機関区分": 2, "都道府県コード": 7, "市区町村コード": 203, "所在地": "福島県郡山市八山田西３－４１１", "緯度": 37.427683, "経度": 140.366772, "url": "https://www.iryou.teikyouseido.mhlw.go.jp/znk-web/juminkanja/S2430/initialize?prefCd=07&kikanCd=20720001173&kikanKbn=2", "url2": null, "内容": "医療法人渡辺栄一整形外科【2:診療所】【診療科目:0】福島県郡山市八山田西３－４１１" }, "geometry": { "type": "Point", "coordinates": [ 140.366772, 37.427683 ] } },
{ "type": "Feature", "properties": { "ID": 720720001174, "正式名称": "医療法人おおつき耳鼻咽喉科クリニック", "機関区分": 2, "都道府県コード": 7, "市区町村コード": 203, "所在地": "福島県郡山市八山田西一丁目９３番地", "緯度": 37.426544, "経度": 140.362697, "url": "https://www.iryou.teikyouseido.mhlw.go.jp/znk-web/juminkanja/S2430/initialize?prefCd=07&kikanCd=20720001174&kikanKbn=2", "url2": "https://www.otsuki-jibika.com/", "内容": "医療法人おおつき耳鼻咽喉科クリニック【2:診療所】【診療科目:0】福島県郡山市八山田西一丁目９３番地" }, "geometry": { "type": "Point", "coordinates": [ 140.362697, 37.426544 ] } },
{ "type": "Feature", "properties": { "ID": 720720001175, "正式名称": "鈴木医院", "機関区分": 2, "都道府県コード": 7, "市区町村コード": 203, "所在地": "福島県郡山市湖南町舘字伊勢ノ前１２３７番地５", "緯度": 37.415181, "経度": 140.139661, "url": "https://www.iryou.teikyouseido.mhlw.go.jp/znk-web/juminkanja/S2430/initialize?prefCd=07&kikanCd=20720001175&kikanKbn=2", "url2": null, "内容": "鈴木医院【2:診療所】【診療科目:0】福島県郡山市湖南町舘字伊勢ノ前１２３７番地５" }, "geometry": { "type": "Point", "coordinates": [ 140.139661, 37.415181 ] } },
{ "type": "Feature", "properties": { "ID": 720720001176, "正式名称": "医療法人慈繁会付属トータルヘルスクリニック", "機関区分": 2, "都道府県コード": 7, "市区町村コード": 203, "所在地": "福島県郡山市字山崎１７１", "緯度": 37.377825, "経度": 140.369561, "url": "https://www.iryou.teikyouseido.mhlw.go.jp/znk-web/juminkanja/S2430/initialize?prefCd=07&kikanCd=20720001176&kikanKbn=2", "url2": "http://jihankai.jp", "内容": "医療法人慈繁会付属トータルヘルスクリニック【2:診療所】【診療科目:0】福島県郡山市字山崎１７１" }, "geometry": { "type": "Point", "coordinates": [ 140.369561, 37.377825 ] } },
{ "type": "Feature", "properties": { "ID": 720720001179, "正式名称": "一般財団法人脳神経疾患研究所　附属　南東北医療クリニック", "機関区分": 2, "都道府県コード": 7, "市区町村コード": 203, "所在地": "福島県郡山市八山田７丁目１６１番地", "緯度": 37.423083, "経度": 140.381797, "url": "https://www.iryou.teikyouseido.mhlw.go.jp/znk-web/juminkanja/S2430/initialize?prefCd=07&kikanCd=20720001179&kikanKbn=2", "url2": "http://www.minamitohoku.or.jp", "内容": "一般財団法人脳神経疾患研究所　附属　南東北医療クリニック【2:診療所】【診療科目:0】福島県郡山市八山田７丁目１６１番地" }, "geometry": { "type": "Point", "coordinates": [ 140.381797, 37.423083 ] } },
{ "type": "Feature", "properties": { "ID": 720720001180, "正式名称": "一般財団法人脳神経疾患研究所　附属　南東北眼科クリニック", "機関区分": 2, "都道府県コード": 7, "市区町村コード": 203, "所在地": "福島県郡山市八山田７丁目１６６番地", "緯度": 37.423156, "経度": 140.381339, "url": "https://www.iryou.teikyouseido.mhlw.go.jp/znk-web/juminkanja/S2430/initialize?prefCd=07&kikanCd=20720001180&kikanKbn=2", "url2": "http://eyeclinic.minamitohoku.or.jp/", "内容": "一般財団法人脳神経疾患研究所　附属　南東北眼科クリニック【2:診療所】【診療科目:0】福島県郡山市八山田７丁目１６６番地" }, "geometry": { "type": "Point", "coordinates": [ 140.381339, 37.423156 ] } },
{ "type": "Feature", "properties": { "ID": 720720001181, "正式名称": "伊藤眼科", "機関区分": 2, "都道府県コード": 7, "市区町村コード": 203, "所在地": "福島県郡山市富久山町久保田字伊賀河原５番地", "緯度": 37.414264, "経度": 140.372181, "url": "https://www.iryou.teikyouseido.mhlw.go.jp/znk-web/juminkanja/S2430/initialize?prefCd=07&kikanCd=20720001181&kikanKbn=2", "url2": "http://www.ito-eye.com/", "内容": "伊藤眼科【2:診療所】【診療科目:0】福島県郡山市富久山町久保田字伊賀河原５番地" }, "geometry": { "type": "Point", "coordinates": [ 140.372181, 37.414264 ] } },
{ "type": "Feature", "properties": { "ID": 720720001182, "正式名称": "医療法人はぐくみいいもり子ども医院", "機関区分": 2, "都道府県コード": 7, "市区町村コード": 203, "所在地": "福島県郡山市富久山町久保田字伊賀河原３番", "緯度": 37.414814, "経度": 140.372225, "url": "https://www.iryou.teikyouseido.mhlw.go.jp/znk-web/juminkanja/S2430/initialize?prefCd=07&kikanCd=20720001182&kikanKbn=2", "url2": null, "内容": "医療法人はぐくみいいもり子ども医院【2:診療所】【診療科目:0】福島県郡山市富久山町久保田字伊賀河原３番" }, "geometry": { "type": "Point", "coordinates": [ 140.372225, 37.414814 ] } },
{ "type": "Feature", "properties": { "ID": 720720001183, "正式名称": "医療法人　栄心会　さかえ内科クリニック", "機関区分": 2, "都道府県コード": 7, "市区町村コード": 203, "所在地": "福島県郡山市横塚２丁目１５番６号", "緯度": 37.398667, "経度": 140.400042, "url": "https://www.iryou.teikyouseido.mhlw.go.jp/znk-web/juminkanja/S2430/initialize?prefCd=07&kikanCd=20720001183&kikanKbn=2", "url2": "http://www.sakaenaika.jp", "内容": "医療法人　栄心会　さかえ内科クリニック【2:診療所】【診療科目:0】福島県郡山市横塚２丁目１５番６号" }, "geometry": { "type": "Point", "coordinates": [ 140.400042, 37.398667 ] } },
{ "type": "Feature", "properties": { "ID": 720720001184, "正式名称": "医療法人大島クリニック", "機関区分": 2, "都道府県コード": 7, "市区町村コード": 203, "所在地": "福島県郡山市麓山二丁目６番１８号", "緯度": 37.395367, "経度": 140.371061, "url": "https://www.iryou.teikyouseido.mhlw.go.jp/znk-web/juminkanja/S2430/initialize?prefCd=07&kikanCd=20720001184&kikanKbn=2", "url2": "http://ohshima-c.jp/", "内容": "医療法人大島クリニック【2:診療所】【診療科目:0】福島県郡山市麓山二丁目６番１８号" }, "geometry": { "type": "Point", "coordinates": [ 140.371061, 37.395367 ] } },
{ "type": "Feature", "properties": { "ID": 720720001185, "正式名称": "医療法人社団長谷川皮膚科医院", "機関区分": 2, "都道府県コード": 7, "市区町村コード": 203, "所在地": "福島県郡山市栄町８番１７号", "緯度": 37.387428, "経度": 140.380372, "url": "https://www.iryou.teikyouseido.mhlw.go.jp/znk-web/juminkanja/S2430/initialize?prefCd=07&kikanCd=20720001185&kikanKbn=2", "url2": "http://www.h-hifuka.jp/", "内容": "医療法人社団長谷川皮膚科医院【2:診療所】【診療科目:0】福島県郡山市栄町８番１７号" }, "geometry": { "type": "Point", "coordinates": [ 140.380372, 37.387428 ] } },
{ "type": "Feature", "properties": { "ID": 720720001186, "正式名称": "医療法人渡辺美佳子こどもクリニック", "機関区分": 2, "都道府県コード": 7, "市区町村コード": 203, "所在地": "福島県郡山市富田町字下亀田１－３５", "緯度": 37.412253, "経度": 140.350517, "url": "https://www.iryou.teikyouseido.mhlw.go.jp/znk-web/juminkanja/S2430/initialize?prefCd=07&kikanCd=20720001186&kikanKbn=2", "url2": "http://b-net.tv/mikako", "内容": "医療法人渡辺美佳子こどもクリニック【2:診療所】【診療科目:0】福島県郡山市富田町字下亀田１－３５" }, "geometry": { "type": "Point", "coordinates": [ 140.350517, 37.412253 ] } },
{ "type": "Feature", "properties": { "ID": 720720001188, "正式名称": "社会医療法人あさかホスピタル附属あさかこころクリニック", "機関区分": 2, "都道府県コード": 7, "市区町村コード": 203, "所在地": "福島県郡山市朝日３丁目５－１６イルチェントロあさかビル３階", "緯度": 37.406164, "経度": 140.358464, "url": "https://www.iryou.teikyouseido.mhlw.go.jp/znk-web/juminkanja/S2430/initialize?prefCd=07&kikanCd=20720001188&kikanKbn=2", "url2": "http://.asaka.or.jp/cocoro/", "内容": "社会医療法人あさかホスピタル附属あさかこころクリニック【2:診療所】【診療科目:0】福島県郡山市朝日３丁目５－１６イルチェントロあさかビル３階" }, "geometry": { "type": "Point", "coordinates": [ 140.358464, 37.406164 ] } },
{ "type": "Feature", "properties": { "ID": 720720001190, "正式名称": "太田メンタルクリニック", "機関区分": 2, "都道府県コード": 7, "市区町村コード": 203, "所在地": "福島県郡山市堂前町２－１８栗山ビル１Ｆ", "緯度": 37.395419, "経度": 140.377483, "url": "https://www.iryou.teikyouseido.mhlw.go.jp/znk-web/juminkanja/S2430/initialize?prefCd=07&kikanCd=20720001190&kikanKbn=2", "url2": null, "内容": "太田メンタルクリニック【2:診療所】【診療科目:0】福島県郡山市堂前町２－１８栗山ビル１Ｆ" }, "geometry": { "type": "Point", "coordinates": [ 140.377483, 37.395419 ] } },
{ "type": "Feature", "properties": { "ID": 720720001192, "正式名称": "ぐっすりーぷクリニック", "機関区分": 2, "都道府県コード": 7, "市区町村コード": 203, "所在地": "福島県郡山市東原３－１７９", "緯度": 37.430865, "経度": 140.35453, "url": "https://www.iryou.teikyouseido.mhlw.go.jp/znk-web/juminkanja/S2430/initialize?prefCd=07&kikanCd=20720001192&kikanKbn=2", "url2": "http://www.gusleep.jp/", "内容": "ぐっすりーぷクリニック【2:診療所】【診療科目:0】福島県郡山市東原３－１７９" }, "geometry": { "type": "Point", "coordinates": [ 140.35453, 37.430865 ] } },
{ "type": "Feature", "properties": { "ID": 720720001194, "正式名称": "医療法人　あべウイメンズクリニック", "機関区分": 2, "都道府県コード": 7, "市区町村コード": 203, "所在地": "福島県郡山市富久山町久保田字伊賀河原６－１", "緯度": 37.413917, "経度": 140.372033, "url": "https://www.iryou.teikyouseido.mhlw.go.jp/znk-web/juminkanja/S2430/initialize?prefCd=07&kikanCd=20720001194&kikanKbn=2", "url2": "http://www.abe-wclinic.jp", "内容": "医療法人　あべウイメンズクリニック【2:診療所】【診療科目:0】福島県郡山市富久山町久保田字伊賀河原６－１" }, "geometry": { "type": "Point", "coordinates": [ 140.372033, 37.413917 ] } },
{ "type": "Feature", "properties": { "ID": 720720001195, "正式名称": "医療法人　ほり耳鼻咽喉科クリニック", "機関区分": 2, "都道府県コード": 7, "市区町村コード": 203, "所在地": "福島県郡山市横塚二丁目１５番５号", "緯度": 37.398444, "経度": 140.400042, "url": "https://www.iryou.teikyouseido.mhlw.go.jp/znk-web/juminkanja/S2430/initialize?prefCd=07&kikanCd=20720001195&kikanKbn=2", "url2": null, "内容": "医療法人　ほり耳鼻咽喉科クリニック【2:診療所】【診療科目:0】福島県郡山市横塚二丁目１５番５号" }, "geometry": { "type": "Point", "coordinates": [ 140.400042, 37.398444 ] } },
{ "type": "Feature", "properties": { "ID": 720720001196, "正式名称": "八木眼科医院", "機関区分": 2, "都道府県コード": 7, "市区町村コード": 203, "所在地": "福島県郡山市堤下町９－７", "緯度": 37.392875, "経度": 140.380558, "url": "https://www.iryou.teikyouseido.mhlw.go.jp/znk-web/juminkanja/S2430/initialize?prefCd=07&kikanCd=20720001196&kikanKbn=2", "url2": null, "内容": "八木眼科医院【2:診療所】【診療科目:0】福島県郡山市堤下町９－７" }, "geometry": { "type": "Point", "coordinates": [ 140.380558, 37.392875 ] } },
{ "type": "Feature", "properties": { "ID": 720720001197, "正式名称": "医療法人　下田皮膚科医院", "機関区分": 2, "都道府県コード": 7, "市区町村コード": 203, "所在地": "福島県郡山市菜根１－２５－６", "緯度": 37.387575, "経度": 140.36185, "url": "https://www.iryou.teikyouseido.mhlw.go.jp/znk-web/juminkanja/S2430/initialize?prefCd=07&kikanCd=20720001197&kikanKbn=2", "url2": null, "内容": "医療法人　下田皮膚科医院【2:診療所】【診療科目:0】福島県郡山市菜根１－２５－６" }, "geometry": { "type": "Point", "coordinates": [ 140.36185, 37.387575 ] } },
{ "type": "Feature", "properties": { "ID": 720720001198, "正式名称": "さくま耳鼻咽喉科", "機関区分": 2, "都道府県コード": 7, "市区町村コード": 203, "所在地": "福島県郡山市鶴見坦二丁目９番１９号", "緯度": 37.391925, "経度": 140.366489, "url": "https://www.iryou.teikyouseido.mhlw.go.jp/znk-web/juminkanja/S2430/initialize?prefCd=07&kikanCd=20720001198&kikanKbn=2", "url2": "https:/www.sakumajibika-koriyama.com", "内容": "さくま耳鼻咽喉科【2:診療所】【診療科目:0】福島県郡山市鶴見坦二丁目９番１９号" }, "geometry": { "type": "Point", "coordinates": [ 140.366489, 37.391925 ] } },
{ "type": "Feature", "properties": { "ID": 720720001200, "正式名称": "医療法人小池消化器科・内科クリニック", "機関区分": 2, "都道府県コード": 7, "市区町村コード": 203, "所在地": "福島県郡山市八山田西三丁目４２０番地", "緯度": 37.427833, "経度": 140.367311, "url": "https://www.iryou.teikyouseido.mhlw.go.jp/znk-web/juminkanja/S2430/initialize?prefCd=07&kikanCd=20720001200&kikanKbn=2", "url2": null, "内容": "医療法人小池消化器科・内科クリニック【2:診療所】【診療科目:0】福島県郡山市八山田西三丁目４２０番地" }, "geometry": { "type": "Point", "coordinates": [ 140.367311, 37.427833 ] } },
{ "type": "Feature", "properties": { "ID": 720720001201, "正式名称": "医療法人幸八会やつやまだ内科・脳神経内科", "機関区分": 2, "都道府県コード": 7, "市区町村コード": 203, "所在地": "福島県郡山市八山田西３丁目１３番地", "緯度": 37.427819, "経度": 140.363539, "url": "https://www.iryou.teikyouseido.mhlw.go.jp/znk-web/juminkanja/S2430/initialize?prefCd=07&kikanCd=20720001201&kikanKbn=2", "url2": null, "内容": "医療法人幸八会やつやまだ内科・脳神経内科【2:診療所】【診療科目:0】福島県郡山市八山田西３丁目１３番地" }, "geometry": { "type": "Point", "coordinates": [ 140.363539, 37.427819 ] } },
{ "type": "Feature", "properties": { "ID": 720720001202, "正式名称": "医療法人　めらクリニック", "機関区分": 2, "都道府県コード": 7, "市区町村コード": 203, "所在地": "福島県郡山市御前南三丁目２０１", "緯度": 37.379547, "経度": 140.32905, "url": "https://www.iryou.teikyouseido.mhlw.go.jp/znk-web/juminkanja/S2430/initialize?prefCd=07&kikanCd=20720001202&kikanKbn=2", "url2": null, "内容": "医療法人　めらクリニック【2:診療所】【診療科目:0】福島県郡山市御前南三丁目２０１" }, "geometry": { "type": "Point", "coordinates": [ 140.32905, 37.379547 ] } },
{ "type": "Feature", "properties": { "ID": 720720001203, "正式名称": "医療法人かずま医院", "機関区分": 2, "都道府県コード": 7, "市区町村コード": 203, "所在地": "福島県郡山市菜根一丁目１５番２号", "緯度": 37.388444, "経度": 140.364356, "url": "https://www.iryou.teikyouseido.mhlw.go.jp/znk-web/juminkanja/S2430/initialize?prefCd=07&kikanCd=20720001203&kikanKbn=2", "url2": null, "内容": "医療法人かずま医院【2:診療所】【診療科目:0】福島県郡山市菜根一丁目１５番２号" }, "geometry": { "type": "Point", "coordinates": [ 140.364356, 37.388444 ] } },
{ "type": "Feature", "properties": { "ID": 720720001204, "正式名称": "医療法人　ユア・クリニック　たかはし", "機関区分": 2, "都道府県コード": 7, "市区町村コード": 203, "所在地": "福島県郡山市虎丸町１－５ロイヤルライフ虎丸１階", "緯度": 37.399517, "経度": 140.373572, "url": "https://www.iryou.teikyouseido.mhlw.go.jp/znk-web/juminkanja/S2430/initialize?prefCd=07&kikanCd=20720001204&kikanKbn=2", "url2": null, "内容": "医療法人　ユア・クリニック　たかはし【2:診療所】【診療科目:0】福島県郡山市虎丸町１－５ロイヤルライフ虎丸１階" }, "geometry": { "type": "Point", "coordinates": [ 140.373572, 37.399517 ] } },
{ "type": "Feature", "properties": { "ID": 720720001205, "正式名称": "医療法人福澤整形外科クリニック", "機関区分": 2, "都道府県コード": 7, "市区町村コード": 203, "所在地": "福島県郡山市安積町日出山４－６２", "緯度": 37.367594, "経度": 140.379994, "url": "https://www.iryou.teikyouseido.mhlw.go.jp/znk-web/juminkanja/S2430/initialize?prefCd=07&kikanCd=20720001205&kikanKbn=2", "url2": "http://www.fukuzawaseikeigeka.com/", "内容": "医療法人福澤整形外科クリニック【2:診療所】【診療科目:0】福島県郡山市安積町日出山４－６２" }, "geometry": { "type": "Point", "coordinates": [ 140.379994, 37.367594 ] } },
{ "type": "Feature", "properties": { "ID": 720720001206, "正式名称": "医療法人むつき会　むつき医科歯科在宅クリニック", "機関区分": 2, "都道府県コード": 7, "市区町村コード": 203, "所在地": "福島県郡山市島２丁目７番８号", "緯度": 37.400961, "経度": 140.342719, "url": "https://www.iryou.teikyouseido.mhlw.go.jp/znk-web/juminkanja/S2430/initialize?prefCd=07&kikanCd=20720001206&kikanKbn=2", "url2": "https://mutsukikai.com/", "内容": "医療法人むつき会　むつき医科歯科在宅クリニック【2:診療所】【診療科目:0】福島県郡山市島２丁目７番８号" }, "geometry": { "type": "Point", "coordinates": [ 140.342719, 37.400961 ] } },
{ "type": "Feature", "properties": { "ID": 720720001208, "正式名称": "半澤医院", "機関区分": 2, "都道府県コード": 7, "市区町村コード": 203, "所在地": "福島県郡山市湖南町福良字町浦１００", "緯度": 37.395114, "経度": 140.0855, "url": "https://www.iryou.teikyouseido.mhlw.go.jp/znk-web/juminkanja/S2430/initialize?prefCd=07&kikanCd=20720001208&kikanKbn=2", "url2": null, "内容": "半澤医院【2:診療所】【診療科目:0】福島県郡山市湖南町福良字町浦１００" }, "geometry": { "type": "Point", "coordinates": [ 140.0855, 37.395114 ] } },
{ "type": "Feature", "properties": { "ID": 720720001209, "正式名称": "郡山市休日・夜間急病センター", "機関区分": 2, "都道府県コード": 7, "市区町村コード": 203, "所在地": "福島県郡山市字上亀田１－１", "緯度": 37.408575, "経度": 140.345642, "url": "https://www.iryou.teikyouseido.mhlw.go.jp/znk-web/juminkanja/S2430/initialize?prefCd=07&kikanCd=20720001209&kikanKbn=2", "url2": "http://www.city.koriyama.lg.jp/", "内容": "郡山市休日・夜間急病センター【2:診療所】【診療科目:0】福島県郡山市字上亀田１－１" }, "geometry": { "type": "Point", "coordinates": [ 140.345642, 37.408575 ] } },
{ "type": "Feature", "properties": { "ID": 720720001210, "正式名称": "コスモス通り心身医療クリニック", "機関区分": 2, "都道府県コード": 7, "市区町村コード": 203, "所在地": "福島県郡山市鳴神三丁目６９番地", "緯度": 37.395533, "経度": 140.333753, "url": "https://www.iryou.teikyouseido.mhlw.go.jp/znk-web/juminkanja/S2430/initialize?prefCd=07&kikanCd=20720001210&kikanKbn=2", "url2": "https://cosmos-cl.net", "内容": "コスモス通り心身医療クリニック【2:診療所】【診療科目:0】福島県郡山市鳴神三丁目６９番地" }, "geometry": { "type": "Point", "coordinates": [ 140.333753, 37.395533 ] } },
{ "type": "Feature", "properties": { "ID": 720720001212, "正式名称": "郡山タウン形成外科クリニック", "機関区分": 2, "都道府県コード": 7, "市区町村コード": 203, "所在地": "福島県郡山市駅前二丁目３番１０号セントラルビル６階", "緯度": 37.398094, "経度": 140.387125, "url": "https://www.iryou.teikyouseido.mhlw.go.jp/znk-web/juminkanja/S2430/initialize?prefCd=07&kikanCd=20720001212&kikanKbn=2", "url2": "http://www.keisei.ne.jp/", "内容": "郡山タウン形成外科クリニック【2:診療所】【診療科目:0】福島県郡山市駅前二丁目３番１０号セントラルビル６階" }, "geometry": { "type": "Point", "coordinates": [ 140.387125, 37.398094 ] } },
{ "type": "Feature", "properties": { "ID": 720720001214, "正式名称": "郡山あおい眼科", "機関区分": 2, "都道府県コード": 7, "市区町村コード": 203, "所在地": "福島県郡山市駅前２－１０－１３　サンコービル６０２", "緯度": 37.400408, "経度": 140.387867, "url": "https://www.iryou.teikyouseido.mhlw.go.jp/znk-web/juminkanja/S2430/initialize?prefCd=07&kikanCd=20720001214&kikanKbn=2", "url2": "https://aoi-i.net", "内容": "郡山あおい眼科【2:診療所】【診療科目:0】福島県郡山市駅前２－１０－１３　サンコービル６０２" }, "geometry": { "type": "Point", "coordinates": [ 140.387867, 37.400408 ] } },
{ "type": "Feature", "properties": { "ID": 720720001216, "正式名称": "やぎぬま心療内科", "機関区分": 2, "都道府県コード": 7, "市区町村コード": 203, "所在地": "福島県郡山市富田東３－１８８", "緯度": 37.425517, "経度": 140.368222, "url": "https://www.iryou.teikyouseido.mhlw.go.jp/znk-web/juminkanja/S2430/initialize?prefCd=07&kikanCd=20720001216&kikanKbn=2", "url2": "http://yagishin.jp/", "内容": "やぎぬま心療内科【2:診療所】【診療科目:0】福島県郡山市富田東３－１８８" }, "geometry": { "type": "Point", "coordinates": [ 140.368222, 37.425517 ] } },
{ "type": "Feature", "properties": { "ID": 720720001217, "正式名称": "医療法人　英徳会　さかい小児科クリニック", "機関区分": 2, "都道府県コード": 7, "市区町村コード": 203, "所在地": "福島県郡山市富田東三丁目２０番地", "緯度": 37.425594, "経度": 140.364964, "url": "https://www.iryou.teikyouseido.mhlw.go.jp/znk-web/juminkanja/S2430/initialize?prefCd=07&kikanCd=20720001217&kikanKbn=2", "url2": "http://www.sakai2216.net/", "内容": "医療法人　英徳会　さかい小児科クリニック【2:診療所】【診療科目:0】福島県郡山市富田東三丁目２０番地" }, "geometry": { "type": "Point", "coordinates": [ 140.364964, 37.425594 ] } },
{ "type": "Feature", "properties": { "ID": 720720001218, "正式名称": "医療法人　折笠医院", "機関区分": 2, "都道府県コード": 7, "市区町村コード": 203, "所在地": "福島県郡山市横塚六丁目１０番１８号", "緯度": 37.39055, "経度": 140.400678, "url": "https://www.iryou.teikyouseido.mhlw.go.jp/znk-web/juminkanja/S2430/initialize?prefCd=07&kikanCd=20720001218&kikanKbn=2", "url2": null, "内容": "医療法人　折笠医院【2:診療所】【診療科目:0】福島県郡山市横塚六丁目１０番１８号" }, "geometry": { "type": "Point", "coordinates": [ 140.400678, 37.39055 ] } },
{ "type": "Feature", "properties": { "ID": 720720001219, "正式名称": "せいの内科クリニック", "機関区分": 2, "都道府県コード": 7, "市区町村コード": 203, "所在地": "福島県郡山市開成六丁目１９２番地の２", "緯度": 37.386608, "経度": 140.353697, "url": "https://www.iryou.teikyouseido.mhlw.go.jp/znk-web/juminkanja/S2430/initialize?prefCd=07&kikanCd=20720001219&kikanKbn=2", "url2": "http://seino-clinic.jp/", "内容": "せいの内科クリニック【2:診療所】【診療科目:0】福島県郡山市開成六丁目１９２番地の２" }, "geometry": { "type": "Point", "coordinates": [ 140.353697, 37.386608 ] } },
{ "type": "Feature", "properties": { "ID": 720720001220, "正式名称": "医療法人古川内科眼科医院", "機関区分": 2, "都道府県コード": 7, "市区町村コード": 203, "所在地": "福島県郡山市小原田四丁目１２番２６号", "緯度": 37.380875, "経度": 140.382503, "url": "https://www.iryou.teikyouseido.mhlw.go.jp/znk-web/juminkanja/S2430/initialize?prefCd=07&kikanCd=20720001220&kikanKbn=2", "url2": "http://www.furukawa-ioc.com/", "内容": "医療法人古川内科眼科医院【2:診療所】【診療科目:0】福島県郡山市小原田四丁目１２番２６号" }, "geometry": { "type": "Point", "coordinates": [ 140.382503, 37.380875 ] } },
{ "type": "Feature", "properties": { "ID": 720720001221, "正式名称": "医療法人　たなかレディースクリニック", "機関区分": 2, "都道府県コード": 7, "市区町村コード": 203, "所在地": "福島県郡山市御前南５－２８", "緯度": 37.385524, "経度": 140.329277, "url": "https://www.iryou.teikyouseido.mhlw.go.jp/znk-web/juminkanja/S2430/initialize?prefCd=07&kikanCd=20720001221&kikanKbn=2", "url2": "tanaka-lc.com", "内容": "医療法人　たなかレディースクリニック【2:診療所】【診療科目:0】福島県郡山市御前南５－２８" }, "geometry": { "type": "Point", "coordinates": [ 140.329277, 37.385524 ] } },
{ "type": "Feature", "properties": { "ID": 720720001222, "正式名称": "医療法人わんぱくさいとうこども医院", "機関区分": 2, "都道府県コード": 7, "市区町村コード": 203, "所在地": "福島県郡山市御前南６丁目１２２", "緯度": 37.38616, "経度": 140.327934, "url": "https://www.iryou.teikyouseido.mhlw.go.jp/znk-web/juminkanja/S2430/initialize?prefCd=07&kikanCd=20720001222&kikanKbn=2", "url2": "https://itp.ne.jp/info/074024749091640070/", "内容": "医療法人わんぱくさいとうこども医院【2:診療所】【診療科目:0】福島県郡山市御前南６丁目１２２" }, "geometry": { "type": "Point", "coordinates": [ 140.327934, 37.38616 ] } },
{ "type": "Feature", "properties": { "ID": 720720001223, "正式名称": "松井医院", "機関区分": 2, "都道府県コード": 7, "市区町村コード": 203, "所在地": "福島県郡山市大槻町上町３２", "緯度": 37.388639, "経度": 140.317142, "url": "https://www.iryou.teikyouseido.mhlw.go.jp/znk-web/juminkanja/S2430/initialize?prefCd=07&kikanCd=20720001223&kikanKbn=2", "url2": null, "内容": "松井医院【2:診療所】【診療科目:0】福島県郡山市大槻町上町３２" }, "geometry": { "type": "Point", "coordinates": [ 140.317142, 37.388639 ] } },
{ "type": "Feature", "properties": { "ID": 720720001224, "正式名称": "浜津眼科", "機関区分": 2, "都道府県コード": 7, "市区町村コード": 203, "所在地": "福島県郡山市横塚一丁目３番８号", "緯度": 37.395894, "経度": 140.396033, "url": "https://www.iryou.teikyouseido.mhlw.go.jp/znk-web/juminkanja/S2430/initialize?prefCd=07&kikanCd=20720001224&kikanKbn=2", "url2": null, "内容": "浜津眼科【2:診療所】【診療科目:0】福島県郡山市横塚一丁目３番８号" }, "geometry": { "type": "Point", "coordinates": [ 140.396033, 37.395894 ] } },
{ "type": "Feature", "properties": { "ID": 720720001225, "正式名称": "医療法人おおのこどもクリニック", "機関区分": 2, "都道府県コード": 7, "市区町村コード": 203, "所在地": "福島県郡山市賀庄５４－１", "緯度": 37.372139, "経度": 140.366786, "url": "https://www.iryou.teikyouseido.mhlw.go.jp/znk-web/juminkanja/S2430/initialize?prefCd=07&kikanCd=20720001225&kikanKbn=2", "url2": "https://www.b-net.tv/oono/", "内容": "医療法人おおのこどもクリニック【2:診療所】【診療科目:0】福島県郡山市賀庄５４－１" }, "geometry": { "type": "Point", "coordinates": [ 140.366786, 37.372139 ] } },
{ "type": "Feature", "properties": { "ID": 720720001226, "正式名称": "医療法人　ひろさか内科", "機関区分": 2, "都道府県コード": 7, "市区町村コード": 203, "所在地": "福島県郡山市富田西二丁目２７０番地", "緯度": 37.420933, "経度": 140.335714, "url": "https://www.iryou.teikyouseido.mhlw.go.jp/znk-web/juminkanja/S2430/initialize?prefCd=07&kikanCd=20720001226&kikanKbn=2", "url2": "http://hirosakacmc.com", "内容": "医療法人　ひろさか内科【2:診療所】【診療科目:0】福島県郡山市富田西二丁目２７０番地" }, "geometry": { "type": "Point", "coordinates": [ 140.335714, 37.420933 ] } },
{ "type": "Feature", "properties": { "ID": 720720001227, "正式名称": "医療法人たかはし内科・眼科クリニック", "機関区分": 2, "都道府県コード": 7, "市区町村コード": 203, "所在地": "福島県郡山市鶴見坦１－９－１３", "緯度": 37.393297, "経度": 140.362644, "url": "https://www.iryou.teikyouseido.mhlw.go.jp/znk-web/juminkanja/S2430/initialize?prefCd=07&kikanCd=20720001227&kikanKbn=2", "url2": "http://takahashi-cl.jp/", "内容": "医療法人たかはし内科・眼科クリニック【2:診療所】【診療科目:0】福島県郡山市鶴見坦１－９－１３" }, "geometry": { "type": "Point", "coordinates": [ 140.362644, 37.393297 ] } },
{ "type": "Feature", "properties": { "ID": 720720001228, "正式名称": "医療法人社団互仁会　郡山アイクリニック", "機関区分": 2, "都道府県コード": 7, "市区町村コード": 203, "所在地": "福島県郡山市燧田１９５番地エスパル１階", "緯度": 37.393772, "経度": 140.388097, "url": "https://www.iryou.teikyouseido.mhlw.go.jp/znk-web/juminkanja/S2430/initialize?prefCd=07&kikanCd=20720001228&kikanKbn=2", "url2": null, "内容": "医療法人社団互仁会　郡山アイクリニック【2:診療所】【診療科目:0】福島県郡山市燧田１９５番地エスパル１階" }, "geometry": { "type": "Point", "coordinates": [ 140.388097, 37.393772 ] } },
{ "type": "Feature", "properties": { "ID": 720720001229, "正式名称": "ロブレ耳鼻咽喉科", "機関区分": 2, "都道府県コード": 7, "市区町村コード": 203, "所在地": "福島県郡山市富久山町久保田字伊賀河原１３番地１", "緯度": 37.414724, "経度": 140.373102, "url": "https://www.iryou.teikyouseido.mhlw.go.jp/znk-web/juminkanja/S2430/initialize?prefCd=07&kikanCd=20720001229&kikanKbn=2", "url2": "http://www.citydo.com/prf/fukushima/guide/sg/150001082.html", "内容": "ロブレ耳鼻咽喉科【2:診療所】【診療科目:0】福島県郡山市富久山町久保田字伊賀河原１３番地１" }, "geometry": { "type": "Point", "coordinates": [ 140.373102, 37.414724 ] } },
{ "type": "Feature", "properties": { "ID": 720720001237, "正式名称": "おおくぼ胃と腸・内科クリニック", "機関区分": 2, "都道府県コード": 7, "市区町村コード": 204, "所在地": "福島県いわき市平字童子町２－２２", "緯度": 37.052153, "経度": 140.886267, "url": "https://www.iryou.teikyouseido.mhlw.go.jp/znk-web/juminkanja/S2430/initialize?prefCd=07&kikanCd=20720001237&kikanKbn=2", "url2": "http://www.okubo-clinic.or.jp/", "内容": "おおくぼ胃と腸・内科クリニック【2:診療所】【診療科目:0】福島県いわき市平字童子町２－２２" }, "geometry": { "type": "Point", "coordinates": [ 140.886267, 37.052153 ] } },
{ "type": "Feature", "properties": { "ID": 720720001238, "正式名称": "久保田眼科", "機関区分": 2, "都道府県コード": 7, "市区町村コード": 204, "所在地": "福島県いわき市小名浜字横町３７", "緯度": 36.949217, "経度": 140.905194, "url": "https://www.iryou.teikyouseido.mhlw.go.jp/znk-web/juminkanja/S2430/initialize?prefCd=07&kikanCd=20720001238&kikanKbn=2", "url2": "http://kubota-eyeclinic.webmedipr.jp", "内容": "久保田眼科【2:診療所】【診療科目:0】福島県いわき市小名浜字横町３７" }, "geometry": { "type": "Point", "coordinates": [ 140.905194, 36.949217 ] } },
{ "type": "Feature", "properties": { "ID": 720720001239, "正式名称": "医療法人　いわき南クリニック", "機関区分": 2, "都道府県コード": 7, "市区町村コード": 204, "所在地": "福島県いわき市植田町中央三丁目１－７", "緯度": 36.921319, "経度": 140.797339, "url": "https://www.iryou.teikyouseido.mhlw.go.jp/znk-web/juminkanja/S2430/initialize?prefCd=07&kikanCd=20720001239&kikanKbn=2", "url2": null, "内容": "医療法人　いわき南クリニック【2:診療所】【診療科目:0】福島県いわき市植田町中央三丁目１－７" }, "geometry": { "type": "Point", "coordinates": [ 140.797339, 36.921319 ] } },
{ "type": "Feature", "properties": { "ID": 720720001242, "正式名称": "医療法人　いわきＡＭＧ　安島内科クリニック", "機関区分": 2, "都道府県コード": 7, "市区町村コード": 204, "所在地": "福島県いわき市郷ヶ丘２丁目３３－１", "緯度": 37.024003, "経度": 140.902969, "url": "https://www.iryou.teikyouseido.mhlw.go.jp/znk-web/juminkanja/S2430/initialize?prefCd=07&kikanCd=20720001242&kikanKbn=2", "url2": null, "内容": "医療法人　いわきＡＭＧ　安島内科クリニック【2:診療所】【診療科目:0】福島県いわき市郷ヶ丘２丁目３３－１" }, "geometry": { "type": "Point", "coordinates": [ 140.902969, 37.024003 ] } },
{ "type": "Feature", "properties": { "ID": 720720001243, "正式名称": "医療法人　ネモト内科クリニック", "機関区分": 2, "都道府県コード": 7, "市区町村コード": 204, "所在地": "福島県いわき市平字新田前１－１６", "緯度": 37.050986, "経度": 140.896392, "url": "https://www.iryou.teikyouseido.mhlw.go.jp/znk-web/juminkanja/S2430/initialize?prefCd=07&kikanCd=20720001243&kikanKbn=2", "url2": null, "内容": "医療法人　ネモト内科クリニック【2:診療所】【診療科目:0】福島県いわき市平字新田前１－１６" }, "geometry": { "type": "Point", "coordinates": [ 140.896392, 37.050986 ] } },
{ "type": "Feature", "properties": { "ID": 720720001246, "正式名称": "医療法人　一知会　むらまつ小児科", "機関区分": 2, "都道府県コード": 7, "市区町村コード": 204, "所在地": "福島県いわき市常磐関船町一丁目８－２０", "緯度": 37.000886, "経度": 140.854425, "url": "https://www.iryou.teikyouseido.mhlw.go.jp/znk-web/juminkanja/S2430/initialize?prefCd=07&kikanCd=20720001246&kikanKbn=2", "url2": "https://muramatsu.or.jp/", "内容": "医療法人　一知会　むらまつ小児科【2:診療所】【診療科目:0】福島県いわき市常磐関船町一丁目８－２０" }, "geometry": { "type": "Point", "coordinates": [ 140.854425, 37.000886 ] } },
{ "type": "Feature", "properties": { "ID": 720720001250, "正式名称": "あかいけ耳鼻咽喉科クリニック", "機関区分": 2, "都道府県コード": 7, "市区町村コード": 204, "所在地": "福島県いわき市郷ヶ丘二丁目５５－２", "緯度": 37.029294, "経度": 140.903369, "url": "https://www.iryou.teikyouseido.mhlw.go.jp/znk-web/juminkanja/S2430/initialize?prefCd=07&kikanCd=20720001250&kikanKbn=2", "url2": "akaike-clinic.com", "内容": "あかいけ耳鼻咽喉科クリニック【2:診療所】【診療科目:0】福島県いわき市郷ヶ丘二丁目５５－２" }, "geometry": { "type": "Point", "coordinates": [ 140.903369, 37.029294 ] } },
{ "type": "Feature", "properties": { "ID": 720720001251, "正式名称": "医療法人月真会　月川レディースクリニック", "機関区分": 2, "都道府県コード": 7, "市区町村コード": 204, "所在地": "福島県いわき市平字童子町２－６", "緯度": 37.052519, "経度": 140.88745, "url": "https://www.iryou.teikyouseido.mhlw.go.jp/znk-web/juminkanja/S2430/initialize?prefCd=07&kikanCd=20720001251&kikanKbn=2", "url2": null, "内容": "医療法人月真会　月川レディースクリニック【2:診療所】【診療科目:0】福島県いわき市平字童子町２－６" }, "geometry": { "type": "Point", "coordinates": [ 140.88745, 37.052519 ] } },
{ "type": "Feature", "properties": { "ID": 720720001254, "正式名称": "いわき脳神経外科", "機関区分": 2, "都道府県コード": 7, "市区町村コード": 204, "所在地": "福島県いわき市平紺屋町５番地", "緯度": 37.055175, "経度": 140.885383, "url": "https://www.iryou.teikyouseido.mhlw.go.jp/znk-web/juminkanja/S2430/initialize?prefCd=07&kikanCd=20720001254&kikanKbn=2", "url2": null, "内容": "いわき脳神経外科【2:診療所】【診療科目:0】福島県いわき市平紺屋町５番地" }, "geometry": { "type": "Point", "coordinates": [ 140.885383, 37.055175 ] } },
{ "type": "Feature", "properties": { "ID": 720720001255, "正式名称": "医療法人清風会吉成内科", "機関区分": 2, "都道府県コード": 7, "市区町村コード": 204, "所在地": "福島県いわき市常磐上湯長谷町堀の内７２－５", "緯度": 37.001161, "経度": 140.842781, "url": "https://www.iryou.teikyouseido.mhlw.go.jp/znk-web/juminkanja/S2430/initialize?prefCd=07&kikanCd=20720001255&kikanKbn=2", "url2": "http://www.yoshinarinaika.jp", "内容": "医療法人清風会吉成内科【2:診療所】【診療科目:0】福島県いわき市常磐上湯長谷町堀の内７２－５" }, "geometry": { "type": "Point", "coordinates": [ 140.842781, 37.001161 ] } },
{ "type": "Feature", "properties": { "ID": 720720001256, "正式名称": "すけがわクリニック", "機関区分": 2, "都道府県コード": 7, "市区町村コード": 204, "所在地": "福島県いわき市植田町根小屋３０９番地の３", "緯度": 36.917769, "経度": 140.786569, "url": "https://www.iryou.teikyouseido.mhlw.go.jp/znk-web/juminkanja/S2430/initialize?prefCd=07&kikanCd=20720001256&kikanKbn=2", "url2": null, "内容": "すけがわクリニック【2:診療所】【診療科目:0】福島県いわき市植田町根小屋３０９番地の３" }, "geometry": { "type": "Point", "coordinates": [ 140.786569, 36.917769 ] } },
{ "type": "Feature", "properties": { "ID": 720720001258, "正式名称": "すみたか内科クリニック", "機関区分": 2, "都道府県コード": 7, "市区町村コード": 204, "所在地": "福島県いわき市泉滝尻一丁目３の２", "緯度": 36.955614, "経度": 140.860606, "url": "https://www.iryou.teikyouseido.mhlw.go.jp/znk-web/juminkanja/S2430/initialize?prefCd=07&kikanCd=20720001258&kikanKbn=2", "url2": null, "内容": "すみたか内科クリニック【2:診療所】【診療科目:0】福島県いわき市泉滝尻一丁目３の２" }, "geometry": { "type": "Point", "coordinates": [ 140.860606, 36.955614 ] } },
{ "type": "Feature", "properties": { "ID": 720720001259, "正式名称": "医療法人信誠会ゆうクリニック", "機関区分": 2, "都道府県コード": 7, "市区町村コード": 204, "所在地": "福島県いわき市植田町本町二丁目五－七", "緯度": 36.917267, "経度": 140.799681, "url": "https://www.iryou.teikyouseido.mhlw.go.jp/znk-web/juminkanja/S2430/initialize?prefCd=07&kikanCd=20720001259&kikanKbn=2", "url2": "http://www.youclinic.or.jp", "内容": "医療法人信誠会ゆうクリニック【2:診療所】【診療科目:0】福島県いわき市植田町本町二丁目五－七" }, "geometry": { "type": "Point", "coordinates": [ 140.799681, 36.917267 ] } },
{ "type": "Feature", "properties": { "ID": 720720001260, "正式名称": "医療法人いわき秀生会よしま金成クリニック", "機関区分": 2, "都道府県コード": 7, "市区町村コード": 204, "所在地": "福島県いわき市好間町上好間字洞３４－１", "緯度": 37.0698, "経度": 140.847028, "url": "https://www.iryou.teikyouseido.mhlw.go.jp/znk-web/juminkanja/S2430/initialize?prefCd=07&kikanCd=20720001260&kikanKbn=2", "url2": null, "内容": "医療法人いわき秀生会よしま金成クリニック【2:診療所】【診療科目:0】福島県いわき市好間町上好間字洞３４－１" }, "geometry": { "type": "Point", "coordinates": [ 140.847028, 37.0698 ] } },
{ "type": "Feature", "properties": { "ID": 720720001262, "正式名称": "小池整形・外科内科胃腸科", "機関区分": 2, "都道府県コード": 7, "市区町村コード": 204, "所在地": "福島県いわき市内郷綴町金谷９－１", "緯度": 37.037278, "経度": 140.861008, "url": "https://www.iryou.teikyouseido.mhlw.go.jp/znk-web/juminkanja/S2430/initialize?prefCd=07&kikanCd=20720001262&kikanKbn=2", "url2": null, "内容": "小池整形・外科内科胃腸科【2:診療所】【診療科目:0】福島県いわき市内郷綴町金谷９－１" }, "geometry": { "type": "Point", "coordinates": [ 140.861008, 37.037278 ] } },
{ "type": "Feature", "properties": { "ID": 720720001263, "正式名称": "医療法人　だいた耳鼻咽喉科クリニック", "機関区分": 2, "都道府県コード": 7, "市区町村コード": 204, "所在地": "福島県いわき市平字四町目２１番地の１６", "緯度": 37.056628, "経度": 140.895028, "url": "https://www.iryou.teikyouseido.mhlw.go.jp/znk-web/juminkanja/S2430/initialize?prefCd=07&kikanCd=20720001263&kikanKbn=2", "url2": null, "内容": "医療法人　だいた耳鼻咽喉科クリニック【2:診療所】【診療科目:0】福島県いわき市平字四町目２１番地の１６" }, "geometry": { "type": "Point", "coordinates": [ 140.895028, 37.056628 ] } },
{ "type": "Feature", "properties": { "ID": 720720001264, "正式名称": "中山クリニック", "機関区分": 2, "都道府県コード": 7, "市区町村コード": 204, "所在地": "福島県いわき市小名浜西町１－３", "緯度": 36.9505, "経度": 140.901444, "url": "https://www.iryou.teikyouseido.mhlw.go.jp/znk-web/juminkanja/S2430/initialize?prefCd=07&kikanCd=20720001264&kikanKbn=2", "url2": null, "内容": "中山クリニック【2:診療所】【診療科目:0】福島県いわき市小名浜西町１－３" }, "geometry": { "type": "Point", "coordinates": [ 140.901444, 36.9505 ] } },
{ "type": "Feature", "properties": { "ID": 720720001267, "正式名称": "こんない子供クリニック", "機関区分": 2, "都道府県コード": 7, "市区町村コード": 204, "所在地": "福島県いわき市小名浜岡小名一丁目２－１", "緯度": 36.961008, "経度": 140.909167, "url": "https://www.iryou.teikyouseido.mhlw.go.jp/znk-web/juminkanja/S2430/initialize?prefCd=07&kikanCd=20720001267&kikanKbn=2", "url2": null, "内容": "こんない子供クリニック【2:診療所】【診療科目:0】福島県いわき市小名浜岡小名一丁目２－１" }, "geometry": { "type": "Point", "coordinates": [ 140.909167, 36.961008 ] } },
{ "type": "Feature", "properties": { "ID": 720720001268, "正式名称": "医療法人安盛会　安濃胃腸科内科医院", "機関区分": 2, "都道府県コード": 7, "市区町村コード": 204, "所在地": "福島県いわき市平字菱川町７－１０", "緯度": 37.050083, "経度": 140.890558, "url": "https://www.iryou.teikyouseido.mhlw.go.jp/znk-web/juminkanja/S2430/initialize?prefCd=07&kikanCd=20720001268&kikanKbn=2", "url2": "http://annou-clinic.com/", "内容": "医療法人安盛会　安濃胃腸科内科医院【2:診療所】【診療科目:0】福島県いわき市平字菱川町７－１０" }, "geometry": { "type": "Point", "coordinates": [ 140.890558, 37.050083 ] } },
{ "type": "Feature", "properties": { "ID": 720720001269, "正式名称": "医療法人　道済会　みちや内科胃腸科", "機関区分": 2, "都道府県コード": 7, "市区町村コード": 204, "所在地": "福島県いわき市小名浜住吉字道下３３－１", "緯度": 36.980733, "経度": 140.887247, "url": "https://www.iryou.teikyouseido.mhlw.go.jp/znk-web/juminkanja/S2430/initialize?prefCd=07&kikanCd=20720001269&kikanKbn=2", "url2": "http://michiya-clinic.com", "内容": "医療法人　道済会　みちや内科胃腸科【2:診療所】【診療科目:0】福島県いわき市小名浜住吉字道下３３－１" }, "geometry": { "type": "Point", "coordinates": [ 140.887247, 36.980733 ] } },
{ "type": "Feature", "properties": { "ID": 720720001270, "正式名称": "城北内科胃腸科クリニック", "機関区分": 2, "都道府県コード": 7, "市区町村コード": 204, "所在地": "福島県いわき市平幕ノ内字高田１８番地の８", "緯度": 37.067017, "経度": 140.899956, "url": "https://www.iryou.teikyouseido.mhlw.go.jp/znk-web/juminkanja/S2430/initialize?prefCd=07&kikanCd=20720001270&kikanKbn=2", "url2": null, "内容": "城北内科胃腸科クリニック【2:診療所】【診療科目:0】福島県いわき市平幕ノ内字高田１８番地の８" }, "geometry": { "type": "Point", "coordinates": [ 140.899956, 37.067017 ] } },
{ "type": "Feature", "properties": { "ID": 720720001271, "正式名称": "医療法人タウンズクリニック", "機関区分": 2, "都道府県コード": 7, "市区町村コード": 204, "所在地": "福島県いわき市内郷御厩町久世原２６９番地", "緯度": 37.044506, "経度": 140.870025, "url": "https://www.iryou.teikyouseido.mhlw.go.jp/znk-web/juminkanja/S2430/initialize?prefCd=07&kikanCd=20720001271&kikanKbn=2", "url2": "https://towns-clinic.com", "内容": "医療法人タウンズクリニック【2:診療所】【診療科目:0】福島県いわき市内郷御厩町久世原２６９番地" }, "geometry": { "type": "Point", "coordinates": [ 140.870025, 37.044506 ] } },
{ "type": "Feature", "properties": { "ID": 720720001272, "正式名称": "小名浜生協病院付属　せいきょうクリニック", "機関区分": 2, "都道府県コード": 7, "市区町村コード": 204, "所在地": "福島県いわき市小名浜岡小名字山ノ神４０", "緯度": 36.970958, "経度": 140.909578, "url": "https://www.iryou.teikyouseido.mhlw.go.jp/znk-web/juminkanja/S2430/initialize?prefCd=07&kikanCd=20720001272&kikanKbn=2", "url2": "https://www.hamadori-coop.jp/", "内容": "小名浜生協病院付属　せいきょうクリニック【2:診療所】【診療科目:0】福島県いわき市小名浜岡小名字山ノ神４０" }, "geometry": { "type": "Point", "coordinates": [ 140.909578, 36.970958 ] } },
{ "type": "Feature", "properties": { "ID": 720720001274, "正式名称": "医療法人　こじま内科", "機関区分": 2, "都道府県コード": 7, "市区町村コード": 204, "所在地": "福島県いわき市遠野町上遠野字太田２０－３", "緯度": 37.006442, "経度": 140.746444, "url": "https://www.iryou.teikyouseido.mhlw.go.jp/znk-web/juminkanja/S2430/initialize?prefCd=07&kikanCd=20720001274&kikanKbn=2", "url2": null, "内容": "医療法人　こじま内科【2:診療所】【診療科目:0】福島県いわき市遠野町上遠野字太田２０－３" }, "geometry": { "type": "Point", "coordinates": [ 140.746444, 37.006442 ] } },
{ "type": "Feature", "properties": { "ID": 720720001275, "正式名称": "医療法人　ノブマタニティークリニック", "機関区分": 2, "都道府県コード": 7, "市区町村コード": 204, "所在地": "福島県いわき市中央台飯野４丁目１８－２", "緯度": 37.018078, "経度": 140.913853, "url": "https://www.iryou.teikyouseido.mhlw.go.jp/znk-web/juminkanja/S2430/initialize?prefCd=07&kikanCd=20720001275&kikanKbn=2", "url2": null, "内容": "医療法人　ノブマタニティークリニック【2:診療所】【診療科目:0】福島県いわき市中央台飯野４丁目１８－２" }, "geometry": { "type": "Point", "coordinates": [ 140.913853, 37.018078 ] } },
{ "type": "Feature", "properties": { "ID": 720720001277, "正式名称": "医療法人　かとう内科クリニック", "機関区分": 2, "都道府県コード": 7, "市区町村コード": 204, "所在地": "福島県いわき市常磐西郷町字岩崎２８－１", "緯度": 36.985453, "経度": 140.859453, "url": "https://www.iryou.teikyouseido.mhlw.go.jp/znk-web/juminkanja/S2430/initialize?prefCd=07&kikanCd=20720001277&kikanKbn=2", "url2": null, "内容": "医療法人　かとう内科クリニック【2:診療所】【診療科目:0】福島県いわき市常磐西郷町字岩崎２８－１" }, "geometry": { "type": "Point", "coordinates": [ 140.859453, 36.985453 ] } },
{ "type": "Feature", "properties": { "ID": 720720001278, "正式名称": "医療法人志賀整形外科・外科　志賀クリニック", "機関区分": 2, "都道府県コード": 7, "市区町村コード": 204, "所在地": "福島県いわき市平上荒川字堀ノ内１６番地の１", "緯度": 37.037069, "経度": 140.890047, "url": "https://www.iryou.teikyouseido.mhlw.go.jp/znk-web/juminkanja/S2430/initialize?prefCd=07&kikanCd=20720001278&kikanKbn=2", "url2": "http://www.shiga-clinic.jp/", "内容": "医療法人志賀整形外科・外科　志賀クリニック【2:診療所】【診療科目:0】福島県いわき市平上荒川字堀ノ内１６番地の１" }, "geometry": { "type": "Point", "coordinates": [ 140.890047, 37.037069 ] } },
{ "type": "Feature", "properties": { "ID": 720720001282, "正式名称": "さかもと内科胃腸科クリニック", "機関区分": 2, "都道府県コード": 7, "市区町村コード": 204, "所在地": "福島県いわき市常磐関船町一丁目８－２３", "緯度": 37.001094, "経度": 140.853942, "url": "https://www.iryou.teikyouseido.mhlw.go.jp/znk-web/juminkanja/S2430/initialize?prefCd=07&kikanCd=20720001282&kikanKbn=2", "url2": null, "内容": "さかもと内科胃腸科クリニック【2:診療所】【診療科目:0】福島県いわき市常磐関船町一丁目８－２３" }, "geometry": { "type": "Point", "coordinates": [ 140.853942, 37.001094 ] } },
{ "type": "Feature", "properties": { "ID": 720720001283, "正式名称": "すみのやリウマチ整形外科", "機関区分": 2, "都道府県コード": 7, "市区町村コード": 204, "所在地": "福島県いわき市小名浜住吉字冠木１", "緯度": 36.97765, "経度": 140.887794, "url": "https://www.iryou.teikyouseido.mhlw.go.jp/znk-web/juminkanja/S2430/initialize?prefCd=07&kikanCd=20720001283&kikanKbn=2", "url2": "http://www.suminoya.or.jp/", "内容": "すみのやリウマチ整形外科【2:診療所】【診療科目:0】福島県いわき市小名浜住吉字冠木１" }, "geometry": { "type": "Point", "coordinates": [ 140.887794, 36.97765 ] } },
{ "type": "Feature", "properties": { "ID": 720720001284, "正式名称": "吉田まさふみ整形外科", "機関区分": 2, "都道府県コード": 7, "市区町村コード": 204, "所在地": "福島県いわき市平字仲間町７６", "緯度": 37.058986, "経度": 140.896492, "url": "https://www.iryou.teikyouseido.mhlw.go.jp/znk-web/juminkanja/S2430/initialize?prefCd=07&kikanCd=20720001284&kikanKbn=2", "url2": null, "内容": "吉田まさふみ整形外科【2:診療所】【診療科目:0】福島県いわき市平字仲間町７６" }, "geometry": { "type": "Point", "coordinates": [ 140.896492, 37.058986 ] } },
{ "type": "Feature", "properties": { "ID": 720720001285, "正式名称": "中央台遠藤内科クリニック", "機関区分": 2, "都道府県コード": 7, "市区町村コード": 204, "所在地": "福島県いわき市中央台高久二丁目２２－１", "緯度": 37.008703, "経度": 140.927347, "url": "https://www.iryou.teikyouseido.mhlw.go.jp/znk-web/juminkanja/S2430/initialize?prefCd=07&kikanCd=20720001285&kikanKbn=2", "url2": "https://chuendo.jp/wp/", "内容": "中央台遠藤内科クリニック【2:診療所】【診療科目:0】福島県いわき市中央台高久二丁目２２－１" }, "geometry": { "type": "Point", "coordinates": [ 140.927347, 37.008703 ] } },
{ "type": "Feature", "properties": { "ID": 720720001286, "正式名称": "渡辺産科婦人科", "機関区分": 2, "都道府県コード": 7, "市区町村コード": 204, "所在地": "福島県いわき市常磐関船町二丁目７－１", "緯度": 36.997172, "経度": 140.857531, "url": "https://www.iryou.teikyouseido.mhlw.go.jp/znk-web/juminkanja/S2430/initialize?prefCd=07&kikanCd=20720001286&kikanKbn=2", "url2": "https://www.watanabe-oag.com/", "内容": "渡辺産科婦人科【2:診療所】【診療科目:0】福島県いわき市常磐関船町二丁目７－１" }, "geometry": { "type": "Point", "coordinates": [ 140.857531, 36.997172 ] } },
{ "type": "Feature", "properties": { "ID": 720720001288, "正式名称": "もみじ町内科胃腸科医院", "機関区分": 2, "都道府県コード": 7, "市区町村コード": 204, "所在地": "福島県いわき市平字紅葉町３８－２", "緯度": 37.06485, "経度": 140.888717, "url": "https://www.iryou.teikyouseido.mhlw.go.jp/znk-web/juminkanja/S2430/initialize?prefCd=07&kikanCd=20720001288&kikanKbn=2", "url2": "WWW5.ocn.ne.jp/~ajima/", "内容": "もみじ町内科胃腸科医院【2:診療所】【診療科目:0】福島県いわき市平字紅葉町３８－２" }, "geometry": { "type": "Point", "coordinates": [ 140.888717, 37.06485 ] } },
{ "type": "Feature", "properties": { "ID": 720720001289, "正式名称": "大野クリニック", "機関区分": 2, "都道府県コード": 7, "市区町村コード": 204, "所在地": "福島県いわき市四倉町玉山字砂子田２", "緯度": 37.114889, "経度": 140.949597, "url": "https://www.iryou.teikyouseido.mhlw.go.jp/znk-web/juminkanja/S2430/initialize?prefCd=07&kikanCd=20720001289&kikanKbn=2", "url2": null, "内容": "大野クリニック【2:診療所】【診療科目:0】福島県いわき市四倉町玉山字砂子田２" }, "geometry": { "type": "Point", "coordinates": [ 140.949597, 37.114889 ] } },
{ "type": "Feature", "properties": { "ID": 720720001292, "正式名称": "医療法人　くにい内科クリニック", "機関区分": 2, "都道府県コード": 7, "市区町村コード": 204, "所在地": "福島県いわき市内郷高坂町大町２６－８", "緯度": 37.045656, "経度": 140.862661, "url": "https://www.iryou.teikyouseido.mhlw.go.jp/znk-web/juminkanja/S2430/initialize?prefCd=07&kikanCd=20720001292&kikanKbn=2", "url2": "https://kunii-naika.com/", "内容": "医療法人　くにい内科クリニック【2:診療所】【診療科目:0】福島県いわき市内郷高坂町大町２６－８" }, "geometry": { "type": "Point", "coordinates": [ 140.862661, 37.045656 ] } },
{ "type": "Feature", "properties": { "ID": 720720001294, "正式名称": "いわき市国民健康保険田人診療所", "機関区分": 2, "都道府県コード": 7, "市区町村コード": 204, "所在地": "福島県いわき市田人町旅人字下平石１９１", "緯度": 36.952211, "経度": 140.704833, "url": "https://www.iryou.teikyouseido.mhlw.go.jp/znk-web/juminkanja/S2430/initialize?prefCd=07&kikanCd=20720001294&kikanKbn=2", "url2": "https://www.city.iwaki.lg.jp/www/contents/1001000003001/index.html", "内容": "いわき市国民健康保険田人診療所【2:診療所】【診療科目:0】福島県いわき市田人町旅人字下平石１９１" }, "geometry": { "type": "Point", "coordinates": [ 140.704833, 36.952211 ] } },
{ "type": "Feature", "properties": { "ID": 720720001299, "正式名称": "医療法人恒温会いわき草木台総合クリニック", "機関区分": 2, "都道府県コード": 7, "市区町村コード": 204, "所在地": "福島県いわき市草木台５丁目１の５", "緯度": 37.018658, "経度": 140.873839, "url": "https://www.iryou.teikyouseido.mhlw.go.jp/znk-web/juminkanja/S2430/initialize?prefCd=07&kikanCd=20720001299&kikanKbn=2", "url2": "www.iwaki-kusakidai.jp", "内容": "医療法人恒温会いわき草木台総合クリニック【2:診療所】【診療科目:0】福島県いわき市草木台５丁目１の５" }, "geometry": { "type": "Point", "coordinates": [ 140.873839, 37.018658 ] } },
{ "type": "Feature", "properties": { "ID": 720720001300, "正式名称": "志賀内科クリニック", "機関区分": 2, "都道府県コード": 7, "市区町村コード": 204, "所在地": "福島県いわき市平字五町目１７－１０", "緯度": 37.0566, "経度": 140.896028, "url": "https://www.iryou.teikyouseido.mhlw.go.jp/znk-web/juminkanja/S2430/initialize?prefCd=07&kikanCd=20720001300&kikanKbn=2", "url2": null, "内容": "志賀内科クリニック【2:診療所】【診療科目:0】福島県いわき市平字五町目１７－１０" }, "geometry": { "type": "Point", "coordinates": [ 140.896028, 37.0566 ] } },
{ "type": "Feature", "properties": { "ID": 720720001301, "正式名称": "たいら六町目内科", "機関区分": 2, "都道府県コード": 7, "市区町村コード": 204, "所在地": "福島県いわき市平六町目１－１", "緯度": 37.056431, "経度": 140.898964, "url": "https://www.iryou.teikyouseido.mhlw.go.jp/znk-web/juminkanja/S2430/initialize?prefCd=07&kikanCd=20720001301&kikanKbn=2", "url2": "http://www.taira6.com", "内容": "たいら六町目内科【2:診療所】【診療科目:0】福島県いわき市平六町目１－１" }, "geometry": { "type": "Point", "coordinates": [ 140.898964, 37.056431 ] } },
{ "type": "Feature", "properties": { "ID": 720720001302, "正式名称": "おおいし耳鼻咽喉科", "機関区分": 2, "都道府県コード": 7, "市区町村コード": 204, "所在地": "福島県いわき市内郷綴町川原田１２２", "緯度": 37.037125, "経度": 140.858939, "url": "https://www.iryou.teikyouseido.mhlw.go.jp/znk-web/juminkanja/S2430/initialize?prefCd=07&kikanCd=20720001302&kikanKbn=2", "url2": "http:/ooishi-ent.com/", "内容": "おおいし耳鼻咽喉科【2:診療所】【診療科目:0】福島県いわき市内郷綴町川原田１２２" }, "geometry": { "type": "Point", "coordinates": [ 140.858939, 37.037125 ] } },
{ "type": "Feature", "properties": { "ID": 720720001303, "正式名称": "医療法人　洋向台クリニック", "機関区分": 2, "都道府県コード": 7, "市区町村コード": 204, "所在地": "福島県いわき市洋向台４丁目１番２", "緯度": 36.964875, "経度": 140.934167, "url": "https://www.iryou.teikyouseido.mhlw.go.jp/znk-web/juminkanja/S2430/initialize?prefCd=07&kikanCd=20720001303&kikanKbn=2", "url2": "http://www11.ocn.ne.jp/~yokodai/", "内容": "医療法人　洋向台クリニック【2:診療所】【診療科目:0】福島県いわき市洋向台４丁目１番２" }, "geometry": { "type": "Point", "coordinates": [ 140.934167, 36.964875 ] } },
{ "type": "Feature", "properties": { "ID": 720720001304, "正式名称": "草野老人内科", "機関区分": 2, "都道府県コード": 7, "市区町村コード": 204, "所在地": "福島県いわき市平泉崎字向原１７－１", "緯度": 37.07415, "経度": 140.949194, "url": "https://www.iryou.teikyouseido.mhlw.go.jp/znk-web/juminkanja/S2430/initialize?prefCd=07&kikanCd=20720001304&kikanKbn=2", "url2": null, "内容": "草野老人内科【2:診療所】【診療科目:0】福島県いわき市平泉崎字向原１７－１" }, "geometry": { "type": "Point", "coordinates": [ 140.949194, 37.07415 ] } },
{ "type": "Feature", "properties": { "ID": 720720001305, "正式名称": "医療法人　森のこどもクリニック", "機関区分": 2, "都道府県コード": 7, "市区町村コード": 204, "所在地": "福島県いわき市植田町月山下６２－８", "緯度": 36.923103, "経度": 140.786528, "url": "https://www.iryou.teikyouseido.mhlw.go.jp/znk-web/juminkanja/S2430/initialize?prefCd=07&kikanCd=20720001305&kikanKbn=2", "url2": null, "内容": "医療法人　森のこどもクリニック【2:診療所】【診療科目:0】福島県いわき市植田町月山下６２－８" }, "geometry": { "type": "Point", "coordinates": [ 140.786528, 36.923103 ] } },
{ "type": "Feature", "properties": { "ID": 720720001306, "正式名称": "見城整形外科クリニック", "機関区分": 2, "都道府県コード": 7, "市区町村コード": 204, "所在地": "福島県いわき市中央台飯野３丁目３３－４", "緯度": 37.012947, "経度": 140.915044, "url": "https://www.iryou.teikyouseido.mhlw.go.jp/znk-web/juminkanja/S2430/initialize?prefCd=07&kikanCd=20720001306&kikanKbn=2", "url2": "http://www.kenjo-clinic.com", "内容": "見城整形外科クリニック【2:診療所】【診療科目:0】福島県いわき市中央台飯野３丁目３３－４" }, "geometry": { "type": "Point", "coordinates": [ 140.915044, 37.012947 ] } },
{ "type": "Feature", "properties": { "ID": 720720001307, "正式名称": "本町通りクリニック", "機関区分": 2, "都道府県コード": 7, "市区町村コード": 204, "所在地": "福島県いわき市平字四町目７番地", "緯度": 37.056006, "経度": 140.8938, "url": "https://www.iryou.teikyouseido.mhlw.go.jp/znk-web/juminkanja/S2430/initialize?prefCd=07&kikanCd=20720001307&kikanKbn=2", "url2": null, "内容": "本町通りクリニック【2:診療所】【診療科目:0】福島県いわき市平字四町目７番地" }, "geometry": { "type": "Point", "coordinates": [ 140.8938, 37.056006 ] } },
{ "type": "Feature", "properties": { "ID": 720720001309, "正式名称": "医療法人暢翔会", "機関区分": 2, "都道府県コード": 7, "市区町村コード": 204, "所在地": "福島県いわき市小名浜岡小名１－２－３", "緯度": 36.960681, "経度": 140.909206, "url": "https://www.iryou.teikyouseido.mhlw.go.jp/znk-web/juminkanja/S2430/initialize?prefCd=07&kikanCd=20720001309&kikanKbn=2", "url2": "https://www.gurutto-iwaki.com/detail/430/index.html", "内容": "医療法人暢翔会【2:診療所】【診療科目:0】福島県いわき市小名浜岡小名１－２－３" }, "geometry": { "type": "Point", "coordinates": [ 140.909206, 36.960681 ] } },
{ "type": "Feature", "properties": { "ID": 720720001310, "正式名称": "小林眼科医院", "機関区分": 2, "都道府県コード": 7, "市区町村コード": 204, "所在地": "福島県いわき市小名浜南君ヶ塚町６番地の１７", "緯度": 36.956658, "経度": 140.902433, "url": "https://www.iryou.teikyouseido.mhlw.go.jp/znk-web/juminkanja/S2430/initialize?prefCd=07&kikanCd=20720001310&kikanKbn=2", "url2": "http://nttbj.itp.ne.jp/0246545123/index.htmlhttps://itp.ne.jp/fukushima/iwakishi/onahama/iryo-kaigo/iryo/ganka/077184466000000899/", "内容": "小林眼科医院【2:診療所】【診療科目:0】福島県いわき市小名浜南君ヶ塚町６番地の１７" }, "geometry": { "type": "Point", "coordinates": [ 140.902433, 36.956658 ] } },
{ "type": "Feature", "properties": { "ID": 720720001312, "正式名称": "さがわ耳鼻咽喉科", "機関区分": 2, "都道府県コード": 7, "市区町村コード": 204, "所在地": "福島県いわき市平字月見町４８－５", "緯度": 37.052653, "経度": 140.898883, "url": "https://www.iryou.teikyouseido.mhlw.go.jp/znk-web/juminkanja/S2430/initialize?prefCd=07&kikanCd=20720001312&kikanKbn=2", "url2": "https://itp.ne.jp/info/077492235115641580/", "内容": "さがわ耳鼻咽喉科【2:診療所】【診療科目:0】福島県いわき市平字月見町４８－５" }, "geometry": { "type": "Point", "coordinates": [ 140.898883, 37.052653 ] } },
{ "type": "Feature", "properties": { "ID": 720720001318, "正式名称": "草野医院", "機関区分": 2, "都道府県コード": 7, "市区町村コード": 204, "所在地": "福島県いわき市小川町高萩字上代８９－２", "緯度": 37.124025, "経度": 140.860011, "url": "https://www.iryou.teikyouseido.mhlw.go.jp/znk-web/juminkanja/S2430/initialize?prefCd=07&kikanCd=20720001318&kikanKbn=2", "url2": null, "内容": "草野医院【2:診療所】【診療科目:0】福島県いわき市小川町高萩字上代８９－２" }, "geometry": { "type": "Point", "coordinates": [ 140.860011, 37.124025 ] } },
{ "type": "Feature", "properties": { "ID": 720720001319, "正式名称": "医療法人酒井医院", "機関区分": 2, "都道府県コード": 7, "市区町村コード": 204, "所在地": "福島県いわき市平字南町１２", "緯度": 37.054442, "経度": 140.891542, "url": "https://www.iryou.teikyouseido.mhlw.go.jp/znk-web/juminkanja/S2430/initialize?prefCd=07&kikanCd=20720001319&kikanKbn=2", "url2": null, "内容": "医療法人酒井医院【2:診療所】【診療科目:0】福島県いわき市平字南町１２" }, "geometry": { "type": "Point", "coordinates": [ 140.891542, 37.054442 ] } },
{ "type": "Feature", "properties": { "ID": 720720001320, "正式名称": "（医）清水医院", "機関区分": 2, "都道府県コード": 7, "市区町村コード": 204, "所在地": "福島県いわき市平字田町７５－１", "緯度": 37.057017, "経度": 140.8892, "url": "https://www.iryou.teikyouseido.mhlw.go.jp/znk-web/juminkanja/S2430/initialize?prefCd=07&kikanCd=20720001320&kikanKbn=2", "url2": null, "内容": "（医）清水医院【2:診療所】【診療科目:0】福島県いわき市平字田町７５－１" }, "geometry": { "type": "Point", "coordinates": [ 140.8892, 37.057017 ] } },
{ "type": "Feature", "properties": { "ID": 720720001322, "正式名称": "医療法人秀誠会　下遠野内科胃腸科クリニック", "機関区分": 2, "都道府県コード": 7, "市区町村コード": 204, "所在地": "福島県いわき市内郷内町立町７０－２", "緯度": 37.036817, "経度": 140.849567, "url": "https://www.iryou.teikyouseido.mhlw.go.jp/znk-web/juminkanja/S2430/initialize?prefCd=07&kikanCd=20720001322&kikanKbn=2", "url2": null, "内容": "医療法人秀誠会　下遠野内科胃腸科クリニック【2:診療所】【診療科目:0】福島県いわき市内郷内町立町７０－２" }, "geometry": { "type": "Point", "coordinates": [ 140.849567, 37.036817 ] } },
{ "type": "Feature", "properties": { "ID": 720720001326, "正式名称": "長瀬内科胃腸科", "機関区分": 2, "都道府県コード": 7, "市区町村コード": 204, "所在地": "福島県いわき市四倉町上仁井田字北姥田６－１", "緯度": 37.096306, "経度": 140.978, "url": "https://www.iryou.teikyouseido.mhlw.go.jp/znk-web/juminkanja/S2430/initialize?prefCd=07&kikanCd=20720001326&kikanKbn=2", "url2": "https://www.nagase-naika.net/", "内容": "長瀬内科胃腸科【2:診療所】【診療科目:0】福島県いわき市四倉町上仁井田字北姥田６－１" }, "geometry": { "type": "Point", "coordinates": [ 140.978, 37.096306 ] } },
{ "type": "Feature", "properties": { "ID": 720720001327, "正式名称": "医療法人　西山眼科医院", "機関区分": 2, "都道府県コード": 7, "市区町村コード": 204, "所在地": "福島県いわき市四倉町字西三丁目６－１", "緯度": 37.104956, "経度": 140.985467, "url": "https://www.iryou.teikyouseido.mhlw.go.jp/znk-web/juminkanja/S2430/initialize?prefCd=07&kikanCd=20720001327&kikanKbn=2", "url2": "https://itp.ne.jp", "内容": "医療法人　西山眼科医院【2:診療所】【診療科目:0】福島県いわき市四倉町字西三丁目６－１" }, "geometry": { "type": "Point", "coordinates": [ 140.985467, 37.104956 ] } },
{ "type": "Feature", "properties": { "ID": 720720001328, "正式名称": "比佐医院", "機関区分": 2, "都道府県コード": 7, "市区町村コード": 204, "所在地": "福島県いわき市常磐湯本町三函５８－１", "緯度": 37.013033, "経度": 140.846792, "url": "https://www.iryou.teikyouseido.mhlw.go.jp/znk-web/juminkanja/S2430/initialize?prefCd=07&kikanCd=20720001328&kikanKbn=2", "url2": null, "内容": "比佐医院【2:診療所】【診療科目:0】福島県いわき市常磐湯本町三函５８－１" }, "geometry": { "type": "Point", "coordinates": [ 140.846792, 37.013033 ] } },
{ "type": "Feature", "properties": { "ID": 720720001334, "正式名称": "吉田整形外科医院", "機関区分": 2, "都道府県コード": 7, "市区町村コード": 204, "所在地": "福島県いわき市平字研町５", "緯度": 37.055286, "経度": 140.884597, "url": "https://www.iryou.teikyouseido.mhlw.go.jp/znk-web/juminkanja/S2430/initialize?prefCd=07&kikanCd=20720001334&kikanKbn=2", "url2": null, "内容": "吉田整形外科医院【2:診療所】【診療科目:0】福島県いわき市平字研町５" }, "geometry": { "type": "Point", "coordinates": [ 140.884597, 37.055286 ] } },
{ "type": "Feature", "properties": { "ID": 720720001336, "正式名称": "医療法人社団尚誠会　根本内科胃腸科医院", "機関区分": 2, "都道府県コード": 7, "市区町村コード": 204, "所在地": "福島県いわき市常磐湯本町天王崎１－８０", "緯度": 37.008481, "経度": 140.848447, "url": "https://www.iryou.teikyouseido.mhlw.go.jp/znk-web/juminkanja/S2430/initialize?prefCd=07&kikanCd=20720001336&kikanKbn=2", "url2": "http://www.nemotopk.com", "内容": "医療法人社団尚誠会　根本内科胃腸科医院【2:診療所】【診療科目:0】福島県いわき市常磐湯本町天王崎１－８０" }, "geometry": { "type": "Point", "coordinates": [ 140.848447, 37.008481 ] } },
{ "type": "Feature", "properties": { "ID": 720720001337, "正式名称": "品川リフラ株式会社湯本工場診療所", "機関区分": 2, "都道府県コード": 7, "市区町村コード": 204, "所在地": "福島県いわき市常磐岩ヶ岡町岩崎１－１", "緯度": 36.980922, "経度": 140.8641, "url": "https://www.iryou.teikyouseido.mhlw.go.jp/znk-web/juminkanja/S2430/initialize?prefCd=07&kikanCd=20720001337&kikanKbn=2", "url2": null, "内容": "品川リフラ株式会社湯本工場診療所【2:診療所】【診療科目:0】福島県いわき市常磐岩ヶ岡町岩崎１－１" }, "geometry": { "type": "Point", "coordinates": [ 140.8641, 36.980922 ] } },
{ "type": "Feature", "properties": { "ID": 720720001338, "正式名称": "そうまクリニック", "機関区分": 2, "都道府県コード": 7, "市区町村コード": 204, "所在地": "福島県いわき市好間町下好間字鬼越１０１－１", "緯度": 37.058908, "経度": 140.871319, "url": "https://www.iryou.teikyouseido.mhlw.go.jp/znk-web/juminkanja/S2430/initialize?prefCd=07&kikanCd=20720001338&kikanKbn=2", "url2": "http://www.soma-clinic.or.jp", "内容": "そうまクリニック【2:診療所】【診療科目:0】福島県いわき市好間町下好間字鬼越１０１－１" }, "geometry": { "type": "Point", "coordinates": [ 140.871319, 37.058908 ] } },
{ "type": "Feature", "properties": { "ID": 720720001339, "正式名称": "織内医院", "機関区分": 2, "都道府県コード": 7, "市区町村コード": 204, "所在地": "福島県いわき市常磐関船町迎１６", "緯度": 37.002106, "経度": 140.850875, "url": "https://www.iryou.teikyouseido.mhlw.go.jp/znk-web/juminkanja/S2430/initialize?prefCd=07&kikanCd=20720001339&kikanKbn=2", "url2": "http://sinsei-kai.jp/", "内容": "織内医院【2:診療所】【診療科目:0】福島県いわき市常磐関船町迎１６" }, "geometry": { "type": "Point", "coordinates": [ 140.850875, 37.002106 ] } },
{ "type": "Feature", "properties": { "ID": 720720001343, "正式名称": "いわき市休日夜間急病診療所", "機関区分": 2, "都道府県コード": 7, "市区町村コード": 204, "所在地": "福島県いわき市内郷高坂町四方木田１９１", "緯度": 37.044353, "経度": 140.864383, "url": "https://www.iryou.teikyouseido.mhlw.go.jp/znk-web/juminkanja/S2430/initialize?prefCd=07&kikanCd=20720001343&kikanKbn=2", "url2": "http://www.city.iwaki.lg.jp/www/contents/1596154328467/index.html", "内容": "いわき市休日夜間急病診療所【2:診療所】【診療科目:0】福島県いわき市内郷高坂町四方木田１９１" }, "geometry": { "type": "Point", "coordinates": [ 140.864383, 37.044353 ] } },
{ "type": "Feature", "properties": { "ID": 720720001344, "正式名称": "額賀胃腸科内科醫院", "機関区分": 2, "都道府県コード": 7, "市区町村コード": 204, "所在地": "福島県いわき市四倉町字六丁目１０５", "緯度": 37.109692, "経度": 140.992894, "url": "https://www.iryou.teikyouseido.mhlw.go.jp/znk-web/juminkanja/S2430/initialize?prefCd=07&kikanCd=20720001344&kikanKbn=2", "url2": null, "内容": "額賀胃腸科内科醫院【2:診療所】【診療科目:0】福島県いわき市四倉町字六丁目１０５" }, "geometry": { "type": "Point", "coordinates": [ 140.992894, 37.109692 ] } },
{ "type": "Feature", "properties": { "ID": 720720001351, "正式名称": "（医）こやまクリニック", "機関区分": 2, "都道府県コード": 7, "市区町村コード": 204, "所在地": "福島県いわき市平愛谷町４－５－３", "緯度": 37.050992, "経度": 140.909589, "url": "https://www.iryou.teikyouseido.mhlw.go.jp/znk-web/juminkanja/S2430/initialize?prefCd=07&kikanCd=20720001351&kikanKbn=2", "url2": null, "内容": "（医）こやまクリニック【2:診療所】【診療科目:0】福島県いわき市平愛谷町４－５－３" }, "geometry": { "type": "Point", "coordinates": [ 140.909589, 37.050992 ] } },
{ "type": "Feature", "properties": { "ID": 720720001352, "正式名称": "医療法人あさうら会　須田医院", "機関区分": 2, "都道府県コード": 7, "市区町村コード": 204, "所在地": "福島県いわき市小島町一丁目５－２", "緯度": 37.051017, "経度": 140.881919, "url": "https://www.iryou.teikyouseido.mhlw.go.jp/znk-web/juminkanja/S2430/initialize?prefCd=07&kikanCd=20720001352&kikanKbn=2", "url2": null, "内容": "医療法人あさうら会　須田医院【2:診療所】【診療科目:0】福島県いわき市小島町一丁目５－２" }, "geometry": { "type": "Point", "coordinates": [ 140.881919, 37.051017 ] } },
{ "type": "Feature", "properties": { "ID": 720720001353, "正式名称": "福田小児科医院", "機関区分": 2, "都道府県コード": 7, "市区町村コード": 204, "所在地": "福島県いわき市平下荒川字中剃６２－２０", "緯度": 37.039222, "経度": 140.903978, "url": "https://www.iryou.teikyouseido.mhlw.go.jp/znk-web/juminkanja/S2430/initialize?prefCd=07&kikanCd=20720001353&kikanKbn=2", "url2": "https://www.fukuda-c-clinic.com/", "内容": "福田小児科医院【2:診療所】【診療科目:0】福島県いわき市平下荒川字中剃６２－２０" }, "geometry": { "type": "Point", "coordinates": [ 140.903978, 37.039222 ] } },
{ "type": "Feature", "properties": { "ID": 720720001354, "正式名称": "医療法人泰成会　木村医院", "機関区分": 2, "都道府県コード": 7, "市区町村コード": 204, "所在地": "福島県いわき市四倉町西三丁目１４－９", "緯度": 37.106281, "経度": 140.987133, "url": "https://www.iryou.teikyouseido.mhlw.go.jp/znk-web/juminkanja/S2430/initialize?prefCd=07&kikanCd=20720001354&kikanKbn=2", "url2": null, "内容": "医療法人泰成会　木村医院【2:診療所】【診療科目:0】福島県いわき市四倉町西三丁目１４－９" }, "geometry": { "type": "Point", "coordinates": [ 140.987133, 37.106281 ] } },
{ "type": "Feature", "properties": { "ID": 720720001355, "正式名称": "医療法人春陽会　春山医院", "機関区分": 2, "都道府県コード": 7, "市区町村コード": 204, "所在地": "福島県いわき市常磐下湯長谷町二丁目１", "緯度": 36.991122, "経度": 140.855969, "url": "https://www.iryou.teikyouseido.mhlw.go.jp/znk-web/juminkanja/S2430/initialize?prefCd=07&kikanCd=20720001355&kikanKbn=2", "url2": "http://syunyoukai.sakura.ne.jp/", "内容": "医療法人春陽会　春山医院【2:診療所】【診療科目:0】福島県いわき市常磐下湯長谷町二丁目１" }, "geometry": { "type": "Point", "coordinates": [ 140.855969, 36.991122 ] } },
{ "type": "Feature", "properties": { "ID": 720720001365, "正式名称": "医療法人あさうら会　久之浜医院", "機関区分": 2, "都道府県コード": 7, "市区町村コード": 204, "所在地": "福島県いわき市久之浜町久之浜字中町２０", "緯度": 37.140967, "経度": 140.998172, "url": "https://www.iryou.teikyouseido.mhlw.go.jp/znk-web/juminkanja/S2430/initialize?prefCd=07&kikanCd=20720001365&kikanKbn=2", "url2": null, "内容": "医療法人あさうら会　久之浜医院【2:診療所】【診療科目:0】福島県いわき市久之浜町久之浜字中町２０" }, "geometry": { "type": "Point", "coordinates": [ 140.998172, 37.140967 ] } },
{ "type": "Feature", "properties": { "ID": 720720001367, "正式名称": "医療法人昭栄会　佐藤クリニック", "機関区分": 2, "都道府県コード": 7, "市区町村コード": 204, "所在地": "福島県いわき市平字小太郎町３－７", "緯度": 37.051964, "経度": 140.893769, "url": "https://www.iryou.teikyouseido.mhlw.go.jp/znk-web/juminkanja/S2430/initialize?prefCd=07&kikanCd=20720001367&kikanKbn=2", "url2": "http://www.sato-c.com", "内容": "医療法人昭栄会　佐藤クリニック【2:診療所】【診療科目:0】福島県いわき市平字小太郎町３－７" }, "geometry": { "type": "Point", "coordinates": [ 140.893769, 37.051964 ] } },
{ "type": "Feature", "properties": { "ID": 720720001373, "正式名称": "相原小児科医院", "機関区分": 2, "都道府県コード": 7, "市区町村コード": 204, "所在地": "福島県いわき市内郷御厩町　４－１１", "緯度": 37.051281, "経度": 140.873253, "url": "https://www.iryou.teikyouseido.mhlw.go.jp/znk-web/juminkanja/S2430/initialize?prefCd=07&kikanCd=20720001373&kikanKbn=2", "url2": null, "内容": "相原小児科医院【2:診療所】【診療科目:0】福島県いわき市内郷御厩町　４－１１" }, "geometry": { "type": "Point", "coordinates": [ 140.873253, 37.051281 ] } },
{ "type": "Feature", "properties": { "ID": 720720001374, "正式名称": "医療法人　金生皮膚科医院", "機関区分": 2, "都道府県コード": 7, "市区町村コード": 204, "所在地": "福島県いわき市平字三倉６５－５　三倉サンライフ２Ｆ", "緯度": 37.051694, "経度": 140.900467, "url": "https://www.iryou.teikyouseido.mhlw.go.jp/znk-web/juminkanja/S2430/initialize?prefCd=07&kikanCd=20720001374&kikanKbn=2", "url2": "http://www.kaneki-hifu.com/index.html", "内容": "医療法人　金生皮膚科医院【2:診療所】【診療科目:0】福島県いわき市平字三倉６５－５　三倉サンライフ２Ｆ" }, "geometry": { "type": "Point", "coordinates": [ 140.900467, 37.051694 ] } },
{ "type": "Feature", "properties": { "ID": 720720001377, "正式名称": "いわき婦人科", "機関区分": 2, "都道府県コード": 7, "市区町村コード": 204, "所在地": "福島県いわき市内郷綴町大木下３－２", "緯度": 37.035003, "経度": 140.856925, "url": "https://www.iryou.teikyouseido.mhlw.go.jp/znk-web/juminkanja/S2430/initialize?prefCd=07&kikanCd=20720001377&kikanKbn=2", "url2": "iwaki-fu.or.jp", "内容": "いわき婦人科【2:診療所】【診療科目:0】福島県いわき市内郷綴町大木下３－２" }, "geometry": { "type": "Point", "coordinates": [ 140.856925, 37.035003 ] } },
{ "type": "Feature", "properties": { "ID": 720720001378, "正式名称": "医療法人猪狩医院", "機関区分": 2, "都道府県コード": 7, "市区町村コード": 204, "所在地": "福島県いわき市好間町下好間字叶田６３", "緯度": 37.059994, "経度": 140.863111, "url": "https://www.iryou.teikyouseido.mhlw.go.jp/znk-web/juminkanja/S2430/initialize?prefCd=07&kikanCd=20720001378&kikanKbn=2", "url2": null, "内容": "医療法人猪狩医院【2:診療所】【診療科目:0】福島県いわき市好間町下好間字叶田６３" }, "geometry": { "type": "Point", "coordinates": [ 140.863111, 37.059994 ] } },
{ "type": "Feature", "properties": { "ID": 720720001379, "正式名称": "山口医院", "機関区分": 2, "都道府県コード": 7, "市区町村コード": 204, "所在地": "福島県いわき市平字作町３－２－９", "緯度": 37.048983, "経度": 140.903925, "url": "https://www.iryou.teikyouseido.mhlw.go.jp/znk-web/juminkanja/S2430/initialize?prefCd=07&kikanCd=20720001379&kikanKbn=2", "url2": null, "内容": "山口医院【2:診療所】【診療科目:0】福島県いわき市平字作町３－２－９" }, "geometry": { "type": "Point", "coordinates": [ 140.903925, 37.048983 ] } },
{ "type": "Feature", "properties": { "ID": 720720001380, "正式名称": "横川内科医院", "機関区分": 2, "都道府県コード": 7, "市区町村コード": 204, "所在地": "福島県いわき市平下神谷字立田帯１３－１", "緯度": 37.06515, "経度": 140.938747, "url": "https://www.iryou.teikyouseido.mhlw.go.jp/znk-web/juminkanja/S2430/initialize?prefCd=07&kikanCd=20720001380&kikanKbn=2", "url2": null, "内容": "横川内科医院【2:診療所】【診療科目:0】福島県いわき市平下神谷字立田帯１３－１" }, "geometry": { "type": "Point", "coordinates": [ 140.938747, 37.06515 ] } },
{ "type": "Feature", "properties": { "ID": 720720001383, "正式名称": "若松医院", "機関区分": 2, "都道府県コード": 7, "市区町村コード": 204, "所在地": "福島県いわき市平字大町２４", "緯度": 37.053428, "経度": 140.895058, "url": "https://www.iryou.teikyouseido.mhlw.go.jp/znk-web/juminkanja/S2430/initialize?prefCd=07&kikanCd=20720001383&kikanKbn=2", "url2": null, "内容": "若松医院【2:診療所】【診療科目:0】福島県いわき市平字大町２４" }, "geometry": { "type": "Point", "coordinates": [ 140.895058, 37.053428 ] } },
{ "type": "Feature", "properties": { "ID": 720720001384, "正式名称": "医療法人博玲会はたの眼科", "機関区分": 2, "都道府県コード": 7, "市区町村コード": 204, "所在地": "福島県いわき市常磐関船町１－７－２７", "緯度": 37.000983, "経度": 140.856703, "url": "https://www.iryou.teikyouseido.mhlw.go.jp/znk-web/juminkanja/S2430/initialize?prefCd=07&kikanCd=20720001384&kikanKbn=2", "url2": null, "内容": "医療法人博玲会はたの眼科【2:診療所】【診療科目:0】福島県いわき市常磐関船町１－７－２７" }, "geometry": { "type": "Point", "coordinates": [ 140.856703, 37.000983 ] } },
{ "type": "Feature", "properties": { "ID": 720720001385, "正式名称": "長谷川整形外科医院", "機関区分": 2, "都道府県コード": 7, "市区町村コード": 204, "所在地": "福島県いわき市平字五色町７８", "緯度": 37.053367, "経度": 140.904375, "url": "https://www.iryou.teikyouseido.mhlw.go.jp/znk-web/juminkanja/S2430/initialize?prefCd=07&kikanCd=20720001385&kikanKbn=2", "url2": "http://hase-ort.life.coocan.jp", "内容": "長谷川整形外科医院【2:診療所】【診療科目:0】福島県いわき市平字五色町７８" }, "geometry": { "type": "Point", "coordinates": [ 140.904375, 37.053367 ] } },
{ "type": "Feature", "properties": { "ID": 720720001388, "正式名称": "医療法人さいとう胃腸科外科医院", "機関区分": 2, "都道府県コード": 7, "市区町村コード": 204, "所在地": "福島県いわき市平字南町５６", "緯度": 37.054928, "経度": 140.893317, "url": "https://www.iryou.teikyouseido.mhlw.go.jp/znk-web/juminkanja/S2430/initialize?prefCd=07&kikanCd=20720001388&kikanKbn=2", "url2": "www.nmc.ne.jp/hp1/saito", "内容": "医療法人さいとう胃腸科外科医院【2:診療所】【診療科目:0】福島県いわき市平字南町５６" }, "geometry": { "type": "Point", "coordinates": [ 140.893317, 37.054928 ] } },
{ "type": "Feature", "properties": { "ID": 720720001389, "正式名称": "大田皮フ科医院", "機関区分": 2, "都道府県コード": 7, "市区町村コード": 204, "所在地": "福島県いわき市四倉町字西一丁目２の１２", "緯度": 37.101844, "経度": 140.98225, "url": "https://www.iryou.teikyouseido.mhlw.go.jp/znk-web/juminkanja/S2430/initialize?prefCd=07&kikanCd=20720001389&kikanKbn=2", "url2": null, "内容": "大田皮フ科医院【2:診療所】【診療科目:0】福島県いわき市四倉町字西一丁目２の１２" }, "geometry": { "type": "Point", "coordinates": [ 140.98225, 37.101844 ] } },
{ "type": "Feature", "properties": { "ID": 720720001394, "正式名称": "木村眼科クリニック", "機関区分": 2, "都道府県コード": 7, "市区町村コード": 204, "所在地": "福島県いわき市平字下の町７－４", "緯度": 37.049678, "経度": 140.893858, "url": "https://www.iryou.teikyouseido.mhlw.go.jp/znk-web/juminkanja/S2430/initialize?prefCd=07&kikanCd=20720001394&kikanKbn=2", "url2": "https://www.kimura-eye.net/index.html", "内容": "木村眼科クリニック【2:診療所】【診療科目:0】福島県いわき市平字下の町７－４" }, "geometry": { "type": "Point", "coordinates": [ 140.893858, 37.049678 ] } },
{ "type": "Feature", "properties": { "ID": 720720001395, "正式名称": "南白土ごとう医院", "機関区分": 2, "都道府県コード": 7, "市区町村コード": 204, "所在地": "福島県いわき市平南白土２丁目１－６", "緯度": 37.046175, "経度": 140.906175, "url": "https://www.iryou.teikyouseido.mhlw.go.jp/znk-web/juminkanja/S2430/initialize?prefCd=07&kikanCd=20720001395&kikanKbn=2", "url2": null, "内容": "南白土ごとう医院【2:診療所】【診療科目:0】福島県いわき市平南白土２丁目１－６" }, "geometry": { "type": "Point", "coordinates": [ 140.906175, 37.046175 ] } },
{ "type": "Feature", "properties": { "ID": 720720001397, "正式名称": "医療法人こまつ内科", "機関区分": 2, "都道府県コード": 7, "市区町村コード": 204, "所在地": "福島県いわき市平下神谷字仲田１３５", "緯度": 37.07595, "経度": 140.953483, "url": "https://www.iryou.teikyouseido.mhlw.go.jp/znk-web/juminkanja/S2430/initialize?prefCd=07&kikanCd=20720001397&kikanKbn=2", "url2": "https://komatsunaika.jp", "内容": "医療法人こまつ内科【2:診療所】【診療科目:0】福島県いわき市平下神谷字仲田１３５" }, "geometry": { "type": "Point", "coordinates": [ 140.953483, 37.07595 ] } },
{ "type": "Feature", "properties": { "ID": 720720001398, "正式名称": "医療法人ストレスクリニック", "機関区分": 2, "都道府県コード": 7, "市区町村コード": 204, "所在地": "福島県いわき市平字田町１－７　三延ビル４階", "緯度": 37.056578, "経度": 140.892731, "url": "https://www.iryou.teikyouseido.mhlw.go.jp/znk-web/juminkanja/S2430/initialize?prefCd=07&kikanCd=20720001398&kikanKbn=2", "url2": null, "内容": "医療法人ストレスクリニック【2:診療所】【診療科目:0】福島県いわき市平字田町１－７　三延ビル４階" }, "geometry": { "type": "Point", "coordinates": [ 140.892731, 37.056578 ] } },
{ "type": "Feature", "properties": { "ID": 720720001399, "正式名称": "医療法人医和生会　山内クリニック", "機関区分": 2, "都道府県コード": 7, "市区町村コード": 204, "所在地": "福島県いわき市平谷川瀬字一丁目１６－５", "緯度": 37.048217, "経度": 140.8919, "url": "https://www.iryou.teikyouseido.mhlw.go.jp/znk-web/juminkanja/S2430/initialize?prefCd=07&kikanCd=20720001399&kikanKbn=2", "url2": "https://iwakikai.jp", "内容": "医療法人医和生会　山内クリニック【2:診療所】【診療科目:0】福島県いわき市平谷川瀬字一丁目１６－５" }, "geometry": { "type": "Point", "coordinates": [ 140.8919, 37.048217 ] } },
{ "type": "Feature", "properties": { "ID": 720720001401, "正式名称": "医療法人　中真会　中野内科クリニック", "機関区分": 2, "都道府県コード": 7, "市区町村コード": 204, "所在地": "福島県いわき市平字鍛冶町１３　国府田ビル３階", "緯度": 37.054664, "経度": 140.889683, "url": "https://www.iryou.teikyouseido.mhlw.go.jp/znk-web/juminkanja/S2430/initialize?prefCd=07&kikanCd=20720001401&kikanKbn=2", "url2": "http://www6.ocn.ne.jp/~nakanoc/", "内容": "医療法人　中真会　中野内科クリニック【2:診療所】【診療科目:0】福島県いわき市平字鍛冶町１３　国府田ビル３階" }, "geometry": { "type": "Point", "coordinates": [ 140.889683, 37.054664 ] } },
{ "type": "Feature", "properties": { "ID": 720720001405, "正式名称": "医療法人社団　正風会　石井正記念　石井医院", "機関区分": 2, "都道府県コード": 7, "市区町村コード": 204, "所在地": "福島県いわき市小名浜字本町６０", "緯度": 36.949619, "経度": 140.904156, "url": "https://www.iryou.teikyouseido.mhlw.go.jp/znk-web/juminkanja/S2430/initialize?prefCd=07&kikanCd=20720001405&kikanKbn=2", "url2": "http://ishiihsp.jp/", "内容": "医療法人社団　正風会　石井正記念　石井医院【2:診療所】【診療科目:0】福島県いわき市小名浜字本町６０" }, "geometry": { "type": "Point", "coordinates": [ 140.904156, 36.949619 ] } },
{ "type": "Feature", "properties": { "ID": 720720001410, "正式名称": "小林胃腸科肛門科医院", "機関区分": 2, "都道府県コード": 7, "市区町村コード": 204, "所在地": "福島県いわき市小名浜字元分２２", "緯度": 36.947397, "経度": 140.907125, "url": "https://www.iryou.teikyouseido.mhlw.go.jp/znk-web/juminkanja/S2430/initialize?prefCd=07&kikanCd=20720001410&kikanKbn=2", "url2": null, "内容": "小林胃腸科肛門科医院【2:診療所】【診療科目:0】福島県いわき市小名浜字元分２２" }, "geometry": { "type": "Point", "coordinates": [ 140.907125, 36.947397 ] } },
{ "type": "Feature", "properties": { "ID": 720720001415, "正式名称": "中山医院", "機関区分": 2, "都道府県コード": 7, "市区町村コード": 204, "所在地": "福島県いわき市中之作字川岸３７", "緯度": 36.9606, "経度": 140.948444, "url": "https://www.iryou.teikyouseido.mhlw.go.jp/znk-web/juminkanja/S2430/initialize?prefCd=07&kikanCd=20720001415&kikanKbn=2", "url2": "https://www.iwaki-nakayamacl.jp/", "内容": "中山医院【2:診療所】【診療科目:0】福島県いわき市中之作字川岸３７" }, "geometry": { "type": "Point", "coordinates": [ 140.948444, 36.9606 ] } },
{ "type": "Feature", "properties": { "ID": 720720001423, "正式名称": "医療法人恒英会　永井整形外科", "機関区分": 2, "都道府県コード": 7, "市区町村コード": 204, "所在地": "福島県いわき市小名浜西君ヶ塚町１９－９", "緯度": 36.956858, "経度": 140.892733, "url": "https://www.iryou.teikyouseido.mhlw.go.jp/znk-web/juminkanja/S2430/initialize?prefCd=07&kikanCd=20720001423&kikanKbn=2", "url2": "http://nagaiseikeigeka.com/", "内容": "医療法人恒英会　永井整形外科【2:診療所】【診療科目:0】福島県いわき市小名浜西君ヶ塚町１９－９" }, "geometry": { "type": "Point", "coordinates": [ 140.892733, 36.956858 ] } },
{ "type": "Feature", "properties": { "ID": 720720001427, "正式名称": "医療法人社団くさのクリニック", "機関区分": 2, "都道府県コード": 7, "市区町村コード": 204, "所在地": "福島県いわき市泉玉露五丁目１７－６", "緯度": 36.95995, "経度": 140.850833, "url": "https://www.iryou.teikyouseido.mhlw.go.jp/znk-web/juminkanja/S2430/initialize?prefCd=07&kikanCd=20720001427&kikanKbn=2", "url2": null, "内容": "医療法人社団くさのクリニック【2:診療所】【診療科目:0】福島県いわき市泉玉露五丁目１７－６" }, "geometry": { "type": "Point", "coordinates": [ 140.850833, 36.95995 ] } },
{ "type": "Feature", "properties": { "ID": 720720001428, "正式名称": "医療法人高木内科医院", "機関区分": 2, "都道府県コード": 7, "市区町村コード": 204, "所在地": "福島県いわき市小名浜寺廻町１４－２０", "緯度": 36.952414, "経度": 140.899125, "url": "https://www.iryou.teikyouseido.mhlw.go.jp/znk-web/juminkanja/S2430/initialize?prefCd=07&kikanCd=20720001428&kikanKbn=2", "url2": null, "内容": "医療法人高木内科医院【2:診療所】【診療科目:0】福島県いわき市小名浜寺廻町１４－２０" }, "geometry": { "type": "Point", "coordinates": [ 140.899125, 36.952414 ] } },
{ "type": "Feature", "properties": { "ID": 720720001429, "正式名称": "村岡産婦人科医院", "機関区分": 2, "都道府県コード": 7, "市区町村コード": 204, "所在地": "福島県いわき市小名浜岡小名四丁目７－１", "緯度": 36.962053, "経度": 140.910428, "url": "https://www.iryou.teikyouseido.mhlw.go.jp/znk-web/juminkanja/S2430/initialize?prefCd=07&kikanCd=20720001429&kikanKbn=2", "url2": "www.muraoka-sanfujinka.com", "内容": "村岡産婦人科医院【2:診療所】【診療科目:0】福島県いわき市小名浜岡小名四丁目７－１" }, "geometry": { "type": "Point", "coordinates": [ 140.910428, 36.962053 ] } },
{ "type": "Feature", "properties": { "ID": 720720001430, "正式名称": "医療法人ましこ皮フ科クリニック", "機関区分": 2, "都道府県コード": 7, "市区町村コード": 204, "所在地": "福島県いわき市泉玉露五丁目７－１０", "緯度": 36.959794, "経度": 140.853633, "url": "https://www.iryou.teikyouseido.mhlw.go.jp/znk-web/juminkanja/S2430/initialize?prefCd=07&kikanCd=20720001430&kikanKbn=2", "url2": "http://www.mashiko.or.jp", "内容": "医療法人ましこ皮フ科クリニック【2:診療所】【診療科目:0】福島県いわき市泉玉露五丁目７－１０" }, "geometry": { "type": "Point", "coordinates": [ 140.853633, 36.959794 ] } },
{ "type": "Feature", "properties": { "ID": 720720001431, "正式名称": "門屋整形・内科", "機関区分": 2, "都道府県コード": 7, "市区町村コード": 204, "所在地": "福島県いわき市小名浜字鳥居北５５－２", "緯度": 36.950733, "経度": 140.888725, "url": "https://www.iryou.teikyouseido.mhlw.go.jp/znk-web/juminkanja/S2430/initialize?prefCd=07&kikanCd=20720001431&kikanKbn=2", "url2": null, "内容": "門屋整形・内科【2:診療所】【診療科目:0】福島県いわき市小名浜字鳥居北５５－２" }, "geometry": { "type": "Point", "coordinates": [ 140.888725, 36.950733 ] } },
{ "type": "Feature", "properties": { "ID": 720720001433, "正式名称": "かしまレディースクリニック", "機関区分": 2, "都道府県コード": 7, "市区町村コード": 204, "所在地": "福島県いわき市鹿島町船戸字沼田１３－１", "緯度": 36.985283, "経度": 140.901108, "url": "https://www.iryou.teikyouseido.mhlw.go.jp/znk-web/juminkanja/S2430/initialize?prefCd=07&kikanCd=20720001433&kikanKbn=2", "url2": null, "内容": "かしまレディースクリニック【2:診療所】【診療科目:0】福島県いわき市鹿島町船戸字沼田１３－１" }, "geometry": { "type": "Point", "coordinates": [ 140.901108, 36.985283 ] } },
{ "type": "Feature", "properties": { "ID": 720720001435, "正式名称": "医療法人社団　存会　こどもクリニックすずき", "機関区分": 2, "都道府県コード": 7, "市区町村コード": 204, "所在地": "福島県いわき市泉町６－５－６", "緯度": 36.945183, "経度": 140.856453, "url": "https://www.iryou.teikyouseido.mhlw.go.jp/znk-web/juminkanja/S2430/initialize?prefCd=07&kikanCd=20720001435&kikanKbn=2", "url2": "http://www6.ocn.ne.jp/~c-s-c/", "内容": "医療法人社団　存会　こどもクリニックすずき【2:診療所】【診療科目:0】福島県いわき市泉町６－５－６" }, "geometry": { "type": "Point", "coordinates": [ 140.856453, 36.945183 ] } },
{ "type": "Feature", "properties": { "ID": 720720001440, "正式名称": "医療法人　松崎内科", "機関区分": 2, "都道府県コード": 7, "市区町村コード": 204, "所在地": "福島県いわき市植田町本町２－４－７", "緯度": 36.916424, "経度": 140.799664, "url": "https://www.iryou.teikyouseido.mhlw.go.jp/znk-web/juminkanja/S2430/initialize?prefCd=07&kikanCd=20720001440&kikanKbn=2", "url2": null, "内容": "医療法人　松崎内科【2:診療所】【診療科目:0】福島県いわき市植田町本町２－４－７" }, "geometry": { "type": "Point", "coordinates": [ 140.799664, 36.916424 ] } },
{ "type": "Feature", "properties": { "ID": 720720001444, "正式名称": "医療法人双美会　クリニック田畑", "機関区分": 2, "都道府県コード": 7, "市区町村コード": 204, "所在地": "福島県いわき市中岡町三丁目７－３", "緯度": 36.921472, "経度": 140.782656, "url": "https://www.iryou.teikyouseido.mhlw.go.jp/znk-web/juminkanja/S2430/initialize?prefCd=07&kikanCd=20720001444&kikanKbn=2", "url2": null, "内容": "医療法人双美会　クリニック田畑【2:診療所】【診療科目:0】福島県いわき市中岡町三丁目７－３" }, "geometry": { "type": "Point", "coordinates": [ 140.782656, 36.921472 ] } },
{ "type": "Feature", "properties": { "ID": 720720001449, "正式名称": "佐藤マタニティークリニック", "機関区分": 2, "都道府県コード": 7, "市区町村コード": 204, "所在地": "福島県いわき市勿来町窪田町通一丁目１２４", "緯度": 36.888742, "経度": 140.770492, "url": "https://www.iryou.teikyouseido.mhlw.go.jp/znk-web/juminkanja/S2430/initialize?prefCd=07&kikanCd=20720001449&kikanKbn=2", "url2": "https://sites.google.com/site/satohmaternityclinic/", "内容": "佐藤マタニティークリニック【2:診療所】【診療科目:0】福島県いわき市勿来町窪田町通一丁目１２４" }, "geometry": { "type": "Point", "coordinates": [ 140.770492, 36.888742 ] } },
{ "type": "Feature", "properties": { "ID": 720720001453, "正式名称": "医療法人　おおはらこどもクリニック", "機関区分": 2, "都道府県コード": 7, "市区町村コード": 204, "所在地": "福島県いわき市東田町二丁目１７－１", "緯度": 36.920536, "経度": 140.80245, "url": "https://www.iryou.teikyouseido.mhlw.go.jp/znk-web/juminkanja/S2430/initialize?prefCd=07&kikanCd=20720001453&kikanKbn=2", "url2": "https://oharakodomo.com", "内容": "医療法人　おおはらこどもクリニック【2:診療所】【診療科目:0】福島県いわき市東田町二丁目１７－１" }, "geometry": { "type": "Point", "coordinates": [ 140.80245, 36.920536 ] } },
{ "type": "Feature", "properties": { "ID": 720720001454, "正式名称": "（医療法人）山野辺眼科医院", "機関区分": 2, "都道府県コード": 7, "市区町村コード": 204, "所在地": "福島県いわき市植田町中央二丁目１０の４", "緯度": 36.920003, "経度": 140.799494, "url": "https://www.iryou.teikyouseido.mhlw.go.jp/znk-web/juminkanja/S2430/initialize?prefCd=07&kikanCd=20720001454&kikanKbn=2", "url2": null, "内容": "（医療法人）山野辺眼科医院【2:診療所】【診療科目:0】福島県いわき市植田町中央二丁目１０の４" }, "geometry": { "type": "Point", "coordinates": [ 140.799494, 36.920003 ] } },
{ "type": "Feature", "properties": { "ID": 720720001456, "正式名称": "小松医院", "機関区分": 2, "都道府県コード": 7, "市区町村コード": 204, "所在地": "福島県いわき市遠野町上遠野字本町８４", "緯度": 37.008139, "経度": 140.7474, "url": "https://www.iryou.teikyouseido.mhlw.go.jp/znk-web/juminkanja/S2430/initialize?prefCd=07&kikanCd=20720001456&kikanKbn=2", "url2": null, "内容": "小松医院【2:診療所】【診療科目:0】福島県いわき市遠野町上遠野字本町８４" }, "geometry": { "type": "Point", "coordinates": [ 140.7474, 37.008139 ] } },
{ "type": "Feature", "properties": { "ID": 720720001458, "正式名称": "医療法人光芝会　ヤマノ眼科", "機関区分": 2, "都道府県コード": 7, "市区町村コード": 204, "所在地": "福島県いわき市中央台鹿島三丁目３５－１", "緯度": 37.004728, "経度": 140.92345, "url": "https://www.iryou.teikyouseido.mhlw.go.jp/znk-web/juminkanja/S2430/initialize?prefCd=07&kikanCd=20720001458&kikanKbn=2", "url2": null, "内容": "医療法人光芝会　ヤマノ眼科【2:診療所】【診療科目:0】福島県いわき市中央台鹿島三丁目３５－１" }, "geometry": { "type": "Point", "coordinates": [ 140.92345, 37.004728 ] } },
{ "type": "Feature", "properties": { "ID": 720720001459, "正式名称": "ふじい医院", "機関区分": 2, "都道府県コード": 7, "市区町村コード": 204, "所在地": "福島県いわき市泉町一丁目３－１３", "緯度": 36.953342, "経度": 140.854994, "url": "https://www.iryou.teikyouseido.mhlw.go.jp/znk-web/juminkanja/S2430/initialize?prefCd=07&kikanCd=20720001459&kikanKbn=2", "url2": null, "内容": "ふじい医院【2:診療所】【診療科目:0】福島県いわき市泉町一丁目３－１３" }, "geometry": { "type": "Point", "coordinates": [ 140.854994, 36.953342 ] } },
{ "type": "Feature", "properties": { "ID": 720720001461, "正式名称": "後田内科クリニック", "機関区分": 2, "都道府県コード": 7, "市区町村コード": 204, "所在地": "福島県いわき市小名浜字橋本５－１", "緯度": 36.949911, "経度": 140.908844, "url": "https://www.iryou.teikyouseido.mhlw.go.jp/znk-web/juminkanja/S2430/initialize?prefCd=07&kikanCd=20720001461&kikanKbn=2", "url2": null, "内容": "後田内科クリニック【2:診療所】【診療科目:0】福島県いわき市小名浜字橋本５－１" }, "geometry": { "type": "Point", "coordinates": [ 140.908844, 36.949911 ] } },
{ "type": "Feature", "properties": { "ID": 720720001463, "正式名称": "医療法人　花田内科クリニック", "機関区分": 2, "都道府県コード": 7, "市区町村コード": 204, "所在地": "福島県いわき市錦町綾ノ内１１９", "緯度": 36.910189, "経度": 140.784119, "url": "https://www.iryou.teikyouseido.mhlw.go.jp/znk-web/juminkanja/S2430/initialize?prefCd=07&kikanCd=20720001463&kikanKbn=2", "url2": null, "内容": "医療法人　花田内科クリニック【2:診療所】【診療科目:0】福島県いわき市錦町綾ノ内１１９" }, "geometry": { "type": "Point", "coordinates": [ 140.784119, 36.910189 ] } },
{ "type": "Feature", "properties": { "ID": 720720001464, "正式名称": "渡辺クリニック", "機関区分": 2, "都道府県コード": 7, "市区町村コード": 204, "所在地": "福島県いわき市平字南町２０", "緯度": 37.054433, "経度": 140.892558, "url": "https://www.iryou.teikyouseido.mhlw.go.jp/znk-web/juminkanja/S2430/initialize?prefCd=07&kikanCd=20720001464&kikanKbn=2", "url2": null, "内容": "渡辺クリニック【2:診療所】【診療科目:0】福島県いわき市平字南町２０" }, "geometry": { "type": "Point", "coordinates": [ 140.892558, 37.054433 ] } },
{ "type": "Feature", "properties": { "ID": 720720001466, "正式名称": "医療法人にしやま耳鼻咽喉科医院", "機関区分": 2, "都道府県コード": 7, "市区町村コード": 204, "所在地": "福島県いわき市泉玉露５丁目７－７", "緯度": 36.959936, "経度": 140.85165, "url": "https://www.iryou.teikyouseido.mhlw.go.jp/znk-web/juminkanja/S2430/initialize?prefCd=07&kikanCd=20720001466&kikanKbn=2", "url2": null, "内容": "医療法人にしやま耳鼻咽喉科医院【2:診療所】【診療科目:0】福島県いわき市泉玉露５丁目７－７" }, "geometry": { "type": "Point", "coordinates": [ 140.85165, 36.959936 ] } },
{ "type": "Feature", "properties": { "ID": 720720001467, "正式名称": "医療法人社団木田医院", "機関区分": 2, "都道府県コード": 7, "市区町村コード": 204, "所在地": "福島県いわき市四倉町字東四丁目９－１", "緯度": 37.107739, "経度": 140.988689, "url": "https://www.iryou.teikyouseido.mhlw.go.jp/znk-web/juminkanja/S2430/initialize?prefCd=07&kikanCd=20720001467&kikanKbn=2", "url2": "https://www.kidaiin-iwaki.com/", "内容": "医療法人社団木田医院【2:診療所】【診療科目:0】福島県いわき市四倉町字東四丁目９－１" }, "geometry": { "type": "Point", "coordinates": [ 140.988689, 37.107739 ] } },
{ "type": "Feature", "properties": { "ID": 720720001468, "正式名称": "医療法人石井内科クリニック", "機関区分": 2, "都道府県コード": 7, "市区町村コード": 204, "所在地": "福島県いわき市中央台鹿島三丁目３５－３", "緯度": 37.004328, "経度": 140.923678, "url": "https://www.iryou.teikyouseido.mhlw.go.jp/znk-web/juminkanja/S2430/initialize?prefCd=07&kikanCd=20720001468&kikanKbn=2", "url2": "www.ishii-clinic.net", "内容": "医療法人石井内科クリニック【2:診療所】【診療科目:0】福島県いわき市中央台鹿島三丁目３５－３" }, "geometry": { "type": "Point", "coordinates": [ 140.923678, 37.004328 ] } },
{ "type": "Feature", "properties": { "ID": 720720001470, "正式名称": "ひらくぼ内科クリニック", "機関区分": 2, "都道府県コード": 7, "市区町村コード": 204, "所在地": "福島県いわき市平下平窪１丁目２－６", "緯度": 37.073514, "経度": 140.882406, "url": "https://www.iryou.teikyouseido.mhlw.go.jp/znk-web/juminkanja/S2430/initialize?prefCd=07&kikanCd=20720001470&kikanKbn=2", "url2": null, "内容": "ひらくぼ内科クリニック【2:診療所】【診療科目:0】福島県いわき市平下平窪１丁目２－６" }, "geometry": { "type": "Point", "coordinates": [ 140.882406, 37.073514 ] } },
{ "type": "Feature", "properties": { "ID": 720720001471, "正式名称": "医療法人日々歩々会いわぶちクリニック", "機関区分": 2, "都道府県コード": 7, "市区町村コード": 204, "所在地": "福島県いわき市錦町竹ノ花４８－２", "緯度": 36.904294, "経度": 140.789031, "url": "https://www.iryou.teikyouseido.mhlw.go.jp/znk-web/juminkanja/S2430/initialize?prefCd=07&kikanCd=20720001471&kikanKbn=2", "url2": null, "内容": "医療法人日々歩々会いわぶちクリニック【2:診療所】【診療科目:0】福島県いわき市錦町竹ノ花４８－２" }, "geometry": { "type": "Point", "coordinates": [ 140.789031, 36.904294 ] } },
{ "type": "Feature", "properties": { "ID": 720720001472, "正式名称": "たく整形外科医院", "機関区分": 2, "都道府県コード": 7, "市区町村コード": 204, "所在地": "福島県いわき市泉玉露二丁目１４－２４", "緯度": 36.956267, "経度": 140.849431, "url": "https://www.iryou.teikyouseido.mhlw.go.jp/znk-web/juminkanja/S2430/initialize?prefCd=07&kikanCd=20720001472&kikanKbn=2", "url2": "http://www.ne.jp/asahi/taku/seikei", "内容": "たく整形外科医院【2:診療所】【診療科目:0】福島県いわき市泉玉露二丁目１４－２４" }, "geometry": { "type": "Point", "coordinates": [ 140.849431, 36.956267 ] } },
{ "type": "Feature", "properties": { "ID": 720720001475, "正式名称": "ささき内科クリニック", "機関区分": 2, "都道府県コード": 7, "市区町村コード": 204, "所在地": "福島県いわき市泉町３－１－２", "緯度": 36.952331, "経度": 140.855153, "url": "https://www.iryou.teikyouseido.mhlw.go.jp/znk-web/juminkanja/S2430/initialize?prefCd=07&kikanCd=20720001475&kikanKbn=2", "url2": "http//www.gem.hi-ho.ne.jp/ibiki/index.htm", "内容": "ささき内科クリニック【2:診療所】【診療科目:0】福島県いわき市泉町３－１－２" }, "geometry": { "type": "Point", "coordinates": [ 140.855153, 36.952331 ] } },
{ "type": "Feature", "properties": { "ID": 720720001477, "正式名称": "村田耳鼻咽喉科", "機関区分": 2, "都道府県コード": 7, "市区町村コード": 204, "所在地": "福島県いわき市平中平窪字細田町３－２", "緯度": 37.084517, "経度": 140.876742, "url": "https://www.iryou.teikyouseido.mhlw.go.jp/znk-web/juminkanja/S2430/initialize?prefCd=07&kikanCd=20720001477&kikanKbn=2", "url2": null, "内容": "村田耳鼻咽喉科【2:診療所】【診療科目:0】福島県いわき市平中平窪字細田町３－２" }, "geometry": { "type": "Point", "coordinates": [ 140.876742, 37.084517 ] } },
{ "type": "Feature", "properties": { "ID": 720720001478, "正式名称": "医療法人　緑風会　小野整形外科医院", "機関区分": 2, "都道府県コード": 7, "市区町村コード": 204, "所在地": "福島県いわき市平谷川瀬二丁目１３－１", "緯度": 37.047647, "経度": 140.896369, "url": "https://www.iryou.teikyouseido.mhlw.go.jp/znk-web/juminkanja/S2430/initialize?prefCd=07&kikanCd=20720001478&kikanKbn=2", "url2": null, "内容": "医療法人　緑風会　小野整形外科医院【2:診療所】【診療科目:0】福島県いわき市平谷川瀬二丁目１３－１" }, "geometry": { "type": "Point", "coordinates": [ 140.896369, 37.047647 ] } },
{ "type": "Feature", "properties": { "ID": 720720001479, "正式名称": "医療法人かもめクリニック　かもめクリニック", "機関区分": 2, "都道府県コード": 7, "市区町村コード": 204, "所在地": "福島県いわき市草木台五丁目８番地", "緯度": 37.019269, "経度": 140.874978, "url": "https://www.iryou.teikyouseido.mhlw.go.jp/znk-web/juminkanja/S2430/initialize?prefCd=07&kikanCd=20720001479&kikanKbn=2", "url2": "http://www.kamome-clinic.com/", "内容": "医療法人かもめクリニック　かもめクリニック【2:診療所】【診療科目:0】福島県いわき市草木台五丁目８番地" }, "geometry": { "type": "Point", "coordinates": [ 140.874978, 37.019269 ] } },
{ "type": "Feature", "properties": { "ID": 720720001481, "正式名称": "片寄診療所", "機関区分": 2, "都道府県コード": 7, "市区町村コード": 204, "所在地": "福島県いわき市平上片寄字上の内１９３番地", "緯度": 37.080472, "経度": 140.915186, "url": "https://www.iryou.teikyouseido.mhlw.go.jp/znk-web/juminkanja/S2430/initialize?prefCd=07&kikanCd=20720001481&kikanKbn=2", "url2": "http://www.fkshk.sakura.ne.jp", "内容": "片寄診療所【2:診療所】【診療科目:0】福島県いわき市平上片寄字上の内１９３番地" }, "geometry": { "type": "Point", "coordinates": [ 140.915186, 37.080472 ] } },
{ "type": "Feature", "properties": { "ID": 720720001482, "正式名称": "山田友愛クリニック", "機関区分": 2, "都道府県コード": 7, "市区町村コード": 204, "所在地": "福島県いわき市平字田町１２０番地ラトブ２階", "緯度": 37.057014, "経度": 140.891658, "url": "https://www.iryou.teikyouseido.mhlw.go.jp/znk-web/juminkanja/S2430/initialize?prefCd=07&kikanCd=20720001482&kikanKbn=2", "url2": null, "内容": "山田友愛クリニック【2:診療所】【診療科目:0】福島県いわき市平字田町１２０番地ラトブ２階" }, "geometry": { "type": "Point", "coordinates": [ 140.891658, 37.057014 ] } },
{ "type": "Feature", "properties": { "ID": 720720001484, "正式名称": "医療法人明生会高原整形外科", "機関区分": 2, "都道府県コード": 7, "市区町村コード": 204, "所在地": "福島県いわき市内郷綴町川原田１２６", "緯度": 37.037522, "経度": 140.859111, "url": "https://www.iryou.teikyouseido.mhlw.go.jp/znk-web/juminkanja/S2430/initialize?prefCd=07&kikanCd=20720001484&kikanKbn=2", "url2": null, "内容": "医療法人明生会高原整形外科【2:診療所】【診療科目:0】福島県いわき市内郷綴町川原田１２６" }, "geometry": { "type": "Point", "coordinates": [ 140.859111, 37.037522 ] } },
{ "type": "Feature", "properties": { "ID": 720720001486, "正式名称": "医療法人悠心会高畑循環器内科", "機関区分": 2, "都道府県コード": 7, "市区町村コード": 204, "所在地": "福島県いわき市好間町下好間字一町坪４９－３", "緯度": 37.058564, "経度": 140.867633, "url": "https://www.iryou.teikyouseido.mhlw.go.jp/znk-web/juminkanja/S2430/initialize?prefCd=07&kikanCd=20720001486&kikanKbn=2", "url2": null, "内容": "医療法人悠心会高畑循環器内科【2:診療所】【診療科目:0】福島県いわき市好間町下好間字一町坪４９－３" }, "geometry": { "type": "Point", "coordinates": [ 140.867633, 37.058564 ] } },
{ "type": "Feature", "properties": { "ID": 720720001488, "正式名称": "あべクリニック", "機関区分": 2, "都道府県コード": 7, "市区町村コード": 204, "所在地": "福島県いわき市久之浜町久之浜字九反坪１１", "緯度": 37.140294, "経度": 140.9967, "url": "https://www.iryou.teikyouseido.mhlw.go.jp/znk-web/juminkanja/S2430/initialize?prefCd=07&kikanCd=20720001488&kikanKbn=2", "url2": null, "内容": "あべクリニック【2:診療所】【診療科目:0】福島県いわき市久之浜町久之浜字九反坪１１" }, "geometry": { "type": "Point", "coordinates": [ 140.9967, 37.140294 ] } },
{ "type": "Feature", "properties": { "ID": 720720001489, "正式名称": "医療法人仁愛会　明治団地さとう医院", "機関区分": 2, "都道府県コード": 7, "市区町村コード": 204, "所在地": "福島県いわき市明治団地８５－１", "緯度": 37.038778, "経度": 140.887289, "url": "https://www.iryou.teikyouseido.mhlw.go.jp/znk-web/juminkanja/S2430/initialize?prefCd=07&kikanCd=20720001489&kikanKbn=2", "url2": null, "内容": "医療法人仁愛会　明治団地さとう医院【2:診療所】【診療科目:0】福島県いわき市明治団地８５－１" }, "geometry": { "type": "Point", "coordinates": [ 140.887289, 37.038778 ] } },
{ "type": "Feature", "properties": { "ID": 720720001490, "正式名称": "医療法人社団ＩＯＣ　いわき整形外科", "機関区分": 2, "都道府県コード": 7, "市区町村コード": 204, "所在地": "福島県いわき市平谷川瀬一丁目１０ー７", "緯度": 37.048217, "経度": 140.889931, "url": "https://www.iryou.teikyouseido.mhlw.go.jp/znk-web/juminkanja/S2430/initialize?prefCd=07&kikanCd=20720001490&kikanKbn=2", "url2": null, "内容": "医療法人社団ＩＯＣ　いわき整形外科【2:診療所】【診療科目:0】福島県いわき市平谷川瀬一丁目１０ー７" }, "geometry": { "type": "Point", "coordinates": [ 140.889931, 37.048217 ] } },
{ "type": "Feature", "properties": { "ID": 720720001492, "正式名称": "（医）山桜会光皮フ科クリニック", "機関区分": 2, "都道府県コード": 7, "市区町村コード": 204, "所在地": "福島県いわき市中央台鹿島二丁目２９－１", "緯度": 37.002592, "経度": 140.924917, "url": "https://www.iryou.teikyouseido.mhlw.go.jp/znk-web/juminkanja/S2430/initialize?prefCd=07&kikanCd=20720001492&kikanKbn=2", "url2": null, "内容": "（医）山桜会光皮フ科クリニック【2:診療所】【診療科目:0】福島県いわき市中央台鹿島二丁目２９－１" }, "geometry": { "type": "Point", "coordinates": [ 140.924917, 37.002592 ] } },
{ "type": "Feature", "properties": { "ID": 720720001493, "正式名称": "佐々木内科胃腸科", "機関区分": 2, "都道府県コード": 7, "市区町村コード": 204, "所在地": "福島県いわき市小名浜南君ヶ塚町４－１１", "緯度": 36.956114, "経度": 140.851408, "url": "https://www.iryou.teikyouseido.mhlw.go.jp/znk-web/juminkanja/S2430/initialize?prefCd=07&kikanCd=20720001493&kikanKbn=2", "url2": null, "内容": "佐々木内科胃腸科【2:診療所】【診療科目:0】福島県いわき市小名浜南君ヶ塚町４－１１" }, "geometry": { "type": "Point", "coordinates": [ 140.851408, 36.956114 ] } },
{ "type": "Feature", "properties": { "ID": 720720001496, "正式名称": "医療法人ちょう整形外科", "機関区分": 2, "都道府県コード": 7, "市区町村コード": 204, "所在地": "福島県いわき市佐糠町東一丁目１５－５", "緯度": 36.919183, "経度": 140.805, "url": "https://www.iryou.teikyouseido.mhlw.go.jp/znk-web/juminkanja/S2430/initialize?prefCd=07&kikanCd=20720001496&kikanKbn=2", "url2": null, "内容": "医療法人ちょう整形外科【2:診療所】【診療科目:0】福島県いわき市佐糠町東一丁目１５－５" }, "geometry": { "type": "Point", "coordinates": [ 140.805, 36.919183 ] } },
{ "type": "Feature", "properties": { "ID": 720720001497, "正式名称": "医療法人正勝会　常磐腎ひ尿器クリニック", "機関区分": 2, "都道府県コード": 7, "市区町村コード": 204, "所在地": "福島県いわき市常磐下船尾町古内２９２－６", "緯度": 36.985756, "経度": 140.870569, "url": "https://www.iryou.teikyouseido.mhlw.go.jp/znk-web/juminkanja/S2430/initialize?prefCd=07&kikanCd=20720001497&kikanKbn=2", "url2": null, "内容": "医療法人正勝会　常磐腎ひ尿器クリニック【2:診療所】【診療科目:0】福島県いわき市常磐下船尾町古内２９２－６" }, "geometry": { "type": "Point", "coordinates": [ 140.870569, 36.985756 ] } },
{ "type": "Feature", "properties": { "ID": 720720001498, "正式名称": "やまぎわこどもクリニック", "機関区分": 2, "都道府県コード": 7, "市区町村コード": 204, "所在地": "福島県いわき市郷ヶ丘２－１０－１", "緯度": 37.025536, "経度": 140.904831, "url": "https://www.iryou.teikyouseido.mhlw.go.jp/znk-web/juminkanja/S2430/initialize?prefCd=07&kikanCd=20720001498&kikanKbn=2", "url2": "https://yamagiwa-kodomo.com", "内容": "やまぎわこどもクリニック【2:診療所】【診療科目:0】福島県いわき市郷ヶ丘２－１０－１" }, "geometry": { "type": "Point", "coordinates": [ 140.904831, 37.025536 ] } },
{ "type": "Feature", "properties": { "ID": 720720001500, "正式名称": "医療法人さいとう内科クリニック", "機関区分": 2, "都道府県コード": 7, "市区町村コード": 204, "所在地": "福島県いわき市佐糠町東一丁目１５－４", "緯度": 36.919575, "経度": 140.804886, "url": "https://www.iryou.teikyouseido.mhlw.go.jp/znk-web/juminkanja/S2430/initialize?prefCd=07&kikanCd=20720001500&kikanKbn=2", "url2": "http://www.saitocl.com/", "内容": "医療法人さいとう内科クリニック【2:診療所】【診療科目:0】福島県いわき市佐糠町東一丁目１５－４" }, "geometry": { "type": "Point", "coordinates": [ 140.804886, 36.919575 ] } },
{ "type": "Feature", "properties": { "ID": 720720001502, "正式名称": "医療法人パテラ　やまぐち整形外科", "機関区分": 2, "都道府県コード": 7, "市区町村コード": 204, "所在地": "福島県いわき市鹿島町走熊字小神山４０－６", "緯度": 36.994253, "経度": 140.907203, "url": "https://www.iryou.teikyouseido.mhlw.go.jp/znk-web/juminkanja/S2430/initialize?prefCd=07&kikanCd=20720001502&kikanKbn=2", "url2": null, "内容": "医療法人パテラ　やまぐち整形外科【2:診療所】【診療科目:0】福島県いわき市鹿島町走熊字小神山４０－６" }, "geometry": { "type": "Point", "coordinates": [ 140.907203, 36.994253 ] } },
{ "type": "Feature", "properties": { "ID": 720720001504, "正式名称": "泉やまのべ眼科", "機関区分": 2, "都道府県コード": 7, "市区町村コード": 204, "所在地": "福島県いわき市泉玉露五丁目１７－１５", "緯度": 36.959847, "経度": 140.851103, "url": "https://www.iryou.teikyouseido.mhlw.go.jp/znk-web/juminkanja/S2430/initialize?prefCd=07&kikanCd=20720001504&kikanKbn=2", "url2": "http://www.i-yamanobe-ganka.com/", "内容": "泉やまのべ眼科【2:診療所】【診療科目:0】福島県いわき市泉玉露五丁目１７－１５" }, "geometry": { "type": "Point", "coordinates": [ 140.851103, 36.959847 ] } },
{ "type": "Feature", "properties": { "ID": 720720001506, "正式名称": "自由ヶ丘さとうクリニック眼科", "機関区分": 2, "都道府県コード": 7, "市区町村コード": 204, "所在地": "福島県いわき市自由ヶ丘３７－４", "緯度": 37.028872, "経度": 140.892772, "url": "https://www.iryou.teikyouseido.mhlw.go.jp/znk-web/juminkanja/S2430/initialize?prefCd=07&kikanCd=20720001506&kikanKbn=2", "url2": null, "内容": "自由ヶ丘さとうクリニック眼科【2:診療所】【診療科目:0】福島県いわき市自由ヶ丘３７－４" }, "geometry": { "type": "Point", "coordinates": [ 140.892772, 37.028872 ] } },
{ "type": "Feature", "properties": { "ID": 720720001508, "正式名称": "ニュータウン腎・内科クリニック", "機関区分": 2, "都道府県コード": 7, "市区町村コード": 204, "所在地": "福島県いわき市中央台高久二丁目２６番地２", "緯度": 37.009967, "経度": 140.928433, "url": "https://www.iryou.teikyouseido.mhlw.go.jp/znk-web/juminkanja/S2430/initialize?prefCd=07&kikanCd=20720001508&kikanKbn=2", "url2": "http://www.newtown-nmc.dr-clinic.jp/", "内容": "ニュータウン腎・内科クリニック【2:診療所】【診療科目:0】福島県いわき市中央台高久二丁目２６番地２" }, "geometry": { "type": "Point", "coordinates": [ 140.928433, 37.009967 ] } },
{ "type": "Feature", "properties": { "ID": 720720001509, "正式名称": "あんざいクリニック", "機関区分": 2, "都道府県コード": 7, "市区町村コード": 204, "所在地": "福島県いわき市平下荒川字大作１３３－５", "緯度": 37.035086, "経度": 140.904, "url": "https://www.iryou.teikyouseido.mhlw.go.jp/znk-web/juminkanja/S2430/initialize?prefCd=07&kikanCd=20720001509&kikanKbn=2", "url2": null, "内容": "あんざいクリニック【2:診療所】【診療科目:0】福島県いわき市平下荒川字大作１３３－５" }, "geometry": { "type": "Point", "coordinates": [ 140.904, 37.035086 ] } },
{ "type": "Feature", "properties": { "ID": 720720001511, "正式名称": "こまつ眼科クリニック", "機関区分": 2, "都道府県コード": 7, "市区町村コード": 204, "所在地": "福島県いわき市内郷高坂町大町１－８", "緯度": 37.044778, "経度": 140.861819, "url": "https://www.iryou.teikyouseido.mhlw.go.jp/znk-web/juminkanja/S2430/initialize?prefCd=07&kikanCd=20720001511&kikanKbn=2", "url2": null, "内容": "こまつ眼科クリニック【2:診療所】【診療科目:0】福島県いわき市内郷高坂町大町１－８" }, "geometry": { "type": "Point", "coordinates": [ 140.861819, 37.044778 ] } },
{ "type": "Feature", "properties": { "ID": 720720001512, "正式名称": "医療法人　たねだ内科クリニック", "機関区分": 2, "都道府県コード": 7, "市区町村コード": 204, "所在地": "福島県いわき市内郷御厩町３－８２－２", "緯度": 37.049367, "経度": 140.871131, "url": "https://www.iryou.teikyouseido.mhlw.go.jp/znk-web/juminkanja/S2430/initialize?prefCd=07&kikanCd=20720001512&kikanKbn=2", "url2": "http://www.tanedaclinic.jp/", "内容": "医療法人　たねだ内科クリニック【2:診療所】【診療科目:0】福島県いわき市内郷御厩町３－８２－２" }, "geometry": { "type": "Point", "coordinates": [ 140.871131, 37.049367 ] } },
{ "type": "Feature", "properties": { "ID": 720720001513, "正式名称": "せき整形外科クリニック", "機関区分": 2, "都道府県コード": 7, "市区町村コード": 204, "所在地": "福島県いわき市常磐西郷町岩崎１７番地の１", "緯度": 36.985997, "経度": 140.8598, "url": "https://www.iryou.teikyouseido.mhlw.go.jp/znk-web/juminkanja/S2430/initialize?prefCd=07&kikanCd=20720001513&kikanKbn=2", "url2": null, "内容": "せき整形外科クリニック【2:診療所】【診療科目:0】福島県いわき市常磐西郷町岩崎１７番地の１" }, "geometry": { "type": "Point", "coordinates": [ 140.8598, 36.985997 ] } },
{ "type": "Feature", "properties": { "ID": 720720001520, "正式名称": "医療法人社団互仁会", "機関区分": 2, "都道府県コード": 7, "市区町村コード": 201, "所在地": "福島県福島市栄町１－１　エスパル福島５Ｆ", "緯度": 37.754764, "経度": 140.460322, "url": "https://www.iryou.teikyouseido.mhlw.go.jp/znk-web/juminkanja/S2430/initialize?prefCd=07&kikanCd=20720001520&kikanKbn=2", "url2": null, "内容": "医療法人社団互仁会【2:診療所】【診療科目:0】福島県福島市栄町１－１　エスパル福島５Ｆ" }, "geometry": { "type": "Point", "coordinates": [ 140.460322, 37.754764 ] } },
{ "type": "Feature", "properties": { "ID": 720720001524, "正式名称": "森合くにい内科", "機関区分": 2, "都道府県コード": 7, "市区町村コード": 201, "所在地": "福島県福島市森合字高野１－１２", "緯度": 37.767828, "経度": 140.444856, "url": "https://www.iryou.teikyouseido.mhlw.go.jp/znk-web/juminkanja/S2430/initialize?prefCd=07&kikanCd=20720001524&kikanKbn=2", "url2": null, "内容": "森合くにい内科【2:診療所】【診療科目:0】福島県福島市森合字高野１－１２" }, "geometry": { "type": "Point", "coordinates": [ 140.444856, 37.767828 ] } },
{ "type": "Feature", "properties": { "ID": 720720001525, "正式名称": "大泉ほんだクリニック", "機関区分": 2, "都道府県コード": 7, "市区町村コード": 213, "所在地": "福島県伊達市保原町大泉字大地内１３５－２", "緯度": 37.820331, "経度": 140.562631, "url": "https://www.iryou.teikyouseido.mhlw.go.jp/znk-web/juminkanja/S2430/initialize?prefCd=07&kikanCd=20720001525&kikanKbn=2", "url2": "https://www.ooizumihonda.com/", "内容": "大泉ほんだクリニック【2:診療所】【診療科目:0】福島県伊達市保原町大泉字大地内１３５－２" }, "geometry": { "type": "Point", "coordinates": [ 140.562631, 37.820331 ] } },
{ "type": "Feature", "properties": { "ID": 720720001526, "正式名称": "まゆみ整形外科クリニック", "機関区分": 2, "都道府県コード": 7, "市区町村コード": 201, "所在地": "福島県福島市森合字上森合６－１", "緯度": 37.767519, "経度": 140.446114, "url": "https://www.iryou.teikyouseido.mhlw.go.jp/znk-web/juminkanja/S2430/initialize?prefCd=07&kikanCd=20720001526&kikanKbn=2", "url2": "mayumiseikeigeka.com", "内容": "まゆみ整形外科クリニック【2:診療所】【診療科目:0】福島県福島市森合字上森合６－１" }, "geometry": { "type": "Point", "coordinates": [ 140.446114, 37.767519 ] } },
{ "type": "Feature", "properties": { "ID": 720720001527, "正式名称": "池田皮膚科クリニック", "機関区分": 2, "都道府県コード": 7, "市区町村コード": 213, "所在地": "福島県伊達市保原町上保原字中ノ台４－２０", "緯度": 37.820869, "経度": 140.537939, "url": "https://www.iryou.teikyouseido.mhlw.go.jp/znk-web/juminkanja/S2430/initialize?prefCd=07&kikanCd=20720001527&kikanKbn=2", "url2": "http://www.ikedaclinic.net", "内容": "池田皮膚科クリニック【2:診療所】【診療科目:0】福島県伊達市保原町上保原字中ノ台４－２０" }, "geometry": { "type": "Point", "coordinates": [ 140.537939, 37.820869 ] } },
{ "type": "Feature", "properties": { "ID": 720720001529, "正式名称": "医療法人　大山クリニック", "機関区分": 2, "都道府県コード": 7, "市区町村コード": 213, "所在地": "福島県伊達市北後１３－１", "緯度": 37.821808, "経度": 140.497839, "url": "https://www.iryou.teikyouseido.mhlw.go.jp/znk-web/juminkanja/S2430/initialize?prefCd=07&kikanCd=20720001529&kikanKbn=2", "url2": null, "内容": "医療法人　大山クリニック【2:診療所】【診療科目:0】福島県伊達市北後１３－１" }, "geometry": { "type": "Point", "coordinates": [ 140.497839, 37.821808 ] } },
{ "type": "Feature", "properties": { "ID": 720720001531, "正式名称": "あづま脳神経外科病院附属ほばらクリニック", "機関区分": 2, "都道府県コード": 7, "市区町村コード": 213, "所在地": "福島県伊達市保原町大泉字小作逢１５番１", "緯度": 37.832056, "経度": 140.568792, "url": "https://www.iryou.teikyouseido.mhlw.go.jp/znk-web/juminkanja/S2430/initialize?prefCd=07&kikanCd=20720001531&kikanKbn=2", "url2": "http://www.azumanh.or.jp/hobara_clinic/index.html", "内容": "あづま脳神経外科病院附属ほばらクリニック【2:診療所】【診療科目:0】福島県伊達市保原町大泉字小作逢１５番１" }, "geometry": { "type": "Point", "coordinates": [ 140.568792, 37.832056 ] } },
{ "type": "Feature", "properties": { "ID": 720720001536, "正式名称": "さいとう皮ふ科医院", "機関区分": 2, "都道府県コード": 7, "市区町村コード": 209, "所在地": "福島県相馬市塚ノ町１丁目１２－３", "緯度": 37.803242, "経度": 140.927403, "url": "https://www.iryou.teikyouseido.mhlw.go.jp/znk-web/juminkanja/S2430/initialize?prefCd=07&kikanCd=20720001536&kikanKbn=2", "url2": null, "内容": "さいとう皮ふ科医院【2:診療所】【診療科目:0】福島県相馬市塚ノ町１丁目１２－３" }, "geometry": { "type": "Point", "coordinates": [ 140.927403, 37.803242 ] } },
{ "type": "Feature", "properties": { "ID": 720720001537, "正式名称": "おがたメンタルクリニック", "機関区分": 2, "都道府県コード": 7, "市区町村コード": 212, "所在地": "福島県南相馬市原町区旭町１丁目４６番地の１", "緯度": 37.637728, "経度": 140.967222, "url": "https://www.iryou.teikyouseido.mhlw.go.jp/znk-web/juminkanja/S2430/initialize?prefCd=07&kikanCd=20720001537&kikanKbn=2", "url2": "http://ogata-mental.com/", "内容": "おがたメンタルクリニック【2:診療所】【診療科目:0】福島県南相馬市原町区旭町１丁目４６番地の１" }, "geometry": { "type": "Point", "coordinates": [ 140.967222, 37.637728 ] } },
{ "type": "Feature", "properties": { "ID": 720720001538, "正式名称": "浜通りふれあい診療所", "機関区分": 2, "都道府県コード": 7, "市区町村コード": 209, "所在地": "福島県相馬市沖ノ内１丁目２番地の１０", "緯度": 37.805653, "経度": 140.926369, "url": "https://www.iryou.teikyouseido.mhlw.go.jp/znk-web/juminkanja/S2430/initialize?prefCd=07&kikanCd=20720001538&kikanKbn=2", "url2": "http://fureais.com", "内容": "浜通りふれあい診療所【2:診療所】【診療科目:0】福島県相馬市沖ノ内１丁目２番地の１０" }, "geometry": { "type": "Point", "coordinates": [ 140.926369, 37.805653 ] } },
{ "type": "Feature", "properties": { "ID": 720720001540, "正式名称": "鏡石クリニック", "機関区分": 2, "都道府県コード": 7, "市区町村コード": 342, "所在地": "福島県岩瀬郡鏡石町本町２０１－３", "緯度": 37.253875, "経度": 140.347858, "url": "https://www.iryou.teikyouseido.mhlw.go.jp/znk-web/juminkanja/S2430/initialize?prefCd=07&kikanCd=20720001540&kikanKbn=2", "url2": null, "内容": "鏡石クリニック【2:診療所】【診療科目:0】福島県岩瀬郡鏡石町本町２０１－３" }, "geometry": { "type": "Point", "coordinates": [ 140.347858, 37.253875 ] } },
{ "type": "Feature", "properties": { "ID": 720720001542, "正式名称": "こばやし子ども・内科クリニック", "機関区分": 2, "都道府県コード": 7, "市区町村コード": 213, "所在地": "福島県伊達市梁川町字内町４７", "緯度": 37.855278, "経度": 140.608342, "url": "https://www.iryou.teikyouseido.mhlw.go.jp/znk-web/juminkanja/S2430/initialize?prefCd=07&kikanCd=20720001542&kikanKbn=2", "url2": "http://kobayashi-kodomo.jp/", "内容": "こばやし子ども・内科クリニック【2:診療所】【診療科目:0】福島県伊達市梁川町字内町４７" }, "geometry": { "type": "Point", "coordinates": [ 140.608342, 37.855278 ] } },
{ "type": "Feature", "properties": { "ID": 720720001544, "正式名称": "舘岩あおい眼科", "機関区分": 2, "都道府県コード": 7, "市区町村コード": 368, "所在地": "福島県南会津郡南会津町松戸原１６３　舘岩保健センター内", "緯度": 37.090861, "経度": 139.537933, "url": "https://www.iryou.teikyouseido.mhlw.go.jp/znk-web/juminkanja/S2430/initialize?prefCd=07&kikanCd=20720001544&kikanKbn=2", "url2": "https://aoi-i.net", "内容": "舘岩あおい眼科【2:診療所】【診療科目:0】福島県南会津郡南会津町松戸原１６３　舘岩保健センター内" }, "geometry": { "type": "Point", "coordinates": [ 139.537933, 37.090861 ] } },
{ "type": "Feature", "properties": { "ID": 720720001548, "正式名称": "医療法人定心会　さくらクリニック", "機関区分": 2, "都道府県コード": 7, "市区町村コード": 210, "所在地": "福島県二本松市藤之前５３", "緯度": 37.578206, "経度": 140.415417, "url": "https://www.iryou.teikyouseido.mhlw.go.jp/znk-web/juminkanja/S2430/initialize?prefCd=07&kikanCd=20720001548&kikanKbn=2", "url2": null, "内容": "医療法人定心会　さくらクリニック【2:診療所】【診療科目:0】福島県二本松市藤之前５３" }, "geometry": { "type": "Point", "coordinates": [ 140.415417, 37.578206 ] } },
{ "type": "Feature", "properties": { "ID": 720720001549, "正式名称": "南インター通りクリニック", "機関区分": 2, "都道府県コード": 7, "市区町村コード": 203, "所在地": "福島県郡山市安積荒井１－５５", "緯度": 37.368964, "経度": 140.354533, "url": "https://www.iryou.teikyouseido.mhlw.go.jp/znk-web/juminkanja/S2430/initialize?prefCd=07&kikanCd=20720001549&kikanKbn=2", "url2": "http://www.nashinokikai.jp/", "内容": "南インター通りクリニック【2:診療所】【診療科目:0】福島県郡山市安積荒井１－５５" }, "geometry": { "type": "Point", "coordinates": [ 140.354533, 37.368964 ] } },
{ "type": "Feature", "properties": { "ID": 720720001550, "正式名称": "大川レディースクリニック", "機関区分": 2, "都道府県コード": 7, "市区町村コード": 201, "所在地": "福島県福島市鳥谷野字天神３番１１号", "緯度": 37.737033, "経度": 140.468364, "url": "https://www.iryou.teikyouseido.mhlw.go.jp/znk-web/juminkanja/S2430/initialize?prefCd=07&kikanCd=20720001550&kikanKbn=2", "url2": null, "内容": "大川レディースクリニック【2:診療所】【診療科目:0】福島県福島市鳥谷野字天神３番１１号" }, "geometry": { "type": "Point", "coordinates": [ 140.468364, 37.737033 ] } },
{ "type": "Feature", "properties": { "ID": 720720001553, "正式名称": "中央台たなか眼科", "機関区分": 2, "都道府県コード": 7, "市区町村コード": 204, "所在地": "福島県いわき市中央台高久２丁目８－１", "緯度": 37.006889, "経度": 140.927197, "url": "https://www.iryou.teikyouseido.mhlw.go.jp/znk-web/juminkanja/S2430/initialize?prefCd=07&kikanCd=20720001553&kikanKbn=2", "url2": null, "内容": "中央台たなか眼科【2:診療所】【診療科目:0】福島県いわき市中央台高久２丁目８－１" }, "geometry": { "type": "Point", "coordinates": [ 140.927197, 37.006889 ] } },
{ "type": "Feature", "properties": { "ID": 720720001554, "正式名称": "ふかや耳鼻咽喉科", "機関区分": 2, "都道府県コード": 7, "市区町村コード": 204, "所在地": "福島県いわき市小名浜住吉字搦２３－１", "緯度": 36.980689, "経度": 140.8862, "url": "https://www.iryou.teikyouseido.mhlw.go.jp/znk-web/juminkanja/S2430/initialize?prefCd=07&kikanCd=20720001554&kikanKbn=2", "url2": null, "内容": "ふかや耳鼻咽喉科【2:診療所】【診療科目:0】福島県いわき市小名浜住吉字搦２３－１" }, "geometry": { "type": "Point", "coordinates": [ 140.8862, 36.980689 ] } },
{ "type": "Feature", "properties": { "ID": 720720001555, "正式名称": "渡辺医院", "機関区分": 2, "都道府県コード": 7, "市区町村コード": 210, "所在地": "福島県二本松市正法寺町１８６－１", "緯度": 37.581269, "経度": 140.420317, "url": "https://www.iryou.teikyouseido.mhlw.go.jp/znk-web/juminkanja/S2430/initialize?prefCd=07&kikanCd=20720001555&kikanKbn=2", "url2": "http://www.watanabe-fns.com/", "内容": "渡辺医院【2:診療所】【診療科目:0】福島県二本松市正法寺町１８６－１" }, "geometry": { "type": "Point", "coordinates": [ 140.420317, 37.581269 ] } },
{ "type": "Feature", "properties": { "ID": 720720001556, "正式名称": "泉崎南東北診療所", "機関区分": 2, "都道府県コード": 7, "市区町村コード": 464, "所在地": "福島県西白河郡泉崎村大字泉崎字山ケ入５６", "緯度": 37.157286, "経度": 140.291997, "url": "https://www.iryou.teikyouseido.mhlw.go.jp/znk-web/juminkanja/S2430/initialize?prefCd=07&kikanCd=20720001556&kikanKbn=2", "url2": "http://www.minamitohoku.or.ip/izumizaki/index.html", "内容": "泉崎南東北診療所【2:診療所】【診療科目:0】福島県西白河郡泉崎村大字泉崎字山ケ入５６" }, "geometry": { "type": "Point", "coordinates": [ 140.291997, 37.157286 ] } },
{ "type": "Feature", "properties": { "ID": 720720001559, "正式名称": "さくま内科クリニック", "機関区分": 2, "都道府県コード": 7, "市区町村コード": 201, "所在地": "福島県福島市山下町４番１１号", "緯度": 37.764603, "経度": 140.472333, "url": "https://www.iryou.teikyouseido.mhlw.go.jp/znk-web/juminkanja/S2430/initialize?prefCd=07&kikanCd=20720001559&kikanKbn=2", "url2": null, "内容": "さくま内科クリニック【2:診療所】【診療科目:0】福島県福島市山下町４番１１号" }, "geometry": { "type": "Point", "coordinates": [ 140.472333, 37.764603 ] } },
{ "type": "Feature", "properties": { "ID": 720720001562, "正式名称": "かみや内科クリニック", "機関区分": 2, "都道府県コード": 7, "市区町村コード": 522, "所在地": "福島県田村郡小野町小野新町字門番９３－１", "緯度": 37.2827, "経度": 140.627561, "url": "https://www.iryou.teikyouseido.mhlw.go.jp/znk-web/juminkanja/S2430/initialize?prefCd=07&kikanCd=20720001562&kikanKbn=2", "url2": "http://www.kamiyanaika.com/", "内容": "かみや内科クリニック【2:診療所】【診療科目:0】福島県田村郡小野町小野新町字門番９３－１" }, "geometry": { "type": "Point", "coordinates": [ 140.627561, 37.2827 ] } },
{ "type": "Feature", "properties": { "ID": 720720001563, "正式名称": "ブナの木内科診療所", "機関区分": 2, "都道府県コード": 7, "市区町村コード": 207, "所在地": "福島県須賀川市矢沢字天神２１０", "緯度": 37.306708, "経度": 140.288181, "url": "https://www.iryou.teikyouseido.mhlw.go.jp/znk-web/juminkanja/S2430/initialize?prefCd=07&kikanCd=20720001563&kikanKbn=2", "url2": null, "内容": "ブナの木内科診療所【2:診療所】【診療科目:0】福島県須賀川市矢沢字天神２１０" }, "geometry": { "type": "Point", "coordinates": [ 140.288181, 37.306708 ] } },
{ "type": "Feature", "properties": { "ID": 720720001564, "正式名称": "しいな脳神経外科クリニック", "機関区分": 2, "都道府県コード": 7, "市区町村コード": 212, "所在地": "福島県南相馬市原町区東町１丁目７２－２", "緯度": 37.642083, "経度": 140.961472, "url": "https://www.iryou.teikyouseido.mhlw.go.jp/znk-web/juminkanja/S2430/initialize?prefCd=07&kikanCd=20720001564&kikanKbn=2", "url2": null, "内容": "しいな脳神経外科クリニック【2:診療所】【診療科目:0】福島県南相馬市原町区東町１丁目７２－２" }, "geometry": { "type": "Point", "coordinates": [ 140.961472, 37.642083 ] } },
{ "type": "Feature", "properties": { "ID": 720720001565, "正式名称": "菜のはなこどもクリニック", "機関区分": 2, "都道府県コード": 7, "市区町村コード": 209, "所在地": "福島県相馬市中村字川沼３０７番地", "緯度": 37.804083, "経度": 140.913469, "url": "https://www.iryou.teikyouseido.mhlw.go.jp/znk-web/juminkanja/S2430/initialize?prefCd=07&kikanCd=20720001565&kikanKbn=2", "url2": null, "内容": "菜のはなこどもクリニック【2:診療所】【診療科目:0】福島県相馬市中村字川沼３０７番地" }, "geometry": { "type": "Point", "coordinates": [ 140.913469, 37.804083 ] } },
{ "type": "Feature", "properties": { "ID": 720720001567, "正式名称": "医療法人　あさひ会　南東北わたなべクリニック", "機関区分": 2, "都道府県コード": 7, "市区町村コード": 466, "所在地": "福島県西白河郡矢吹町文京町２２６", "緯度": 37.188217, "経度": 140.338758, "url": "https://www.iryou.teikyouseido.mhlw.go.jp/znk-web/juminkanja/S2430/initialize?prefCd=07&kikanCd=20720001567&kikanKbn=2", "url2": "https://www.asahi-providence.com/index.html", "内容": "医療法人　あさひ会　南東北わたなべクリニック【2:診療所】【診療科目:0】福島県西白河郡矢吹町文京町２２６" }, "geometry": { "type": "Point", "coordinates": [ 140.338758, 37.188217 ] } },
{ "type": "Feature", "properties": { "ID": 720720001570, "正式名称": "西田皮膚クリニック", "機関区分": 2, "都道府県コード": 7, "市区町村コード": 203, "所在地": "福島県郡山市桑野４－１０－１１", "緯度": 37.407861, "経度": 140.352239, "url": "https://www.iryou.teikyouseido.mhlw.go.jp/znk-web/juminkanja/S2430/initialize?prefCd=07&kikanCd=20720001570&kikanKbn=2", "url2": "http://nishida249.life.coocan.jp/", "内容": "西田皮膚クリニック【2:診療所】【診療科目:0】福島県郡山市桑野４－１０－１１" }, "geometry": { "type": "Point", "coordinates": [ 140.352239, 37.407861 ] } },
{ "type": "Feature", "properties": { "ID": 720720001572, "正式名称": "医療法人　そえだ医院", "機関区分": 2, "都道府県コード": 7, "市区町村コード": 204, "所在地": "福島県いわき市常磐湯本町吹谷５５－１", "緯度": 37.006217, "経度": 140.844833, "url": "https://www.iryou.teikyouseido.mhlw.go.jp/znk-web/juminkanja/S2430/initialize?prefCd=07&kikanCd=20720001572&kikanKbn=2", "url2": "http://www.soeda-clinic.jp/", "内容": "医療法人　そえだ医院【2:診療所】【診療科目:0】福島県いわき市常磐湯本町吹谷５５－１" }, "geometry": { "type": "Point", "coordinates": [ 140.844833, 37.006217 ] } },
{ "type": "Feature", "properties": { "ID": 720720001575, "正式名称": "まるべりー耳鼻科", "機関区分": 2, "都道府県コード": 7, "市区町村コード": 201, "所在地": "福島県福島市太平寺字町ノ内６９－１", "緯度": 37.733789, "経度": 140.459308, "url": "https://www.iryou.teikyouseido.mhlw.go.jp/znk-web/juminkanja/S2430/initialize?prefCd=07&kikanCd=20720001575&kikanKbn=2", "url2": "http://www.mulberry-clinic.jp", "内容": "まるべりー耳鼻科【2:診療所】【診療科目:0】福島県福島市太平寺字町ノ内６９－１" }, "geometry": { "type": "Point", "coordinates": [ 140.459308, 37.733789 ] } },
{ "type": "Feature", "properties": { "ID": 720720001576, "正式名称": "ひさこファミリークリニック", "機関区分": 2, "都道府県コード": 7, "市区町村コード": 203, "所在地": "福島県郡山市中ノ目１丁目２６－２", "緯度": 37.420142, "経度": 140.333717, "url": "https://www.iryou.teikyouseido.mhlw.go.jp/znk-web/juminkanja/S2430/initialize?prefCd=07&kikanCd=20720001576&kikanKbn=2", "url2": "https://www.hisako-fc.jp/", "内容": "ひさこファミリークリニック【2:診療所】【診療科目:0】福島県郡山市中ノ目１丁目２６－２" }, "geometry": { "type": "Point", "coordinates": [ 140.333717, 37.420142 ] } },
{ "type": "Feature", "properties": { "ID": 720720001577, "正式名称": "南川渓谷診療所", "機関区分": 2, "都道府県コード": 7, "市区町村コード": 203, "所在地": "福島県郡山市久留米４丁目９－１", "緯度": 37.381031, "経度": 140.350311, "url": "https://www.iryou.teikyouseido.mhlw.go.jp/znk-web/juminkanja/S2430/initialize?prefCd=07&kikanCd=20720001577&kikanKbn=2", "url2": "minamigawa.lolipop.jp", "内容": "南川渓谷診療所【2:診療所】【診療科目:0】福島県郡山市久留米４丁目９－１" }, "geometry": { "type": "Point", "coordinates": [ 140.350311, 37.381031 ] } },
{ "type": "Feature", "properties": { "ID": 720720001578, "正式名称": "よしだ皮ふ科クリニック", "機関区分": 2, "都道府県コード": 7, "市区町村コード": 203, "所在地": "福島県郡山市富久山町久保田字伊賀河原７７", "緯度": 37.4129, "経度": 140.372292, "url": "https://www.iryou.teikyouseido.mhlw.go.jp/znk-web/juminkanja/S2430/initialize?prefCd=07&kikanCd=20720001578&kikanKbn=2", "url2": null, "内容": "よしだ皮ふ科クリニック【2:診療所】【診療科目:0】福島県郡山市富久山町久保田字伊賀河原７７" }, "geometry": { "type": "Point", "coordinates": [ 140.372292, 37.4129 ] } },
{ "type": "Feature", "properties": { "ID": 720720001579, "正式名称": "山口内科クリニック", "機関区分": 2, "都道府県コード": 7, "市区町村コード": 203, "所在地": "福島県郡山市安積町荒井字萬海８３－１", "緯度": 37.376492, "経度": 140.341575, "url": "https://www.iryou.teikyouseido.mhlw.go.jp/znk-web/juminkanja/S2430/initialize?prefCd=07&kikanCd=20720001579&kikanKbn=2", "url2": null, "内容": "山口内科クリニック【2:診療所】【診療科目:0】福島県郡山市安積町荒井字萬海８３－１" }, "geometry": { "type": "Point", "coordinates": [ 140.341575, 37.376492 ] } },
{ "type": "Feature", "properties": { "ID": 720720001580, "正式名称": "おざわ整形外科クリニック", "機関区分": 2, "都道府県コード": 7, "市区町村コード": 203, "所在地": "福島県郡山市御前南六丁目１４１", "緯度": 37.386175, "経度": 140.329514, "url": "https://www.iryou.teikyouseido.mhlw.go.jp/znk-web/juminkanja/S2430/initialize?prefCd=07&kikanCd=20720001580&kikanKbn=2", "url2": null, "内容": "おざわ整形外科クリニック【2:診療所】【診療科目:0】福島県郡山市御前南六丁目１４１" }, "geometry": { "type": "Point", "coordinates": [ 140.329514, 37.386175 ] } },
{ "type": "Feature", "properties": { "ID": 720720001581, "正式名称": "医療法人　二本松ウイメンズクリニック", "機関区分": 2, "都道府県コード": 7, "市区町村コード": 210, "所在地": "福島県二本松市亀谷１－２７５－４", "緯度": 37.591594, "経度": 140.442378, "url": "https://www.iryou.teikyouseido.mhlw.go.jp/znk-web/juminkanja/S2430/initialize?prefCd=07&kikanCd=20720001581&kikanKbn=2", "url2": "www.n-w-cl.jp", "内容": "医療法人　二本松ウイメンズクリニック【2:診療所】【診療科目:0】福島県二本松市亀谷１－２７５－４" }, "geometry": { "type": "Point", "coordinates": [ 140.442378, 37.591594 ] } },
{ "type": "Feature", "properties": { "ID": 720720001582, "正式名称": "緑川内科クリニック", "機関区分": 2, "都道府県コード": 7, "市区町村コード": 204, "所在地": "福島県いわき市錦町中迎１－３－４", "緯度": 36.907717, "経度": 140.791311, "url": "https://www.iryou.teikyouseido.mhlw.go.jp/znk-web/juminkanja/S2430/initialize?prefCd=07&kikanCd=20720001582&kikanKbn=2", "url2": null, "内容": "緑川内科クリニック【2:診療所】【診療科目:0】福島県いわき市錦町中迎１－３－４" }, "geometry": { "type": "Point", "coordinates": [ 140.791311, 36.907717 ] } },
{ "type": "Feature", "properties": { "ID": 720720001583, "正式名称": "岡ノ内クリニック", "機関区分": 2, "都道府県コード": 7, "市区町村コード": 342, "所在地": "福島県岩瀬郡鏡石町岡ノ内３０６番", "緯度": 37.254819, "経度": 140.339903, "url": "https://www.iryou.teikyouseido.mhlw.go.jp/znk-web/juminkanja/S2430/initialize?prefCd=07&kikanCd=20720001583&kikanKbn=2", "url2": "http://okanouchi-clinic.jp/", "内容": "岡ノ内クリニック【2:診療所】【診療科目:0】福島県岩瀬郡鏡石町岡ノ内３０６番" }, "geometry": { "type": "Point", "coordinates": [ 140.339903, 37.254819 ] } },
{ "type": "Feature", "properties": { "ID": 720720001584, "正式名称": "医療法人よつば皮フ科クリニック", "機関区分": 2, "都道府県コード": 7, "市区町村コード": 203, "所在地": "福島県郡山市富田西二丁目２７１番地", "緯度": 37.421433, "経度": 140.336083, "url": "https://www.iryou.teikyouseido.mhlw.go.jp/znk-web/juminkanja/S2430/initialize?prefCd=07&kikanCd=20720001584&kikanKbn=2", "url2": null, "内容": "医療法人よつば皮フ科クリニック【2:診療所】【診療科目:0】福島県郡山市富田西二丁目２７１番地" }, "geometry": { "type": "Point", "coordinates": [ 140.336083, 37.421433 ] } },
{ "type": "Feature", "properties": { "ID": 720720001589, "正式名称": "おおたけ内科外科クリニック", "機関区分": 2, "都道府県コード": 7, "市区町村コード": 203, "所在地": "福島県郡山市富久山町八山田字東平作１０－６", "緯度": 37.428097, "経度": 140.388097, "url": "https://www.iryou.teikyouseido.mhlw.go.jp/znk-web/juminkanja/S2430/initialize?prefCd=07&kikanCd=20720001589&kikanKbn=2", "url2": "http://www.otake-clinic.com", "内容": "おおたけ内科外科クリニック【2:診療所】【診療科目:0】福島県郡山市富久山町八山田字東平作１０－６" }, "geometry": { "type": "Point", "coordinates": [ 140.388097, 37.428097 ] } },
{ "type": "Feature", "properties": { "ID": 720720001590, "正式名称": "ひろやまメンタルクリニック", "機関区分": 2, "都道府県コード": 7, "市区町村コード": 201, "所在地": "福島県福島市三河南町１－１５　ルネサンスプラザ福島", "緯度": 37.756081, "経度": 140.4543, "url": "https://www.iryou.teikyouseido.mhlw.go.jp/znk-web/juminkanja/S2430/initialize?prefCd=07&kikanCd=20720001590&kikanKbn=2", "url2": "https://www.hiroyama-mental.com/", "内容": "ひろやまメンタルクリニック【2:診療所】【診療科目:0】福島県福島市三河南町１－１５　ルネサンスプラザ福島" }, "geometry": { "type": "Point", "coordinates": [ 140.4543, 37.756081 ] } },
{ "type": "Feature", "properties": { "ID": 720720001591, "正式名称": "やなぎほり皮膚科クリニック", "機関区分": 2, "都道府県コード": 7, "市区町村コード": 214, "所在地": "福島県本宮市高木字平内７４番１", "緯度": 37.515767, "経度": 140.409903, "url": "https://www.iryou.teikyouseido.mhlw.go.jp/znk-web/juminkanja/S2430/initialize?prefCd=07&kikanCd=20720001591&kikanKbn=2", "url2": null, "内容": "やなぎほり皮膚科クリニック【2:診療所】【診療科目:0】福島県本宮市高木字平内７４番１" }, "geometry": { "type": "Point", "coordinates": [ 140.409903, 37.515767 ] } },
{ "type": "Feature", "properties": { "ID": 720720001592, "正式名称": "五十嵐整形外科ペインクリニック", "機関区分": 2, "都道府県コード": 7, "市区町村コード": 202, "所在地": "福島県会津若松市城東町６－１０", "緯度": 37.488308, "経度": 139.938494, "url": "https://www.iryou.teikyouseido.mhlw.go.jp/znk-web/juminkanja/S2430/initialize?prefCd=07&kikanCd=20720001592&kikanKbn=2", "url2": null, "内容": "五十嵐整形外科ペインクリニック【2:診療所】【診療科目:0】福島県会津若松市城東町６－１０" }, "geometry": { "type": "Point", "coordinates": [ 139.938494, 37.488308 ] } },
{ "type": "Feature", "properties": { "ID": 720720001593, "正式名称": "渡辺政行整形外科クリニック", "機関区分": 2, "都道府県コード": 7, "市区町村コード": 201, "所在地": "福島県福島市北五老内町６番１６号", "緯度": 37.763169, "経度": 140.476369, "url": "https://www.iryou.teikyouseido.mhlw.go.jp/znk-web/juminkanja/S2430/initialize?prefCd=07&kikanCd=20720001593&kikanKbn=2", "url2": "https://www.watanabemasayuki-seikeigeka.com", "内容": "渡辺政行整形外科クリニック【2:診療所】【診療科目:0】福島県福島市北五老内町６番１６号" }, "geometry": { "type": "Point", "coordinates": [ 140.476369, 37.763169 ] } },
{ "type": "Feature", "properties": { "ID": 720720001595, "正式名称": "医療法人伊藤皮フ科クリニック", "機関区分": 2, "都道府県コード": 7, "市区町村コード": 213, "所在地": "福島県伊達市岡前２０－１", "緯度": 37.822208, "経度": 140.504992, "url": "https://www.iryou.teikyouseido.mhlw.go.jp/znk-web/juminkanja/S2430/initialize?prefCd=07&kikanCd=20720001595&kikanKbn=2", "url2": "http://itou-hifu.jp", "内容": "医療法人伊藤皮フ科クリニック【2:診療所】【診療科目:0】福島県伊達市岡前２０－１" }, "geometry": { "type": "Point", "coordinates": [ 140.504992, 37.822208 ] } },
{ "type": "Feature", "properties": { "ID": 720720001596, "正式名称": "おおもり内科・循環器科クリニック", "機関区分": 2, "都道府県コード": 7, "市区町村コード": 201, "所在地": "福島県福島市大森字坿７９－１", "緯度": 37.729008, "経度": 140.446214, "url": "https://www.iryou.teikyouseido.mhlw.go.jp/znk-web/juminkanja/S2430/initialize?prefCd=07&kikanCd=20720001596&kikanKbn=2", "url2": "http://nttbj.itp.ne.jp/0245440577/index.html", "内容": "おおもり内科・循環器科クリニック【2:診療所】【診療科目:0】福島県福島市大森字坿７９－１" }, "geometry": { "type": "Point", "coordinates": [ 140.446214, 37.729008 ] } },
{ "type": "Feature", "properties": { "ID": 720720001597, "正式名称": "きくち診療所", "機関区分": 2, "都道府県コード": 7, "市区町村コード": 465, "所在地": "福島県西白河郡中島村大字滑津字二ツ山３７－１１", "緯度": 37.148889, "経度": 140.349375, "url": "https://www.iryou.teikyouseido.mhlw.go.jp/znk-web/juminkanja/S2430/initialize?prefCd=07&kikanCd=20720001597&kikanKbn=2", "url2": null, "内容": "きくち診療所【2:診療所】【診療科目:0】福島県西白河郡中島村大字滑津字二ツ山３７－１１" }, "geometry": { "type": "Point", "coordinates": [ 140.349375, 37.148889 ] } },
{ "type": "Feature", "properties": { "ID": 720720001598, "正式名称": "医療法人かたよせウイメンズクリニック", "機関区分": 2, "都道府県コード": 7, "市区町村コード": 204, "所在地": "福島県いわき市常磐西郷町金山７０－１", "緯度": 36.985144, "経度": 140.856497, "url": "https://www.iryou.teikyouseido.mhlw.go.jp/znk-web/juminkanja/S2430/initialize?prefCd=07&kikanCd=20720001598&kikanKbn=2", "url2": "http://katayose-clinic.com/index.html", "内容": "医療法人かたよせウイメンズクリニック【2:診療所】【診療科目:0】福島県いわき市常磐西郷町金山７０－１" }, "geometry": { "type": "Point", "coordinates": [ 140.856497, 36.985144 ] } },
{ "type": "Feature", "properties": { "ID": 720720001599, "正式名称": "医療法人援腎会　すずきクリニック", "機関区分": 2, "都道府県コード": 7, "市区町村コード": 203, "所在地": "福島県郡山市富久山町久保田字伊賀河原１２", "緯度": 37.414406, "経度": 140.372964, "url": "https://www.iryou.teikyouseido.mhlw.go.jp/znk-web/juminkanja/S2430/initialize?prefCd=07&kikanCd=20720001599&kikanKbn=2", "url2": "http://www.enjinkai.com/", "内容": "医療法人援腎会　すずきクリニック【2:診療所】【診療科目:0】福島県郡山市富久山町久保田字伊賀河原１２" }, "geometry": { "type": "Point", "coordinates": [ 140.372964, 37.414406 ] } },
{ "type": "Feature", "properties": { "ID": 720720001601, "正式名称": "すみこしこどもクリニック", "機関区分": 2, "都道府県コード": 7, "市区町村コード": 203, "所在地": "福島県郡山市本町２－１１－７", "緯度": 37.386789, "経度": 140.381467, "url": "https://www.iryou.teikyouseido.mhlw.go.jp/znk-web/juminkanja/S2430/initialize?prefCd=07&kikanCd=20720001601&kikanKbn=2", "url2": "http://www.sumikoshi.jp/", "内容": "すみこしこどもクリニック【2:診療所】【診療科目:0】福島県郡山市本町２－１１－７" }, "geometry": { "type": "Point", "coordinates": [ 140.381467, 37.386789 ] } },
{ "type": "Feature", "properties": { "ID": 720720001602, "正式名称": "あなざわクリニック", "機関区分": 2, "都道府県コード": 7, "市区町村コード": 202, "所在地": "福島県会津若松市北青木１－２４", "緯度": 37.482058, "経度": 139.937825, "url": "https://www.iryou.teikyouseido.mhlw.go.jp/znk-web/juminkanja/S2430/initialize?prefCd=07&kikanCd=20720001602&kikanKbn=2", "url2": null, "内容": "あなざわクリニック【2:診療所】【診療科目:0】福島県会津若松市北青木１－２４" }, "geometry": { "type": "Point", "coordinates": [ 139.937825, 37.482058 ] } },
{ "type": "Feature", "properties": { "ID": 720720001603, "正式名称": "医療法人やまうち整形外科クリニック", "機関区分": 2, "都道府県コード": 7, "市区町村コード": 202, "所在地": "福島県会津若松市東千石１丁目４番７号", "緯度": 37.497297, "経度": 139.944239, "url": "https://www.iryou.teikyouseido.mhlw.go.jp/znk-web/juminkanja/S2430/initialize?prefCd=07&kikanCd=20720001603&kikanKbn=2", "url2": "http://yamauchi-seikei.com", "内容": "医療法人やまうち整形外科クリニック【2:診療所】【診療科目:0】福島県会津若松市東千石１丁目４番７号" }, "geometry": { "type": "Point", "coordinates": [ 139.944239, 37.497297 ] } },
{ "type": "Feature", "properties": { "ID": 720720001604, "正式名称": "えんどう内科クリニック", "機関区分": 2, "都道府県コード": 7, "市区町村コード": 203, "所在地": "福島県郡山市富久山町久保田字伊賀河原７５－２", "緯度": 37.412722, "経度": 140.372725, "url": "https://www.iryou.teikyouseido.mhlw.go.jp/znk-web/juminkanja/S2430/initialize?prefCd=07&kikanCd=20720001604&kikanKbn=2", "url2": "http://www.endo-naika.com/pc/", "内容": "えんどう内科クリニック【2:診療所】【診療科目:0】福島県郡山市富久山町久保田字伊賀河原７５－２" }, "geometry": { "type": "Point", "coordinates": [ 140.372725, 37.412722 ] } },
{ "type": "Feature", "properties": { "ID": 720720001606, "正式名称": "絆診療所", "機関区分": 2, "都道府県コード": 7, "市区町村コード": 212, "所在地": "福島県南相馬市鹿島区寺内字塚合１２３－１", "緯度": 37.701233, "経度": 140.951878, "url": "https://www.iryou.teikyouseido.mhlw.go.jp/znk-web/juminkanja/S2430/initialize?prefCd=07&kikanCd=20720001606&kikanKbn=2", "url2": null, "内容": "絆診療所【2:診療所】【診療科目:0】福島県南相馬市鹿島区寺内字塚合１２３－１" }, "geometry": { "type": "Point", "coordinates": [ 140.951878, 37.701233 ] } },
{ "type": "Feature", "properties": { "ID": 720720001607, "正式名称": "医療法人社団　メンタルクリニックなごみ", "機関区分": 2, "都道府県コード": 7, "市区町村コード": 209, "所在地": "福島県相馬市中村字川沼２４０", "緯度": 37.80375, "経度": 140.915783, "url": "https://www.iryou.teikyouseido.mhlw.go.jp/znk-web/juminkanja/S2430/initialize?prefCd=07&kikanCd=20720001607&kikanKbn=2", "url2": null, "内容": "医療法人社団　メンタルクリニックなごみ【2:診療所】【診療科目:0】福島県相馬市中村字川沼２４０" }, "geometry": { "type": "Point", "coordinates": [ 140.915783, 37.80375 ] } },
{ "type": "Feature", "properties": { "ID": 720720001608, "正式名称": "済生会　春日診療所", "機関区分": 2, "都道府県コード": 7, "市区町村コード": 308, "所在地": "福島県伊達郡川俣町字五百田２０－１", "緯度": 37.665994, "経度": 140.599117, "url": "https://www.iryou.teikyouseido.mhlw.go.jp/znk-web/juminkanja/S2430/initialize?prefCd=07&kikanCd=20720001608&kikanKbn=2", "url2": null, "内容": "済生会　春日診療所【2:診療所】【診療科目:0】福島県伊達郡川俣町字五百田２０－１" }, "geometry": { "type": "Point", "coordinates": [ 140.599117, 37.665994 ] } },
{ "type": "Feature", "properties": { "ID": 720720001609, "正式名称": "喜多方市地域・家庭医療センター", "機関区分": 2, "都道府県コード": 7, "市区町村コード": 208, "所在地": "福島県喜多方市字六枚長４２１２", "緯度": 37.651556, "経度": 139.879794, "url": "https://www.iryou.teikyouseido.mhlw.go.jp/znk-web/juminkanja/S2430/initialize?prefCd=07&kikanCd=20720001609&kikanKbn=2", "url2": "http://hotkirari-kitakata-fukushima.jp/", "内容": "喜多方市地域・家庭医療センター【2:診療所】【診療科目:0】福島県喜多方市字六枚長４２１２" }, "geometry": { "type": "Point", "coordinates": [ 139.879794, 37.651556 ] } },
{ "type": "Feature", "properties": { "ID": 720720001610, "正式名称": "浪江町国民健康保険仮設津島診療所", "機関区分": 2, "都道府県コード": 7, "市区町村コード": 210, "所在地": "福島県二本松市油井字大窪１１８番地", "緯度": 37.617406, "経度": 140.456458, "url": "https://www.iryou.teikyouseido.mhlw.go.jp/znk-web/juminkanja/S2430/initialize?prefCd=07&kikanCd=20720001610&kikanKbn=2", "url2": "http://www.town.namie.fukushima.jp", "内容": "浪江町国民健康保険仮設津島診療所【2:診療所】【診療科目:0】福島県二本松市油井字大窪１１８番地" }, "geometry": { "type": "Point", "coordinates": [ 140.456458, 37.617406 ] } },
{ "type": "Feature", "properties": { "ID": 720720001611, "正式名称": "医療法人　弥生会", "機関区分": 2, "都道府県コード": 7, "市区町村コード": 204, "所在地": "福島県いわき市鹿島町久保字反町２６－１", "緯度": 36.988733, "経度": 140.905742, "url": "https://www.iryou.teikyouseido.mhlw.go.jp/znk-web/juminkanja/S2430/initialize?prefCd=07&kikanCd=20720001611&kikanKbn=2", "url2": "http://shigachildclinic.bambina.jp/", "内容": "医療法人　弥生会【2:診療所】【診療科目:0】福島県いわき市鹿島町久保字反町２６－１" }, "geometry": { "type": "Point", "coordinates": [ 140.905742, 36.988733 ] } },
{ "type": "Feature", "properties": { "ID": 720720001612, "正式名称": "医療法人　すずき耳・鼻・のどクリニック", "機関区分": 2, "都道府県コード": 7, "市区町村コード": 203, "所在地": "福島県郡山市富田西２丁目１７５番地", "緯度": 37.421311, "経度": 140.336319, "url": "https://www.iryou.teikyouseido.mhlw.go.jp/znk-web/juminkanja/S2430/initialize?prefCd=07&kikanCd=20720001612&kikanKbn=2", "url2": "http://mimihananodo-suzukiclinic.jp/", "内容": "医療法人　すずき耳・鼻・のどクリニック【2:診療所】【診療科目:0】福島県郡山市富田西２丁目１７５番地" }, "geometry": { "type": "Point", "coordinates": [ 140.336319, 37.421311 ] } },
{ "type": "Feature", "properties": { "ID": 720720001614, "正式名称": "医療法人美波会　菅波医院", "機関区分": 2, "都道府県コード": 7, "市区町村コード": 204, "所在地": "福島県いわき市四倉町東１－５４", "緯度": 37.100078, "経度": 140.985553, "url": "https://www.iryou.teikyouseido.mhlw.go.jp/znk-web/juminkanja/S2430/initialize?prefCd=07&kikanCd=20720001614&kikanKbn=2", "url2": "https://www.big-advance.site/c/191/1452", "内容": "医療法人美波会　菅波医院【2:診療所】【診療科目:0】福島県いわき市四倉町東１－５４" }, "geometry": { "type": "Point", "coordinates": [ 140.985553, 37.100078 ] } },
{ "type": "Feature", "properties": { "ID": 720720001615, "正式名称": "明渓醫院", "機関区分": 2, "都道府県コード": 7, "市区町村コード": 205, "所在地": "福島県白河市明戸９８－２", "緯度": 37.127722, "経度": 140.220803, "url": "https://www.iryou.teikyouseido.mhlw.go.jp/znk-web/juminkanja/S2430/initialize?prefCd=07&kikanCd=20720001615&kikanKbn=2", "url2": null, "内容": "明渓醫院【2:診療所】【診療科目:0】福島県白河市明戸９８－２" }, "geometry": { "type": "Point", "coordinates": [ 140.220803, 37.127722 ] } },
{ "type": "Feature", "properties": { "ID": 720720001617, "正式名称": "しんいち内科", "機関区分": 2, "都道府県コード": 7, "市区町村コード": 210, "所在地": "福島県二本松市油井福岡４０－１", "緯度": 37.611519, "経度": 140.461067, "url": "https://www.iryou.teikyouseido.mhlw.go.jp/znk-web/juminkanja/S2430/initialize?prefCd=07&kikanCd=20720001617&kikanKbn=2", "url2": null, "内容": "しんいち内科【2:診療所】【診療科目:0】福島県二本松市油井福岡４０－１" }, "geometry": { "type": "Point", "coordinates": [ 140.461067, 37.611519 ] } },
{ "type": "Feature", "properties": { "ID": 720720001618, "正式名称": "内山心療内科クリニック", "機関区分": 2, "都道府県コード": 7, "市区町村コード": 203, "所在地": "福島県郡山市菜根３－２－１２", "緯度": 37.386325, "経度": 140.36775, "url": "https://www.iryou.teikyouseido.mhlw.go.jp/znk-web/juminkanja/S2430/initialize?prefCd=07&kikanCd=20720001618&kikanKbn=2", "url2": null, "内容": "内山心療内科クリニック【2:診療所】【診療科目:0】福島県郡山市菜根３－２－１２" }, "geometry": { "type": "Point", "coordinates": [ 140.36775, 37.386325 ] } },
{ "type": "Feature", "properties": { "ID": 720720001619, "正式名称": "かべや耳鼻咽喉科", "機関区分": 2, "都道府県コード": 7, "市区町村コード": 202, "所在地": "福島県会津若松市千石町　９－２０", "緯度": 37.497122, "経度": 139.941561, "url": "https://www.iryou.teikyouseido.mhlw.go.jp/znk-web/juminkanja/S2430/initialize?prefCd=07&kikanCd=20720001619&kikanKbn=2", "url2": null, "内容": "かべや耳鼻咽喉科【2:診療所】【診療科目:0】福島県会津若松市千石町　９－２０" }, "geometry": { "type": "Point", "coordinates": [ 139.941561, 37.497122 ] } },
{ "type": "Feature", "properties": { "ID": 720720001620, "正式名称": "御山内科クリニック", "機関区分": 2, "都道府県コード": 7, "市区町村コード": 201, "所在地": "福島県福島市御山字仲ノ町９７－２", "緯度": 37.778094, "経度": 140.462017, "url": "https://www.iryou.teikyouseido.mhlw.go.jp/znk-web/juminkanja/S2430/initialize?prefCd=07&kikanCd=20720001620&kikanKbn=2", "url2": null, "内容": "御山内科クリニック【2:診療所】【診療科目:0】福島県福島市御山字仲ノ町９７－２" }, "geometry": { "type": "Point", "coordinates": [ 140.462017, 37.778094 ] } },
{ "type": "Feature", "properties": { "ID": 720720001621, "正式名称": "まつもと脳神経・内科クリニック", "機関区分": 2, "都道府県コード": 7, "市区町村コード": 201, "所在地": "福島県福島市南矢野目字道下３５－１０", "緯度": 37.792667, "経度": 140.450775, "url": "https://www.iryou.teikyouseido.mhlw.go.jp/znk-web/juminkanja/S2430/initialize?prefCd=07&kikanCd=20720001621&kikanKbn=2", "url2": "www.matsuclinic.com", "内容": "まつもと脳神経・内科クリニック【2:診療所】【診療科目:0】福島県福島市南矢野目字道下３５－１０" }, "geometry": { "type": "Point", "coordinates": [ 140.450775, 37.792667 ] } },
{ "type": "Feature", "properties": { "ID": 720720001622, "正式名称": "下地脳神経内科", "機関区分": 2, "都道府県コード": 7, "市区町村コード": 203, "所在地": "福島県郡山市堤１丁目８４", "緯度": 37.398781, "経度": 140.337339, "url": "https://www.iryou.teikyouseido.mhlw.go.jp/znk-web/juminkanja/S2430/initialize?prefCd=07&kikanCd=20720001622&kikanKbn=2", "url2": "www.shimoji-naika.jp", "内容": "下地脳神経内科【2:診療所】【診療科目:0】福島県郡山市堤１丁目８４" }, "geometry": { "type": "Point", "coordinates": [ 140.337339, 37.398781 ] } },
{ "type": "Feature", "properties": { "ID": 720720001623, "正式名称": "阿部循環器科・内科クリニック", "機関区分": 2, "都道府県コード": 7, "市区町村コード": 201, "所在地": "福島県福島市南矢野目字上戸ノ内１０番地の５", "緯度": 37.789489, "経度": 140.479553, "url": "https://www.iryou.teikyouseido.mhlw.go.jp/znk-web/juminkanja/S2430/initialize?prefCd=07&kikanCd=20720001623&kikanKbn=2", "url2": "abeclinic.web.fc2.com/", "内容": "阿部循環器科・内科クリニック【2:診療所】【診療科目:0】福島県福島市南矢野目字上戸ノ内１０番地の５" }, "geometry": { "type": "Point", "coordinates": [ 140.479553, 37.789489 ] } },
{ "type": "Feature", "properties": { "ID": 720720001626, "正式名称": "こんの内科クリニック", "機関区分": 2, "都道府県コード": 7, "市区町村コード": 201, "所在地": "福島県福島市曽根田町３番１９号", "緯度": 37.761308, "経度": 140.459553, "url": "https://www.iryou.teikyouseido.mhlw.go.jp/znk-web/juminkanja/S2430/initialize?prefCd=07&kikanCd=20720001626&kikanKbn=2", "url2": null, "内容": "こんの内科クリニック【2:診療所】【診療科目:0】福島県福島市曽根田町３番１９号" }, "geometry": { "type": "Point", "coordinates": [ 140.459553, 37.761308 ] } },
{ "type": "Feature", "properties": { "ID": 720720001632, "正式名称": "医療法人　樹会　太平寺整形外科クリニック", "機関区分": 2, "都道府県コード": 7, "市区町村コード": 201, "所在地": "福島県福島市太平寺字堰ノ上９１－３", "緯度": 37.7324, "経度": 140.455703, "url": "https://www.iryou.teikyouseido.mhlw.go.jp/znk-web/juminkanja/S2430/initialize?prefCd=07&kikanCd=20720001632&kikanKbn=2", "url2": null, "内容": "医療法人　樹会　太平寺整形外科クリニック【2:診療所】【診療科目:0】福島県福島市太平寺字堰ノ上９１－３" }, "geometry": { "type": "Point", "coordinates": [ 140.455703, 37.7324 ] } },
{ "type": "Feature", "properties": { "ID": 720720001635, "正式名称": "手塚クリニック", "機関区分": 2, "都道府県コード": 7, "市区町村コード": 201, "所在地": "福島県福島市御山字清水尻５１", "緯度": 37.776067, "経度": 140.466575, "url": "https://www.iryou.teikyouseido.mhlw.go.jp/znk-web/juminkanja/S2430/initialize?prefCd=07&kikanCd=20720001635&kikanKbn=2", "url2": "http://www.tezukaclinic.jp/", "内容": "手塚クリニック【2:診療所】【診療科目:0】福島県福島市御山字清水尻５１" }, "geometry": { "type": "Point", "coordinates": [ 140.466575, 37.776067 ] } },
{ "type": "Feature", "properties": { "ID": 720720001637, "正式名称": "公益財団法人　星総合病院　ほし横塚クリニック", "機関区分": 2, "都道府県コード": 7, "市区町村コード": 203, "所在地": "福島県郡山市横塚二丁目２０番３６号", "緯度": 37.398108, "経度": 140.401992, "url": "https://www.iryou.teikyouseido.mhlw.go.jp/znk-web/juminkanja/S2430/initialize?prefCd=07&kikanCd=20720001637&kikanKbn=2", "url2": "www.hoshipital.jp", "内容": "公益財団法人　星総合病院　ほし横塚クリニック【2:診療所】【診療科目:0】福島県郡山市横塚二丁目２０番３６号" }, "geometry": { "type": "Point", "coordinates": [ 140.401992, 37.398108 ] } },
{ "type": "Feature", "properties": { "ID": 720720001638, "正式名称": "医療法人愛和会　くわのすずき内科クリニック", "機関区分": 2, "都道府県コード": 7, "市区町村コード": 203, "所在地": "福島県郡山市桑野４－１０－６", "緯度": 37.407633, "経度": 140.352775, "url": "https://www.iryou.teikyouseido.mhlw.go.jp/znk-web/juminkanja/S2430/initialize?prefCd=07&kikanCd=20720001638&kikanKbn=2", "url2": "http://www.kuwano-suzuki.com", "内容": "医療法人愛和会　くわのすずき内科クリニック【2:診療所】【診療科目:0】福島県郡山市桑野４－１０－６" }, "geometry": { "type": "Point", "coordinates": [ 140.352775, 37.407633 ] } },
{ "type": "Feature", "properties": { "ID": 720720001646, "正式名称": "わかまつインターベンションクリニック", "機関区分": 2, "都道府県コード": 7, "市区町村コード": 202, "所在地": "福島県会津若松市一箕町大字亀賀字北柳原２５番地の１", "緯度": 37.521436, "経度": 139.933467, "url": "https://www.iryou.teikyouseido.mhlw.go.jp/znk-web/juminkanja/S2430/initialize?prefCd=07&kikanCd=20720001646&kikanKbn=2", "url2": "http://www.wakamatsu-intervention-clinic.com/", "内容": "わかまつインターベンションクリニック【2:診療所】【診療科目:0】福島県会津若松市一箕町大字亀賀字北柳原２５番地の１" }, "geometry": { "type": "Point", "coordinates": [ 139.933467, 37.521436 ] } },
{ "type": "Feature", "properties": { "ID": 720720001647, "正式名称": "会津けやき眼科", "機関区分": 2, "都道府県コード": 7, "市区町村コード": 202, "所在地": "福島県会津若松市幕内南町９－１０　ＭＥＧＡドン・キホーテＵＮＹ　会津若松店", "緯度": 37.483444, "経度": 139.904367, "url": "https://www.iryou.teikyouseido.mhlw.go.jp/znk-web/juminkanja/S2430/initialize?prefCd=07&kikanCd=20720001647&kikanKbn=2", "url2": null, "内容": "会津けやき眼科【2:診療所】【診療科目:0】福島県会津若松市幕内南町９－１０　ＭＥＧＡドン・キホーテＵＮＹ　会津若松店" }, "geometry": { "type": "Point", "coordinates": [ 139.904367, 37.483444 ] } },
{ "type": "Feature", "properties": { "ID": 720720001650, "正式名称": "喜多方腎泌尿器クリニック", "機関区分": 2, "都道府県コード": 7, "市区町村コード": 208, "所在地": "福島県喜多方市字三丁目４７８２番地", "緯度": 37.649392, "経度": 139.871506, "url": "https://www.iryou.teikyouseido.mhlw.go.jp/znk-web/juminkanja/S2430/initialize?prefCd=07&kikanCd=20720001650&kikanKbn=2", "url2": "https://komeikai.or.jp/kitakata/", "内容": "喜多方腎泌尿器クリニック【2:診療所】【診療科目:0】福島県喜多方市字三丁目４７８２番地" }, "geometry": { "type": "Point", "coordinates": [ 139.871506, 37.649392 ] } },
{ "type": "Feature", "properties": { "ID": 720720001655, "正式名称": "いいづか眼科クリニック", "機関区分": 2, "都道府県コード": 7, "市区町村コード": 204, "所在地": "福島県いわき市錦町綾ノ内１２２", "緯度": 36.910156, "経度": 140.783556, "url": "https://www.iryou.teikyouseido.mhlw.go.jp/znk-web/juminkanja/S2430/initialize?prefCd=07&kikanCd=20720001655&kikanKbn=2", "url2": "http://www.iizuka-ganka.com", "内容": "いいづか眼科クリニック【2:診療所】【診療科目:0】福島県いわき市錦町綾ノ内１２２" }, "geometry": { "type": "Point", "coordinates": [ 140.783556, 36.910156 ] } },
{ "type": "Feature", "properties": { "ID": 720720001656, "正式名称": "いいづかクリニック", "機関区分": 2, "都道府県コード": 7, "市区町村コード": 204, "所在地": "福島県いわき市小名浜中町境１７－１２", "緯度": 36.954917, "経度": 140.897064, "url": "https://www.iryou.teikyouseido.mhlw.go.jp/znk-web/juminkanja/S2430/initialize?prefCd=07&kikanCd=20720001656&kikanKbn=2", "url2": "http://www.iizuka-m.com", "内容": "いいづかクリニック【2:診療所】【診療科目:0】福島県いわき市小名浜中町境１７－１２" }, "geometry": { "type": "Point", "coordinates": [ 140.897064, 36.954917 ] } },
{ "type": "Feature", "properties": { "ID": 720720001658, "正式名称": "いずみ心療内科クリニック", "機関区分": 2, "都道府県コード": 7, "市区町村コード": 204, "所在地": "福島県いわき市泉町一丁目３２番地２", "緯度": 36.954908, "経度": 140.859306, "url": "https://www.iryou.teikyouseido.mhlw.go.jp/znk-web/juminkanja/S2430/initialize?prefCd=07&kikanCd=20720001658&kikanKbn=2", "url2": null, "内容": "いずみ心療内科クリニック【2:診療所】【診療科目:0】福島県いわき市泉町一丁目３２番地２" }, "geometry": { "type": "Point", "coordinates": [ 140.859306, 36.954908 ] } },
{ "type": "Feature", "properties": { "ID": 720720001660, "正式名称": "いわきたいら心療内科", "機関区分": 2, "都道府県コード": 7, "市区町村コード": 204, "所在地": "福島県いわき市平字研町１", "緯度": 37.055972, "経度": 140.884444, "url": "https://www.iryou.teikyouseido.mhlw.go.jp/znk-web/juminkanja/S2430/initialize?prefCd=07&kikanCd=20720001660&kikanKbn=2", "url2": "http://iwakitaira.com/", "内容": "いわきたいら心療内科【2:診療所】【診療科目:0】福島県いわき市平字研町１" }, "geometry": { "type": "Point", "coordinates": [ 140.884444, 37.055972 ] } },
{ "type": "Feature", "properties": { "ID": 720720001661, "正式名称": "いわきタウン形成外科クリニック", "機関区分": 2, "都道府県コード": 7, "市区町村コード": 204, "所在地": "福島県いわき市平字白銀町９－１グランパークホテルパネックスいわき１階", "緯度": 37.057881, "経度": 140.894572, "url": "https://www.iryou.teikyouseido.mhlw.go.jp/znk-web/juminkanja/S2430/initialize?prefCd=07&kikanCd=20720001661&kikanKbn=2", "url2": "keisei.ne.jp", "内容": "いわきタウン形成外科クリニック【2:診療所】【診療科目:0】福島県いわき市平字白銀町９－１グランパークホテルパネックスいわき１階" }, "geometry": { "type": "Point", "coordinates": [ 140.894572, 37.057881 ] } },
{ "type": "Feature", "properties": { "ID": 720720001663, "正式名称": "公益財団法人ときわ会　いわき泌尿器科", "機関区分": 2, "都道府県コード": 7, "市区町村コード": 204, "所在地": "福島県いわき市内郷綴町沼尻６２", "緯度": 37.039386, "経度": 140.861519, "url": "https://www.iryou.teikyouseido.mhlw.go.jp/znk-web/juminkanja/S2430/initialize?prefCd=07&kikanCd=20720001663&kikanKbn=2", "url2": "https://www.tokiwa.or.jp/clinic/iwaki/", "内容": "公益財団法人ときわ会　いわき泌尿器科【2:診療所】【診療科目:0】福島県いわき市内郷綴町沼尻６２" }, "geometry": { "type": "Point", "coordinates": [ 140.861519, 37.039386 ] } },
{ "type": "Feature", "properties": { "ID": 720720001664, "正式名称": "くさのファミリー内科クリニック", "機関区分": 2, "都道府県コード": 7, "市区町村コード": 204, "所在地": "福島県いわき市平上荒川字長尾４１－１２", "緯度": 37.032611, "経度": 140.890525, "url": "https://www.iryou.teikyouseido.mhlw.go.jp/znk-web/juminkanja/S2430/initialize?prefCd=07&kikanCd=20720001664&kikanKbn=2", "url2": "www.kusano-family-clinic.com", "内容": "くさのファミリー内科クリニック【2:診療所】【診療科目:0】福島県いわき市平上荒川字長尾４１－１２" }, "geometry": { "type": "Point", "coordinates": [ 140.890525, 37.032611 ] } },
{ "type": "Feature", "properties": { "ID": 720720001670, "正式名称": "ながせ皮フ科クリニック", "機関区分": 2, "都道府県コード": 7, "市区町村コード": 204, "所在地": "福島県いわき市小名浜林城字辻前３－１", "緯度": 36.984694, "経度": 140.892708, "url": "https://www.iryou.teikyouseido.mhlw.go.jp/znk-web/juminkanja/S2430/initialize?prefCd=07&kikanCd=20720001670&kikanKbn=2", "url2": null, "内容": "ながせ皮フ科クリニック【2:診療所】【診療科目:0】福島県いわき市小名浜林城字辻前３－１" }, "geometry": { "type": "Point", "coordinates": [ 140.892708, 36.984694 ] } },
{ "type": "Feature", "properties": { "ID": 720720001672, "正式名称": "医療法人　水谷消化器科外科医院", "機関区分": 2, "都道府県コード": 7, "市区町村コード": 204, "所在地": "福島県いわき市郷ヶ丘一丁目１５－４", "緯度": 37.026722, "経度": 140.899622, "url": "https://www.iryou.teikyouseido.mhlw.go.jp/znk-web/juminkanja/S2430/initialize?prefCd=07&kikanCd=20720001672&kikanKbn=2", "url2": null, "内容": "医療法人　水谷消化器科外科医院【2:診療所】【診療科目:0】福島県いわき市郷ヶ丘一丁目１５－４" }, "geometry": { "type": "Point", "coordinates": [ 140.899622, 37.026722 ] } },
{ "type": "Feature", "properties": { "ID": 720720001673, "正式名称": "よしおか内科胃腸科", "機関区分": 2, "都道府県コード": 7, "市区町村コード": 204, "所在地": "福島県いわき市平窪山土内町７－５", "緯度": 37.082836, "経度": 140.877994, "url": "https://www.iryou.teikyouseido.mhlw.go.jp/znk-web/juminkanja/S2430/initialize?prefCd=07&kikanCd=20720001673&kikanKbn=2", "url2": "www7b.biglobe.ne.jp/~yoshioka-cl", "内容": "よしおか内科胃腸科【2:診療所】【診療科目:0】福島県いわき市平窪山土内町７－５" }, "geometry": { "type": "Point", "coordinates": [ 140.877994, 37.082836 ] } },
{ "type": "Feature", "properties": { "ID": 720720001678, "正式名称": "医療法人つちやクリニック", "機関区分": 2, "都道府県コード": 7, "市区町村コード": 483, "所在地": "福島県東白川郡塙町大字塙字材木町１０－１", "緯度": 36.960278, "経度": 140.410333, "url": "https://www.iryou.teikyouseido.mhlw.go.jp/znk-web/juminkanja/S2430/initialize?prefCd=07&kikanCd=20720001678&kikanKbn=2", "url2": null, "内容": "医療法人つちやクリニック【2:診療所】【診療科目:0】福島県東白川郡塙町大字塙字材木町１０－１" }, "geometry": { "type": "Point", "coordinates": [ 140.410333, 36.960278 ] } },
{ "type": "Feature", "properties": { "ID": 720720001679, "正式名称": "ふじた循環器内科クリニック", "機関区分": 2, "都道府県コード": 7, "市区町村コード": 481, "所在地": "福島県東白川郡棚倉町大字棚倉字北町２２", "緯度": 37.035158, "経度": 140.385375, "url": "https://www.iryou.teikyouseido.mhlw.go.jp/znk-web/juminkanja/S2430/initialize?prefCd=07&kikanCd=20720001679&kikanKbn=2", "url2": "nttbj.itp.ne.jp/0247332013/index.html", "内容": "ふじた循環器内科クリニック【2:診療所】【診療科目:0】福島県東白川郡棚倉町大字棚倉字北町２２" }, "geometry": { "type": "Point", "coordinates": [ 140.385375, 37.035158 ] } },
{ "type": "Feature", "properties": { "ID": 720720001682, "正式名称": "東原クリニック", "機関区分": 2, "都道府県コード": 7, "市区町村コード": 203, "所在地": "福島県郡山市東原１丁目２２２番地", "緯度": 37.431431, "経度": 140.352278, "url": "https://www.iryou.teikyouseido.mhlw.go.jp/znk-web/juminkanja/S2430/initialize?prefCd=07&kikanCd=20720001682&kikanKbn=2", "url2": "http://www.higashihara-cl.com/info/index.html", "内容": "東原クリニック【2:診療所】【診療科目:0】福島県郡山市東原１丁目２２２番地" }, "geometry": { "type": "Point", "coordinates": [ 140.352278, 37.431431 ] } },
{ "type": "Feature", "properties": { "ID": 720720001690, "正式名称": "岩崎消化器科内科医院", "機関区分": 2, "都道府県コード": 7, "市区町村コード": 201, "所在地": "福島県福島市丸子字沢目３３－３", "緯度": 37.785375, "経度": 140.481747, "url": "https://www.iryou.teikyouseido.mhlw.go.jp/znk-web/juminkanja/S2430/initialize?prefCd=07&kikanCd=20720001690&kikanKbn=2", "url2": null, "内容": "岩崎消化器科内科医院【2:診療所】【診療科目:0】福島県福島市丸子字沢目３３－３" }, "geometry": { "type": "Point", "coordinates": [ 140.481747, 37.785375 ] } },
{ "type": "Feature", "properties": { "ID": 720720001695, "正式名称": "いがらし内科・消化器内科クリニック", "機関区分": 2, "都道府県コード": 7, "市区町村コード": 201, "所在地": "福島県福島市飯坂町平野字道下９－７", "緯度": 37.808119, "経度": 140.443442, "url": "https://www.iryou.teikyouseido.mhlw.go.jp/znk-web/juminkanja/S2430/initialize?prefCd=07&kikanCd=20720001695&kikanKbn=2", "url2": "https://www.igarashi-naika-syoukaki.com", "内容": "いがらし内科・消化器内科クリニック【2:診療所】【診療科目:0】福島県福島市飯坂町平野字道下９－７" }, "geometry": { "type": "Point", "coordinates": [ 140.443442, 37.808119 ] } },
{ "type": "Feature", "properties": { "ID": 720720001696, "正式名称": "一般財団法人　脳神経疾患研究所　附属　南東北がん陽子線治療センター", "機関区分": 2, "都道府県コード": 7, "市区町村コード": 203, "所在地": "福島県郡山市八山田七丁目１７２", "緯度": 37.423028, "経度": 140.380608, "url": "https://www.iryou.teikyouseido.mhlw.go.jp/znk-web/juminkanja/S2430/initialize?prefCd=07&kikanCd=20720001696&kikanKbn=2", "url2": "https://www.southerntohoku-proton.com", "内容": "一般財団法人　脳神経疾患研究所　附属　南東北がん陽子線治療センター【2:診療所】【診療科目:0】福島県郡山市八山田七丁目１７２" }, "geometry": { "type": "Point", "coordinates": [ 140.380608, 37.423028 ] } },
{ "type": "Feature", "properties": { "ID": 720720001698, "正式名称": "医療法人健真会　城本クリニック　郡山院", "機関区分": 2, "都道府県コード": 7, "市区町村コード": 203, "所在地": "福島県郡山市駅前一丁目６－５　ピースビル郡山２階", "緯度": 37.397747, "経度": 140.386539, "url": "https://www.iryou.teikyouseido.mhlw.go.jp/znk-web/juminkanja/S2430/initialize?prefCd=07&kikanCd=20720001698&kikanKbn=2", "url2": null, "内容": "医療法人健真会　城本クリニック　郡山院【2:診療所】【診療科目:0】福島県郡山市駅前一丁目６－５　ピースビル郡山２階" }, "geometry": { "type": "Point", "coordinates": [ 140.386539, 37.397747 ] } },
{ "type": "Feature", "properties": { "ID": 720720001702, "正式名称": "菊池眼科", "機関区分": 2, "都道府県コード": 7, "市区町村コード": 203, "所在地": "福島県郡山市安積荒井２－１８０", "緯度": 37.367581, "経度": 140.360514, "url": "https://www.iryou.teikyouseido.mhlw.go.jp/znk-web/juminkanja/S2430/initialize?prefCd=07&kikanCd=20720001702&kikanKbn=2", "url2": "http://www.kikuchi-eyeclinic.com/", "内容": "菊池眼科【2:診療所】【診療科目:0】福島県郡山市安積荒井２－１８０" }, "geometry": { "type": "Point", "coordinates": [ 140.360514, 37.367581 ] } },
{ "type": "Feature", "properties": { "ID": 720720001703, "正式名称": "医療法人まつもと内科クリニック", "機関区分": 2, "都道府県コード": 7, "市区町村コード": 203, "所在地": "福島県郡山市田村町金屋字マセ口４－１", "緯度": 37.368144, "経度": 140.390522, "url": "https://www.iryou.teikyouseido.mhlw.go.jp/znk-web/juminkanja/S2430/initialize?prefCd=07&kikanCd=20720001703&kikanKbn=2", "url2": "http://www.matsumoto-mc.com/index.html", "内容": "医療法人まつもと内科クリニック【2:診療所】【診療科目:0】福島県郡山市田村町金屋字マセ口４－１" }, "geometry": { "type": "Point", "coordinates": [ 140.390522, 37.368144 ] } },
{ "type": "Feature", "properties": { "ID": 720720001705, "正式名称": "浪江町国民健康保険浪江診療所", "機関区分": 2, "都道府県コード": 7, "市区町村コード": 547, "所在地": "福島県双葉郡浪江町大字幾世橋字六反田７－２", "緯度": 37.494975, "経度": 140.999503, "url": "https://www.iryou.teikyouseido.mhlw.go.jp/znk-web/juminkanja/S2430/initialize?prefCd=07&kikanCd=20720001705&kikanKbn=2", "url2": "https://www.town.namie.fukushima.jp/", "内容": "浪江町国民健康保険浪江診療所【2:診療所】【診療科目:0】福島県双葉郡浪江町大字幾世橋字六反田７－２" }, "geometry": { "type": "Point", "coordinates": [ 140.999503, 37.494975 ] } },
{ "type": "Feature", "properties": { "ID": 720720001715, "正式名称": "医療法人敬仁会　なかのクリニック", "機関区分": 2, "都道府県コード": 7, "市区町村コード": 213, "所在地": "福島県伊達市保原町字城ノ内２０番地１", "緯度": 37.820447, "経度": 140.557872, "url": "https://www.iryou.teikyouseido.mhlw.go.jp/znk-web/juminkanja/S2430/initialize?prefCd=07&kikanCd=20720001715&kikanKbn=2", "url2": "http://nakano.fukushima.jp/", "内容": "医療法人敬仁会　なかのクリニック【2:診療所】【診療科目:0】福島県伊達市保原町字城ノ内２０番地１" }, "geometry": { "type": "Point", "coordinates": [ 140.557872, 37.820447 ] } },
{ "type": "Feature", "properties": { "ID": 720720001717, "正式名称": "ねもとキッズクリニック", "機関区分": 2, "都道府県コード": 7, "市区町村コード": 205, "所在地": "福島県白河市立石山１１－４", "緯度": 37.127553, "経度": 140.195942, "url": "https://www.iryou.teikyouseido.mhlw.go.jp/znk-web/juminkanja/S2430/initialize?prefCd=07&kikanCd=20720001717&kikanKbn=2", "url2": "https://www.nemotokids.net", "内容": "ねもとキッズクリニック【2:診療所】【診療科目:0】福島県白河市立石山１１－４" }, "geometry": { "type": "Point", "coordinates": [ 140.195942, 37.127553 ] } },
{ "type": "Feature", "properties": { "ID": 720720001718, "正式名称": "しいの木おうちクリニック", "機関区分": 2, "都道府県コード": 7, "市区町村コード": 201, "所在地": "福島県福島市天神町１６－７", "緯度": 37.762103, "経度": 140.464478, "url": "https://www.iryou.teikyouseido.mhlw.go.jp/znk-web/juminkanja/S2430/initialize?prefCd=07&kikanCd=20720001718&kikanKbn=2", "url2": "http://www.shiinokiouchi.com/", "内容": "しいの木おうちクリニック【2:診療所】【診療科目:0】福島県福島市天神町１６－７" }, "geometry": { "type": "Point", "coordinates": [ 140.464478, 37.762103 ] } },
{ "type": "Feature", "properties": { "ID": 720720001719, "正式名称": "モミの木クリニック", "機関区分": 2, "都道府県コード": 7, "市区町村コード": 203, "所在地": "福島県郡山市鳴神１丁目１－１", "緯度": 37.397406, "経度": 140.339122, "url": "https://www.iryou.teikyouseido.mhlw.go.jp/znk-web/juminkanja/S2430/initialize?prefCd=07&kikanCd=20720001719&kikanKbn=2", "url2": "http://www.mominoki-cl.jp/", "内容": "モミの木クリニック【2:診療所】【診療科目:0】福島県郡山市鳴神１丁目１－１" }, "geometry": { "type": "Point", "coordinates": [ 140.339122, 37.397406 ] } },
{ "type": "Feature", "properties": { "ID": 720720001720, "正式名称": "やまぐち整形外科クリニック", "機関区分": 2, "都道府県コード": 7, "市区町村コード": 203, "所在地": "福島県郡山市田村町金屋マセロ５－１", "緯度": 37.368461, "経度": 140.388672, "url": "https://www.iryou.teikyouseido.mhlw.go.jp/znk-web/juminkanja/S2430/initialize?prefCd=07&kikanCd=20720001720&kikanKbn=2", "url2": "www.yamaguchi-cl.info", "内容": "やまぐち整形外科クリニック【2:診療所】【診療科目:0】福島県郡山市田村町金屋マセロ５－１" }, "geometry": { "type": "Point", "coordinates": [ 140.388672, 37.368461 ] } },
{ "type": "Feature", "properties": { "ID": 720720001721, "正式名称": "医療法人うじいえ内科クリニック", "機関区分": 2, "都道府県コード": 7, "市区町村コード": 203, "所在地": "福島県郡山市大槻町広町２６－７", "緯度": 37.405953, "経度": 140.340708, "url": "https://www.iryou.teikyouseido.mhlw.go.jp/znk-web/juminkanja/S2430/initialize?prefCd=07&kikanCd=20720001721&kikanKbn=2", "url2": null, "内容": "医療法人うじいえ内科クリニック【2:診療所】【診療科目:0】福島県郡山市大槻町広町２６－７" }, "geometry": { "type": "Point", "coordinates": [ 140.340708, 37.405953 ] } },
{ "type": "Feature", "properties": { "ID": 720720001722, "正式名称": "きたむら整形外科クリニック", "機関区分": 2, "都道府県コード": 7, "市区町村コード": 201, "所在地": "福島県福島市泉字大仏２０－１", "緯度": 37.775583, "経度": 140.448414, "url": "https://www.iryou.teikyouseido.mhlw.go.jp/znk-web/juminkanja/S2430/initialize?prefCd=07&kikanCd=20720001722&kikanKbn=2", "url2": "https://www.kitamura-seikei.net/", "内容": "きたむら整形外科クリニック【2:診療所】【診療科目:0】福島県福島市泉字大仏２０－１" }, "geometry": { "type": "Point", "coordinates": [ 140.448414, 37.775583 ] } },
{ "type": "Feature", "properties": { "ID": 720720001723, "正式名称": "医療法人温故堂　やんべ整形外科", "機関区分": 2, "都道府県コード": 7, "市区町村コード": 201, "所在地": "福島県福島市黒岩字榎平６５－１", "緯度": 37.724569, "経度": 140.468117, "url": "https://www.iryou.teikyouseido.mhlw.go.jp/znk-web/juminkanja/S2430/initialize?prefCd=07&kikanCd=20720001723&kikanKbn=2", "url2": null, "内容": "医療法人温故堂　やんべ整形外科【2:診療所】【診療科目:0】福島県福島市黒岩字榎平６５－１" }, "geometry": { "type": "Point", "coordinates": [ 140.468117, 37.724569 ] } },
{ "type": "Feature", "properties": { "ID": 720720001724, "正式名称": "医療法人芳縁会　白河在宅支援診療所", "機関区分": 2, "都道府県コード": 7, "市区町村コード": 205, "所在地": "福島県白河市泉田池ノ上８３－１", "緯度": 37.149425, "経度": 140.246617, "url": "https://www.iryou.teikyouseido.mhlw.go.jp/znk-web/juminkanja/S2430/initialize?prefCd=07&kikanCd=20720001724&kikanKbn=2", "url2": null, "内容": "医療法人芳縁会　白河在宅支援診療所【2:診療所】【診療科目:0】福島県白河市泉田池ノ上８３－１" }, "geometry": { "type": "Point", "coordinates": [ 140.246617, 37.149425 ] } },
{ "type": "Feature", "properties": { "ID": 720720001726, "正式名称": "医療法人　久慈会　深谷クリニック", "機関区分": 2, "都道府県コード": 7, "市区町村コード": 481, "所在地": "福島県東白川郡棚倉町大字関口字上志宝７３番地", "緯度": 37.036083, "経度": 140.388297, "url": "https://www.iryou.teikyouseido.mhlw.go.jp/znk-web/juminkanja/S2430/initialize?prefCd=07&kikanCd=20720001726&kikanKbn=2", "url2": "https://kujikai.or.jp", "内容": "医療法人　久慈会　深谷クリニック【2:診療所】【診療科目:0】福島県東白川郡棚倉町大字関口字上志宝７３番地" }, "geometry": { "type": "Point", "coordinates": [ 140.388297, 37.036083 ] } },
{ "type": "Feature", "properties": { "ID": 720720001727, "正式名称": "しらかわ腎泌尿器内科クリニック", "機関区分": 2, "都道府県コード": 7, "市区町村コード": 205, "所在地": "福島県白河市中山南２番２４", "緯度": 37.130058, "経度": 140.183158, "url": "https://www.iryou.teikyouseido.mhlw.go.jp/znk-web/juminkanja/S2430/initialize?prefCd=07&kikanCd=20720001727&kikanKbn=2", "url2": null, "内容": "しらかわ腎泌尿器内科クリニック【2:診療所】【診療科目:0】福島県白河市中山南２番２４" }, "geometry": { "type": "Point", "coordinates": [ 140.183158, 37.130058 ] } },
{ "type": "Feature", "properties": { "ID": 720720001730, "正式名称": "なおハートクリニック", "機関区分": 2, "都道府県コード": 7, "市区町村コード": 204, "所在地": "福島県いわき市小名浜字定西７７の１", "緯度": 36.949681, "経度": 140.901467, "url": "https://www.iryou.teikyouseido.mhlw.go.jp/znk-web/juminkanja/S2430/initialize?prefCd=07&kikanCd=20720001730&kikanKbn=2", "url2": "https://www.facebook.com/NaoHeart/?ref=bookmarks", "内容": "なおハートクリニック【2:診療所】【診療科目:0】福島県いわき市小名浜字定西７７の１" }, "geometry": { "type": "Point", "coordinates": [ 140.901467, 36.949681 ] } },
{ "type": "Feature", "properties": { "ID": 720720001732, "正式名称": "ほりメンタルクリニック", "機関区分": 2, "都道府県コード": 7, "市区町村コード": 212, "所在地": "福島県南相馬市鹿島区鹿島字御前ノ内１０６", "緯度": 37.700444, "経度": 140.9695, "url": "https://www.iryou.teikyouseido.mhlw.go.jp/znk-web/juminkanja/S2430/initialize?prefCd=07&kikanCd=20720001732&kikanKbn=2", "url2": "http://horimental.com/", "内容": "ほりメンタルクリニック【2:診療所】【診療科目:0】福島県南相馬市鹿島区鹿島字御前ノ内１０６" }, "geometry": { "type": "Point", "coordinates": [ 140.9695, 37.700444 ] } },
{ "type": "Feature", "properties": { "ID": 720720001734, "正式名称": "さとう整形外科内科クリニック", "機関区分": 2, "都道府県コード": 7, "市区町村コード": 213, "所在地": "福島県伊達市保原町字東野崎７０－１", "緯度": 37.815481, "経度": 140.556814, "url": "https://www.iryou.teikyouseido.mhlw.go.jp/znk-web/juminkanja/S2430/initialize?prefCd=07&kikanCd=20720001734&kikanKbn=2", "url2": null, "内容": "さとう整形外科内科クリニック【2:診療所】【診療科目:0】福島県伊達市保原町字東野崎７０－１" }, "geometry": { "type": "Point", "coordinates": [ 140.556814, 37.815481 ] } },
{ "type": "Feature", "properties": { "ID": 720720001735, "正式名称": "武田整形外科クリニック", "機関区分": 2, "都道府県コード": 7, "市区町村コード": 203, "所在地": "福島県郡山市大槻町字広町２６－１", "緯度": 37.405975, "経度": 140.341086, "url": "https://www.iryou.teikyouseido.mhlw.go.jp/znk-web/juminkanja/S2430/initialize?prefCd=07&kikanCd=20720001735&kikanKbn=2", "url2": "https://www.takedaseikei.com", "内容": "武田整形外科クリニック【2:診療所】【診療科目:0】福島県郡山市大槻町字広町２６－１" }, "geometry": { "type": "Point", "coordinates": [ 140.341086, 37.405975 ] } },
{ "type": "Feature", "properties": { "ID": 720720001736, "正式名称": "医療法人むつき会　おおつきまちクリニック", "機関区分": 2, "都道府県コード": 7, "市区町村コード": 203, "所在地": "福島県郡山市大槻町字蝦夷坦６９－８", "緯度": 37.400953, "経度": 140.319922, "url": "https://www.iryou.teikyouseido.mhlw.go.jp/znk-web/juminkanja/S2430/initialize?prefCd=07&kikanCd=20720001736&kikanKbn=2", "url2": "https://mutsukikai.com/", "内容": "医療法人むつき会　おおつきまちクリニック【2:診療所】【診療科目:0】福島県郡山市大槻町字蝦夷坦６９－８" }, "geometry": { "type": "Point", "coordinates": [ 140.319922, 37.400953 ] } },
{ "type": "Feature", "properties": { "ID": 720720001737, "正式名称": "あさか耳鼻咽喉科クリニック", "機関区分": 2, "都道府県コード": 7, "市区町村コード": 203, "所在地": "福島県郡山市安積３丁目３１２－３", "緯度": 37.357039, "経度": 140.363544, "url": "https://www.iryou.teikyouseido.mhlw.go.jp/znk-web/juminkanja/S2430/initialize?prefCd=07&kikanCd=20720001737&kikanKbn=2", "url2": "asaka-ent.jp", "内容": "あさか耳鼻咽喉科クリニック【2:診療所】【診療科目:0】福島県郡山市安積３丁目３１２－３" }, "geometry": { "type": "Point", "coordinates": [ 140.363544, 37.357039 ] } },
{ "type": "Feature", "properties": { "ID": 720720001738, "正式名称": "福島県ふたば医療センター附属ふたば復興診療所", "機関区分": 2, "都道府県コード": 7, "市区町村コード": 542, "所在地": "福島県双葉郡楢葉町大字北田字中満２８９番－１", "緯度": 37.2768, "経度": 140.995806, "url": "https://www.iryou.teikyouseido.mhlw.go.jp/znk-web/juminkanja/S2430/initialize?prefCd=07&kikanCd=20720001738&kikanKbn=2", "url2": "http://www.pref.fukushima.lg.jp/sec/25240a/", "内容": "福島県ふたば医療センター附属ふたば復興診療所【2:診療所】【診療科目:0】福島県双葉郡楢葉町大字北田字中満２８９番－１" }, "geometry": { "type": "Point", "coordinates": [ 140.995806, 37.2768 ] } },
{ "type": "Feature", "properties": { "ID": 720720001739, "正式名称": "南福島ひまわりクリニック", "機関区分": 2, "都道府県コード": 7, "市区町村コード": 201, "所在地": "福島県福島市黒岩字竹ノ内１２番地の１", "緯度": 37.728097, "経度": 140.470736, "url": "https://www.iryou.teikyouseido.mhlw.go.jp/znk-web/juminkanja/S2430/initialize?prefCd=07&kikanCd=20720001739&kikanKbn=2", "url2": "https://mf-himawari.jp/about", "内容": "南福島ひまわりクリニック【2:診療所】【診療科目:0】福島県福島市黒岩字竹ノ内１２番地の１" }, "geometry": { "type": "Point", "coordinates": [ 140.470736, 37.728097 ] } },
{ "type": "Feature", "properties": { "ID": 720720001744, "正式名称": "たに内科・糖尿病内科クリニック", "機関区分": 2, "都道府県コード": 7, "市区町村コード": 201, "所在地": "福島県福島市天神町１－２", "緯度": 37.758519, "経度": 140.461522, "url": "https://www.iryou.teikyouseido.mhlw.go.jp/znk-web/juminkanja/S2430/initialize?prefCd=07&kikanCd=20720001744&kikanKbn=2", "url2": "http://tani-naika.jp", "内容": "たに内科・糖尿病内科クリニック【2:診療所】【診療科目:0】福島県福島市天神町１－２" }, "geometry": { "type": "Point", "coordinates": [ 140.461522, 37.758519 ] } },
{ "type": "Feature", "properties": { "ID": 720720001745, "正式名称": "長者２丁目かおりやま内科", "機関区分": 2, "都道府県コード": 7, "市区町村コード": 203, "所在地": "福島県郡山市長者二丁目１２番５号", "緯度": 37.401697, "経度": 140.370469, "url": "https://www.iryou.teikyouseido.mhlw.go.jp/znk-web/juminkanja/S2430/initialize?prefCd=07&kikanCd=20720001745&kikanKbn=2", "url2": "http//www.kaoriyama-clinic.com/", "内容": "長者２丁目かおりやま内科【2:診療所】【診療科目:0】福島県郡山市長者二丁目１２番５号" }, "geometry": { "type": "Point", "coordinates": [ 140.370469, 37.401697 ] } },
{ "type": "Feature", "properties": { "ID": 720720001746, "正式名称": "じんキッズクリニック", "機関区分": 2, "都道府県コード": 7, "市区町村コード": 203, "所在地": "福島県郡山市字山崎３０５番地６", "緯度": 37.382419, "経度": 140.360436, "url": "https://www.iryou.teikyouseido.mhlw.go.jp/znk-web/juminkanja/S2430/initialize?prefCd=07&kikanCd=20720001746&kikanKbn=2", "url2": "http://www.jin-kids-clinic.jp", "内容": "じんキッズクリニック【2:診療所】【診療科目:0】福島県郡山市字山崎３０５番地６" }, "geometry": { "type": "Point", "coordinates": [ 140.360436, 37.382419 ] } },
{ "type": "Feature", "properties": { "ID": 720720001747, "正式名称": "あさか野泌尿器透析クリニック", "機関区分": 2, "都道府県コード": 7, "市区町村コード": 203, "所在地": "福島県郡山市巳六段８９番地", "緯度": 37.370694, "経度": 140.352053, "url": "https://www.iryou.teikyouseido.mhlw.go.jp/znk-web/juminkanja/S2430/initialize?prefCd=07&kikanCd=20720001747&kikanKbn=2", "url2": "http://www.enjinkai.com/asakano/", "内容": "あさか野泌尿器透析クリニック【2:診療所】【診療科目:0】福島県郡山市巳六段８９番地" }, "geometry": { "type": "Point", "coordinates": [ 140.352053, 37.370694 ] } },
{ "type": "Feature", "properties": { "ID": 720720001748, "正式名称": "（医）邦諭会とみおか診療所", "機関区分": 2, "都道府県コード": 7, "市区町村コード": 543, "所在地": "福島県双葉郡富岡町中央三丁目７０番地", "緯度": 37.340447, "経度": 141.015317, "url": "https://www.iryou.teikyouseido.mhlw.go.jp/znk-web/juminkanja/S2430/initialize?prefCd=07&kikanCd=20720001748&kikanKbn=2", "url2": null, "内容": "（医）邦諭会とみおか診療所【2:診療所】【診療科目:0】福島県双葉郡富岡町中央三丁目７０番地" }, "geometry": { "type": "Point", "coordinates": [ 141.015317, 37.340447 ] } },
{ "type": "Feature", "properties": { "ID": 720720001749, "正式名称": "三澤整形外科スポーツクリニック", "機関区分": 2, "都道府県コード": 7, "市区町村コード": 212, "所在地": "福島県南相馬市原町区日の出町５４１－１", "緯度": 37.630106, "経度": 140.990606, "url": "https://www.iryou.teikyouseido.mhlw.go.jp/znk-web/juminkanja/S2430/initialize?prefCd=07&kikanCd=20720001749&kikanKbn=2", "url2": "http://www.misawa-sports.com/", "内容": "三澤整形外科スポーツクリニック【2:診療所】【診療科目:0】福島県南相馬市原町区日の出町５４１－１" }, "geometry": { "type": "Point", "coordinates": [ 140.990606, 37.630106 ] } },
{ "type": "Feature", "properties": { "ID": 720720001750, "正式名称": "福島セントラルクリニック", "機関区分": 2, "都道府県コード": 7, "市区町村コード": 201, "所在地": "福島県福島市早稲町８－２２", "緯度": 37.751058, "経度": 140.4638, "url": "https://www.iryou.teikyouseido.mhlw.go.jp/znk-web/juminkanja/S2430/initialize?prefCd=07&kikanCd=20720001750&kikanKbn=2", "url2": "www.keiai-kai.com", "内容": "福島セントラルクリニック【2:診療所】【診療科目:0】福島県福島市早稲町８－２２" }, "geometry": { "type": "Point", "coordinates": [ 140.4638, 37.751058 ] } },
{ "type": "Feature", "properties": { "ID": 720720001751, "正式名称": "津川診療所", "機関区分": 2, "都道府県コード": 7, "市区町村コード": 201, "所在地": "福島県福島市堀河町３－１７", "緯度": 37.770703, "経度": 140.488608, "url": "https://www.iryou.teikyouseido.mhlw.go.jp/znk-web/juminkanja/S2430/initialize?prefCd=07&kikanCd=20720001751&kikanKbn=2", "url2": "http://www.tsugawa-clinic.com/", "内容": "津川診療所【2:診療所】【診療科目:0】福島県福島市堀河町３－１７" }, "geometry": { "type": "Point", "coordinates": [ 140.488608, 37.770703 ] } },
{ "type": "Feature", "properties": { "ID": 720720001757, "正式名称": "三澤内科ハートクリニック", "機関区分": 2, "都道府県コード": 7, "市区町村コード": 212, "所在地": "福島県南相馬市原町区日の出町５４１－４", "緯度": 37.630039, "経度": 140.9909, "url": "https://www.iryou.teikyouseido.mhlw.go.jp/znk-web/juminkanja/S2430/initialize?prefCd=07&kikanCd=20720001757&kikanKbn=2", "url2": "http://www.misawa-heart.com/", "内容": "三澤内科ハートクリニック【2:診療所】【診療科目:0】福島県南相馬市原町区日の出町５４１－４" }, "geometry": { "type": "Point", "coordinates": [ 140.9909, 37.630039 ] } },
{ "type": "Feature", "properties": { "ID": 720720001759, "正式名称": "ＴＣＢ　東京中央美容外科・ＴＣＢ　スキンクリニック　郡山院", "機関区分": 2, "都道府県コード": 7, "市区町村コード": 203, "所在地": "福島県郡山市駅前２－３－７エリート３０ビル７Ｆ・８Ｆ", "緯度": 37.398429, "経度": 140.387186, "url": "https://www.iryou.teikyouseido.mhlw.go.jp/znk-web/juminkanja/S2430/initialize?prefCd=07&kikanCd=20720001759&kikanKbn=2", "url2": "https://aoki-tsuyoshi.com/", "内容": "ＴＣＢ　東京中央美容外科・ＴＣＢ　スキンクリニック　郡山院【2:診療所】【診療科目:0】福島県郡山市駅前２－３－７エリート３０ビル７Ｆ・８Ｆ" }, "geometry": { "type": "Point", "coordinates": [ 140.387186, 37.398429 ] } },
{ "type": "Feature", "properties": { "ID": 720720001761, "正式名称": "ＰＦＣ　ＪＡＰＡＮ　ＣＬＩＮＩＣ　福島", "機関区分": 2, "都道府県コード": 7, "市区町村コード": 201, "所在地": "福島県福島市松川町浅川字上幸道７－１", "緯度": 37.672739, "経度": 140.46665, "url": "https://www.iryou.teikyouseido.mhlw.go.jp/znk-web/juminkanja/S2430/initialize?prefCd=07&kikanCd=20720001761&kikanKbn=2", "url2": null, "内容": "ＰＦＣ　ＪＡＰＡＮ　ＣＬＩＮＩＣ　福島【2:診療所】【診療科目:0】福島県福島市松川町浅川字上幸道７－１" }, "geometry": { "type": "Point", "coordinates": [ 140.46665, 37.672739 ] } },
{ "type": "Feature", "properties": { "ID": 720720001768, "正式名称": "医療法人社団　高春会　遠藤クリニック", "機関区分": 2, "都道府県コード": 7, "市区町村コード": 204, "所在地": "福島県いわき市平字長橋町５１", "緯度": 37.052808, "経度": 140.882686, "url": "https://www.iryou.teikyouseido.mhlw.go.jp/znk-web/juminkanja/S2430/initialize?prefCd=07&kikanCd=20720001768&kikanKbn=2", "url2": "http://www.endoclin.jp/", "内容": "医療法人社団　高春会　遠藤クリニック【2:診療所】【診療科目:0】福島県いわき市平字長橋町５１" }, "geometry": { "type": "Point", "coordinates": [ 140.882686, 37.052808 ] } },
{ "type": "Feature", "properties": { "ID": 720720001769, "正式名称": "南やのめ皮膚科クリニック", "機関区分": 2, "都道府県コード": 7, "市区町村コード": 201, "所在地": "福島県福島市南矢野目字上戸ノ内７－７", "緯度": 37.789522, "経度": 140.479908, "url": "https://www.iryou.teikyouseido.mhlw.go.jp/znk-web/juminkanja/S2430/initialize?prefCd=07&kikanCd=20720001769&kikanKbn=2", "url2": null, "内容": "南やのめ皮膚科クリニック【2:診療所】【診療科目:0】福島県福島市南矢野目字上戸ノ内７－７" }, "geometry": { "type": "Point", "coordinates": [ 140.479908, 37.789522 ] } },
{ "type": "Feature", "properties": { "ID": 720720001771, "正式名称": "やざわみほこレディースクリニック", "機関区分": 2, "都道府県コード": 7, "市区町村コード": 201, "所在地": "福島県福島市森合字高野１番地の２３", "緯度": 37.767642, "経度": 140.444475, "url": "https://www.iryou.teikyouseido.mhlw.go.jp/znk-web/juminkanja/S2430/initialize?prefCd=07&kikanCd=20720001771&kikanKbn=2", "url2": "y-mihokogyne.jp", "内容": "やざわみほこレディースクリニック【2:診療所】【診療科目:0】福島県福島市森合字高野１番地の２３" }, "geometry": { "type": "Point", "coordinates": [ 140.444475, 37.767642 ] } },
{ "type": "Feature", "properties": { "ID": 720720001772, "正式名称": "みみ・はな・のど　まついクリニック", "機関区分": 2, "都道府県コード": 7, "市区町村コード": 201, "所在地": "福島県福島市南矢野目字上戸ノ内３－１", "緯度": 37.788658, "経度": 140.479222, "url": "https://www.iryou.teikyouseido.mhlw.go.jp/znk-web/juminkanja/S2430/initialize?prefCd=07&kikanCd=20720001772&kikanKbn=2", "url2": "http://matsuicl.jp/", "内容": "みみ・はな・のど　まついクリニック【2:診療所】【診療科目:0】福島県福島市南矢野目字上戸ノ内３－１" }, "geometry": { "type": "Point", "coordinates": [ 140.479222, 37.788658 ] } },
{ "type": "Feature", "properties": { "ID": 720720001773, "正式名称": "医療法人創究会新地クリニック", "機関区分": 2, "都道府県コード": 7, "市区町村コード": 561, "所在地": "福島県相馬郡新地町駅前二丁目１０番地", "緯度": 37.877464, "経度": 140.926717, "url": "https://www.iryou.teikyouseido.mhlw.go.jp/znk-web/juminkanja/S2430/initialize?prefCd=07&kikanCd=20720001773&kikanKbn=2", "url2": "http://shinchi-clinic.com", "内容": "医療法人創究会新地クリニック【2:診療所】【診療科目:0】福島県相馬郡新地町駅前二丁目１０番地" }, "geometry": { "type": "Point", "coordinates": [ 140.926717, 37.877464 ] } },
{ "type": "Feature", "properties": { "ID": 720720001774, "正式名称": "まつやまクリニック", "機関区分": 2, "都道府県コード": 7, "市区町村コード": 466, "所在地": "福島県西白河郡矢吹町八幡町５６２番１", "緯度": 37.194442, "経度": 140.334119, "url": "https://www.iryou.teikyouseido.mhlw.go.jp/znk-web/juminkanja/S2430/initialize?prefCd=07&kikanCd=20720001774&kikanKbn=2", "url2": null, "内容": "まつやまクリニック【2:診療所】【診療科目:0】福島県西白河郡矢吹町八幡町５６２番１" }, "geometry": { "type": "Point", "coordinates": [ 140.334119, 37.194442 ] } },
{ "type": "Feature", "properties": { "ID": 720720001775, "正式名称": "あまら整形外科", "機関区分": 2, "都道府県コード": 7, "市区町村コード": 203, "所在地": "福島県郡山市富久山町久保田伊賀河原９－１", "緯度": 37.412597, "経度": 140.372725, "url": "https://www.iryou.teikyouseido.mhlw.go.jp/znk-web/juminkanja/S2430/initialize?prefCd=07&kikanCd=20720001775&kikanKbn=2", "url2": "http://www.amala-clinic.com/sp/index.html", "内容": "あまら整形外科【2:診療所】【診療科目:0】福島県郡山市富久山町久保田伊賀河原９－１" }, "geometry": { "type": "Point", "coordinates": [ 140.372725, 37.412597 ] } },
{ "type": "Feature", "properties": { "ID": 720720001776, "正式名称": "医療法人　清田内科循環器クリニック", "機関区分": 2, "都道府県コード": 7, "市区町村コード": 202, "所在地": "福島県会津若松市白虎２－４－４", "緯度": 37.507825, "経度": 139.937569, "url": "https://www.iryou.teikyouseido.mhlw.go.jp/znk-web/juminkanja/S2430/initialize?prefCd=07&kikanCd=20720001776&kikanKbn=2", "url2": "seida-naika.com", "内容": "医療法人　清田内科循環器クリニック【2:診療所】【診療科目:0】福島県会津若松市白虎２－４－４" }, "geometry": { "type": "Point", "coordinates": [ 139.937569, 37.507825 ] } },
{ "type": "Feature", "properties": { "ID": 720720001777, "正式名称": "葛尾村診療所", "機関区分": 2, "都道府県コード": 7, "市区町村コード": 548, "所在地": "福島県双葉郡葛尾村大字落合字菅ノ又６－１", "緯度": 37.499786, "経度": 140.7592, "url": "https://www.iryou.teikyouseido.mhlw.go.jp/znk-web/juminkanja/S2430/initialize?prefCd=07&kikanCd=20720001777&kikanKbn=2", "url2": null, "内容": "葛尾村診療所【2:診療所】【診療科目:0】福島県双葉郡葛尾村大字落合字菅ノ又６－１" }, "geometry": { "type": "Point", "coordinates": [ 140.7592, 37.499786 ] } },
{ "type": "Feature", "properties": { "ID": 720720001778, "正式名称": "よしだ内科クリニック", "機関区分": 2, "都道府県コード": 7, "市区町村コード": 205, "所在地": "福島県白河市結城１１３－１", "緯度": 37.116575, "経度": 140.237364, "url": "https://www.iryou.teikyouseido.mhlw.go.jp/znk-web/juminkanja/S2430/initialize?prefCd=07&kikanCd=20720001778&kikanKbn=2", "url2": "yoshidanaikaclinic.jp/", "内容": "よしだ内科クリニック【2:診療所】【診療科目:0】福島県白河市結城１１３－１" }, "geometry": { "type": "Point", "coordinates": [ 140.237364, 37.116575 ] } },
{ "type": "Feature", "properties": { "ID": 720720001779, "正式名称": "いいたてクリニック", "機関区分": 2, "都道府県コード": 7, "市区町村コード": 564, "所在地": "福島県相馬郡飯舘村伊丹沢字山田３８０", "緯度": 37.678019, "経度": 140.736439, "url": "https://www.iryou.teikyouseido.mhlw.go.jp/znk-web/juminkanja/S2430/initialize?prefCd=07&kikanCd=20720001779&kikanKbn=2", "url2": "https://www.azumanh.or.jp/information/iitateclinic/", "内容": "いいたてクリニック【2:診療所】【診療科目:0】福島県相馬郡飯舘村伊丹沢字山田３８０" }, "geometry": { "type": "Point", "coordinates": [ 140.736439, 37.678019 ] } },
{ "type": "Feature", "properties": { "ID": 720720001791, "正式名称": "伊南あおい眼科", "機関区分": 2, "都道府県コード": 7, "市区町村コード": 368, "所在地": "福島県南会津郡南会津町古町字舘跡９９８　伊南保健センター内", "緯度": 37.175942, "経度": 139.525406, "url": "https://www.iryou.teikyouseido.mhlw.go.jp/znk-web/juminkanja/S2430/initialize?prefCd=07&kikanCd=20720001791&kikanKbn=2", "url2": "https://aoi-i.net", "内容": "伊南あおい眼科【2:診療所】【診療科目:0】福島県南会津郡南会津町古町字舘跡９９８　伊南保健センター内" }, "geometry": { "type": "Point", "coordinates": [ 139.525406, 37.175942 ] } },
{ "type": "Feature", "properties": { "ID": 720720001794, "正式名称": "ほばら眼科", "機関区分": 2, "都道府県コード": 7, "市区町村コード": 213, "所在地": "福島県伊達市保原町字宮下１７番地の１", "緯度": 37.821206, "経度": 140.555214, "url": "https://www.iryou.teikyouseido.mhlw.go.jp/znk-web/juminkanja/S2430/initialize?prefCd=07&kikanCd=20720001794&kikanKbn=2", "url2": null, "内容": "ほばら眼科【2:診療所】【診療科目:0】福島県伊達市保原町字宮下１７番地の１" }, "geometry": { "type": "Point", "coordinates": [ 140.555214, 37.821206 ] } },
{ "type": "Feature", "properties": { "ID": 720720001795, "正式名称": "いわきＦＣクリニック", "機関区分": 2, "都道府県コード": 7, "市区町村コード": 204, "所在地": "福島県いわき市常磐上湯長谷町釜ノ前１－１イワキＦＣパーク１階", "緯度": 36.999256, "経度": 140.827489, "url": "https://www.iryou.teikyouseido.mhlw.go.jp/znk-web/juminkanja/S2430/initialize?prefCd=07&kikanCd=20720001795&kikanKbn=2", "url2": "https://iwakifc.clinic/", "内容": "いわきＦＣクリニック【2:診療所】【診療科目:0】福島県いわき市常磐上湯長谷町釜ノ前１－１イワキＦＣパーク１階" }, "geometry": { "type": "Point", "coordinates": [ 140.827489, 36.999256 ] } },
{ "type": "Feature", "properties": { "ID": 720720001797, "正式名称": "ごらい耳鼻咽喉科", "機関区分": 2, "都道府県コード": 7, "市区町村コード": 204, "所在地": "福島県いわき市内郷小島町作田５１－１", "緯度": 37.045942, "経度": 140.884803, "url": "https://www.iryou.teikyouseido.mhlw.go.jp/znk-web/juminkanja/S2430/initialize?prefCd=07&kikanCd=20720001797&kikanKbn=2", "url2": "http://goraijibika.jp/", "内容": "ごらい耳鼻咽喉科【2:診療所】【診療科目:0】福島県いわき市内郷小島町作田５１－１" }, "geometry": { "type": "Point", "coordinates": [ 140.884803, 37.045942 ] } },
{ "type": "Feature", "properties": { "ID": 720720001798, "正式名称": "双葉郡立好間診療所", "機関区分": 2, "都道府県コード": 7, "市区町村コード": 204, "所在地": "福島県いわき市好間町北好間字外川原１２－１", "緯度": 37.063878, "経度": 140.857747, "url": "https://www.iryou.teikyouseido.mhlw.go.jp/znk-web/juminkanja/S2430/initialize?prefCd=07&kikanCd=20720001798&kikanKbn=2", "url2": null, "内容": "双葉郡立好間診療所【2:診療所】【診療科目:0】福島県いわき市好間町北好間字外川原１２－１" }, "geometry": { "type": "Point", "coordinates": [ 140.857747, 37.063878 ] } },
{ "type": "Feature", "properties": { "ID": 720720001800, "正式名称": "医療法人社団ときわ会　富岡クリニック", "機関区分": 2, "都道府県コード": 7, "市区町村コード": 204, "所在地": "福島県いわき市小名浜大原字丁新地９－６", "緯度": 36.957583, "経度": 140.889614, "url": "https://www.iryou.teikyouseido.mhlw.go.jp/znk-web/juminkanja/S2430/initialize?prefCd=07&kikanCd=20720001800&kikanKbn=2", "url2": "http://www.tokiwa.or.jp/clinic/tomioka/index.html", "内容": "医療法人社団ときわ会　富岡クリニック【2:診療所】【診療科目:0】福島県いわき市小名浜大原字丁新地９－６" }, "geometry": { "type": "Point", "coordinates": [ 140.889614, 36.957583 ] } },
{ "type": "Feature", "properties": { "ID": 720720001801, "正式名称": "ふたば皮膚科", "機関区分": 2, "都道府県コード": 7, "市区町村コード": 201, "所在地": "福島県福島市森合字蒲原１８－４７", "緯度": 37.771208, "経度": 140.4413, "url": "https://www.iryou.teikyouseido.mhlw.go.jp/znk-web/juminkanja/S2430/initialize?prefCd=07&kikanCd=20720001801&kikanKbn=2", "url2": "https://www.futaba-hifuka.com/", "内容": "ふたば皮膚科【2:診療所】【診療科目:0】福島県福島市森合字蒲原１８－４７" }, "geometry": { "type": "Point", "coordinates": [ 140.4413, 37.771208 ] } },
{ "type": "Feature", "properties": { "ID": 720720001802, "正式名称": "医療法人社団新生会　佐藤医院", "機関区分": 2, "都道府県コード": 7, "市区町村コード": 202, "所在地": "福島県会津若松市西栄町３番１５号", "緯度": 37.493642, "経度": 139.922769, "url": "https://www.iryou.teikyouseido.mhlw.go.jp/znk-web/juminkanja/S2430/initialize?prefCd=07&kikanCd=20720001802&kikanKbn=2", "url2": "https://www.sato-iin.jp", "内容": "医療法人社団新生会　佐藤医院【2:診療所】【診療科目:0】福島県会津若松市西栄町３番１５号" }, "geometry": { "type": "Point", "coordinates": [ 139.922769, 37.493642 ] } },
{ "type": "Feature", "properties": { "ID": 720720001804, "正式名称": "駅前歯科", "機関区分": 2, "都道府県コード": 7, "市区町村コード": 207, "所在地": "福島県須賀川市栄町２００番　ピュア３　１０１号", "緯度": 37.299536, "経度": 140.372078, "url": "https://www.iryou.teikyouseido.mhlw.go.jp/znk-web/juminkanja/S2430/initialize?prefCd=07&kikanCd=20720001804&kikanKbn=2", "url2": null, "内容": "駅前歯科【2:診療所】【診療科目:0】福島県須賀川市栄町２００番　ピュア３　１０１号" }, "geometry": { "type": "Point", "coordinates": [ 140.372078, 37.299536 ] } },
{ "type": "Feature", "properties": { "ID": 720720001805, "正式名称": "ＴＣＢ　東京中央美容外科・ＴＣＢ　スキンクリニック　福島院", "機関区分": 2, "都道府県コード": 7, "市区町村コード": 201, "所在地": "福島県福島市置賜町１番２９号　佐平ビル１階１０３", "緯度": 37.755442, "経度": 140.461619, "url": "https://www.iryou.teikyouseido.mhlw.go.jp/znk-web/juminkanja/S2430/initialize?prefCd=07&kikanCd=20720001805&kikanKbn=2", "url2": "https://aoki-tsuyoshi.com/", "内容": "ＴＣＢ　東京中央美容外科・ＴＣＢ　スキンクリニック　福島院【2:診療所】【診療科目:0】福島県福島市置賜町１番２９号　佐平ビル１階１０３" }, "geometry": { "type": "Point", "coordinates": [ 140.461619, 37.755442 ] } },
{ "type": "Feature", "properties": { "ID": 720720001806, "正式名称": "堀切眼科", "機関区分": 2, "都道府県コード": 7, "市区町村コード": 201, "所在地": "福島県福島市太田町８－１７", "緯度": 37.753761, "経度": 140.458111, "url": "https://www.iryou.teikyouseido.mhlw.go.jp/znk-web/juminkanja/S2430/initialize?prefCd=07&kikanCd=20720001806&kikanKbn=2", "url2": "https://horikiri-eye-clinic.jimdofree.com", "内容": "堀切眼科【2:診療所】【診療科目:0】福島県福島市太田町８－１７" }, "geometry": { "type": "Point", "coordinates": [ 140.458111, 37.753761 ] } },
{ "type": "Feature", "properties": { "ID": 720720001807, "正式名称": "ミツバチいたみと眠りのクリニック", "機関区分": 2, "都道府県コード": 7, "市区町村コード": 213, "所在地": "福島県伊達市宮前２９番地１", "緯度": 37.818008, "経度": 140.503503, "url": "https://www.iryou.teikyouseido.mhlw.go.jp/znk-web/juminkanja/S2430/initialize?prefCd=07&kikanCd=20720001807&kikanKbn=2", "url2": "https://www.mitsubachi-cl.com/", "内容": "ミツバチいたみと眠りのクリニック【2:診療所】【診療科目:0】福島県伊達市宮前２９番地１" }, "geometry": { "type": "Point", "coordinates": [ 140.503503, 37.818008 ] } },
{ "type": "Feature", "properties": { "ID": 720720001808, "正式名称": "ごとう内科クリニック", "機関区分": 2, "都道府県コード": 7, "市区町村コード": 342, "所在地": "福島県岩瀬郡鏡石町中町２２９番地", "緯度": 37.249619, "経度": 140.3419, "url": "https://www.iryou.teikyouseido.mhlw.go.jp/znk-web/juminkanja/S2430/initialize?prefCd=07&kikanCd=20720001808&kikanKbn=2", "url2": null, "内容": "ごとう内科クリニック【2:診療所】【診療科目:0】福島県岩瀬郡鏡石町中町２２９番地" }, "geometry": { "type": "Point", "coordinates": [ 140.3419, 37.249619 ] } },
{ "type": "Feature", "properties": { "ID": 720720001810, "正式名称": "あおぞらキッズクリニック", "機関区分": 2, "都道府県コード": 7, "市区町村コード": 204, "所在地": "福島県いわき市小名浜大原小滝町７－１", "緯度": 36.964794, "経度": 140.8938, "url": "https://www.iryou.teikyouseido.mhlw.go.jp/znk-web/juminkanja/S2430/initialize?prefCd=07&kikanCd=20720001810&kikanKbn=2", "url2": null, "内容": "あおぞらキッズクリニック【2:診療所】【診療科目:0】福島県いわき市小名浜大原小滝町７－１" }, "geometry": { "type": "Point", "coordinates": [ 140.8938, 36.964794 ] } },
{ "type": "Feature", "properties": { "ID": 720720001812, "正式名称": "医療法人うちだ泌尿器・腎クリニック", "機関区分": 2, "都道府県コード": 7, "市区町村コード": 203, "所在地": "福島県郡山市島１丁目１７－６", "緯度": 37.39905, "経度": 140.346853, "url": "https://www.iryou.teikyouseido.mhlw.go.jp/znk-web/juminkanja/S2430/initialize?prefCd=07&kikanCd=20720001812&kikanKbn=2", "url2": null, "内容": "医療法人うちだ泌尿器・腎クリニック【2:診療所】【診療科目:0】福島県郡山市島１丁目１７－６" }, "geometry": { "type": "Point", "coordinates": [ 140.346853, 37.39905 ] } },
{ "type": "Feature", "properties": { "ID": 720720001813, "正式名称": "スリープ呼吸器内科クリニック", "機関区分": 2, "都道府県コード": 7, "市区町村コード": 201, "所在地": "福島県福島市鎌田字町東２番９", "緯度": 37.790264, "経度": 140.487347, "url": "https://www.iryou.teikyouseido.mhlw.go.jp/znk-web/juminkanja/S2430/initialize?prefCd=07&kikanCd=20720001813&kikanKbn=2", "url2": null, "内容": "スリープ呼吸器内科クリニック【2:診療所】【診療科目:0】福島県福島市鎌田字町東２番９" }, "geometry": { "type": "Point", "coordinates": [ 140.487347, 37.790264 ] } },
{ "type": "Feature", "properties": { "ID": 720720001814, "正式名称": "医療法人　とも内科クリニック", "機関区分": 2, "都道府県コード": 7, "市区町村コード": 204, "所在地": "福島県いわき市郷ケ丘４丁目１８－１", "緯度": 37.029267, "経度": 140.915361, "url": "https://www.iryou.teikyouseido.mhlw.go.jp/znk-web/juminkanja/S2430/initialize?prefCd=07&kikanCd=20720001814&kikanKbn=2", "url2": null, "内容": "医療法人　とも内科クリニック【2:診療所】【診療科目:0】福島県いわき市郷ケ丘４丁目１８－１" }, "geometry": { "type": "Point", "coordinates": [ 140.915361, 37.029267 ] } },
{ "type": "Feature", "properties": { "ID": 720720001817, "正式名称": "光が丘クリニック", "機関区分": 2, "都道府県コード": 7, "市区町村コード": 201, "所在地": "福島県福島市田沢字木曽内入２４番地３", "緯度": 37.703756, "経度": 140.472419, "url": "https://www.iryou.teikyouseido.mhlw.go.jp/znk-web/juminkanja/S2430/initialize?prefCd=07&kikanCd=20720001817&kikanKbn=2", "url2": null, "内容": "光が丘クリニック【2:診療所】【診療科目:0】福島県福島市田沢字木曽内入２４番地３" }, "geometry": { "type": "Point", "coordinates": [ 140.472419, 37.703756 ] } },
{ "type": "Feature", "properties": { "ID": 720720001818, "正式名称": "医療法人　手代木医院", "機関区分": 2, "都道府県コード": 7, "市区町村コード": 208, "所在地": "福島県喜多方市字経壇４５－１", "緯度": 37.658114, "経度": 139.870906, "url": "https://www.iryou.teikyouseido.mhlw.go.jp/znk-web/juminkanja/S2430/initialize?prefCd=07&kikanCd=20720001818&kikanKbn=2", "url2": null, "内容": "医療法人　手代木医院【2:診療所】【診療科目:0】福島県喜多方市字経壇４５－１" }, "geometry": { "type": "Point", "coordinates": [ 139.870906, 37.658114 ] } },
{ "type": "Feature", "properties": { "ID": 720720001820, "正式名称": "しらかわ透析・内科クリニック", "機関区分": 2, "都道府県コード": 7, "市区町村コード": 205, "所在地": "福島県白河市北真舟２５番地２　パークシティ１０４ビル２階", "緯度": 37.131253, "経度": 140.1927, "url": "https://www.iryou.teikyouseido.mhlw.go.jp/znk-web/juminkanja/S2430/initialize?prefCd=07&kikanCd=20720001820&kikanKbn=2", "url2": null, "内容": "しらかわ透析・内科クリニック【2:診療所】【診療科目:0】福島県白河市北真舟２５番地２　パークシティ１０４ビル２階" }, "geometry": { "type": "Point", "coordinates": [ 140.1927, 37.131253 ] } },
{ "type": "Feature", "properties": { "ID": 720720001822, "正式名称": "南相馬市立総合病院附属小高診療所", "機関区分": 2, "都道府県コード": 7, "市区町村コード": 212, "所在地": "福島県南相馬市小高区東町三丁目３番地の１", "緯度": 37.566197, "経度": 140.994297, "url": "https://www.iryou.teikyouseido.mhlw.go.jp/znk-web/juminkanja/S2430/initialize?prefCd=07&kikanCd=20720001822&kikanKbn=2", "url2": "https://www.city.minamisoma.lg.jp/portal/sections/82/odakashinryojo/index.html", "内容": "南相馬市立総合病院附属小高診療所【2:診療所】【診療科目:0】福島県南相馬市小高区東町三丁目３番地の１" }, "geometry": { "type": "Point", "coordinates": [ 140.994297, 37.566197 ] } },
{ "type": "Feature", "properties": { "ID": 720720001823, "正式名称": "やまみこどもクリニック", "機関区分": 2, "都道府県コード": 7, "市区町村コード": 202, "所在地": "福島県会津若松市山見二丁目８番地の８", "緯度": 37.510094, "経度": 139.939222, "url": "https://www.iryou.teikyouseido.mhlw.go.jp/znk-web/juminkanja/S2430/initialize?prefCd=07&kikanCd=20720001823&kikanKbn=2", "url2": "http://yamami-kodomoclinic.com/", "内容": "やまみこどもクリニック【2:診療所】【診療科目:0】福島県会津若松市山見二丁目８番地の８" }, "geometry": { "type": "Point", "coordinates": [ 139.939222, 37.510094 ] } },
{ "type": "Feature", "properties": { "ID": 720720001825, "正式名称": "ししど整形外科クリニック", "機関区分": 2, "都道府県コード": 7, "市区町村コード": 203, "所在地": "福島県郡山市小原田３丁目７－１４", "緯度": 37.37905, "経度": 140.384703, "url": "https://www.iryou.teikyouseido.mhlw.go.jp/znk-web/juminkanja/S2430/initialize?prefCd=07&kikanCd=20720001825&kikanKbn=2", "url2": "https://www.shishidooc.com", "内容": "ししど整形外科クリニック【2:診療所】【診療科目:0】福島県郡山市小原田３丁目７－１４" }, "geometry": { "type": "Point", "coordinates": [ 140.384703, 37.37905 ] } },
{ "type": "Feature", "properties": { "ID": 720720001826, "正式名称": "医療法人杏順会おなはま腎・泌尿器科クリニック", "機関区分": 2, "都道府県コード": 7, "市区町村コード": 204, "所在地": "福島県いわき市小名浜林城字塚前１３－３", "緯度": 36.985436, "経度": 140.895722, "url": "https://www.iryou.teikyouseido.mhlw.go.jp/znk-web/juminkanja/S2430/initialize?prefCd=07&kikanCd=20720001826&kikanKbn=2", "url2": "https://onahama-jinhi.com", "内容": "医療法人杏順会おなはま腎・泌尿器科クリニック【2:診療所】【診療科目:0】福島県いわき市小名浜林城字塚前１３－３" }, "geometry": { "type": "Point", "coordinates": [ 140.895722, 36.985436 ] } },
{ "type": "Feature", "properties": { "ID": 720720001829, "正式名称": "池田皮膚科クリニック福島院", "機関区分": 2, "都道府県コード": 7, "市区町村コード": 201, "所在地": "福島県福島市笹谷字稲場３４番地９", "緯度": 37.789094, "経度": 140.448189, "url": "https://www.iryou.teikyouseido.mhlw.go.jp/znk-web/juminkanja/S2430/initialize?prefCd=07&kikanCd=20720001829&kikanKbn=2", "url2": "http://www.ikedadermaclinic.net", "内容": "池田皮膚科クリニック福島院【2:診療所】【診療科目:0】福島県福島市笹谷字稲場３４番地９" }, "geometry": { "type": "Point", "coordinates": [ 140.448189, 37.789094 ] } },
{ "type": "Feature", "properties": { "ID": 720720001830, "正式名称": "かわかみ整形外科クリニック", "機関区分": 2, "都道府県コード": 7, "市区町村コード": 201, "所在地": "福島県福島市東中央３丁目７－１", "緯度": 37.762317, "経度": 140.436583, "url": "https://www.iryou.teikyouseido.mhlw.go.jp/znk-web/juminkanja/S2430/initialize?prefCd=07&kikanCd=20720001830&kikanKbn=2", "url2": "https://www.kawakami-seikei.jp/", "内容": "かわかみ整形外科クリニック【2:診療所】【診療科目:0】福島県福島市東中央３丁目７－１" }, "geometry": { "type": "Point", "coordinates": [ 140.436583, 37.762317 ] } },
{ "type": "Feature", "properties": { "ID": 720720001831, "正式名称": "この花内科クリニック", "機関区分": 2, "都道府県コード": 7, "市区町村コード": 201, "所在地": "福島県福島市郷野目字仲１１", "緯度": 37.736497, "経度": 140.460511, "url": "https://www.iryou.teikyouseido.mhlw.go.jp/znk-web/juminkanja/S2430/initialize?prefCd=07&kikanCd=20720001831&kikanKbn=2", "url2": "https://conohana-naika.com/", "内容": "この花内科クリニック【2:診療所】【診療科目:0】福島県福島市郷野目字仲１１" }, "geometry": { "type": "Point", "coordinates": [ 140.460511, 37.736497 ] } },
{ "type": "Feature", "properties": { "ID": 720720001832, "正式名称": "おおひら内科クリニック", "機関区分": 2, "都道府県コード": 7, "市区町村コード": 201, "所在地": "福島県福島市森合字台１５－１", "緯度": 37.765472, "経度": 140.457564, "url": "https://www.iryou.teikyouseido.mhlw.go.jp/znk-web/juminkanja/S2430/initialize?prefCd=07&kikanCd=20720001832&kikanKbn=2", "url2": "https//ohiranaika.com", "内容": "おおひら内科クリニック【2:診療所】【診療科目:0】福島県福島市森合字台１５－１" }, "geometry": { "type": "Point", "coordinates": [ 140.457564, 37.765472 ] } },
{ "type": "Feature", "properties": { "ID": 720720001833, "正式名称": "湘南美容クリニック福島院", "機関区分": 2, "都道府県コード": 7, "市区町村コード": 201, "所在地": "福島県福島市栄町６番１号　メディアシティエスタ４階", "緯度": 37.754133, "経度": 140.461536, "url": "https://www.iryou.teikyouseido.mhlw.go.jp/znk-web/juminkanja/S2430/initialize?prefCd=07&kikanCd=20720001833&kikanKbn=2", "url2": "https://www.s-b-c.net/clinic/branch/fukushima/", "内容": "湘南美容クリニック福島院【2:診療所】【診療科目:0】福島県福島市栄町６番１号　メディアシティエスタ４階" }, "geometry": { "type": "Point", "coordinates": [ 140.461536, 37.754133 ] } },
{ "type": "Feature", "properties": { "ID": 720720001834, "正式名称": "アイケアクリニック福島院", "機関区分": 2, "都道府県コード": 7, "市区町村コード": 201, "所在地": "福島県福島市栄町１－３５　福島キャピタルフトロント７階７－７", "緯度": 37.757361, "経度": 140.460317, "url": "https://www.iryou.teikyouseido.mhlw.go.jp/znk-web/juminkanja/S2430/initialize?prefCd=07&kikanCd=20720001834&kikanKbn=2", "url2": "https://www.eye-care-clinic-fukushima.jp/", "内容": "アイケアクリニック福島院【2:診療所】【診療科目:0】福島県福島市栄町１－３５　福島キャピタルフトロント７階７－７" }, "geometry": { "type": "Point", "coordinates": [ 140.460317, 37.757361 ] } },
{ "type": "Feature", "properties": { "ID": 720720001836, "正式名称": "医療法人爽和会", "機関区分": 2, "都道府県コード": 7, "市区町村コード": 214, "所在地": "福島県本宮市高木字熊ノ木５番", "緯度": 37.517017, "経度": 140.409989, "url": "https://www.iryou.teikyouseido.mhlw.go.jp/znk-web/juminkanja/S2430/initialize?prefCd=07&kikanCd=20720001836&kikanKbn=2", "url2": "https://www.motomiya-cl.jp", "内容": "医療法人爽和会【2:診療所】【診療科目:0】福島県本宮市高木字熊ノ木５番" }, "geometry": { "type": "Point", "coordinates": [ 140.409989, 37.517017 ] } },
{ "type": "Feature", "properties": { "ID": 720720001838, "正式名称": "医療法人南沢又あんざいクリニック", "機関区分": 2, "都道府県コード": 7, "市区町村コード": 201, "所在地": "福島県福島市南沢又字舘ノ内７４－１", "緯度": 37.774306, "経度": 140.435497, "url": "https://www.iryou.teikyouseido.mhlw.go.jp/znk-web/juminkanja/S2430/initialize?prefCd=07&kikanCd=20720001838&kikanKbn=2", "url2": "https://anz-clinic.com/", "内容": "医療法人南沢又あんざいクリニック【2:診療所】【診療科目:0】福島県福島市南沢又字舘ノ内７４－１" }, "geometry": { "type": "Point", "coordinates": [ 140.435497, 37.774306 ] } },
{ "type": "Feature", "properties": { "ID": 720720001839, "正式名称": "十二社内科外科", "機関区分": 2, "都道府県コード": 7, "市区町村コード": 308, "所在地": "福島県伊達郡川俣町大字羽田字十二社５番地の１", "緯度": 37.682086, "経度": 140.563053, "url": "https://www.iryou.teikyouseido.mhlw.go.jp/znk-web/juminkanja/S2430/initialize?prefCd=07&kikanCd=20720001839&kikanKbn=2", "url2": null, "内容": "十二社内科外科【2:診療所】【診療科目:0】福島県伊達郡川俣町大字羽田字十二社５番地の１" }, "geometry": { "type": "Point", "coordinates": [ 140.563053, 37.682086 ] } },
{ "type": "Feature", "properties": { "ID": 720720001840, "正式名称": "にしごうキッズクリニック", "機関区分": 2, "都道府県コード": 7, "市区町村コード": 461, "所在地": "福島県西白河郡西郷村熊倉字折口原４３－９", "緯度": 37.141472, "経度": 140.157497, "url": "https://www.iryou.teikyouseido.mhlw.go.jp/znk-web/juminkanja/S2430/initialize?prefCd=07&kikanCd=20720001840&kikanKbn=2", "url2": "https://www.nishigokids.com/", "内容": "にしごうキッズクリニック【2:診療所】【診療科目:0】福島県西白河郡西郷村熊倉字折口原４３－９" }, "geometry": { "type": "Point", "coordinates": [ 140.157497, 37.141472 ] } },
{ "type": "Feature", "properties": { "ID": 720720001841, "正式名称": "なかにし内科クリニック", "機関区分": 2, "都道府県コード": 7, "市区町村コード": 204, "所在地": "福島県いわき市平北白土字宮前５８－１", "緯度": 37.049333, "経度": 140.911333, "url": "https://www.iryou.teikyouseido.mhlw.go.jp/znk-web/juminkanja/S2430/initialize?prefCd=07&kikanCd=20720001841&kikanKbn=2", "url2": null, "内容": "なかにし内科クリニック【2:診療所】【診療科目:0】福島県いわき市平北白土字宮前５８－１" }, "geometry": { "type": "Point", "coordinates": [ 140.911333, 37.049333 ] } },
{ "type": "Feature", "properties": { "ID": 720720001842, "正式名称": "高倉基整形外科", "機関区分": 2, "都道府県コード": 7, "市区町村コード": 204, "所在地": "福島県いわき市中央台鹿島２丁目２８－１", "緯度": 37.0033, "経度": 140.924411, "url": "https://www.iryou.teikyouseido.mhlw.go.jp/znk-web/juminkanja/S2430/initialize?prefCd=07&kikanCd=20720001842&kikanKbn=2", "url2": "http://takakura-seikei.com", "内容": "高倉基整形外科【2:診療所】【診療科目:0】福島県いわき市中央台鹿島２丁目２８－１" }, "geometry": { "type": "Point", "coordinates": [ 140.924411, 37.0033 ] } },
{ "type": "Feature", "properties": { "ID": 720720001844, "正式名称": "大樂クリニック", "機関区分": 2, "都道府県コード": 7, "市区町村コード": 204, "所在地": "福島県いわき市常磐白鳥町壱丁田４１－１", "緯度": 36.986097, "経度": 140.846344, "url": "https://www.iryou.teikyouseido.mhlw.go.jp/znk-web/juminkanja/S2430/initialize?prefCd=07&kikanCd=20720001844&kikanKbn=2", "url2": null, "内容": "大樂クリニック【2:診療所】【診療科目:0】福島県いわき市常磐白鳥町壱丁田４１－１" }, "geometry": { "type": "Point", "coordinates": [ 140.846344, 36.986097 ] } },
{ "type": "Feature", "properties": { "ID": 720720001846, "正式名称": "双葉郡立勿来診療所", "機関区分": 2, "都道府県コード": 7, "市区町村コード": 204, "所在地": "福島県いわき市勿来町酒井青柳１４－１", "緯度": 36.890622, "経度": 140.756278, "url": "https://www.iryou.teikyouseido.mhlw.go.jp/znk-web/juminkanja/S2430/initialize?prefCd=07&kikanCd=20720001846&kikanKbn=2", "url2": null, "内容": "双葉郡立勿来診療所【2:診療所】【診療科目:0】福島県いわき市勿来町酒井青柳１４－１" }, "geometry": { "type": "Point", "coordinates": [ 140.756278, 36.890622 ] } },
{ "type": "Feature", "properties": { "ID": 720720001858, "正式名称": "廣田診療所", "機関区分": 2, "都道府県コード": 7, "市区町村コード": 461, "所在地": "福島県西白河郡西郷村大字真船字小萱１５－２", "緯度": 37.167456, "経度": 140.075789, "url": "https://www.iryou.teikyouseido.mhlw.go.jp/znk-web/juminkanja/S2430/initialize?prefCd=07&kikanCd=20720001858&kikanKbn=2", "url2": null, "内容": "廣田診療所【2:診療所】【診療科目:0】福島県西白河郡西郷村大字真船字小萱１５－２" }, "geometry": { "type": "Point", "coordinates": [ 140.075789, 37.167456 ] } },
{ "type": "Feature", "properties": { "ID": 720720001860, "正式名称": "いわき小名浜眼科", "機関区分": 2, "都道府県コード": 7, "市区町村コード": 204, "所在地": "福島県いわき市小名浜字辰巳町７９　イオンモールいわき小名浜４階", "緯度": 36.946764, "経度": 140.903469, "url": "https://www.iryou.teikyouseido.mhlw.go.jp/znk-web/juminkanja/S2430/initialize?prefCd=07&kikanCd=20720001860&kikanKbn=2", "url2": "https://eyeclinic.xxxx.jp/iwakionahama-ganka/", "内容": "いわき小名浜眼科【2:診療所】【診療科目:0】福島県いわき市小名浜字辰巳町７９　イオンモールいわき小名浜４階" }, "geometry": { "type": "Point", "coordinates": [ 140.903469, 36.946764 ] } },
{ "type": "Feature", "properties": { "ID": 720720001865, "正式名称": "会津こころと脳のクリニック", "機関区分": 2, "都道府県コード": 7, "市区町村コード": 202, "所在地": "福島県会津若松市飯寺南三丁目５番１号", "緯度": 37.65025, "経度": 139.87134, "url": "https://www.iryou.teikyouseido.mhlw.go.jp/znk-web/juminkanja/S2430/initialize?prefCd=07&kikanCd=20720001865&kikanKbn=2", "url2": null, "内容": "会津こころと脳のクリニック【2:診療所】【診療科目:0】福島県会津若松市飯寺南三丁目５番１号" }, "geometry": { "type": "Point", "coordinates": [ 139.87134, 37.65025 ] } },
{ "type": "Feature", "properties": { "ID": 720720001866, "正式名称": "大熊町診療所", "機関区分": 2, "都道府県コード": 7, "市区町村コード": 545, "所在地": "福島県双葉郡大熊町大字大川原南平１９２０－１", "緯度": 37.384889, "経度": 140.957581, "url": "https://www.iryou.teikyouseido.mhlw.go.jp/znk-web/juminkanja/S2430/initialize?prefCd=07&kikanCd=20720001866&kikanKbn=2", "url2": null, "内容": "大熊町診療所【2:診療所】【診療科目:0】福島県双葉郡大熊町大字大川原南平１９２０－１" }, "geometry": { "type": "Point", "coordinates": [ 140.957581, 37.384889 ] } },
{ "type": "Feature", "properties": { "ID": 720720001867, "正式名称": "医療法人二夢の会にむら甲状腺と消化器クリニック", "機関区分": 2, "都道府県コード": 7, "市区町村コード": 204, "所在地": "福島県いわき市平上荒川字長尾１６　サカトミクリニックビル１階", "緯度": 37.035889, "経度": 140.891153, "url": "https://www.iryou.teikyouseido.mhlw.go.jp/znk-web/juminkanja/S2430/initialize?prefCd=07&kikanCd=20720001867&kikanKbn=2", "url2": "https://www.nimu26cli.com", "内容": "医療法人二夢の会にむら甲状腺と消化器クリニック【2:診療所】【診療科目:0】福島県いわき市平上荒川字長尾１６　サカトミクリニックビル１階" }, "geometry": { "type": "Point", "coordinates": [ 140.891153, 37.035889 ] } },
{ "type": "Feature", "properties": { "ID": 720720001870, "正式名称": "アタナハクリニック", "機関区分": 2, "都道府県コード": 7, "市区町村コード": 201, "所在地": "福島県福島市南中央２－１２－４", "緯度": 37.760411, "経度": 140.438786, "url": "https://www.iryou.teikyouseido.mhlw.go.jp/znk-web/juminkanja/S2430/initialize?prefCd=07&kikanCd=20720001870&kikanKbn=2", "url2": null, "内容": "アタナハクリニック【2:診療所】【診療科目:0】福島県福島市南中央２－１２－４" }, "geometry": { "type": "Point", "coordinates": [ 140.438786, 37.760411 ] } },
{ "type": "Feature", "properties": { "ID": 720720001871, "正式名称": "ひがしはまクリニック", "機関区分": 2, "都道府県コード": 7, "市区町村コード": 201, "所在地": "福島県福島市東浜町１０番１６号", "緯度": 37.763306, "経度": 140.486389, "url": "https://www.iryou.teikyouseido.mhlw.go.jp/znk-web/juminkanja/S2430/initialize?prefCd=07&kikanCd=20720001871&kikanKbn=2", "url2": "https://www.higashihama.com", "内容": "ひがしはまクリニック【2:診療所】【診療科目:0】福島県福島市東浜町１０番１６号" }, "geometry": { "type": "Point", "coordinates": [ 140.486389, 37.763306 ] } },
{ "type": "Feature", "properties": { "ID": 720720001872, "正式名称": "医療法人おおたけ内科・循環器クリニック", "機関区分": 2, "都道府県コード": 7, "市区町村コード": 201, "所在地": "福島県福島市本内字東町５番１", "緯度": 37.783111, "経度": 140.486631, "url": "https://www.iryou.teikyouseido.mhlw.go.jp/znk-web/juminkanja/S2430/initialize?prefCd=07&kikanCd=20720001872&kikanKbn=2", "url2": "http://otake-naika.net", "内容": "医療法人おおたけ内科・循環器クリニック【2:診療所】【診療科目:0】福島県福島市本内字東町５番１" }, "geometry": { "type": "Point", "coordinates": [ 140.486631, 37.783111 ] } },
{ "type": "Feature", "properties": { "ID": 720720001873, "正式名称": "くどう内科・糖尿病クリニック", "機関区分": 2, "都道府県コード": 7, "市区町村コード": 201, "所在地": "福島県福島市大森字舘ノ内７４－１", "緯度": 37.732556, "経度": 140.447222, "url": "https://www.iryou.teikyouseido.mhlw.go.jp/znk-web/juminkanja/S2430/initialize?prefCd=07&kikanCd=20720001873&kikanKbn=2", "url2": null, "内容": "くどう内科・糖尿病クリニック【2:診療所】【診療科目:0】福島県福島市大森字舘ノ内７４－１" }, "geometry": { "type": "Point", "coordinates": [ 140.447222, 37.732556 ] } },
{ "type": "Feature", "properties": { "ID": 720720001874, "正式名称": "こしいしクリニック", "機関区分": 2, "都道府県コード": 7, "市区町村コード": 202, "所在地": "福島県会津若松市大町１丁目２－２０", "緯度": 37.499531, "経度": 139.92555, "url": "https://www.iryou.teikyouseido.mhlw.go.jp/znk-web/juminkanja/S2430/initialize?prefCd=07&kikanCd=20720001874&kikanKbn=2", "url2": "https://koshiishi-clinic.jp", "内容": "こしいしクリニック【2:診療所】【診療科目:0】福島県会津若松市大町１丁目２－２０" }, "geometry": { "type": "Point", "coordinates": [ 139.92555, 37.499531 ] } },
{ "type": "Feature", "properties": { "ID": 720720001879, "正式名称": "大町診療所", "機関区分": 2, "都道府県コード": 7, "市区町村コード": 207, "所在地": "福島県須賀川市大町４０３番地９", "緯度": 37.283331, "経度": 140.375119, "url": "https://www.iryou.teikyouseido.mhlw.go.jp/znk-web/juminkanja/S2430/initialize?prefCd=07&kikanCd=20720001879&kikanKbn=2", "url2": "http://omatishinryouzyo.com/index.html", "内容": "大町診療所【2:診療所】【診療科目:0】福島県須賀川市大町４０３番地９" }, "geometry": { "type": "Point", "coordinates": [ 140.375119, 37.283331 ] } },
{ "type": "Feature", "properties": { "ID": 720720001880, "正式名称": "さいとう眼科", "機関区分": 2, "都道府県コード": 7, "市区町村コード": 543, "所在地": "福島県双葉郡富岡町本町２丁目５３番地の２", "緯度": 37.339194, "経度": 141.009106, "url": "https://www.iryou.teikyouseido.mhlw.go.jp/znk-web/juminkanja/S2430/initialize?prefCd=07&kikanCd=20720001880&kikanKbn=2", "url2": null, "内容": "さいとう眼科【2:診療所】【診療科目:0】福島県双葉郡富岡町本町２丁目５３番地の２" }, "geometry": { "type": "Point", "coordinates": [ 141.009106, 37.339194 ] } },
{ "type": "Feature", "properties": { "ID": 720720001881, "正式名称": "今村医院", "機関区分": 2, "都道府県コード": 7, "市区町村コード": 212, "所在地": "福島県南相馬市小高区仲町１－７１", "緯度": 37.564561, "経度": 140.9879, "url": "https://www.iryou.teikyouseido.mhlw.go.jp/znk-web/juminkanja/S2430/initialize?prefCd=07&kikanCd=20720001881&kikanKbn=2", "url2": "imamuraiinodaka5777.com", "内容": "今村医院【2:診療所】【診療科目:0】福島県南相馬市小高区仲町１－７１" }, "geometry": { "type": "Point", "coordinates": [ 140.9879, 37.564561 ] } },
{ "type": "Feature", "properties": { "ID": 720720001882, "正式名称": "ＪＦＡメディカルセンター　整形外科クリニック", "機関区分": 2, "都道府県コード": 7, "市区町村コード": 542, "所在地": "福島県双葉郡楢葉町大字山田岡字美シ森８番１", "緯度": 37.245411, "経度": 141.002097, "url": "https://www.iryou.teikyouseido.mhlw.go.jp/znk-web/juminkanja/S2430/initialize?prefCd=07&kikanCd=20720001882&kikanKbn=2", "url2": "http://medicalcenter.jfa.jp/", "内容": "ＪＦＡメディカルセンター　整形外科クリニック【2:診療所】【診療科目:0】福島県双葉郡楢葉町大字山田岡字美シ森８番１" }, "geometry": { "type": "Point", "coordinates": [ 141.002097, 37.245411 ] } },
{ "type": "Feature", "properties": { "ID": 720720001886, "正式名称": "まつはし内科クリニック", "機関区分": 2, "都道府県コード": 7, "市区町村コード": 204, "所在地": "福島県いわき市平上荒川安草４７", "緯度": 37.037869, "経度": 140.89435, "url": "https://www.iryou.teikyouseido.mhlw.go.jp/znk-web/juminkanja/S2430/initialize?prefCd=07&kikanCd=20720001886&kikanKbn=2", "url2": "https://matsuhashi-naika-clinic.com/", "内容": "まつはし内科クリニック【2:診療所】【診療科目:0】福島県いわき市平上荒川安草４７" }, "geometry": { "type": "Point", "coordinates": [ 140.89435, 37.037869 ] } },
{ "type": "Feature", "properties": { "ID": 720720001889, "正式名称": "医療法人泰優会　希望ヶ丘耳鼻咽喉科クリニック", "機関区分": 2, "都道府県コード": 7, "市区町村コード": 203, "所在地": "福島県郡山市大槻町広町４６－１", "緯度": 37.406617, "経度": 140.340658, "url": "https://www.iryou.teikyouseido.mhlw.go.jp/znk-web/juminkanja/S2430/initialize?prefCd=07&kikanCd=20720001889&kikanKbn=2", "url2": "kibou-ent.com", "内容": "医療法人泰優会　希望ヶ丘耳鼻咽喉科クリニック【2:診療所】【診療科目:0】福島県郡山市大槻町広町４６－１" }, "geometry": { "type": "Point", "coordinates": [ 140.340658, 37.406617 ] } },
{ "type": "Feature", "properties": { "ID": 720720001890, "正式名称": "いがりクリニック", "機関区分": 2, "都道府県コード": 7, "市区町村コード": 203, "所在地": "福島県郡山市喜久田町卸一丁目１１７－１", "緯度": 37.441033, "経度": 140.341317, "url": "https://www.iryou.teikyouseido.mhlw.go.jp/znk-web/juminkanja/S2430/initialize?prefCd=07&kikanCd=20720001890&kikanKbn=2", "url2": null, "内容": "いがりクリニック【2:診療所】【診療科目:0】福島県郡山市喜久田町卸一丁目１１７－１" }, "geometry": { "type": "Point", "coordinates": [ 140.341317, 37.441033 ] } },
{ "type": "Feature", "properties": { "ID": 720720001892, "正式名称": "すぎやま内科内視鏡クリニック", "機関区分": 2, "都道府県コード": 7, "市区町村コード": 201, "所在地": "福島県福島市渡利字舟場２０番地", "緯度": 37.748381, "経度": 140.472883, "url": "https://www.iryou.teikyouseido.mhlw.go.jp/znk-web/juminkanja/S2430/initialize?prefCd=07&kikanCd=20720001892&kikanKbn=2", "url2": "https://sugiyamaclinic.jp", "内容": "すぎやま内科内視鏡クリニック【2:診療所】【診療科目:0】福島県福島市渡利字舟場２０番地" }, "geometry": { "type": "Point", "coordinates": [ 140.472883, 37.748381 ] } },
{ "type": "Feature", "properties": { "ID": 720720001893, "正式名称": "曽根田駅前クリニック", "機関区分": 2, "都道府県コード": 7, "市区町村コード": 201, "所在地": "福島県福島市曽根田町１－１８　ＭＡＸふくしま５階", "緯度": 37.759111, "経度": 140.460131, "url": "https://www.iryou.teikyouseido.mhlw.go.jp/znk-web/juminkanja/S2430/initialize?prefCd=07&kikanCd=20720001893&kikanKbn=2", "url2": "https://www.soneda-ekimae-clinic.com/", "内容": "曽根田駅前クリニック【2:診療所】【診療科目:0】福島県福島市曽根田町１－１８　ＭＡＸふくしま５階" }, "geometry": { "type": "Point", "coordinates": [ 140.460131, 37.759111 ] } },
{ "type": "Feature", "properties": { "ID": 720720001895, "正式名称": "ふくしま木もれ日クリニック", "機関区分": 2, "都道府県コード": 7, "市区町村コード": 201, "所在地": "福島県福島市瀬上町字行人堂１３－１", "緯度": 37.807311, "経度": 140.495028, "url": "https://www.iryou.teikyouseido.mhlw.go.jp/znk-web/juminkanja/S2430/initialize?prefCd=07&kikanCd=20720001895&kikanKbn=2", "url2": "https://fukushima-komorebi-cl.jp", "内容": "ふくしま木もれ日クリニック【2:診療所】【診療科目:0】福島県福島市瀬上町字行人堂１３－１" }, "geometry": { "type": "Point", "coordinates": [ 140.495028, 37.807311 ] } },
{ "type": "Feature", "properties": { "ID": 720720001896, "正式名称": "こおりやま女性泌尿器科クリニック", "機関区分": 2, "都道府県コード": 7, "市区町村コード": 203, "所在地": "福島県郡山市富田東三丁目１９０－２", "緯度": 37.425719, "経度": 140.368942, "url": "https://www.iryou.teikyouseido.mhlw.go.jp/znk-web/juminkanja/S2430/initialize?prefCd=07&kikanCd=20720001896&kikanKbn=2", "url2": "https://koriyama.clinic/", "内容": "こおりやま女性泌尿器科クリニック【2:診療所】【診療科目:0】福島県郡山市富田東三丁目１９０－２" }, "geometry": { "type": "Point", "coordinates": [ 140.368942, 37.425719 ] } },
{ "type": "Feature", "properties": { "ID": 720720001898, "正式名称": "さくら眼科", "機関区分": 2, "都道府県コード": 7, "市区町村コード": 203, "所在地": "福島県郡山市長者１丁目２番１０号", "緯度": 37.399122, "経度": 140.369594, "url": "https://www.iryou.teikyouseido.mhlw.go.jp/znk-web/juminkanja/S2430/initialize?prefCd=07&kikanCd=20720001898&kikanKbn=2", "url2": null, "内容": "さくら眼科【2:診療所】【診療科目:0】福島県郡山市長者１丁目２番１０号" }, "geometry": { "type": "Point", "coordinates": [ 140.369594, 37.399122 ] } },
{ "type": "Feature", "properties": { "ID": 720720001899, "正式名称": "みどりまち皮膚科クリニック", "機関区分": 2, "都道府県コード": 7, "市区町村コード": 203, "所在地": "福島県郡山市緑町１４－３", "緯度": 37.400475, "経度": 140.359681, "url": "https://www.iryou.teikyouseido.mhlw.go.jp/znk-web/juminkanja/S2430/initialize?prefCd=07&kikanCd=20720001899&kikanKbn=2", "url2": "https://midorimachi-clinic.com", "内容": "みどりまち皮膚科クリニック【2:診療所】【診療科目:0】福島県郡山市緑町１４－３" }, "geometry": { "type": "Point", "coordinates": [ 140.359681, 37.400475 ] } },
{ "type": "Feature", "properties": { "ID": 720720001902, "正式名称": "アークＡＧＡクリニック郡山院", "機関区分": 2, "都道府県コード": 7, "市区町村コード": 203, "所在地": "福島県郡山市駅前一丁目４－９　ラ・フォンテＣＳ　２Ｆ", "緯度": 37.397736, "経度": 140.385672, "url": "https://www.iryou.teikyouseido.mhlw.go.jp/znk-web/juminkanja/S2430/initialize?prefCd=07&kikanCd=20720001902&kikanKbn=2", "url2": null, "内容": "アークＡＧＡクリニック郡山院【2:診療所】【診療科目:0】福島県郡山市駅前一丁目４－９　ラ・フォンテＣＳ　２Ｆ" }, "geometry": { "type": "Point", "coordinates": [ 140.385672, 37.397736 ] } },
{ "type": "Feature", "properties": { "ID": 720720001903, "正式名称": "すずきレディースクリニック", "機関区分": 2, "都道府県コード": 7, "市区町村コード": 203, "所在地": "福島県郡山市八山田５－２３", "緯度": 37.426783, "経度": 140.376808, "url": "https://www.iryou.teikyouseido.mhlw.go.jp/znk-web/juminkanja/S2430/initialize?prefCd=07&kikanCd=20720001903&kikanKbn=2", "url2": "https://suzuki-ladies-clinic.jp/", "内容": "すずきレディースクリニック【2:診療所】【診療科目:0】福島県郡山市八山田５－２３" }, "geometry": { "type": "Point", "coordinates": [ 140.376808, 37.426783 ] } },
{ "type": "Feature", "properties": { "ID": 720720001904, "正式名称": "クリスタルメンズクリニック郡山院", "機関区分": 2, "都道府県コード": 7, "市区町村コード": 203, "所在地": "福島県郡山市堂前町３１－８　スクエアビル２階", "緯度": 37.393442, "経度": 140.381808, "url": "https://www.iryou.teikyouseido.mhlw.go.jp/znk-web/juminkanja/S2430/initialize?prefCd=07&kikanCd=20720001904&kikanKbn=2", "url2": "https://www.mencli.com/", "内容": "クリスタルメンズクリニック郡山院【2:診療所】【診療科目:0】福島県郡山市堂前町３１－８　スクエアビル２階" }, "geometry": { "type": "Point", "coordinates": [ 140.381808, 37.393442 ] } },
{ "type": "Feature", "properties": { "ID": 720720001907, "正式名称": "高坂脳外科クリニック", "機関区分": 2, "都道府県コード": 7, "市区町村コード": 204, "所在地": "福島県いわき市内郷宮町金坂１７２－２１", "緯度": 37.046297, "経度": 140.844489, "url": "https://www.iryou.teikyouseido.mhlw.go.jp/znk-web/juminkanja/S2430/initialize?prefCd=07&kikanCd=20720001907&kikanKbn=2", "url2": "https://takasaka-nouge.com/", "内容": "高坂脳外科クリニック【2:診療所】【診療科目:0】福島県いわき市内郷宮町金坂１７２－２１" }, "geometry": { "type": "Point", "coordinates": [ 140.844489, 37.046297 ] } },
{ "type": "Feature", "properties": { "ID": 720720001908, "正式名称": "愛宕町いろは内科クリニック", "機関区分": 2, "都道府県コード": 7, "市区町村コード": 204, "所在地": "福島県いわき市小名浜愛宕町１５－３", "緯度": 36.950933, "経度": 140.893917, "url": "https://www.iryou.teikyouseido.mhlw.go.jp/znk-web/juminkanja/S2430/initialize?prefCd=07&kikanCd=20720001908&kikanKbn=2", "url2": "https://atago-168.com/", "内容": "愛宕町いろは内科クリニック【2:診療所】【診療科目:0】福島県いわき市小名浜愛宕町１５－３" }, "geometry": { "type": "Point", "coordinates": [ 140.893917, 36.950933 ] } },
{ "type": "Feature", "properties": { "ID": 720720001911, "正式名称": "双葉町診療所", "機関区分": 2, "都道府県コード": 7, "市区町村コード": 546, "所在地": "福島県双葉郡双葉町大字長塚字町西４番地１", "緯度": 37.452908, "経度": 141.005153, "url": "https://www.iryou.teikyouseido.mhlw.go.jp/znk-web/juminkanja/S2430/initialize?prefCd=07&kikanCd=20720001911&kikanKbn=2", "url2": "https://www.town.fukushima-futaba.lg.jp/item/14445.htm", "内容": "双葉町診療所【2:診療所】【診療科目:0】福島県双葉郡双葉町大字長塚字町西４番地１" }, "geometry": { "type": "Point", "coordinates": [ 141.005153, 37.452908 ] } },
{ "type": "Feature", "properties": { "ID": 720720001913, "正式名称": "社会福祉法人うつみね福祉会　うつみね診療所", "機関区分": 2, "都道府県コード": 7, "市区町村コード": 207, "所在地": "福島県須賀川市小作田字仲田２３－３", "緯度": 37.270408, "経度": 140.416419, "url": "https://www.iryou.teikyouseido.mhlw.go.jp/znk-web/juminkanja/S2430/initialize?prefCd=07&kikanCd=20720001913&kikanKbn=2", "url2": "http://utsumine-clinic.jp", "内容": "社会福祉法人うつみね福祉会　うつみね診療所【2:診療所】【診療科目:0】福島県須賀川市小作田字仲田２３－３" }, "geometry": { "type": "Point", "coordinates": [ 140.416419, 37.270408 ] } },
{ "type": "Feature", "properties": { "ID": 720720001914, "正式名称": "福島県太陽の国クリニック", "機関区分": 2, "都道府県コード": 7, "市区町村コード": 461, "所在地": "福島県西白河郡西郷村大字真船字芝原２９－４", "緯度": 37.137889, "経度": 140.116264, "url": "https://www.iryou.teikyouseido.mhlw.go.jp/znk-web/juminkanja/S2430/initialize?prefCd=07&kikanCd=20720001914&kikanKbn=2", "url2": "https://www.fukushima-sj.jp/facility/taiyo-clinic/", "内容": "福島県太陽の国クリニック【2:診療所】【診療科目:0】福島県西白河郡西郷村大字真船字芝原２９－４" }, "geometry": { "type": "Point", "coordinates": [ 140.116264, 37.137889 ] } },
{ "type": "Feature", "properties": { "ID": 720720001915, "正式名称": "新浜町脳神経外科・内科クリニック", "機関区分": 2, "都道府県コード": 7, "市区町村コード": 201, "所在地": "福島県福島市新浜町２－１６　レーベン福島ザミッドタワー１Ｆ，２Ｆ", "緯度": 37.759553, "経度": 140.468633, "url": "https://www.iryou.teikyouseido.mhlw.go.jp/znk-web/juminkanja/S2430/initialize?prefCd=07&kikanCd=20720001915&kikanKbn=2", "url2": "https://shinhamacho-clinic.com/", "内容": "新浜町脳神経外科・内科クリニック【2:診療所】【診療科目:0】福島県福島市新浜町２－１６　レーベン福島ザミッドタワー１Ｆ，２Ｆ" }, "geometry": { "type": "Point", "coordinates": [ 140.468633, 37.759553 ] } },
{ "type": "Feature", "properties": { "ID": 720720001916, "正式名称": "マインドさくらクリニック", "機関区分": 2, "都道府県コード": 7, "市区町村コード": 214, "所在地": "福島県本宮市本宮字万世１６０番地１", "緯度": 37.514051, "経度": 140.395643, "url": "https://www.iryou.teikyouseido.mhlw.go.jp/znk-web/juminkanja/S2430/initialize?prefCd=07&kikanCd=20720001916&kikanKbn=2", "url2": null, "内容": "マインドさくらクリニック【2:診療所】【診療科目:0】福島県本宮市本宮字万世１６０番地１" }, "geometry": { "type": "Point", "coordinates": [ 140.395643, 37.514051 ] } },
{ "type": "Feature", "properties": { "ID": 720720001918, "正式名称": "おだニコニコこどもクリニック", "機関区分": 2, "都道府県コード": 7, "市区町村コード": 201, "所在地": "福島県福島市泉字弐斗蒔１８－１", "緯度": 37.775151, "経度": 140.451319, "url": "https://www.iryou.teikyouseido.mhlw.go.jp/znk-web/juminkanja/S2430/initialize?prefCd=07&kikanCd=20720001918&kikanKbn=2", "url2": "https://oda-niconico.com", "内容": "おだニコニコこどもクリニック【2:診療所】【診療科目:0】福島県福島市泉字弐斗蒔１８－１" }, "geometry": { "type": "Point", "coordinates": [ 140.451319, 37.775151 ] } },
{ "type": "Feature", "properties": { "ID": 720720001922, "正式名称": "巽ハートクリニック", "機関区分": 2, "都道府県コード": 7, "市区町村コード": 203, "所在地": "福島県郡山市安積二丁目１１５－１", "緯度": 37.35933, "経度": 140.365441, "url": "https://www.iryou.teikyouseido.mhlw.go.jp/znk-web/juminkanja/S2430/initialize?prefCd=07&kikanCd=20720001922&kikanKbn=2", "url2": "https://www.tatsumi-heart.clinic/", "内容": "巽ハートクリニック【2:診療所】【診療科目:0】福島県郡山市安積二丁目１１５－１" }, "geometry": { "type": "Point", "coordinates": [ 140.365441, 37.35933 ] } },
{ "type": "Feature", "properties": { "ID": 720720001924, "正式名称": "医療法人社団慈鶯会　白河那須総合クリニック", "機関区分": 2, "都道府県コード": 7, "市区町村コード": 205, "所在地": "福島県白河市高山１－３", "緯度": 37.11683, "経度": 140.185425, "url": "https://www.iryou.teikyouseido.mhlw.go.jp/znk-web/juminkanja/S2430/initialize?prefCd=07&kikanCd=20720001924&kikanKbn=2", "url2": "shirakawanasu-clinic.com", "内容": "医療法人社団慈鶯会　白河那須総合クリニック【2:診療所】【診療科目:0】福島県白河市高山１－３" }, "geometry": { "type": "Point", "coordinates": [ 140.185425, 37.11683 ] } },
{ "type": "Feature", "properties": { "ID": 720720001926, "正式名称": "白河ひがし透析・内科クリニック", "機関区分": 2, "都道府県コード": 7, "市区町村コード": 205, "所在地": "福島県白河市東釜子字川田１０８－１８", "緯度": 37.11078, "経度": 140.348971, "url": "https://www.iryou.teikyouseido.mhlw.go.jp/znk-web/juminkanja/S2430/initialize?prefCd=07&kikanCd=20720001926&kikanKbn=2", "url2": null, "内容": "白河ひがし透析・内科クリニック【2:診療所】【診療科目:0】福島県白河市東釜子字川田１０８－１８" }, "geometry": { "type": "Point", "coordinates": [ 140.348971, 37.11078 ] } },
{ "type": "Feature", "properties": { "ID": 721000000001, "正式名称": "フラワー皮フ科クリニック", "機関区分": 2, "都道府県コード": 7, "市区町村コード": 210, "所在地": "福島県二本松市油井字石倉７６番２", "緯度": 37.614294, "経度": 140.459702, "url": "https://www.iryou.teikyouseido.mhlw.go.jp/znk-web/juminkanja/S2430/initialize?prefCd=07&kikanCd=21000000001&kikanKbn=2", "url2": "https://flower-hifu.com", "内容": "フラワー皮フ科クリニック【2:診療所】【診療科目:0】福島県二本松市油井字石倉７６番２" }, "geometry": { "type": "Point", "coordinates": [ 140.459702, 37.614294 ] } },
{ "type": "Feature", "properties": { "ID": 723000000001, "正式名称": "特別養護老人ホームリアンヴェール新白河　医務室", "機関区分": 2, "都道府県コード": 7, "市区町村コード": 205, "所在地": "福島県白河市立石１８０番１特別養護老人ホーム　リアンヴェール新白河　医務室", "緯度": 37.1279008, "経度": 140.1964403, "url": "https://www.iryou.teikyouseido.mhlw.go.jp/znk-web/juminkanja/S2430/initialize?prefCd=07&kikanCd=23000000001&kikanKbn=2", "url2": null, "内容": "特別養護老人ホームリアンヴェール新白河　医務室【2:診療所】【診療科目:0】福島県白河市立石１８０番１特別養護老人ホーム　リアンヴェール新白河　医務室" }, "geometry": { "type": "Point", "coordinates": [ 140.1964403, 37.1279008 ] } },
{ "type": "Feature", "properties": { "ID": 723000000002, "正式名称": "特別養護老人ホーム　リアンヴェール西郷　医務室", "機関区分": 2, "都道府県コード": 7, "市区町村コード": 461, "所在地": "福島県西白河郡西郷村小田倉字小田倉原１－１３４特別養護老人ホーム　リアンヴェール西郷", "緯度": 37.1244587, "経度": 140.1652496, "url": "https://www.iryou.teikyouseido.mhlw.go.jp/znk-web/juminkanja/S2430/initialize?prefCd=07&kikanCd=23000000002&kikanKbn=2", "url2": null, "内容": "特別養護老人ホーム　リアンヴェール西郷　医務室【2:診療所】【診療科目:0】福島県西白河郡西郷村小田倉字小田倉原１－１３４特別養護老人ホーム　リアンヴェール西郷" }, "geometry": { "type": "Point", "coordinates": [ 140.16524960000001, 37.1244587 ] } },
{ "type": "Feature", "properties": { "ID": 724000000002, "正式名称": "医療法人あいづ脳神経内科クリニック", "機関区分": 2, "都道府県コード": 7, "市区町村コード": 202, "所在地": "福島県会津若松市町北町中沢２７番地１", "緯度": 37.515158, "経度": 139.90334, "url": "https://www.iryou.teikyouseido.mhlw.go.jp/znk-web/juminkanja/S2430/initialize?prefCd=07&kikanCd=24000000002&kikanKbn=2", "url2": "https://aizu-neurology.com/", "内容": "医療法人あいづ脳神経内科クリニック【2:診療所】【診療科目:0】福島県会津若松市町北町中沢２７番地１" }, "geometry": { "type": "Point", "coordinates": [ 139.90334, 37.515158 ] } },
{ "type": "Feature", "properties": { "ID": 724000000005, "正式名称": "Ｎａｔｕｒｅ　Ａｕｒａ　Ｃｌｉｎｉｃ（ネイチャー　オーラ　クリニック）", "機関区分": 2, "都道府県コード": 7, "市区町村コード": 202, "所在地": "福島県会津若松市中央二丁目１－２８　馬場中央ビル２Ｆ", "緯度": 37.501097, "経度": 139.931892, "url": "https://www.iryou.teikyouseido.mhlw.go.jp/znk-web/juminkanja/S2430/initialize?prefCd=07&kikanCd=24000000005&kikanKbn=2", "url2": "https://nature-aura.com", "内容": "Ｎａｔｕｒｅ　Ａｕｒａ　Ｃｌｉｎｉｃ（ネイチャー　オーラ　クリニック）【2:診療所】【診療科目:0】福島県会津若松市中央二丁目１－２８　馬場中央ビル２Ｆ" }, "geometry": { "type": "Point", "coordinates": [ 139.931892, 37.501097 ] } },
{ "type": "Feature", "properties": { "ID": 724000000007, "正式名称": "わかまつ在宅医療クリニック", "機関区分": 2, "都道府県コード": 7, "市区町村コード": 202, "所在地": "福島県会津若松市一箕町鶴賀字下柳原３４番地１", "緯度": 37.5236412, "経度": 139.9338193, "url": "https://www.iryou.teikyouseido.mhlw.go.jp/znk-web/juminkanja/S2430/initialize?prefCd=07&kikanCd=24000000007&kikanKbn=2", "url2": null, "内容": "わかまつ在宅医療クリニック【2:診療所】【診療科目:0】福島県会津若松市一箕町鶴賀字下柳原３４番地１" }, "geometry": { "type": "Point", "coordinates": [ 139.93381930000001, 37.5236412 ] } },
{ "type": "Feature", "properties": { "ID": 726000000002, "正式名称": "はらまちスマイルクリニック", "機関区分": 2, "都道府県コード": 7, "市区町村コード": 212, "所在地": "福島県南相馬市原町区日の出町１５５－２", "緯度": 37.631927, "経度": 140.980859, "url": "https://www.iryou.teikyouseido.mhlw.go.jp/znk-web/juminkanja/S2430/initialize?prefCd=07&kikanCd=26000000002&kikanKbn=2", "url2": "https://haramachi-smile.com/", "内容": "はらまちスマイルクリニック【2:診療所】【診療科目:0】福島県南相馬市原町区日の出町１５５－２" }, "geometry": { "type": "Point", "coordinates": [ 140.980859, 37.631927 ] } },
{ "type": "Feature", "properties": { "ID": 727000000003, "正式名称": "はな・みみ・のど 　りょうクリニック", "機関区分": 2, "都道府県コード": 7, "市区町村コード": 201, "所在地": "福島県福島市仁井田字下川原４３−１４", "緯度": 37.752294, "経度": 140.437359, "url": "https://www.iryou.teikyouseido.mhlw.go.jp/znk-web/juminkanja/S2430/initialize?prefCd=07&kikanCd=27000000003&kikanKbn=2", "url2": "https://ryojibi.com/", "内容": "はな・みみ・のど 　りょうクリニック【2:診療所】【診療科目:0】福島県福島市仁井田字下川原４３−１４" }, "geometry": { "type": "Point", "coordinates": [ 140.437359, 37.752294 ] } },
{ "type": "Feature", "properties": { "ID": 727000000005, "正式名称": "いがり整形外科スポーツクリニック", "機関区分": 2, "都道府県コード": 7, "市区町村コード": 201, "所在地": "福島県福島市笹木野字中西裏１９－２６", "緯度": 37.77044, "経度": 140.417836, "url": "https://www.iryou.teikyouseido.mhlw.go.jp/znk-web/juminkanja/S2430/initialize?prefCd=07&kikanCd=27000000005&kikanKbn=2", "url2": "igari-sportsclinic.com", "内容": "いがり整形外科スポーツクリニック【2:診療所】【診療科目:0】福島県福島市笹木野字中西裏１９－２６" }, "geometry": { "type": "Point", "coordinates": [ 140.417836, 37.77044 ] } },
{ "type": "Feature", "properties": { "ID": 727000000006, "正式名称": "おやま形成外科美容クリニック", "機関区分": 2, "都道府県コード": 7, "市区町村コード": 201, "所在地": "福島県福島市旭町４－２６", "緯度": 37.763508, "経度": 140.475795, "url": "https://www.iryou.teikyouseido.mhlw.go.jp/znk-web/juminkanja/S2430/initialize?prefCd=07&kikanCd=27000000006&kikanKbn=2", "url2": "https://oyama-keisei.jp/clinic/", "内容": "おやま形成外科美容クリニック【2:診療所】【診療科目:0】福島県福島市旭町４－２６" }, "geometry": { "type": "Point", "coordinates": [ 140.475795, 37.763508 ] } },
{ "type": "Feature", "properties": { "ID": 727000000009, "正式名称": "さくらお子さまクリニック", "機関区分": 2, "都道府県コード": 7, "市区町村コード": 201, "所在地": "福島県福島市黒岩字竹ノ内１１－１", "緯度": 37.728222, "経度": 140.470497, "url": "https://www.iryou.teikyouseido.mhlw.go.jp/znk-web/juminkanja/S2430/initialize?prefCd=07&kikanCd=27000000009&kikanKbn=2", "url2": "https://www.sakura-okosama.com/", "内容": "さくらお子さまクリニック【2:診療所】【診療科目:0】福島県福島市黒岩字竹ノ内１１－１" }, "geometry": { "type": "Point", "coordinates": [ 140.470497, 37.728222 ] } },
{ "type": "Feature", "properties": { "ID": 727000000010, "正式名称": "医療法人健恵会　ぽのキッズクリニック", "機関区分": 2, "都道府県コード": 7, "市区町村コード": 201, "所在地": "福島県福島市大森坿９１番地", "緯度": 37.72851, "経度": 140.446877, "url": "https://www.iryou.teikyouseido.mhlw.go.jp/znk-web/juminkanja/S2430/initialize?prefCd=07&kikanCd=27000000010&kikanKbn=2", "url2": "https://ponokids.net", "内容": "医療法人健恵会　ぽのキッズクリニック【2:診療所】【診療科目:0】福島県福島市大森坿９１番地" }, "geometry": { "type": "Point", "coordinates": [ 140.446877, 37.72851 ] } },
{ "type": "Feature", "properties": { "ID": 728000000002, "正式名称": "湘南美容クリニック郡山院", "機関区分": 2, "都道府県コード": 7, "市区町村コード": 203, "所在地": "福島県郡山市駅前一丁目１６番７号　アティ郡山８階", "緯度": 37.396975, "経度": 140.387367, "url": "https://www.iryou.teikyouseido.mhlw.go.jp/znk-web/juminkanja/S2430/initialize?prefCd=07&kikanCd=28000000002&kikanKbn=2", "url2": "https://www.s-b-c.net/clinic/branch/koriyama/", "内容": "湘南美容クリニック郡山院【2:診療所】【診療科目:0】福島県郡山市駅前一丁目１６番７号　アティ郡山８階" }, "geometry": { "type": "Point", "coordinates": [ 140.387367, 37.396975 ] } },
{ "type": "Feature", "properties": { "ID": 728000000004, "正式名称": "さとう眼科クリニック", "機関区分": 2, "都道府県コード": 7, "市区町村コード": 203, "所在地": "福島県郡山市菜根１丁目１６番５号２０１", "緯度": 37.3889732, "経度": 140.364509, "url": "https://www.iryou.teikyouseido.mhlw.go.jp/znk-web/juminkanja/S2430/initialize?prefCd=07&kikanCd=28000000004&kikanKbn=2", "url2": "https://www.sato-eyeclinic.jp", "内容": "さとう眼科クリニック【2:診療所】【診療科目:0】福島県郡山市菜根１丁目１６番５号２０１" }, "geometry": { "type": "Point", "coordinates": [ 140.364509, 37.3889732 ] } },
{ "type": "Feature", "properties": { "ID": 728000000010, "正式名称": "ジュノビューティークリニック福島院", "機関区分": 2, "都道府県コード": 7, "市区町村コード": 203, "所在地": "福島県郡山市中町１１－１セントラルアベニューⅠビル５階", "緯度": 37.3974324, "経度": 140.3845333, "url": "https://www.iryou.teikyouseido.mhlw.go.jp/znk-web/juminkanja/S2430/initialize?prefCd=07&kikanCd=28000000010&kikanKbn=2", "url2": "https://www.shinjukubc.com/", "内容": "ジュノビューティークリニック福島院【2:診療所】【診療科目:0】福島県郡山市中町１１－１セントラルアベニューⅠビル５階" }, "geometry": { "type": "Point", "coordinates": [ 140.384533299999987, 37.3974324 ] } },
{ "type": "Feature", "properties": { "ID": 728000000011, "正式名称": "医療法人寿里会すぎもと内科・糖尿病内科クリニック", "機関区分": 2, "都道府県コード": 7, "市区町村コード": 203, "所在地": "福島県郡山市日和田町字原１２−４１", "緯度": 37.442254, "経度": 140.382652, "url": "https://www.iryou.teikyouseido.mhlw.go.jp/znk-web/juminkanja/S2430/initialize?prefCd=07&kikanCd=28000000011&kikanKbn=2", "url2": null, "内容": "医療法人寿里会すぎもと内科・糖尿病内科クリニック【2:診療所】【診療科目:0】福島県郡山市日和田町字原１２−４１" }, "geometry": { "type": "Point", "coordinates": [ 140.382652, 37.442254 ] } },
{ "type": "Feature", "properties": { "ID": 728000000014, "正式名称": "東原クリニック", "機関区分": 2, "都道府県コード": 7, "市区町村コード": 203, "所在地": "福島県郡山市東原１丁目２２２", "緯度": 37.432293, "経度": 140.35211, "url": "https://www.iryou.teikyouseido.mhlw.go.jp/znk-web/juminkanja/S2430/initialize?prefCd=07&kikanCd=28000000014&kikanKbn=2", "url2": null, "内容": "東原クリニック【2:診療所】【診療科目:0】福島県郡山市東原１丁目２２２" }, "geometry": { "type": "Point", "coordinates": [ 140.35211, 37.432293 ] } },
{ "type": "Feature", "properties": { "ID": 728000000015, "正式名称": "東京ノーストクリニック", "機関区分": 2, "都道府県コード": 7, "市区町村コード": 203, "所在地": "福島県郡山市栄町９－３アパルトマン２Ｆ", "緯度": 37.38769, "経度": 140.38158, "url": "https://www.iryou.teikyouseido.mhlw.go.jp/znk-web/juminkanja/S2430/initialize?prefCd=07&kikanCd=28000000015&kikanKbn=2", "url2": null, "内容": "東京ノーストクリニック【2:診療所】【診療科目:0】福島県郡山市栄町９－３アパルトマン２Ｆ" }, "geometry": { "type": "Point", "coordinates": [ 140.38158, 37.38769 ] } },
{ "type": "Feature", "properties": { "ID": 728000000019, "正式名称": "メンズライフクリニック郡山院", "機関区分": 2, "都道府県コード": 7, "市区町村コード": 203, "所在地": "福島県郡山市駅前二丁目３番７号エリート３０ビル　５階　５０１号室", "緯度": 37.399135, "経度": 140.387442, "url": "https://www.iryou.teikyouseido.mhlw.go.jp/znk-web/juminkanja/S2430/initialize?prefCd=07&kikanCd=28000000019&kikanKbn=2", "url2": null, "内容": "メンズライフクリニック郡山院【2:診療所】【診療科目:0】福島県郡山市駅前二丁目３番７号エリート３０ビル　５階　５０１号室" }, "geometry": { "type": "Point", "coordinates": [ 140.387442, 37.399135 ] } },
{ "type": "Feature", "properties": { "ID": 728000000022, "正式名称": "かつこウィメンズクリニック", "機関区分": 2, "都道府県コード": 7, "市区町村コード": 203, "所在地": "福島県郡山市本町２丁目１１番５号", "緯度": 37.387023, "経度": 140.381887, "url": "https://www.iryou.teikyouseido.mhlw.go.jp/znk-web/juminkanja/S2430/initialize?prefCd=07&kikanCd=28000000022&kikanKbn=2", "url2": "https://katsuko-womens.com", "内容": "かつこウィメンズクリニック【2:診療所】【診療科目:0】福島県郡山市本町２丁目１１番５号" }, "geometry": { "type": "Point", "coordinates": [ 140.381887, 37.387023 ] } },
{ "type": "Feature", "properties": { "ID": 729000000003, "正式名称": "片桐眼科", "機関区分": 2, "都道府県コード": 7, "市区町村コード": 204, "所在地": "福島県いわき市平字童子町２－７", "緯度": 37.052624, "経度": 140.887854, "url": "https://www.iryou.teikyouseido.mhlw.go.jp/znk-web/juminkanja/S2430/initialize?prefCd=07&kikanCd=29000000003&kikanKbn=2", "url2": null, "内容": "片桐眼科【2:診療所】【診療科目:0】福島県いわき市平字童子町２－７" }, "geometry": { "type": "Point", "coordinates": [ 140.887854, 37.052624 ] } },
{ "type": "Feature", "properties": { "ID": 729000000004, "正式名称": "心療内科こてつクリニック", "機関区分": 2, "都道府県コード": 7, "市区町村コード": 204, "所在地": "福島県いわき市中央台飯野四丁目２－４", "緯度": 37.01358, "経度": 140.9162, "url": "https://www.iryou.teikyouseido.mhlw.go.jp/znk-web/juminkanja/S2430/initialize?prefCd=07&kikanCd=29000000004&kikanKbn=2", "url2": "https://kotetsu.clinic/", "内容": "心療内科こてつクリニック【2:診療所】【診療科目:0】福島県いわき市中央台飯野四丁目２－４" }, "geometry": { "type": "Point", "coordinates": [ 140.9162, 37.01358 ] } },
{ "type": "Feature", "properties": { "ID": 729000000005, "正式名称": "えじり整形外科　手のクリニック", "機関区分": 2, "都道府県コード": 7, "市区町村コード": 204, "所在地": "福島県いわき市平下神谷字仲田２５", "緯度": 37.073738, "経度": 140.954283, "url": "https://www.iryou.teikyouseido.mhlw.go.jp/znk-web/juminkanja/S2430/initialize?prefCd=07&kikanCd=29000000005&kikanKbn=2", "url2": "https://ejiri-seikei.jp", "内容": "えじり整形外科　手のクリニック【2:診療所】【診療科目:0】福島県いわき市平下神谷字仲田２５" }, "geometry": { "type": "Point", "coordinates": [ 140.954283, 37.073738 ] } },
{ "type": "Feature", "properties": { "ID": 729000000012, "正式名称": "医療法人恒伸会　みずたに耳鼻咽喉科医院", "機関区分": 2, "都道府県コード": 7, "市区町村コード": 204, "所在地": "福島県いわき市小名浜愛宕町１－５", "緯度": 36.9544904, "経度": 140.8965801, "url": "https://www.iryou.teikyouseido.mhlw.go.jp/znk-web/juminkanja/S2430/initialize?prefCd=07&kikanCd=29000000012&kikanKbn=2", "url2": null, "内容": "医療法人恒伸会　みずたに耳鼻咽喉科医院【2:診療所】【診療科目:0】福島県いわき市小名浜愛宕町１－５" }, "geometry": { "type": "Point", "coordinates": [ 140.8965801, 36.9544904 ] } },
{ "type": "Feature", "properties": { "ID": 729000000013, "正式名称": "医療法人一誠会　いわき泉肛門クリニック", "機関区分": 2, "都道府県コード": 7, "市区町村コード": 204, "所在地": "福島県いわき市泉玉露２－１０－１", "緯度": 36.956053, "経度": 140.848951, "url": "https://www.iryou.teikyouseido.mhlw.go.jp/znk-web/juminkanja/S2430/initialize?prefCd=07&kikanCd=29000000013&kikanKbn=2", "url2": "https://iwakikoumon.net/", "内容": "医療法人一誠会　いわき泉肛門クリニック【2:診療所】【診療科目:0】福島県いわき市泉玉露２－１０－１" }, "geometry": { "type": "Point", "coordinates": [ 140.848951, 36.956053 ] } },
{ "type": "Feature", "properties": { "ID": 729000000014, "正式名称": "湘南美容クリニックいわき院", "機関区分": 2, "都道府県コード": 7, "市区町村コード": 204, "所在地": "福島県いわき市平田町１２０ラトブ３階", "緯度": 37.05698, "経度": 140.891745, "url": "https://www.iryou.teikyouseido.mhlw.go.jp/znk-web/juminkanja/S2430/initialize?prefCd=07&kikanCd=29000000014&kikanKbn=2", "url2": "https://www.s-b-c.net/clinic/branch/iwaki/", "内容": "湘南美容クリニックいわき院【2:診療所】【診療科目:0】福島県いわき市平田町１２０ラトブ３階" }, "geometry": { "type": "Point", "coordinates": [ 140.891745, 37.05698 ] } },
{ "type": "Feature", "properties": { "ID": 729000000015, "正式名称": "医療法人なこそ整形外科クリニック", "機関区分": 2, "都道府県コード": 7, "市区町村コード": 204, "所在地": "福島県いわき市勿来町窪田町通２丁目５７−１", "緯度": 36.892185, "経度": 140.76047, "url": "https://www.iryou.teikyouseido.mhlw.go.jp/znk-web/juminkanja/S2430/initialize?prefCd=07&kikanCd=29000000015&kikanKbn=2", "url2": "HTTP://nakoso-seikei.com/", "内容": "医療法人なこそ整形外科クリニック【2:診療所】【診療科目:0】福島県いわき市勿来町窪田町通２丁目５７−１" }, "geometry": { "type": "Point", "coordinates": [ 140.76047, 36.892185 ] } },
{ "type": "Feature", "properties": { "ID": 729000000016, "正式名称": "うすば皮ふ・形成クリニック", "機関区分": 2, "都道府県コード": 7, "市区町村コード": 204, "所在地": "福島県いわき市平字鎌田町４０", "緯度": 37.055857, "経度": 140.904051, "url": "https://www.iryou.teikyouseido.mhlw.go.jp/znk-web/juminkanja/S2430/initialize?prefCd=07&kikanCd=29000000016&kikanKbn=2", "url2": "https://www.usuba-hifu.jp", "内容": "うすば皮ふ・形成クリニック【2:診療所】【診療科目:0】福島県いわき市平字鎌田町４０" }, "geometry": { "type": "Point", "coordinates": [ 140.904051, 37.055857 ] } },
{ "type": "Feature", "properties": { "ID": 729000000029, "正式名称": "のぐち形成外科クリニック", "機関区分": 2, "都道府県コード": 7, "市区町村コード": 204, "所在地": "福島県いわき市自由ヶ丘３７－１０", "緯度": 37.027717, "経度": 140.89385, "url": "https://www.iryou.teikyouseido.mhlw.go.jp/znk-web/juminkanja/S2430/initialize?prefCd=07&kikanCd=29000000029&kikanKbn=2", "url2": "https://noguchiclinic.info", "内容": "のぐち形成外科クリニック【2:診療所】【診療科目:0】福島県いわき市自由ヶ丘３７－１０" }, "geometry": { "type": "Point", "coordinates": [ 140.89385, 37.027717 ] } }
]
}
