{
"type": "FeatureCollection",
"name": "geo_7_5",
"crs": { "type": "name", "properties": { "name": "urn:ogc:def:crs:OGC:1.3:CRS84" } },
"features": [
{ "type": "Feature", "properties": { "ID": 750752000001, "正式名称": "有限会社タチバナ薬局", "機関区分": 5, "都道府県コード": 7, "市区町村コード": 201, "所在地": "福島県福島市八木田字並柳１３７－２", "緯度": 37.746324, "経度": 140.447781, "url": "https://www.iryou.teikyouseido.mhlw.go.jp/znk-web/juminkanja/S2430/initialize?prefCd=07&kikanCd=0752000001&kikanKbn=5", "url2": null, "内容": "有限会社タチバナ薬局【5:薬局】福島県福島市八木田字並柳１３７－２" }, "geometry": { "type": "Point", "coordinates": [ 140.447781, 37.746324 ] } },
{ "type": "Feature", "properties": { "ID": 750752000002, "正式名称": "株式会社司生堂薬局", "機関区分": 5, "都道府県コード": 7, "市区町村コード": 201, "所在地": "福島県福島市大町４－６", "緯度": 37.753364, "経度": 140.466442, "url": "https://www.iryou.teikyouseido.mhlw.go.jp/znk-web/juminkanja/S2430/initialize?prefCd=07&kikanCd=0752000002&kikanKbn=5", "url2": "htt:p//shiseido-yakkyoku.storeinfo.jp", "内容": "株式会社司生堂薬局【5:薬局】福島県福島市大町４－６" }, "geometry": { "type": "Point", "coordinates": [ 140.466442, 37.753364 ] } },
{ "type": "Feature", "properties": { "ID": 750752000003, "正式名称": "有限会社　石井薬局大町本店", "機関区分": 5, "都道府県コード": 7, "市区町村コード": 201, "所在地": "福島県福島市大町８－１６", "緯度": 37.753817, "経度": 140.467869, "url": "https://www.iryou.teikyouseido.mhlw.go.jp/znk-web/juminkanja/S2430/initialize?prefCd=07&kikanCd=0752000003&kikanKbn=5", "url2": "https://www.ishii-pharmacy.com", "内容": "有限会社　石井薬局大町本店【5:薬局】福島県福島市大町８－１６" }, "geometry": { "type": "Point", "coordinates": [ 140.467869, 37.753817 ] } },
{ "type": "Feature", "properties": { "ID": 750752000007, "正式名称": "ぷらんたん薬局", "機関区分": 5, "都道府県コード": 7, "市区町村コード": 201, "所在地": "福島県福島市渡利字沼ノ町４５番地", "緯度": 37.746517, "経度": 140.482189, "url": "https://www.iryou.teikyouseido.mhlw.go.jp/znk-web/juminkanja/S2430/initialize?prefCd=07&kikanCd=0752000007&kikanKbn=5", "url2": "https://www.purantan.net/", "内容": "ぷらんたん薬局【5:薬局】福島県福島市渡利字沼ノ町４５番地" }, "geometry": { "type": "Point", "coordinates": [ 140.482189, 37.746517 ] } },
{ "type": "Feature", "properties": { "ID": 750752000008, "正式名称": "こせき薬局", "機関区分": 5, "都道府県コード": 7, "市区町村コード": 201, "所在地": "福島県福島市本町４番８号エリプスビル１Ｆ", "緯度": 37.753344, "経度": 140.464733, "url": "https://www.iryou.teikyouseido.mhlw.go.jp/znk-web/juminkanja/S2430/initialize?prefCd=07&kikanCd=0752000008&kikanKbn=5", "url2": "https://www.e-classa.net/koseki/", "内容": "こせき薬局【5:薬局】福島県福島市本町４番８号エリプスビル１Ｆ" }, "geometry": { "type": "Point", "coordinates": [ 140.464733, 37.753344 ] } },
{ "type": "Feature", "properties": { "ID": 750752000009, "正式名称": "有限会社小野寺薬局", "機関区分": 5, "都道府県コード": 7, "市区町村コード": 201, "所在地": "福島県福島市万世町２番３６号", "緯度": 37.757422, "経度": 140.464161, "url": "https://www.iryou.teikyouseido.mhlw.go.jp/znk-web/juminkanja/S2430/initialize?prefCd=07&kikanCd=0752000009&kikanKbn=5", "url2": "http://www.meron-net.jp/kanpo_onodera/", "内容": "有限会社小野寺薬局【5:薬局】福島県福島市万世町２番３６号" }, "geometry": { "type": "Point", "coordinates": [ 140.464161, 37.757422 ] } },
{ "type": "Feature", "properties": { "ID": 750752000011, "正式名称": "元気薬局", "機関区分": 5, "都道府県コード": 7, "市区町村コード": 201, "所在地": "福島県福島市大町２－１４加藤ビル", "緯度": 37.75362, "経度": 140.467132, "url": "https://www.iryou.teikyouseido.mhlw.go.jp/znk-web/juminkanja/S2430/initialize?prefCd=07&kikanCd=0752000011&kikanKbn=5", "url2": null, "内容": "元気薬局【5:薬局】福島県福島市大町２－１４加藤ビル" }, "geometry": { "type": "Point", "coordinates": [ 140.467132, 37.75362 ] } },
{ "type": "Feature", "properties": { "ID": 750752000015, "正式名称": "有限会社アサヒ薬局", "機関区分": 5, "都道府県コード": 7, "市区町村コード": 201, "所在地": "福島県福島市荒井字弁天前１７－１５", "緯度": 37.724192, "経度": 140.384303, "url": "https://www.iryou.teikyouseido.mhlw.go.jp/znk-web/juminkanja/S2430/initialize?prefCd=07&kikanCd=0752000015&kikanKbn=5", "url2": null, "内容": "有限会社アサヒ薬局【5:薬局】福島県福島市荒井字弁天前１７－１５" }, "geometry": { "type": "Point", "coordinates": [ 140.384303, 37.724192 ] } },
{ "type": "Feature", "properties": { "ID": 750752000016, "正式名称": "株式会社飯坂薬局", "機関区分": 5, "都道府県コード": 7, "市区町村コード": 201, "所在地": "福島県福島市飯坂町十綱町７番地", "緯度": 37.830989, "経度": 140.453736, "url": "https://www.iryou.teikyouseido.mhlw.go.jp/znk-web/juminkanja/S2430/initialize?prefCd=07&kikanCd=0752000016&kikanKbn=5", "url2": "https://iizakayakkyoku.com", "内容": "株式会社飯坂薬局【5:薬局】福島県福島市飯坂町十綱町７番地" }, "geometry": { "type": "Point", "coordinates": [ 140.453736, 37.830989 ] } },
{ "type": "Feature", "properties": { "ID": 750752000017, "正式名称": "有限会社ミネギシ薬局", "機関区分": 5, "都道府県コード": 7, "市区町村コード": 201, "所在地": "福島県福島市万世町１－２３", "緯度": 37.756944, "経度": 140.464792, "url": "https://www.iryou.teikyouseido.mhlw.go.jp/znk-web/juminkanja/S2430/initialize?prefCd=07&kikanCd=0752000017&kikanKbn=5", "url2": null, "内容": "有限会社ミネギシ薬局【5:薬局】福島県福島市万世町１－２３" }, "geometry": { "type": "Point", "coordinates": [ 140.464792, 37.756944 ] } },
{ "type": "Feature", "properties": { "ID": 750752000020, "正式名称": "杏林堂薬局　吉井田店", "機関区分": 5, "都道府県コード": 7, "市区町村コード": 201, "所在地": "福島県福島市八木田字神明１１５－３", "緯度": 37.748578, "経度": 140.441236, "url": "https://www.iryou.teikyouseido.mhlw.go.jp/znk-web/juminkanja/S2430/initialize?prefCd=07&kikanCd=0752000020&kikanKbn=5", "url2": null, "内容": "杏林堂薬局　吉井田店【5:薬局】福島県福島市八木田字神明１１５－３" }, "geometry": { "type": "Point", "coordinates": [ 140.441236, 37.748578 ] } },
{ "type": "Feature", "properties": { "ID": 750752000021, "正式名称": "あぶくま薬局", "機関区分": 5, "都道府県コード": 7, "市区町村コード": 201, "所在地": "福島県福島市花園町２－５", "緯度": 37.763103, "経度": 140.471156, "url": "https://www.iryou.teikyouseido.mhlw.go.jp/znk-web/juminkanja/S2430/initialize?prefCd=07&kikanCd=0752000021&kikanKbn=5", "url2": null, "内容": "あぶくま薬局【5:薬局】福島県福島市花園町２－５" }, "geometry": { "type": "Point", "coordinates": [ 140.471156, 37.763103 ] } },
{ "type": "Feature", "properties": { "ID": 750752000022, "正式名称": "本間薬局", "機関区分": 5, "都道府県コード": 7, "市区町村コード": 201, "所在地": "福島県福島市笹木野字水口下２５－６", "緯度": 37.766898, "経度": 140.425277, "url": "https://www.iryou.teikyouseido.mhlw.go.jp/znk-web/juminkanja/S2430/initialize?prefCd=07&kikanCd=0752000022&kikanKbn=5", "url2": null, "内容": "本間薬局【5:薬局】福島県福島市笹木野字水口下２５－６" }, "geometry": { "type": "Point", "coordinates": [ 140.425277, 37.766898 ] } },
{ "type": "Feature", "properties": { "ID": 750752000023, "正式名称": "あおば薬局", "機関区分": 5, "都道府県コード": 7, "市区町村コード": 201, "所在地": "福島県福島市南矢野目字鼓原１８番地の１８", "緯度": 37.785156, "経度": 140.467706, "url": "https://www.iryou.teikyouseido.mhlw.go.jp/znk-web/juminkanja/S2430/initialize?prefCd=07&kikanCd=0752000023&kikanKbn=5", "url2": null, "内容": "あおば薬局【5:薬局】福島県福島市南矢野目字鼓原１８番地の１８" }, "geometry": { "type": "Point", "coordinates": [ 140.467706, 37.785156 ] } },
{ "type": "Feature", "properties": { "ID": 750752000025, "正式名称": "有限会社　小野薬局", "機関区分": 5, "都道府県コード": 7, "市区町村コード": 201, "所在地": "福島県福島市町庭坂字内町２４番地", "緯度": 37.770875, "経度": 140.384237, "url": "https://www.iryou.teikyouseido.mhlw.go.jp/znk-web/juminkanja/S2430/initialize?prefCd=07&kikanCd=0752000025&kikanKbn=5", "url2": null, "内容": "有限会社　小野薬局【5:薬局】福島県福島市町庭坂字内町２４番地" }, "geometry": { "type": "Point", "coordinates": [ 140.384237, 37.770875 ] } },
{ "type": "Feature", "properties": { "ID": 750752000026, "正式名称": "コスモ調剤薬局南中央店", "機関区分": 5, "都道府県コード": 7, "市区町村コード": 201, "所在地": "福島県福島市南中央一丁目６５ー１０", "緯度": 37.760397, "経度": 140.440417, "url": "https://www.iryou.teikyouseido.mhlw.go.jp/znk-web/juminkanja/S2430/initialize?prefCd=07&kikanCd=0752000026&kikanKbn=5", "url2": "http://www.cosmo-ph.co.jp/", "内容": "コスモ調剤薬局南中央店【5:薬局】福島県福島市南中央一丁目６５ー１０" }, "geometry": { "type": "Point", "coordinates": [ 140.440417, 37.760397 ] } },
{ "type": "Feature", "properties": { "ID": 750752000031, "正式名称": "岩井薬局天神橋店", "機関区分": 5, "都道府県コード": 7, "市区町村コード": 201, "所在地": "福島県福島市渡利字天神２７－９メゾン天神橋１０４号", "緯度": 37.746706, "経度": 140.468594, "url": "https://www.iryou.teikyouseido.mhlw.go.jp/znk-web/juminkanja/S2430/initialize?prefCd=07&kikanCd=0752000031&kikanKbn=5", "url2": null, "内容": "岩井薬局天神橋店【5:薬局】福島県福島市渡利字天神２７－９メゾン天神橋１０４号" }, "geometry": { "type": "Point", "coordinates": [ 140.468594, 37.746706 ] } },
{ "type": "Feature", "properties": { "ID": 750752000033, "正式名称": "ひかり薬局笹谷", "機関区分": 5, "都道府県コード": 7, "市区町村コード": 201, "所在地": "福島県福島市北沢又字成出１３－２４", "緯度": 37.786292, "経度": 140.438653, "url": "https://www.iryou.teikyouseido.mhlw.go.jp/znk-web/juminkanja/S2430/initialize?prefCd=07&kikanCd=0752000033&kikanKbn=5", "url2": "http://www.hikari-pharmacy.co.jp", "内容": "ひかり薬局笹谷【5:薬局】福島県福島市北沢又字成出１３－２４" }, "geometry": { "type": "Point", "coordinates": [ 140.438653, 37.786292 ] } },
{ "type": "Feature", "properties": { "ID": 750752000034, "正式名称": "すみれ薬局", "機関区分": 5, "都道府県コード": 7, "市区町村コード": 201, "所在地": "福島県福島市東中央３－１－５", "緯度": 37.761574, "経度": 140.438143, "url": "https://www.iryou.teikyouseido.mhlw.go.jp/znk-web/juminkanja/S2430/initialize?prefCd=07&kikanCd=0752000034&kikanKbn=5", "url2": "http://www.jp-group.co.jp/", "内容": "すみれ薬局【5:薬局】福島県福島市東中央３－１－５" }, "geometry": { "type": "Point", "coordinates": [ 140.438143, 37.761574 ] } },
{ "type": "Feature", "properties": { "ID": 750752000036, "正式名称": "有限会社三益屋薬局", "機関区分": 5, "都道府県コード": 7, "市区町村コード": 201, "所在地": "福島県福島市大森字本町１８－３", "緯度": 37.728431, "経度": 140.438233, "url": "https://www.iryou.teikyouseido.mhlw.go.jp/znk-web/juminkanja/S2430/initialize?prefCd=07&kikanCd=0752000036&kikanKbn=5", "url2": null, "内容": "有限会社三益屋薬局【5:薬局】福島県福島市大森字本町１８－３" }, "geometry": { "type": "Point", "coordinates": [ 140.438233, 37.728431 ] } },
{ "type": "Feature", "properties": { "ID": 750752000038, "正式名称": "笹谷薬局", "機関区分": 5, "都道府県コード": 7, "市区町村コード": 201, "所在地": "福島県福島市笹谷字出歩１－１２", "緯度": 37.79529, "経度": 140.431667, "url": "https://www.iryou.teikyouseido.mhlw.go.jp/znk-web/juminkanja/S2430/initialize?prefCd=07&kikanCd=0752000038&kikanKbn=5", "url2": null, "内容": "笹谷薬局【5:薬局】福島県福島市笹谷字出歩１－１２" }, "geometry": { "type": "Point", "coordinates": [ 140.431667, 37.79529 ] } },
{ "type": "Feature", "properties": { "ID": 750752000039, "正式名称": "堀切薬局", "機関区分": 5, "都道府県コード": 7, "市区町村コード": 201, "所在地": "福島県福島市飯坂町湯野字湯ノ上３６", "緯度": 37.830268, "経度": 140.456149, "url": "https://www.iryou.teikyouseido.mhlw.go.jp/znk-web/juminkanja/S2430/initialize?prefCd=07&kikanCd=0752000039&kikanKbn=5", "url2": null, "内容": "堀切薬局【5:薬局】福島県福島市飯坂町湯野字湯ノ上３６" }, "geometry": { "type": "Point", "coordinates": [ 140.456149, 37.830268 ] } },
{ "type": "Feature", "properties": { "ID": 750752000042, "正式名称": "クオール薬局野田町店", "機関区分": 5, "都道府県コード": 7, "市区町村コード": 201, "所在地": "福島県福島市野田町１－１３－５４", "緯度": 37.754856, "経度": 140.448839, "url": "https://www.iryou.teikyouseido.mhlw.go.jp/znk-web/juminkanja/S2430/initialize?prefCd=07&kikanCd=0752000042&kikanKbn=5", "url2": "https://www.qol-net.co.jp/pharmacy/map/detail.php?id=469", "内容": "クオール薬局野田町店【5:薬局】福島県福島市野田町１－１３－５４" }, "geometry": { "type": "Point", "coordinates": [ 140.448839, 37.754856 ] } },
{ "type": "Feature", "properties": { "ID": 750752000044, "正式名称": "有限会社　　あおい薬局", "機関区分": 5, "都道府県コード": 7, "市区町村コード": 201, "所在地": "福島県福島市上名倉字吉前３８番地５", "緯度": 37.735285, "経度": 140.402523, "url": "https://www.iryou.teikyouseido.mhlw.go.jp/znk-web/juminkanja/S2430/initialize?prefCd=07&kikanCd=0752000044&kikanKbn=5", "url2": null, "内容": "有限会社　　あおい薬局【5:薬局】福島県福島市上名倉字吉前３８番地５" }, "geometry": { "type": "Point", "coordinates": [ 140.402523, 37.735285 ] } },
{ "type": "Feature", "properties": { "ID": 750752000045, "正式名称": "クオール薬局南沢又店", "機関区分": 5, "都道府県コード": 7, "市区町村コード": 201, "所在地": "福島県福島市南沢又字松北町２－１４－５", "緯度": 37.785717, "経度": 140.435436, "url": "https://www.iryou.teikyouseido.mhlw.go.jp/znk-web/juminkanja/S2430/initialize?prefCd=07&kikanCd=0752000045&kikanKbn=5", "url2": "https://www.qol-net.co.jp/pharmacy/map/detail.php?id=470", "内容": "クオール薬局南沢又店【5:薬局】福島県福島市南沢又字松北町２－１４－５" }, "geometry": { "type": "Point", "coordinates": [ 140.435436, 37.785717 ] } },
{ "type": "Feature", "properties": { "ID": 750752000048, "正式名称": "有限会社しらさか薬局", "機関区分": 5, "都道府県コード": 7, "市区町村コード": 201, "所在地": "福島県福島市岡部字中川原１－６", "緯度": 37.78021, "経度": 140.498345, "url": "https://www.iryou.teikyouseido.mhlw.go.jp/znk-web/juminkanja/S2430/initialize?prefCd=07&kikanCd=0752000048&kikanKbn=5", "url2": null, "内容": "有限会社しらさか薬局【5:薬局】福島県福島市岡部字中川原１－６" }, "geometry": { "type": "Point", "coordinates": [ 140.498345, 37.78021 ] } },
{ "type": "Feature", "properties": { "ID": 750752000049, "正式名称": "漢方薬局回春堂", "機関区分": 5, "都道府県コード": 7, "市区町村コード": 201, "所在地": "福島県福島市八木田字並柳３８番地の３", "緯度": 37.747917, "経度": 140.448775, "url": "https://www.iryou.teikyouseido.mhlw.go.jp/znk-web/juminkanja/S2430/initialize?prefCd=07&kikanCd=0752000049&kikanKbn=5", "url2": null, "内容": "漢方薬局回春堂【5:薬局】福島県福島市八木田字並柳３８番地の３" }, "geometry": { "type": "Point", "coordinates": [ 140.448775, 37.747917 ] } },
{ "type": "Feature", "properties": { "ID": 750752000054, "正式名称": "ひまわり薬局", "機関区分": 5, "都道府県コード": 7, "市区町村コード": 201, "所在地": "福島県福島市瀬上町字町裏２番３", "緯度": 37.803294, "経度": 140.493072, "url": "https://www.iryou.teikyouseido.mhlw.go.jp/znk-web/juminkanja/S2430/initialize?prefCd=07&kikanCd=0752000054&kikanKbn=5", "url2": null, "内容": "ひまわり薬局【5:薬局】福島県福島市瀬上町字町裏２番３" }, "geometry": { "type": "Point", "coordinates": [ 140.493072, 37.803294 ] } },
{ "type": "Feature", "properties": { "ID": 750752000055, "正式名称": "あじさい薬局", "機関区分": 5, "都道府県コード": 7, "市区町村コード": 201, "所在地": "福島県福島市天神町１２－１０", "緯度": 37.759161, "経度": 140.462814, "url": "https://www.iryou.teikyouseido.mhlw.go.jp/znk-web/juminkanja/S2430/initialize?prefCd=07&kikanCd=0752000055&kikanKbn=5", "url2": null, "内容": "あじさい薬局【5:薬局】福島県福島市天神町１２－１０" }, "geometry": { "type": "Point", "coordinates": [ 140.462814, 37.759161 ] } },
{ "type": "Feature", "properties": { "ID": 750752000059, "正式名称": "ほうらい薬局", "機関区分": 5, "都道府県コード": 7, "市区町村コード": 201, "所在地": "福島県福島市蓬莱町二丁目２番２号", "緯度": 37.698597, "経度": 140.471175, "url": "https://www.iryou.teikyouseido.mhlw.go.jp/znk-web/juminkanja/S2430/initialize?prefCd=07&kikanCd=0752000059&kikanKbn=5", "url2": null, "内容": "ほうらい薬局【5:薬局】福島県福島市蓬莱町二丁目２番２号" }, "geometry": { "type": "Point", "coordinates": [ 140.471175, 37.698597 ] } },
{ "type": "Feature", "properties": { "ID": 750752000063, "正式名称": "南せのうえ薬局", "機関区分": 5, "都道府県コード": 7, "市区町村コード": 201, "所在地": "福島県福島市瀬上町四斗蒔３１－１", "緯度": 37.800983, "経度": 140.491292, "url": "https://www.iryou.teikyouseido.mhlw.go.jp/znk-web/juminkanja/S2430/initialize?prefCd=07&kikanCd=0752000063&kikanKbn=5", "url2": "http://www.cosmo-ph.co.jp/", "内容": "南せのうえ薬局【5:薬局】福島県福島市瀬上町四斗蒔３１－１" }, "geometry": { "type": "Point", "coordinates": [ 140.491292, 37.800983 ] } },
{ "type": "Feature", "properties": { "ID": 750752000064, "正式名称": "清幸堂薬局", "機関区分": 5, "都道府県コード": 7, "市区町村コード": 201, "所在地": "福島県福島市太田町２３－４９", "緯度": 37.751987, "経度": 140.453972, "url": "https://www.iryou.teikyouseido.mhlw.go.jp/znk-web/juminkanja/S2430/initialize?prefCd=07&kikanCd=0752000064&kikanKbn=5", "url2": null, "内容": "清幸堂薬局【5:薬局】福島県福島市太田町２３－４９" }, "geometry": { "type": "Point", "coordinates": [ 140.453972, 37.751987 ] } },
{ "type": "Feature", "properties": { "ID": 750752000065, "正式名称": "保原薬局松川店", "機関区分": 5, "都道府県コード": 7, "市区町村コード": 201, "所在地": "福島県福島市松川町沼袋字北原８５－１", "緯度": 37.654256, "経度": 140.487569, "url": "https://www.iryou.teikyouseido.mhlw.go.jp/znk-web/juminkanja/S2430/initialize?prefCd=07&kikanCd=0752000065&kikanKbn=5", "url2": "https://fukushima-ms.com", "内容": "保原薬局松川店【5:薬局】福島県福島市松川町沼袋字北原８５－１" }, "geometry": { "type": "Point", "coordinates": [ 140.487569, 37.654256 ] } },
{ "type": "Feature", "properties": { "ID": 750752000068, "正式名称": "ふたば薬局", "機関区分": 5, "都道府県コード": 7, "市区町村コード": 201, "所在地": "福島県福島市北五老内町３－２１", "緯度": 37.762964, "経度": 140.475642, "url": "https://www.iryou.teikyouseido.mhlw.go.jp/znk-web/juminkanja/S2430/initialize?prefCd=07&kikanCd=0752000068&kikanKbn=5", "url2": "http://www.futaba-ph.co.jp", "内容": "ふたば薬局【5:薬局】福島県福島市北五老内町３－２１" }, "geometry": { "type": "Point", "coordinates": [ 140.475642, 37.762964 ] } },
{ "type": "Feature", "properties": { "ID": 750752000070, "正式名称": "クオール薬局　せのうえ店", "機関区分": 5, "都道府県コード": 7, "市区町村コード": 201, "所在地": "福島県福島市瀬上町字寺前１－１２", "緯度": 37.801731, "経度": 140.494161, "url": "https://www.iryou.teikyouseido.mhlw.go.jp/znk-web/juminkanja/S2430/initialize?prefCd=07&kikanCd=0752000070&kikanKbn=5", "url2": "https://www.qol-net.co.jp", "内容": "クオール薬局　せのうえ店【5:薬局】福島県福島市瀬上町字寺前１－１２" }, "geometry": { "type": "Point", "coordinates": [ 140.494161, 37.801731 ] } },
{ "type": "Feature", "properties": { "ID": 750752000071, "正式名称": "クオール薬局　　とやの店", "機関区分": 5, "都道府県コード": 7, "市区町村コード": 201, "所在地": "福島県福島市鳥谷野字宮畑６５－２", "緯度": 37.733711, "経度": 140.465564, "url": "https://www.iryou.teikyouseido.mhlw.go.jp/znk-web/juminkanja/S2430/initialize?prefCd=07&kikanCd=0752000071&kikanKbn=5", "url2": "https://www.qol-net.co.jp/pharmacy/map/detail.php?id=472", "内容": "クオール薬局　　とやの店【5:薬局】福島県福島市鳥谷野字宮畑６５－２" }, "geometry": { "type": "Point", "coordinates": [ 140.465564, 37.733711 ] } },
{ "type": "Feature", "properties": { "ID": 750752000072, "正式名称": "薬局マツモトキヨシ　エスパル福島店", "機関区分": 5, "都道府県コード": 7, "市区町村コード": 201, "所在地": "福島県福島市栄町１－１", "緯度": 37.754764, "経度": 140.460311, "url": "https://www.iryou.teikyouseido.mhlw.go.jp/znk-web/juminkanja/S2430/initialize?prefCd=07&kikanCd=0752000072&kikanKbn=5", "url2": "http://www.matsukiyo.co.jp/", "内容": "薬局マツモトキヨシ　エスパル福島店【5:薬局】福島県福島市栄町１－１" }, "geometry": { "type": "Point", "coordinates": [ 140.460311, 37.754764 ] } },
{ "type": "Feature", "properties": { "ID": 750752000074, "正式名称": "ファーマライズ薬局　泉店", "機関区分": 5, "都道府県コード": 7, "市区町村コード": 201, "所在地": "福島県福島市泉字泉川３－２１", "緯度": 37.776986, "経度": 140.447089, "url": "https://www.iryou.teikyouseido.mhlw.go.jp/znk-web/juminkanja/S2430/initialize?prefCd=07&kikanCd=0752000074&kikanKbn=5", "url2": "http://www.pharmarise.com/", "内容": "ファーマライズ薬局　泉店【5:薬局】福島県福島市泉字泉川３－２１" }, "geometry": { "type": "Point", "coordinates": [ 140.447089, 37.776986 ] } },
{ "type": "Feature", "properties": { "ID": 750752000075, "正式名称": "ファーマライズ薬局　鎌田店", "機関区分": 5, "都道府県コード": 7, "市区町村コード": 201, "所在地": "福島県福島市鎌田字中江１０－５", "緯度": 37.797236, "経度": 140.478967, "url": "https://www.iryou.teikyouseido.mhlw.go.jp/znk-web/juminkanja/S2430/initialize?prefCd=07&kikanCd=0752000075&kikanKbn=5", "url2": "http://www.pharmarise.com/", "内容": "ファーマライズ薬局　鎌田店【5:薬局】福島県福島市鎌田字中江１０－５" }, "geometry": { "type": "Point", "coordinates": [ 140.478967, 37.797236 ] } },
{ "type": "Feature", "properties": { "ID": 750752000076, "正式名称": "ファーマライズ薬局　北沢又店", "機関区分": 5, "都道府県コード": 7, "市区町村コード": 201, "所在地": "福島県福島市北沢又字成出２４－５", "緯度": 37.786744, "経度": 140.438417, "url": "https://www.iryou.teikyouseido.mhlw.go.jp/znk-web/juminkanja/S2430/initialize?prefCd=07&kikanCd=0752000076&kikanKbn=5", "url2": "http://www.pharmarise.com/", "内容": "ファーマライズ薬局　北沢又店【5:薬局】福島県福島市北沢又字成出２４－５" }, "geometry": { "type": "Point", "coordinates": [ 140.438417, 37.786744 ] } },
{ "type": "Feature", "properties": { "ID": 750752000077, "正式名称": "ファーマライズ薬局　南福島店", "機関区分": 5, "都道府県コード": 7, "市区町村コード": 201, "所在地": "福島県福島市永井川字壇ノ腰６－１エトワール南福島１０３号", "緯度": 37.724361, "経度": 140.456903, "url": "https://www.iryou.teikyouseido.mhlw.go.jp/znk-web/juminkanja/S2430/initialize?prefCd=07&kikanCd=0752000077&kikanKbn=5", "url2": "http://www.pharmarise.com/", "内容": "ファーマライズ薬局　南福島店【5:薬局】福島県福島市永井川字壇ノ腰６－１エトワール南福島１０３号" }, "geometry": { "type": "Point", "coordinates": [ 140.456903, 37.724361 ] } },
{ "type": "Feature", "properties": { "ID": 750752000078, "正式名称": "ファーマライズ薬局　大町店", "機関区分": 5, "都道府県コード": 7, "市区町村コード": 201, "所在地": "福島県福島市大町７－１１三共福島ビル１階", "緯度": 37.753228, "経度": 140.467614, "url": "https://www.iryou.teikyouseido.mhlw.go.jp/znk-web/juminkanja/S2430/initialize?prefCd=07&kikanCd=0752000078&kikanKbn=5", "url2": "https://www.pharmarise.com", "内容": "ファーマライズ薬局　大町店【5:薬局】福島県福島市大町７－１１三共福島ビル１階" }, "geometry": { "type": "Point", "coordinates": [ 140.467614, 37.753228 ] } },
{ "type": "Feature", "properties": { "ID": 750752000079, "正式名称": "ファーマライズ薬局　八島店", "機関区分": 5, "都道府県コード": 7, "市区町村コード": 201, "所在地": "福島県福島市八島町２－８", "緯度": 37.769903, "経度": 140.482467, "url": "https://www.iryou.teikyouseido.mhlw.go.jp/znk-web/juminkanja/S2430/initialize?prefCd=07&kikanCd=0752000079&kikanKbn=5", "url2": "http://www.phamarise.com", "内容": "ファーマライズ薬局　八島店【5:薬局】福島県福島市八島町２－８" }, "geometry": { "type": "Point", "coordinates": [ 140.482467, 37.769903 ] } },
{ "type": "Feature", "properties": { "ID": 750752000080, "正式名称": "あすか調剤薬局　大森店", "機関区分": 5, "都道府県コード": 7, "市区町村コード": 201, "所在地": "福島県福島市大森字城ノ内５０番地の１", "緯度": 37.735586, "経度": 140.455053, "url": "https://www.iryou.teikyouseido.mhlw.go.jp/znk-web/juminkanja/S2430/initialize?prefCd=07&kikanCd=0752000080&kikanKbn=5", "url2": null, "内容": "あすか調剤薬局　大森店【5:薬局】福島県福島市大森字城ノ内５０番地の１" }, "geometry": { "type": "Point", "coordinates": [ 140.455053, 37.735586 ] } },
{ "type": "Feature", "properties": { "ID": 750752000081, "正式名称": "ぷらんたん薬局　ささや", "機関区分": 5, "都道府県コード": 7, "市区町村コード": 201, "所在地": "福島県福島市笹谷字塗谷地３７－１５", "緯度": 37.793956, "経度": 140.443522, "url": "https://www.iryou.teikyouseido.mhlw.go.jp/znk-web/juminkanja/S2430/initialize?prefCd=07&kikanCd=0752000081&kikanKbn=5", "url2": "http://purantan.net", "内容": "ぷらんたん薬局　ささや【5:薬局】福島県福島市笹谷字塗谷地３７－１５" }, "geometry": { "type": "Point", "coordinates": [ 140.443522, 37.793956 ] } },
{ "type": "Feature", "properties": { "ID": 750752000082, "正式名称": "寺島薬局　北町店", "機関区分": 5, "都道府県コード": 7, "市区町村コード": 201, "所在地": "福島県福島市北町１番３６号", "緯度": 37.753194, "経度": 140.470734, "url": "https://www.iryou.teikyouseido.mhlw.go.jp/znk-web/juminkanja/S2430/initialize?prefCd=07&kikanCd=0752000082&kikanKbn=5", "url2": null, "内容": "寺島薬局　北町店【5:薬局】福島県福島市北町１番３６号" }, "geometry": { "type": "Point", "coordinates": [ 140.470734, 37.753194 ] } },
{ "type": "Feature", "properties": { "ID": 750752000083, "正式名称": "コスモ調剤薬局　泉店", "機関区分": 5, "都道府県コード": 7, "市区町村コード": 201, "所在地": "福島県福島市泉字火焼津１７番１", "緯度": 37.777467, "経度": 140.451497, "url": "https://www.iryou.teikyouseido.mhlw.go.jp/znk-web/juminkanja/S2430/initialize?prefCd=07&kikanCd=0752000083&kikanKbn=5", "url2": "http://www.cosmo-ph.co.jp/", "内容": "コスモ調剤薬局　泉店【5:薬局】福島県福島市泉字火焼津１７番１" }, "geometry": { "type": "Point", "coordinates": [ 140.451497, 37.777467 ] } },
{ "type": "Feature", "properties": { "ID": 750752000084, "正式名称": "アジア堂薬局", "機関区分": 5, "都道府県コード": 7, "市区町村コード": 201, "所在地": "福島県福島市伏拝字台田３番地の３", "緯度": 37.723631, "経度": 140.459483, "url": "https://www.iryou.teikyouseido.mhlw.go.jp/znk-web/juminkanja/S2430/initialize?prefCd=07&kikanCd=0752000084&kikanKbn=5", "url2": "https://www.e-classa.net/ajiadoyaku/index.html", "内容": "アジア堂薬局【5:薬局】福島県福島市伏拝字台田３番地の３" }, "geometry": { "type": "Point", "coordinates": [ 140.459483, 37.723631 ] } },
{ "type": "Feature", "properties": { "ID": 750752000086, "正式名称": "コスモ調剤薬局　森合店", "機関区分": 5, "都道府県コード": 7, "市区町村コード": 201, "所在地": "福島県福島市森合字屋敷下３８－１４", "緯度": 37.764694, "経度": 140.456278, "url": "https://www.iryou.teikyouseido.mhlw.go.jp/znk-web/juminkanja/S2430/initialize?prefCd=07&kikanCd=0752000086&kikanKbn=5", "url2": "http://www.cosmo-ph.co.jp/", "内容": "コスモ調剤薬局　森合店【5:薬局】福島県福島市森合字屋敷下３８－１４" }, "geometry": { "type": "Point", "coordinates": [ 140.456278, 37.764694 ] } },
{ "type": "Feature", "properties": { "ID": 750752000088, "正式名称": "カワチ薬局　福島南店", "機関区分": 5, "都道府県コード": 7, "市区町村コード": 201, "所在地": "福島県福島市鳥谷野字宮畑５１", "緯度": 37.733553, "経度": 140.467306, "url": "https://www.iryou.teikyouseido.mhlw.go.jp/znk-web/juminkanja/S2430/initialize?prefCd=07&kikanCd=0752000088&kikanKbn=5", "url2": "http://www.cawachi.co.jp", "内容": "カワチ薬局　福島南店【5:薬局】福島県福島市鳥谷野字宮畑５１" }, "geometry": { "type": "Point", "coordinates": [ 140.467306, 37.733553 ] } },
{ "type": "Feature", "properties": { "ID": 750752000090, "正式名称": "ふたば薬局　笹谷店", "機関区分": 5, "都道府県コード": 7, "市区町村コード": 201, "所在地": "福島県福島市笹谷字中田４番地１７", "緯度": 37.794504, "経度": 140.436605, "url": "https://www.iryou.teikyouseido.mhlw.go.jp/znk-web/juminkanja/S2430/initialize?prefCd=07&kikanCd=0752000090&kikanKbn=5", "url2": "http://www.futaba-ph.co.jp/", "内容": "ふたば薬局　笹谷店【5:薬局】福島県福島市笹谷字中田４番地１７" }, "geometry": { "type": "Point", "coordinates": [ 140.436605, 37.794504 ] } },
{ "type": "Feature", "properties": { "ID": 750752000093, "正式名称": "クオール薬局福島店", "機関区分": 5, "都道府県コード": 7, "市区町村コード": 201, "所在地": "福島県福島市荒井北３丁目２－３６", "緯度": 37.725942, "経度": 140.388639, "url": "https://www.iryou.teikyouseido.mhlw.go.jp/znk-web/juminkanja/S2430/initialize?prefCd=07&kikanCd=0752000093&kikanKbn=5", "url2": "http://www.qol-net.co.jp/pharmacy/map/detail.php?id=27", "内容": "クオール薬局福島店【5:薬局】福島県福島市荒井北３丁目２－３６" }, "geometry": { "type": "Point", "coordinates": [ 140.388639, 37.725942 ] } },
{ "type": "Feature", "properties": { "ID": 750752000094, "正式名称": "有限会社小島薬局", "機関区分": 5, "都道府県コード": 7, "市区町村コード": 201, "所在地": "福島県福島市太田町１９番１号", "緯度": 37.751853, "経度": 140.456222, "url": "https://www.iryou.teikyouseido.mhlw.go.jp/znk-web/juminkanja/S2430/initialize?prefCd=07&kikanCd=0752000094&kikanKbn=5", "url2": null, "内容": "有限会社小島薬局【5:薬局】福島県福島市太田町１９番１号" }, "geometry": { "type": "Point", "coordinates": [ 140.456222, 37.751853 ] } },
{ "type": "Feature", "properties": { "ID": 750752000095, "正式名称": "コスモ調剤薬局蓬莱店", "機関区分": 5, "都道府県コード": 7, "市区町村コード": 201, "所在地": "福島県福島市蓬莱町二丁目２番１１１号", "緯度": 37.693575, "経度": 140.472311, "url": "https://www.iryou.teikyouseido.mhlw.go.jp/znk-web/juminkanja/S2430/initialize?prefCd=07&kikanCd=0752000095&kikanKbn=5", "url2": "http://www.cosmo-ph.co.jp/", "内容": "コスモ調剤薬局蓬莱店【5:薬局】福島県福島市蓬莱町二丁目２番１１１号" }, "geometry": { "type": "Point", "coordinates": [ 140.472311, 37.693575 ] } },
{ "type": "Feature", "properties": { "ID": 750752000100, "正式名称": "有限会社しみず薬局しのぶヶ丘店", "機関区分": 5, "都道府県コード": 7, "市区町村コード": 201, "所在地": "福島県福島市矢倉下１４－１", "緯度": 37.772627, "経度": 140.486907, "url": "https://www.iryou.teikyouseido.mhlw.go.jp/znk-web/juminkanja/S2430/initialize?prefCd=07&kikanCd=0752000100&kikanKbn=5", "url2": null, "内容": "有限会社しみず薬局しのぶヶ丘店【5:薬局】福島県福島市矢倉下１４－１" }, "geometry": { "type": "Point", "coordinates": [ 140.486907, 37.772627 ] } },
{ "type": "Feature", "properties": { "ID": 750752000101, "正式名称": "オリーブ薬局", "機関区分": 5, "都道府県コード": 7, "市区町村コード": 201, "所在地": "福島県福島市渡利字鳥谷下町３８番地３", "緯度": 37.743203, "経度": 140.482797, "url": "https://www.iryou.teikyouseido.mhlw.go.jp/znk-web/juminkanja/S2430/initialize?prefCd=07&kikanCd=0752000101&kikanKbn=5", "url2": null, "内容": "オリーブ薬局【5:薬局】福島県福島市渡利字鳥谷下町３８番地３" }, "geometry": { "type": "Point", "coordinates": [ 140.482797, 37.743203 ] } },
{ "type": "Feature", "properties": { "ID": 750752000105, "正式名称": "弘明堂薬局", "機関区分": 5, "都道府県コード": 7, "市区町村コード": 201, "所在地": "福島県福島市中町１－１２サンライズ中町ビルＢ－１０１", "緯度": 37.75045, "経度": 140.465244, "url": "https://www.iryou.teikyouseido.mhlw.go.jp/znk-web/juminkanja/S2430/initialize?prefCd=07&kikanCd=0752000105&kikanKbn=5", "url2": null, "内容": "弘明堂薬局【5:薬局】福島県福島市中町１－１２サンライズ中町ビルＢ－１０１" }, "geometry": { "type": "Point", "coordinates": [ 140.465244, 37.75045 ] } },
{ "type": "Feature", "properties": { "ID": 750752000107, "正式名称": "株式会社あさがお薬局", "機関区分": 5, "都道府県コード": 7, "市区町村コード": 201, "所在地": "福島県福島市入江町１２－１９", "緯度": 37.769003, "経度": 140.479533, "url": "https://www.iryou.teikyouseido.mhlw.go.jp/znk-web/juminkanja/S2430/initialize?prefCd=07&kikanCd=0752000107&kikanKbn=5", "url2": null, "内容": "株式会社あさがお薬局【5:薬局】福島県福島市入江町１２－１９" }, "geometry": { "type": "Point", "coordinates": [ 140.479533, 37.769003 ] } },
{ "type": "Feature", "properties": { "ID": 750752000108, "正式名称": "きりん調剤薬局", "機関区分": 5, "都道府県コード": 7, "市区町村コード": 201, "所在地": "福島県福島市桜木町１－２１", "緯度": 37.759822, "経度": 140.477397, "url": "https://www.iryou.teikyouseido.mhlw.go.jp/znk-web/juminkanja/S2430/initialize?prefCd=07&kikanCd=0752000108&kikanKbn=5", "url2": null, "内容": "きりん調剤薬局【5:薬局】福島県福島市桜木町１－２１" }, "geometry": { "type": "Point", "coordinates": [ 140.477397, 37.759822 ] } },
{ "type": "Feature", "properties": { "ID": 750752000111, "正式名称": "有限会社石井薬局", "機関区分": 5, "都道府県コード": 7, "市区町村コード": 308, "所在地": "福島県伊達郡川俣町字中丁４８番地", "緯度": 37.668036, "経度": 140.603722, "url": "https://www.iryou.teikyouseido.mhlw.go.jp/znk-web/juminkanja/S2430/initialize?prefCd=07&kikanCd=0752000111&kikanKbn=5", "url2": null, "内容": "有限会社石井薬局【5:薬局】福島県伊達郡川俣町字中丁４８番地" }, "geometry": { "type": "Point", "coordinates": [ 140.603722, 37.668036 ] } },
{ "type": "Feature", "properties": { "ID": 750752000113, "正式名称": "きりふや薬局", "機関区分": 5, "都道府県コード": 7, "市区町村コード": 308, "所在地": "福島県伊達郡川俣町字鉄炮町７６番地", "緯度": 37.662156, "経度": 140.603119, "url": "https://www.iryou.teikyouseido.mhlw.go.jp/znk-web/juminkanja/S2430/initialize?prefCd=07&kikanCd=0752000113&kikanKbn=5", "url2": null, "内容": "きりふや薬局【5:薬局】福島県伊達郡川俣町字鉄炮町７６番地" }, "geometry": { "type": "Point", "coordinates": [ 140.603119, 37.662156 ] } },
{ "type": "Feature", "properties": { "ID": 750752000114, "正式名称": "有限会社けんこう薬局", "機関区分": 5, "都道府県コード": 7, "市区町村コード": 308, "所在地": "福島県伊達郡川俣町大字鶴沢字京田３８－１", "緯度": 37.664092, "経度": 140.595219, "url": "https://www.iryou.teikyouseido.mhlw.go.jp/znk-web/juminkanja/S2430/initialize?prefCd=07&kikanCd=0752000114&kikanKbn=5", "url2": null, "内容": "有限会社けんこう薬局【5:薬局】福島県伊達郡川俣町大字鶴沢字京田３８－１" }, "geometry": { "type": "Point", "coordinates": [ 140.595219, 37.664092 ] } },
{ "type": "Feature", "properties": { "ID": 750752000115, "正式名称": "コスモ調剤薬局黒岩店", "機関区分": 5, "都道府県コード": 7, "市区町村コード": 201, "所在地": "福島県福島市黒岩字北井２番４号", "緯度": 37.729631, "経度": 140.461544, "url": "https://www.iryou.teikyouseido.mhlw.go.jp/znk-web/juminkanja/S2430/initialize?prefCd=07&kikanCd=0752000115&kikanKbn=5", "url2": "http://www.cosmo-ph.co.jp/", "内容": "コスモ調剤薬局黒岩店【5:薬局】福島県福島市黒岩字北井２番４号" }, "geometry": { "type": "Point", "coordinates": [ 140.461544, 37.729631 ] } },
{ "type": "Feature", "properties": { "ID": 750752000118, "正式名称": "有限会社　武藤薬局", "機関区分": 5, "都道府県コード": 7, "市区町村コード": 201, "所在地": "福島県福島市飯野町字町４１", "緯度": 37.656067, "経度": 140.537956, "url": "https://www.iryou.teikyouseido.mhlw.go.jp/znk-web/juminkanja/S2430/initialize?prefCd=07&kikanCd=0752000118&kikanKbn=5", "url2": null, "内容": "有限会社　武藤薬局【5:薬局】福島県福島市飯野町字町４１" }, "geometry": { "type": "Point", "coordinates": [ 140.537956, 37.656067 ] } },
{ "type": "Feature", "properties": { "ID": 750752000120, "正式名称": "コスモ調剤薬局北中央公園前店", "機関区分": 5, "都道府県コード": 7, "市区町村コード": 201, "所在地": "福島県福島市南矢野目字清水前３１－５", "緯度": 37.789627, "経度": 140.4489, "url": "https://www.iryou.teikyouseido.mhlw.go.jp/znk-web/juminkanja/S2430/initialize?prefCd=07&kikanCd=0752000120&kikanKbn=5", "url2": "http://www.cosmo-ph.co.jp/", "内容": "コスモ調剤薬局北中央公園前店【5:薬局】福島県福島市南矢野目字清水前３１－５" }, "geometry": { "type": "Point", "coordinates": [ 140.4489, 37.789627 ] } },
{ "type": "Feature", "properties": { "ID": 750752000121, "正式名称": "健歩薬局", "機関区分": 5, "都道府県コード": 7, "市区町村コード": 201, "所在地": "福島県福島市大森字高畑７０番地の３", "緯度": 37.734231, "経度": 140.448347, "url": "https://www.iryou.teikyouseido.mhlw.go.jp/znk-web/juminkanja/S2430/initialize?prefCd=07&kikanCd=0752000121&kikanKbn=5", "url2": "http://mykenpo.jp/", "内容": "健歩薬局【5:薬局】福島県福島市大森字高畑７０番地の３" }, "geometry": { "type": "Point", "coordinates": [ 140.448347, 37.734231 ] } },
{ "type": "Feature", "properties": { "ID": 750752000122, "正式名称": "コスモ調剤薬局南矢野目店", "機関区分": 5, "都道府県コード": 7, "市区町村コード": 201, "所在地": "福島県福島市南矢野目字荒屋敷５３－１１", "緯度": 37.789322, "経度": 140.457656, "url": "https://www.iryou.teikyouseido.mhlw.go.jp/znk-web/juminkanja/S2430/initialize?prefCd=07&kikanCd=0752000122&kikanKbn=5", "url2": "http://www.cosmo-ph.co.jp/", "内容": "コスモ調剤薬局南矢野目店【5:薬局】福島県福島市南矢野目字荒屋敷５３－１１" }, "geometry": { "type": "Point", "coordinates": [ 140.457656, 37.789322 ] } },
{ "type": "Feature", "properties": { "ID": 750752000127, "正式名称": "コスモ調剤薬局永井川店", "機関区分": 5, "都道府県コード": 7, "市区町村コード": 201, "所在地": "福島県福島市永井川字北谷地８－１", "緯度": 37.724472, "経度": 140.447164, "url": "https://www.iryou.teikyouseido.mhlw.go.jp/znk-web/juminkanja/S2430/initialize?prefCd=07&kikanCd=0752000127&kikanKbn=5", "url2": "http://www.cosmo-ph.co.jp/", "内容": "コスモ調剤薬局永井川店【5:薬局】福島県福島市永井川字北谷地８－１" }, "geometry": { "type": "Point", "coordinates": [ 140.447164, 37.724472 ] } },
{ "type": "Feature", "properties": { "ID": 750752000128, "正式名称": "げんじろう調剤薬局　　泉店", "機関区分": 5, "都道府県コード": 7, "市区町村コード": 201, "所在地": "福島県福島市泉字弐斗蒔１８－１６", "緯度": 37.775331, "経度": 140.451219, "url": "https://www.iryou.teikyouseido.mhlw.go.jp/znk-web/juminkanja/S2430/initialize?prefCd=07&kikanCd=0752000128&kikanKbn=5", "url2": "http://www.cosmo-ph.co.jp/", "内容": "げんじろう調剤薬局　　泉店【5:薬局】福島県福島市泉字弐斗蒔１８－１６" }, "geometry": { "type": "Point", "coordinates": [ 140.451219, 37.775331 ] } },
{ "type": "Feature", "properties": { "ID": 750752000129, "正式名称": "さくら調剤薬局", "機関区分": 5, "都道府県コード": 7, "市区町村コード": 308, "所在地": "福島県伊達郡川俣町大字鶴沢字川端３０－１９", "緯度": 37.6654, "経度": 140.595558, "url": "https://www.iryou.teikyouseido.mhlw.go.jp/znk-web/juminkanja/S2430/initialize?prefCd=07&kikanCd=0752000129&kikanKbn=5", "url2": "https://e-classa.net/sakura-kawamata/index.html", "内容": "さくら調剤薬局【5:薬局】福島県伊達郡川俣町大字鶴沢字川端３０－１９" }, "geometry": { "type": "Point", "coordinates": [ 140.595558, 37.6654 ] } },
{ "type": "Feature", "properties": { "ID": 750752000130, "正式名称": "クオール薬局福島東店", "機関区分": 5, "都道府県コード": 7, "市区町村コード": 201, "所在地": "福島県福島市八島町１４－２７", "緯度": 37.770511, "経度": 140.487886, "url": "https://www.iryou.teikyouseido.mhlw.go.jp/znk-web/juminkanja/S2430/initialize?prefCd=07&kikanCd=0752000130&kikanKbn=5", "url2": "http://www.qol-net.co.jp", "内容": "クオール薬局福島東店【5:薬局】福島県福島市八島町１４－２７" }, "geometry": { "type": "Point", "coordinates": [ 140.487886, 37.770511 ] } },
{ "type": "Feature", "properties": { "ID": 750752000131, "正式名称": "けや木薬局", "機関区分": 5, "都道府県コード": 7, "市区町村コード": 201, "所在地": "福島県福島市瀬上町字幸町９－２", "緯度": 37.805836, "経度": 140.490064, "url": "https://www.iryou.teikyouseido.mhlw.go.jp/znk-web/juminkanja/S2430/initialize?prefCd=07&kikanCd=0752000131&kikanKbn=5", "url2": "http://www.e-classa.net/keyaki/", "内容": "けや木薬局【5:薬局】福島県福島市瀬上町字幸町９－２" }, "geometry": { "type": "Point", "coordinates": [ 140.490064, 37.805836 ] } },
{ "type": "Feature", "properties": { "ID": 750752000132, "正式名称": "アップル薬局八木田店", "機関区分": 5, "都道府県コード": 7, "市区町村コード": 201, "所在地": "福島県福島市八木田井戸上８９－５", "緯度": 37.751739, "経度": 140.445986, "url": "https://www.iryou.teikyouseido.mhlw.go.jp/znk-web/juminkanja/S2430/initialize?prefCd=07&kikanCd=0752000132&kikanKbn=5", "url2": "https://networktyouzai.com", "内容": "アップル薬局八木田店【5:薬局】福島県福島市八木田井戸上８９－５" }, "geometry": { "type": "Point", "coordinates": [ 140.445986, 37.751739 ] } },
{ "type": "Feature", "properties": { "ID": 750752000133, "正式名称": "コスモ調剤薬局八幡店", "機関区分": 5, "都道府県コード": 7, "市区町村コード": 201, "所在地": "福島県福島市吉倉字八幡４９－２", "緯度": 37.742794, "経度": 140.440603, "url": "https://www.iryou.teikyouseido.mhlw.go.jp/znk-web/juminkanja/S2430/initialize?prefCd=07&kikanCd=0752000133&kikanKbn=5", "url2": "http://www.cosmo-ph.co.jp/", "内容": "コスモ調剤薬局八幡店【5:薬局】福島県福島市吉倉字八幡４９－２" }, "geometry": { "type": "Point", "coordinates": [ 140.440603, 37.742794 ] } },
{ "type": "Feature", "properties": { "ID": 750752000138, "正式名称": "保原薬局やぎた店", "機関区分": 5, "都道府県コード": 7, "市区町村コード": 201, "所在地": "福島県福島市八木田字中島５６番地１", "緯度": 37.750483, "経度": 140.447244, "url": "https://www.iryou.teikyouseido.mhlw.go.jp/znk-web/juminkanja/S2430/initialize?prefCd=07&kikanCd=0752000138&kikanKbn=5", "url2": "https://fukushima-ms.com", "内容": "保原薬局やぎた店【5:薬局】福島県福島市八木田字中島５６番地１" }, "geometry": { "type": "Point", "coordinates": [ 140.447244, 37.750483 ] } },
{ "type": "Feature", "properties": { "ID": 750752000139, "正式名称": "もものさと薬局", "機関区分": 5, "都道府県コード": 7, "市区町村コード": 201, "所在地": "福島県福島市鎌田御仮家９７", "緯度": 37.797122, "経度": 140.481618, "url": "https://www.iryou.teikyouseido.mhlw.go.jp/znk-web/juminkanja/S2430/initialize?prefCd=07&kikanCd=0752000139&kikanKbn=5", "url2": null, "内容": "もものさと薬局【5:薬局】福島県福島市鎌田御仮家９７" }, "geometry": { "type": "Point", "coordinates": [ 140.481618, 37.797122 ] } },
{ "type": "Feature", "properties": { "ID": 750752000140, "正式名称": "コスモ調剤薬局いずみ西店", "機関区分": 5, "都道府県コード": 7, "市区町村コード": 201, "所在地": "福島県福島市泉字清水内１８－１３", "緯度": 37.777281, "経度": 140.442064, "url": "https://www.iryou.teikyouseido.mhlw.go.jp/znk-web/juminkanja/S2430/initialize?prefCd=07&kikanCd=0752000140&kikanKbn=5", "url2": "http://www.cosmo-ph.co.jp/", "内容": "コスモ調剤薬局いずみ西店【5:薬局】福島県福島市泉字清水内１８－１３" }, "geometry": { "type": "Point", "coordinates": [ 140.442064, 37.777281 ] } },
{ "type": "Feature", "properties": { "ID": 750752000144, "正式名称": "有限会社草野薬局", "機関区分": 5, "都道府県コード": 7, "市区町村コード": 213, "所在地": "福島県伊達市梁川町字大町一丁目６９", "緯度": 37.85845, "経度": 140.608356, "url": "https://www.iryou.teikyouseido.mhlw.go.jp/znk-web/juminkanja/S2430/initialize?prefCd=07&kikanCd=0752000144&kikanKbn=5", "url2": null, "内容": "有限会社草野薬局【5:薬局】福島県伊達市梁川町字大町一丁目６９" }, "geometry": { "type": "Point", "coordinates": [ 140.608356, 37.85845 ] } },
{ "type": "Feature", "properties": { "ID": 750752000146, "正式名称": "コスモ調剤薬局", "機関区分": 5, "都道府県コード": 7, "市区町村コード": 213, "所在地": "福島県伊達市保原町字栄町８１番地の５", "緯度": 37.824889, "経度": 140.556989, "url": "https://www.iryou.teikyouseido.mhlw.go.jp/znk-web/juminkanja/S2430/initialize?prefCd=07&kikanCd=0752000146&kikanKbn=5", "url2": "http://www.cosmo-ph.co.jp/", "内容": "コスモ調剤薬局【5:薬局】福島県伊達市保原町字栄町８１番地の５" }, "geometry": { "type": "Point", "coordinates": [ 140.556989, 37.824889 ] } },
{ "type": "Feature", "properties": { "ID": 750752000147, "正式名称": "はんざわ薬局", "機関区分": 5, "都道府県コード": 7, "市区町村コード": 213, "所在地": "福島県伊達市月舘町月舘字町６１", "緯度": 37.737172, "経度": 140.610614, "url": "https://www.iryou.teikyouseido.mhlw.go.jp/znk-web/juminkanja/S2430/initialize?prefCd=07&kikanCd=0752000147&kikanKbn=5", "url2": "http://www.meron-net.jp/hanzawa-ph/prv", "内容": "はんざわ薬局【5:薬局】福島県伊達市月舘町月舘字町６１" }, "geometry": { "type": "Point", "coordinates": [ 140.610614, 37.737172 ] } },
{ "type": "Feature", "properties": { "ID": 750752000148, "正式名称": "保原薬局本店", "機関区分": 5, "都道府県コード": 7, "市区町村コード": 213, "所在地": "福島県伊達市保原町字城ノ内５７－１", "緯度": 37.821075, "経度": 140.559117, "url": "https://www.iryou.teikyouseido.mhlw.go.jp/znk-web/juminkanja/S2430/initialize?prefCd=07&kikanCd=0752000148&kikanKbn=5", "url2": "https://fukushima-ms.com", "内容": "保原薬局本店【5:薬局】福島県伊達市保原町字城ノ内５７－１" }, "geometry": { "type": "Point", "coordinates": [ 140.559117, 37.821075 ] } },
{ "type": "Feature", "properties": { "ID": 750752000153, "正式名称": "城ノ内薬局", "機関区分": 5, "都道府県コード": 7, "市区町村コード": 213, "所在地": "福島県伊達市保原町字城ノ内２４番地２", "緯度": 37.820772, "経度": 140.558047, "url": "https://www.iryou.teikyouseido.mhlw.go.jp/znk-web/juminkanja/S2430/initialize?prefCd=07&kikanCd=0752000153&kikanKbn=5", "url2": null, "内容": "城ノ内薬局【5:薬局】福島県伊達市保原町字城ノ内２４番地２" }, "geometry": { "type": "Point", "coordinates": [ 140.558047, 37.820772 ] } },
{ "type": "Feature", "properties": { "ID": 750752000154, "正式名称": "港屋漢方堂薬局", "機関区分": 5, "都道府県コード": 7, "市区町村コード": 213, "所在地": "福島県伊達市梁川町青葉町５２", "緯度": 37.846925, "経度": 140.601736, "url": "https://www.iryou.teikyouseido.mhlw.go.jp/znk-web/juminkanja/S2430/initialize?prefCd=07&kikanCd=0752000154&kikanKbn=5", "url2": "https://www.kigusuri.com/shop/minatoya/", "内容": "港屋漢方堂薬局【5:薬局】福島県伊達市梁川町青葉町５２" }, "geometry": { "type": "Point", "coordinates": [ 140.601736, 37.846925 ] } },
{ "type": "Feature", "properties": { "ID": 750752000156, "正式名称": "岩井薬局", "機関区分": 5, "都道府県コード": 7, "市区町村コード": 213, "所在地": "福島県伊達市霊山町掛田字西裏２６－１", "緯度": 37.782986, "経度": 140.593689, "url": "https://www.iryou.teikyouseido.mhlw.go.jp/znk-web/juminkanja/S2430/initialize?prefCd=07&kikanCd=0752000156&kikanKbn=5", "url2": null, "内容": "岩井薬局【5:薬局】福島県伊達市霊山町掛田字西裏２６－１" }, "geometry": { "type": "Point", "coordinates": [ 140.593689, 37.782986 ] } },
{ "type": "Feature", "properties": { "ID": 750752000157, "正式名称": "有限会社　　国見一心堂薬局", "機関区分": 5, "都道府県コード": 7, "市区町村コード": 303, "所在地": "福島県伊達郡国見町大字藤田字南６７番地の１", "緯度": 37.873907, "経度": 140.543657, "url": "https://www.iryou.teikyouseido.mhlw.go.jp/znk-web/juminkanja/S2430/initialize?prefCd=07&kikanCd=0752000157&kikanKbn=5", "url2": null, "内容": "有限会社　　国見一心堂薬局【5:薬局】福島県伊達郡国見町大字藤田字南６７番地の１" }, "geometry": { "type": "Point", "coordinates": [ 140.543657, 37.873907 ] } },
{ "type": "Feature", "properties": { "ID": 750752000158, "正式名称": "あけぼの薬局", "機関区分": 5, "都道府県コード": 7, "市区町村コード": 213, "所在地": "福島県伊達市梁川町青葉町９９番地", "緯度": 37.846478, "経度": 140.600158, "url": "https://www.iryou.teikyouseido.mhlw.go.jp/znk-web/juminkanja/S2430/initialize?prefCd=07&kikanCd=0752000158&kikanKbn=5", "url2": null, "内容": "あけぼの薬局【5:薬局】福島県伊達市梁川町青葉町９９番地" }, "geometry": { "type": "Point", "coordinates": [ 140.600158, 37.846478 ] } },
{ "type": "Feature", "properties": { "ID": 750752000160, "正式名称": "アップル薬局掛田店", "機関区分": 5, "都道府県コード": 7, "市区町村コード": 213, "所在地": "福島県伊達市霊山町掛田字西裏５５番地", "緯度": 37.784678, "経度": 140.593714, "url": "https://www.iryou.teikyouseido.mhlw.go.jp/znk-web/juminkanja/S2430/initialize?prefCd=07&kikanCd=0752000160&kikanKbn=5", "url2": "https://networktyouzai.com", "内容": "アップル薬局掛田店【5:薬局】福島県伊達市霊山町掛田字西裏５５番地" }, "geometry": { "type": "Point", "coordinates": [ 140.593714, 37.784678 ] } },
{ "type": "Feature", "properties": { "ID": 750752000162, "正式名称": "保原薬局梁川店", "機関区分": 5, "都道府県コード": 7, "市区町村コード": 213, "所在地": "福島県伊達市梁川町希望ヶ丘２６番地２", "緯度": 37.864225, "経度": 140.611739, "url": "https://www.iryou.teikyouseido.mhlw.go.jp/znk-web/juminkanja/S2430/initialize?prefCd=07&kikanCd=0752000162&kikanKbn=5", "url2": "https://fukushima-ms.com", "内容": "保原薬局梁川店【5:薬局】福島県伊達市梁川町希望ヶ丘２６番地２" }, "geometry": { "type": "Point", "coordinates": [ 140.611739, 37.864225 ] } },
{ "type": "Feature", "properties": { "ID": 750752000163, "正式名称": "ふたば薬局藤田店", "機関区分": 5, "都道府県コード": 7, "市区町村コード": 303, "所在地": "福島県伊達郡国見町塚野目字三本木１１－１", "緯度": 37.87229, "経度": 140.542049, "url": "https://www.iryou.teikyouseido.mhlw.go.jp/znk-web/juminkanja/S2430/initialize?prefCd=07&kikanCd=0752000163&kikanKbn=5", "url2": "http://www.futaba-ph.co.jp/", "内容": "ふたば薬局藤田店【5:薬局】福島県伊達郡国見町塚野目字三本木１１－１" }, "geometry": { "type": "Point", "coordinates": [ 140.542049, 37.87229 ] } },
{ "type": "Feature", "properties": { "ID": 750752000164, "正式名称": "アップル薬局　保原店", "機関区分": 5, "都道府県コード": 7, "市区町村コード": 213, "所在地": "福島県伊達市保原町字９丁目３－２５", "緯度": 37.823187, "経度": 140.553642, "url": "https://www.iryou.teikyouseido.mhlw.go.jp/znk-web/juminkanja/S2430/initialize?prefCd=07&kikanCd=0752000164&kikanKbn=5", "url2": "https://networktyouzai.com", "内容": "アップル薬局　保原店【5:薬局】福島県伊達市保原町字９丁目３－２５" }, "geometry": { "type": "Point", "coordinates": [ 140.553642, 37.823187 ] } },
{ "type": "Feature", "properties": { "ID": 750752000166, "正式名称": "ふたば薬局　保原店", "機関区分": 5, "都道府県コード": 7, "市区町村コード": 213, "所在地": "福島県伊達市保原町字中村町３０－３", "緯度": 37.815563, "経度": 140.553929, "url": "https://www.iryou.teikyouseido.mhlw.go.jp/znk-web/juminkanja/S2430/initialize?prefCd=07&kikanCd=0752000166&kikanKbn=5", "url2": "http://www.futaba-ph.co.jp", "内容": "ふたば薬局　保原店【5:薬局】福島県伊達市保原町字中村町３０－３" }, "geometry": { "type": "Point", "coordinates": [ 140.553929, 37.815563 ] } },
{ "type": "Feature", "properties": { "ID": 750752000167, "正式名称": "コスモ調剤薬局　伊達町店", "機関区分": 5, "都道府県コード": 7, "市区町村コード": 213, "所在地": "福島県伊達市片町３８－２", "緯度": 37.819642, "経度": 140.501658, "url": "https://www.iryou.teikyouseido.mhlw.go.jp/znk-web/juminkanja/S2430/initialize?prefCd=07&kikanCd=0752000167&kikanKbn=5", "url2": "http://www.cosmo-ph.co.jp/", "内容": "コスモ調剤薬局　伊達町店【5:薬局】福島県伊達市片町３８－２" }, "geometry": { "type": "Point", "coordinates": [ 140.501658, 37.819642 ] } },
{ "type": "Feature", "properties": { "ID": 750752000170, "正式名称": "日本調剤　国見薬局", "機関区分": 5, "都道府県コード": 7, "市区町村コード": 303, "所在地": "福島県伊達郡国見町大字塚野目字下三本木２－１", "緯度": 37.871836, "経度": 140.541894, "url": "https://www.iryou.teikyouseido.mhlw.go.jp/znk-web/juminkanja/S2430/initialize?prefCd=07&kikanCd=0752000170&kikanKbn=5", "url2": "http://www.nicho.co.jp/tenpo/touhoku/fukushima/post_64.html", "内容": "日本調剤　国見薬局【5:薬局】福島県伊達郡国見町大字塚野目字下三本木２－１" }, "geometry": { "type": "Point", "coordinates": [ 140.541894, 37.871836 ] } },
{ "type": "Feature", "properties": { "ID": 750752000171, "正式名称": "保原薬局伊達店", "機関区分": 5, "都道府県コード": 7, "市区町村コード": 213, "所在地": "福島県伊達市箱崎字中２１－６", "緯度": 37.818881, "経度": 140.519564, "url": "https://www.iryou.teikyouseido.mhlw.go.jp/znk-web/juminkanja/S2430/initialize?prefCd=07&kikanCd=0752000171&kikanKbn=5", "url2": "https://fukushima-ms.com", "内容": "保原薬局伊達店【5:薬局】福島県伊達市箱崎字中２１－６" }, "geometry": { "type": "Point", "coordinates": [ 140.519564, 37.818881 ] } },
{ "type": "Feature", "properties": { "ID": 750752000173, "正式名称": "コスモ調剤薬局　　桑折店", "機関区分": 5, "都道府県コード": 7, "市区町村コード": 301, "所在地": "福島県伊達郡桑折町大字谷地字石塚４４", "緯度": 37.856547, "経度": 140.521786, "url": "https://www.iryou.teikyouseido.mhlw.go.jp/znk-web/juminkanja/S2430/initialize?prefCd=07&kikanCd=0752000173&kikanKbn=5", "url2": "http://www.cosmo-ph.co.jp/", "内容": "コスモ調剤薬局　　桑折店【5:薬局】福島県伊達郡桑折町大字谷地字石塚４４" }, "geometry": { "type": "Point", "coordinates": [ 140.521786, 37.856547 ] } },
{ "type": "Feature", "properties": { "ID": 750752000174, "正式名称": "ふよう薬局", "機関区分": 5, "都道府県コード": 7, "市区町村コード": 301, "所在地": "福島県伊達郡桑折町字上町７５番地の１２", "緯度": 37.852761, "経度": 140.518667, "url": "https://www.iryou.teikyouseido.mhlw.go.jp/znk-web/juminkanja/S2430/initialize?prefCd=07&kikanCd=0752000174&kikanKbn=5", "url2": null, "内容": "ふよう薬局【5:薬局】福島県伊達郡桑折町字上町７５番地の１２" }, "geometry": { "type": "Point", "coordinates": [ 140.518667, 37.852761 ] } },
{ "type": "Feature", "properties": { "ID": 750752000175, "正式名称": "保原薬局桑折店", "機関区分": 5, "都道府県コード": 7, "市区町村コード": 301, "所在地": "福島県伊達郡桑折町大字南半田字六角１５－３", "緯度": 37.854656, "経度": 140.518108, "url": "https://www.iryou.teikyouseido.mhlw.go.jp/znk-web/juminkanja/S2430/initialize?prefCd=07&kikanCd=0752000175&kikanKbn=5", "url2": "https://fukushima-ms.com", "内容": "保原薬局桑折店【5:薬局】福島県伊達郡桑折町大字南半田字六角１５－３" }, "geometry": { "type": "Point", "coordinates": [ 140.518108, 37.854656 ] } },
{ "type": "Feature", "properties": { "ID": 750752000177, "正式名称": "げんじろう調剤薬局梁川店", "機関区分": 5, "都道府県コード": 7, "市区町村コード": 213, "所在地": "福島県伊達市梁川町西土橋１１８－２", "緯度": 37.8495, "経度": 140.591978, "url": "https://www.iryou.teikyouseido.mhlw.go.jp/znk-web/juminkanja/S2430/initialize?prefCd=07&kikanCd=0752000177&kikanKbn=5", "url2": "http://www.cosmo-ph.co.jp/", "内容": "げんじろう調剤薬局梁川店【5:薬局】福島県伊達市梁川町西土橋１１８－２" }, "geometry": { "type": "Point", "coordinates": [ 140.591978, 37.8495 ] } },
{ "type": "Feature", "properties": { "ID": 750752000179, "正式名称": "コスモ調剤薬局　伊達東店", "機関区分": 5, "都道府県コード": 7, "市区町村コード": 213, "所在地": "福島県伊達市梨子木町３２－１", "緯度": 37.819292, "経度": 140.507186, "url": "https://www.iryou.teikyouseido.mhlw.go.jp/znk-web/juminkanja/S2430/initialize?prefCd=07&kikanCd=0752000179&kikanKbn=5", "url2": "http://www.cosmo-ph.co.jp/", "内容": "コスモ調剤薬局　伊達東店【5:薬局】福島県伊達市梨子木町３２－１" }, "geometry": { "type": "Point", "coordinates": [ 140.507186, 37.819292 ] } },
{ "type": "Feature", "properties": { "ID": 750752000183, "正式名称": "有限会社白河屋薬局", "機関区分": 5, "都道府県コード": 7, "市区町村コード": 210, "所在地": "福島県二本松市竹田１丁目２５番地", "緯度": 37.599662, "経度": 140.443383, "url": "https://www.iryou.teikyouseido.mhlw.go.jp/znk-web/juminkanja/S2430/initialize?prefCd=07&kikanCd=0752000183&kikanKbn=5", "url2": null, "内容": "有限会社白河屋薬局【5:薬局】福島県二本松市竹田１丁目２５番地" }, "geometry": { "type": "Point", "coordinates": [ 140.443383, 37.599662 ] } },
{ "type": "Feature", "properties": { "ID": 750752000184, "正式名称": "コスモ調剤薬局　本宮店", "機関区分": 5, "都道府県コード": 7, "市区町村コード": 214, "所在地": "福島県本宮市高木字平内６７－８", "緯度": 37.516306, "経度": 140.409067, "url": "https://www.iryou.teikyouseido.mhlw.go.jp/znk-web/juminkanja/S2430/initialize?prefCd=07&kikanCd=0752000184&kikanKbn=5", "url2": "http://www.cosmo-ph.co.jp/", "内容": "コスモ調剤薬局　本宮店【5:薬局】福島県本宮市高木字平内６７－８" }, "geometry": { "type": "Point", "coordinates": [ 140.409067, 37.516306 ] } },
{ "type": "Feature", "properties": { "ID": 750752000185, "正式名称": "有限会社　国崎薬局", "機関区分": 5, "都道府県コード": 7, "市区町村コード": 214, "所在地": "福島県本宮市本宮字下町１５", "緯度": 37.516047, "経度": 140.403158, "url": "https://www.iryou.teikyouseido.mhlw.go.jp/znk-web/juminkanja/S2430/initialize?prefCd=07&kikanCd=0752000185&kikanKbn=5", "url2": null, "内容": "有限会社　国崎薬局【5:薬局】福島県本宮市本宮字下町１５" }, "geometry": { "type": "Point", "coordinates": [ 140.403158, 37.516047 ] } },
{ "type": "Feature", "properties": { "ID": 750752000189, "正式名称": "郡山調剤薬局本宮店", "機関区分": 5, "都道府県コード": 7, "市区町村コード": 214, "所在地": "福島県本宮市本宮字荒町４９－９", "緯度": 37.517353, "経度": 140.404837, "url": "https://www.iryou.teikyouseido.mhlw.go.jp/znk-web/juminkanja/S2430/initialize?prefCd=07&kikanCd=0752000189&kikanKbn=5", "url2": "http://www17.plala.or.jp/k-tyouzai/index.html", "内容": "郡山調剤薬局本宮店【5:薬局】福島県本宮市本宮字荒町４９－９" }, "geometry": { "type": "Point", "coordinates": [ 140.404837, 37.517353 ] } },
{ "type": "Feature", "properties": { "ID": 750752000190, "正式名称": "あだち調剤薬局", "機関区分": 5, "都道府県コード": 7, "市区町村コード": 210, "所在地": "福島県二本松市油井字背戸谷地７－６", "緯度": 37.611814, "経度": 140.462797, "url": "https://www.iryou.teikyouseido.mhlw.go.jp/znk-web/juminkanja/S2430/initialize?prefCd=07&kikanCd=0752000190&kikanKbn=5", "url2": null, "内容": "あだち調剤薬局【5:薬局】福島県二本松市油井字背戸谷地７－６" }, "geometry": { "type": "Point", "coordinates": [ 140.462797, 37.611814 ] } },
{ "type": "Feature", "properties": { "ID": 750752000193, "正式名称": "薬局サン・メリー本宮店", "機関区分": 5, "都道府県コード": 7, "市区町村コード": 214, "所在地": "福島県本宮市高木字高木１７－１", "緯度": 37.515394, "経度": 140.407306, "url": "https://www.iryou.teikyouseido.mhlw.go.jp/znk-web/juminkanja/S2430/initialize?prefCd=07&kikanCd=0752000193&kikanKbn=5", "url2": null, "内容": "薬局サン・メリー本宮店【5:薬局】福島県本宮市高木字高木１７－１" }, "geometry": { "type": "Point", "coordinates": [ 140.407306, 37.515394 ] } },
{ "type": "Feature", "properties": { "ID": 750752000194, "正式名称": "山口薬局二本松店", "機関区分": 5, "都道府県コード": 7, "市区町村コード": 210, "所在地": "福島県二本松市本町１－４８", "緯度": 37.592767, "経度": 140.435408, "url": "https://www.iryou.teikyouseido.mhlw.go.jp/znk-web/juminkanja/S2430/initialize?prefCd=07&kikanCd=0752000194&kikanKbn=5", "url2": "https://www.yamayaku.com", "内容": "山口薬局二本松店【5:薬局】福島県二本松市本町１－４８" }, "geometry": { "type": "Point", "coordinates": [ 140.435408, 37.592767 ] } },
{ "type": "Feature", "properties": { "ID": 750752000195, "正式名称": "コスモ調剤薬局本宮西店", "機関区分": 5, "都道府県コード": 7, "市区町村コード": 214, "所在地": "福島県本宮市本宮字一ツ屋２番４", "緯度": 37.521586, "経度": 140.391369, "url": "https://www.iryou.teikyouseido.mhlw.go.jp/znk-web/juminkanja/S2430/initialize?prefCd=07&kikanCd=0752000195&kikanKbn=5", "url2": "http://www.cosmo-ph.co.jp/", "内容": "コスモ調剤薬局本宮西店【5:薬局】福島県本宮市本宮字一ツ屋２番４" }, "geometry": { "type": "Point", "coordinates": [ 140.391369, 37.521586 ] } },
{ "type": "Feature", "properties": { "ID": 750752000196, "正式名称": "コスモ調剤薬局本宮南店", "機関区分": 5, "都道府県コード": 7, "市区町村コード": 214, "所在地": "福島県本宮市荒井字東学壇１１番５", "緯度": 37.4891, "経度": 140.389306, "url": "https://www.iryou.teikyouseido.mhlw.go.jp/znk-web/juminkanja/S2430/initialize?prefCd=07&kikanCd=0752000196&kikanKbn=5", "url2": "http://www.cosmo-ph.co.jp/", "内容": "コスモ調剤薬局本宮南店【5:薬局】福島県本宮市荒井字東学壇１１番５" }, "geometry": { "type": "Point", "coordinates": [ 140.389306, 37.4891 ] } },
{ "type": "Feature", "properties": { "ID": 750752000198, "正式名称": "株式会社　遠藤薬局", "機関区分": 5, "都道府県コード": 7, "市区町村コード": 214, "所在地": "福島県本宮市本宮字中條５１", "緯度": 37.514615, "経度": 140.402951, "url": "https://www.iryou.teikyouseido.mhlw.go.jp/znk-web/juminkanja/S2430/initialize?prefCd=07&kikanCd=0752000198&kikanKbn=5", "url2": null, "内容": "株式会社　遠藤薬局【5:薬局】福島県本宮市本宮字中條５１" }, "geometry": { "type": "Point", "coordinates": [ 140.402951, 37.514615 ] } },
{ "type": "Feature", "properties": { "ID": 750752000199, "正式名称": "コスモ調剤薬局東和町店", "機関区分": 5, "都道府県コード": 7, "市区町村コード": 210, "所在地": "福島県二本松市針道字蔵下１１０－１", "緯度": 37.599622, "経度": 140.608542, "url": "https://www.iryou.teikyouseido.mhlw.go.jp/znk-web/juminkanja/S2430/initialize?prefCd=07&kikanCd=0752000199&kikanKbn=5", "url2": "http://www.cosmo-ph.co.jp/", "内容": "コスモ調剤薬局東和町店【5:薬局】福島県二本松市針道字蔵下１１０－１" }, "geometry": { "type": "Point", "coordinates": [ 140.608542, 37.599622 ] } },
{ "type": "Feature", "properties": { "ID": 750752000202, "正式名称": "さくら薬局二本松南店", "機関区分": 5, "都道府県コード": 7, "市区町村コード": 210, "所在地": "福島県二本松市成田町１－８１５－３", "緯度": 37.589783, "経度": 140.422778, "url": "https://www.iryou.teikyouseido.mhlw.go.jp/znk-web/juminkanja/S2430/initialize?prefCd=07&kikanCd=0752000202&kikanKbn=5", "url2": "https://www.kraft-net.co.jp/sakura/store/3290/", "内容": "さくら薬局二本松南店【5:薬局】福島県二本松市成田町１－８１５－３" }, "geometry": { "type": "Point", "coordinates": [ 140.422778, 37.589783 ] } },
{ "type": "Feature", "properties": { "ID": 750752000203, "正式名称": "さくら薬局　二本松本町店", "機関区分": 5, "都道府県コード": 7, "市区町村コード": 210, "所在地": "福島県二本松市本町１－５５", "緯度": 37.592581, "経度": 140.435544, "url": "https://www.iryou.teikyouseido.mhlw.go.jp/znk-web/juminkanja/S2430/initialize?prefCd=07&kikanCd=0752000203&kikanKbn=5", "url2": "https://www.kraft-net.co.jp/sakura/store/3291/", "内容": "さくら薬局　二本松本町店【5:薬局】福島県二本松市本町１－５５" }, "geometry": { "type": "Point", "coordinates": [ 140.435544, 37.592581 ] } },
{ "type": "Feature", "properties": { "ID": 750752000206, "正式名称": "もとみや調剤薬局", "機関区分": 5, "都道府県コード": 7, "市区町村コード": 214, "所在地": "福島県本宮市本宮字大町１－６", "緯度": 37.519656, "経度": 140.405058, "url": "https://www.iryou.teikyouseido.mhlw.go.jp/znk-web/juminkanja/S2430/initialize?prefCd=07&kikanCd=0752000206&kikanKbn=5", "url2": null, "内容": "もとみや調剤薬局【5:薬局】福島県本宮市本宮字大町１－６" }, "geometry": { "type": "Point", "coordinates": [ 140.405058, 37.519656 ] } },
{ "type": "Feature", "properties": { "ID": 750752000207, "正式名称": "わかば薬局", "機関区分": 5, "都道府県コード": 7, "市区町村コード": 210, "所在地": "福島県二本松市若宮一丁目１８２番地", "緯度": 37.591709, "経度": 140.430106, "url": "https://www.iryou.teikyouseido.mhlw.go.jp/znk-web/juminkanja/S2430/initialize?prefCd=07&kikanCd=0752000207&kikanKbn=5", "url2": null, "内容": "わかば薬局【5:薬局】福島県二本松市若宮一丁目１８２番地" }, "geometry": { "type": "Point", "coordinates": [ 140.430106, 37.591709 ] } },
{ "type": "Feature", "properties": { "ID": 750752000208, "正式名称": "コスモ調剤薬局西池店", "機関区分": 5, "都道府県コード": 7, "市区町村コード": 210, "所在地": "福島県二本松市槻木２５０番地４", "緯度": 37.573156, "経度": 140.421003, "url": "https://www.iryou.teikyouseido.mhlw.go.jp/znk-web/juminkanja/S2430/initialize?prefCd=07&kikanCd=0752000208&kikanKbn=5", "url2": "http://www.cosmo-ph.co.jp/", "内容": "コスモ調剤薬局西池店【5:薬局】福島県二本松市槻木２５０番地４" }, "geometry": { "type": "Point", "coordinates": [ 140.421003, 37.573156 ] } },
{ "type": "Feature", "properties": { "ID": 750752000209, "正式名称": "保原薬局油井店", "機関区分": 5, "都道府県コード": 7, "市区町村コード": 210, "所在地": "福島県二本松市油井字八軒町３３", "緯度": 37.602778, "経度": 140.456881, "url": "https://www.iryou.teikyouseido.mhlw.go.jp/znk-web/juminkanja/S2430/initialize?prefCd=07&kikanCd=0752000209&kikanKbn=5", "url2": "https://fukushima-ms.com", "内容": "保原薬局油井店【5:薬局】福島県二本松市油井字八軒町３３" }, "geometry": { "type": "Point", "coordinates": [ 140.456881, 37.602778 ] } },
{ "type": "Feature", "properties": { "ID": 750752000210, "正式名称": "アイランド薬局二本松店", "機関区分": 5, "都道府県コード": 7, "市区町村コード": 210, "所在地": "福島県二本松市住吉１０２－３", "緯度": 37.554075, "経度": 140.404031, "url": "https://www.iryou.teikyouseido.mhlw.go.jp/znk-web/juminkanja/S2430/initialize?prefCd=07&kikanCd=0752000210&kikanKbn=5", "url2": "https://www.apocreat.co.jp", "内容": "アイランド薬局二本松店【5:薬局】福島県二本松市住吉１０２－３" }, "geometry": { "type": "Point", "coordinates": [ 140.404031, 37.554075 ] } },
{ "type": "Feature", "properties": { "ID": 750752000211, "正式名称": "コスモ調剤薬局油井店", "機関区分": 5, "都道府県コード": 7, "市区町村コード": 210, "所在地": "福島県二本松市油井字福岡４４１－２", "緯度": 37.613594, "経度": 140.461078, "url": "https://www.iryou.teikyouseido.mhlw.go.jp/znk-web/juminkanja/S2430/initialize?prefCd=07&kikanCd=0752000211&kikanKbn=5", "url2": "http://www.cosmo-ph.co.jp/", "内容": "コスモ調剤薬局油井店【5:薬局】福島県二本松市油井字福岡４４１－２" }, "geometry": { "type": "Point", "coordinates": [ 140.461078, 37.613594 ] } },
{ "type": "Feature", "properties": { "ID": 750752000212, "正式名称": "調剤薬局ミッテル桑野店", "機関区分": 5, "都道府県コード": 7, "市区町村コード": 203, "所在地": "福島県郡山市桑野一丁目２５－７", "緯度": 37.398885, "経度": 140.352582, "url": "https://www.iryou.teikyouseido.mhlw.go.jp/znk-web/juminkanja/S2430/initialize?prefCd=07&kikanCd=0752000212&kikanKbn=5", "url2": "http://www.mittel.jp/", "内容": "調剤薬局ミッテル桑野店【5:薬局】福島県郡山市桑野一丁目２５－７" }, "geometry": { "type": "Point", "coordinates": [ 140.352582, 37.398885 ] } },
{ "type": "Feature", "properties": { "ID": 750752000217, "正式名称": "健康堂薬局", "機関区分": 5, "都道府県コード": 7, "市区町村コード": 203, "所在地": "福島県郡山市熱海町高玉字樋口１６９", "緯度": 37.489978, "経度": 140.277097, "url": "https://www.iryou.teikyouseido.mhlw.go.jp/znk-web/juminkanja/S2430/initialize?prefCd=07&kikanCd=0752000217&kikanKbn=5", "url2": null, "内容": "健康堂薬局【5:薬局】福島県郡山市熱海町高玉字樋口１６９" }, "geometry": { "type": "Point", "coordinates": [ 140.277097, 37.489978 ] } },
{ "type": "Feature", "properties": { "ID": 750752000220, "正式名称": "薬局サン・メリー中野店", "機関区分": 5, "都道府県コード": 7, "市区町村コード": 203, "所在地": "福島県郡山市中野　１－６", "緯度": 37.393274, "経度": 140.333109, "url": "https://www.iryou.teikyouseido.mhlw.go.jp/znk-web/juminkanja/S2430/initialize?prefCd=07&kikanCd=0752000220&kikanKbn=5", "url2": "http://www.enifclub.jp/sunmerry/sunmerry-nakano/index.html", "内容": "薬局サン・メリー中野店【5:薬局】福島県郡山市中野　１－６" }, "geometry": { "type": "Point", "coordinates": [ 140.333109, 37.393274 ] } },
{ "type": "Feature", "properties": { "ID": 750752000221, "正式名称": "大栄漢方薬局朝日店", "機関区分": 5, "都道府県コード": 7, "市区町村コード": 203, "所在地": "福島県郡山市朝日１－１７－６", "緯度": 37.401515, "経度": 140.360848, "url": "https://www.iryou.teikyouseido.mhlw.go.jp/znk-web/juminkanja/S2430/initialize?prefCd=07&kikanCd=0752000221&kikanKbn=5", "url2": "www.daiann.com", "内容": "大栄漢方薬局朝日店【5:薬局】福島県郡山市朝日１－１７－６" }, "geometry": { "type": "Point", "coordinates": [ 140.360848, 37.401515 ] } },
{ "type": "Feature", "properties": { "ID": 750752000222, "正式名称": "フジ薬局　山根店", "機関区分": 5, "都道府県コード": 7, "市区町村コード": 203, "所在地": "福島県郡山市山根町１２－２６", "緯度": 37.384467, "経度": 140.374275, "url": "https://www.iryou.teikyouseido.mhlw.go.jp/znk-web/juminkanja/S2430/initialize?prefCd=07&kikanCd=0752000222&kikanKbn=5", "url2": "http://fuji-pharm.jp/", "内容": "フジ薬局　山根店【5:薬局】福島県郡山市山根町１２－２６" }, "geometry": { "type": "Point", "coordinates": [ 140.374275, 37.384467 ] } },
{ "type": "Feature", "properties": { "ID": 750752000224, "正式名称": "ハーブ調剤薬局", "機関区分": 5, "都道府県コード": 7, "市区町村コード": 203, "所在地": "福島県郡山市富久山町八山田字大森新田３５－４", "緯度": 37.431072, "経度": 140.383328, "url": "https://www.iryou.teikyouseido.mhlw.go.jp/znk-web/juminkanja/S2430/initialize?prefCd=07&kikanCd=0752000224&kikanKbn=5", "url2": null, "内容": "ハーブ調剤薬局【5:薬局】福島県郡山市富久山町八山田字大森新田３５－４" }, "geometry": { "type": "Point", "coordinates": [ 140.383328, 37.431072 ] } },
{ "type": "Feature", "properties": { "ID": 750752000225, "正式名称": "阿部調剤薬局", "機関区分": 5, "都道府県コード": 7, "市区町村コード": 203, "所在地": "福島県郡山市熱海町熱海５－１９９－６", "緯度": 37.486642, "経度": 140.264064, "url": "https://www.iryou.teikyouseido.mhlw.go.jp/znk-web/juminkanja/S2430/initialize?prefCd=07&kikanCd=0752000225&kikanKbn=5", "url2": "www.phabe.jp", "内容": "阿部調剤薬局【5:薬局】福島県郡山市熱海町熱海５－１９９－６" }, "geometry": { "type": "Point", "coordinates": [ 140.264064, 37.486642 ] } },
{ "type": "Feature", "properties": { "ID": 750752000226, "正式名称": "有限会社きく薬局", "機関区分": 5, "都道府県コード": 7, "市区町村コード": 203, "所在地": "福島県郡山市中町１－１９", "緯度": 37.394769, "経度": 140.382462, "url": "https://www.iryou.teikyouseido.mhlw.go.jp/znk-web/juminkanja/S2430/initialize?prefCd=07&kikanCd=0752000226&kikanKbn=5", "url2": "https://www.kiku-pha.com", "内容": "有限会社きく薬局【5:薬局】福島県郡山市中町１－１９" }, "geometry": { "type": "Point", "coordinates": [ 140.382462, 37.394769 ] } },
{ "type": "Feature", "properties": { "ID": 750752000227, "正式名称": "調剤薬局ミッテル大槻店", "機関区分": 5, "都道府県コード": 7, "市区町村コード": 203, "所在地": "福島県郡山市大槻町字広町２８番地の４", "緯度": 37.406314, "経度": 140.341017, "url": "https://www.iryou.teikyouseido.mhlw.go.jp/znk-web/juminkanja/S2430/initialize?prefCd=07&kikanCd=0752000227&kikanKbn=5", "url2": "http://www.mittel.jp/", "内容": "調剤薬局ミッテル大槻店【5:薬局】福島県郡山市大槻町字広町２８番地の４" }, "geometry": { "type": "Point", "coordinates": [ 140.341017, 37.406314 ] } },
{ "type": "Feature", "properties": { "ID": 750752000230, "正式名称": "明治堂薬局", "機関区分": 5, "都道府県コード": 7, "市区町村コード": 203, "所在地": "福島県郡山市香久池２－１０－８", "緯度": 37.377921, "経度": 140.372203, "url": "https://www.iryou.teikyouseido.mhlw.go.jp/znk-web/juminkanja/S2430/initialize?prefCd=07&kikanCd=0752000230&kikanKbn=5", "url2": null, "内容": "明治堂薬局【5:薬局】福島県郡山市香久池２－１０－８" }, "geometry": { "type": "Point", "coordinates": [ 140.372203, 37.377921 ] } },
{ "type": "Feature", "properties": { "ID": 750752000242, "正式名称": "みずき調剤薬局　日和田店", "機関区分": 5, "都道府県コード": 7, "市区町村コード": 203, "所在地": "福島県郡山市日和田町字大山田１５", "緯度": 37.44183, "経度": 140.382762, "url": "https://www.iryou.teikyouseido.mhlw.go.jp/znk-web/juminkanja/S2430/initialize?prefCd=07&kikanCd=0752000242&kikanKbn=5", "url2": "https://meron-net.shop/ds/hi-mizuki", "内容": "みずき調剤薬局　日和田店【5:薬局】福島県郡山市日和田町字大山田１５" }, "geometry": { "type": "Point", "coordinates": [ 140.382762, 37.44183 ] } },
{ "type": "Feature", "properties": { "ID": 750752000245, "正式名称": "郡山調剤薬局　中町店", "機関区分": 5, "都道府県コード": 7, "市区町村コード": 203, "所在地": "福島県郡山市中町１４－１９　ＹＳビル　１階", "緯度": 37.395367, "経度": 140.384561, "url": "https://www.iryou.teikyouseido.mhlw.go.jp/znk-web/juminkanja/S2430/initialize?prefCd=07&kikanCd=0752000245&kikanKbn=5", "url2": "https://xs037062.xsrv.jp/", "内容": "郡山調剤薬局　中町店【5:薬局】福島県郡山市中町１４－１９　ＹＳビル　１階" }, "geometry": { "type": "Point", "coordinates": [ 140.384561, 37.395367 ] } },
{ "type": "Feature", "properties": { "ID": 750752000248, "正式名称": "朝日薬局", "機関区分": 5, "都道府県コード": 7, "市区町村コード": 203, "所在地": "福島県郡山市堂前町１８－１０", "緯度": 37.394889, "経度": 140.379817, "url": "https://www.iryou.teikyouseido.mhlw.go.jp/znk-web/juminkanja/S2430/initialize?prefCd=07&kikanCd=0752000248&kikanKbn=5", "url2": "https://web.gogo.jp/publicpreview/66189fb9572d8547ed0c1fe4#/", "内容": "朝日薬局【5:薬局】福島県郡山市堂前町１８－１０" }, "geometry": { "type": "Point", "coordinates": [ 140.379817, 37.394889 ] } },
{ "type": "Feature", "properties": { "ID": 750752000252, "正式名称": "調剤薬局ミッテル富田店", "機関区分": 5, "都道府県コード": 7, "市区町村コード": 203, "所在地": "福島県郡山市不動前一丁目４０番地", "緯度": 37.420419, "経度": 140.358206, "url": "https://www.iryou.teikyouseido.mhlw.go.jp/znk-web/juminkanja/S2430/initialize?prefCd=07&kikanCd=0752000252&kikanKbn=5", "url2": "http://www.mittel.jp/", "内容": "調剤薬局ミッテル富田店【5:薬局】福島県郡山市不動前一丁目４０番地" }, "geometry": { "type": "Point", "coordinates": [ 140.358206, 37.420419 ] } },
{ "type": "Feature", "properties": { "ID": 750752000257, "正式名称": "調剤薬局レミーロ", "機関区分": 5, "都道府県コード": 7, "市区町村コード": 203, "所在地": "福島県郡山市御前南一丁目４６番地", "緯度": 37.385528, "経度": 140.334694, "url": "https://www.iryou.teikyouseido.mhlw.go.jp/znk-web/juminkanja/S2430/initialize?prefCd=07&kikanCd=0752000257&kikanKbn=5", "url2": "http://www.asp-jp.net/~medifain/", "内容": "調剤薬局レミーロ【5:薬局】福島県郡山市御前南一丁目４６番地" }, "geometry": { "type": "Point", "coordinates": [ 140.334694, 37.385528 ] } },
{ "type": "Feature", "properties": { "ID": 750752000258, "正式名称": "調剤薬局サン・メリー", "機関区分": 5, "都道府県コード": 7, "市区町村コード": 203, "所在地": "福島県郡山市大槻町字二本木２０－１７", "緯度": 37.392695, "経度": 140.32199, "url": "https://www.iryou.teikyouseido.mhlw.go.jp/znk-web/juminkanja/S2430/initialize?prefCd=07&kikanCd=0752000258&kikanKbn=5", "url2": "sunmerry.byoinnavi.jp", "内容": "調剤薬局サン・メリー【5:薬局】福島県郡山市大槻町字二本木２０－１７" }, "geometry": { "type": "Point", "coordinates": [ 140.32199, 37.392695 ] } },
{ "type": "Feature", "properties": { "ID": 750752000269, "正式名称": "ひかり薬局桑野", "機関区分": 5, "都道府県コード": 7, "市区町村コード": 203, "所在地": "福島県郡山市島２－１１－１７", "緯度": 37.396086, "経度": 140.345903, "url": "https://www.iryou.teikyouseido.mhlw.go.jp/znk-web/juminkanja/S2430/initialize?prefCd=07&kikanCd=0752000269&kikanKbn=5", "url2": "http://www.hikari-pharmacy.co.jp", "内容": "ひかり薬局桑野【5:薬局】福島県郡山市島２－１１－１７" }, "geometry": { "type": "Point", "coordinates": [ 140.345903, 37.396086 ] } },
{ "type": "Feature", "properties": { "ID": 750752000270, "正式名称": "コスモ調剤薬局　　熱海店", "機関区分": 5, "都道府県コード": 7, "市区町村コード": 203, "所在地": "福島県郡山市熱海町熱海５－２１２", "緯度": 37.485617, "経度": 140.264428, "url": "https://www.iryou.teikyouseido.mhlw.go.jp/znk-web/juminkanja/S2430/initialize?prefCd=07&kikanCd=0752000270&kikanKbn=5", "url2": "http://www.cosmo-ph.co.jp/", "内容": "コスモ調剤薬局　　熱海店【5:薬局】福島県郡山市熱海町熱海５－２１２" }, "geometry": { "type": "Point", "coordinates": [ 140.264428, 37.485617 ] } },
{ "type": "Feature", "properties": { "ID": 750752000272, "正式名称": "山口薬局　荒井中央店", "機関区分": 5, "都道府県コード": 7, "市区町村コード": 203, "所在地": "福島県郡山市巳六段１０２番地", "緯度": 37.370772, "経度": 140.352392, "url": "https://www.iryou.teikyouseido.mhlw.go.jp/znk-web/juminkanja/S2430/initialize?prefCd=07&kikanCd=0752000272&kikanKbn=5", "url2": "https://www.yamayaku.com", "内容": "山口薬局　荒井中央店【5:薬局】福島県郡山市巳六段１０２番地" }, "geometry": { "type": "Point", "coordinates": [ 140.352392, 37.370772 ] } },
{ "type": "Feature", "properties": { "ID": 750752000274, "正式名称": "みどり調剤薬局　町東店", "機関区分": 5, "都道府県コード": 7, "市区町村コード": 203, "所在地": "福島県郡山市緑町７－３", "緯度": 37.401958, "経度": 140.363464, "url": "https://www.iryou.teikyouseido.mhlw.go.jp/znk-web/juminkanja/S2430/initialize?prefCd=07&kikanCd=0752000274&kikanKbn=5", "url2": "https://ship-ph.co.jp/", "内容": "みどり調剤薬局　町東店【5:薬局】福島県郡山市緑町７－３" }, "geometry": { "type": "Point", "coordinates": [ 140.363464, 37.401958 ] } },
{ "type": "Feature", "properties": { "ID": 750752000275, "正式名称": "コスモ調剤薬局　喜久田店", "機関区分": 5, "都道府県コード": 7, "市区町村コード": 203, "所在地": "福島県郡山市喜久田町堀之内字南椚内４－１７", "緯度": 37.451133, "経度": 140.341847, "url": "https://www.iryou.teikyouseido.mhlw.go.jp/znk-web/juminkanja/S2430/initialize?prefCd=07&kikanCd=0752000275&kikanKbn=5", "url2": "http://www.cosmo-ph.co.jp/", "内容": "コスモ調剤薬局　喜久田店【5:薬局】福島県郡山市喜久田町堀之内字南椚内４－１７" }, "geometry": { "type": "Point", "coordinates": [ 140.341847, 37.451133 ] } },
{ "type": "Feature", "properties": { "ID": 750752000277, "正式名称": "山口薬局　大町店", "機関区分": 5, "都道府県コード": 7, "市区町村コード": 203, "所在地": "福島県郡山市大町２丁目１５番２号", "緯度": 37.402536, "経度": 140.386206, "url": "https://www.iryou.teikyouseido.mhlw.go.jp/znk-web/juminkanja/S2430/initialize?prefCd=07&kikanCd=0752000277&kikanKbn=5", "url2": "https://www.yamayaku.com", "内容": "山口薬局　大町店【5:薬局】福島県郡山市大町２丁目１５番２号" }, "geometry": { "type": "Point", "coordinates": [ 140.386206, 37.402536 ] } },
{ "type": "Feature", "properties": { "ID": 750752000279, "正式名称": "コスモ調剤薬局　緑ヶ丘店", "機関区分": 5, "都道府県コード": 7, "市区町村コード": 203, "所在地": "福島県郡山市緑ケ丘東３丁目１－９", "緯度": 37.382378, "経度": 140.435228, "url": "https://www.iryou.teikyouseido.mhlw.go.jp/znk-web/juminkanja/S2430/initialize?prefCd=07&kikanCd=0752000279&kikanKbn=5", "url2": "http://www.cosmo-ph.co.jp/", "内容": "コスモ調剤薬局　緑ヶ丘店【5:薬局】福島県郡山市緑ケ丘東３丁目１－９" }, "geometry": { "type": "Point", "coordinates": [ 140.435228, 37.382378 ] } },
{ "type": "Feature", "properties": { "ID": 750752000281, "正式名称": "フジ薬局　八山田店", "機関区分": 5, "都道府県コード": 7, "市区町村コード": 203, "所在地": "福島県郡山市八山田西三丁目４１６番地", "緯度": 37.427692, "経度": 140.367139, "url": "https://www.iryou.teikyouseido.mhlw.go.jp/znk-web/juminkanja/S2430/initialize?prefCd=07&kikanCd=0752000281&kikanKbn=5", "url2": "http://fuji-pharm.jp/", "内容": "フジ薬局　八山田店【5:薬局】福島県郡山市八山田西三丁目４１６番地" }, "geometry": { "type": "Point", "coordinates": [ 140.367139, 37.427692 ] } },
{ "type": "Feature", "properties": { "ID": 750752000282, "正式名称": "郡山調剤薬局　虎丸店", "機関区分": 5, "都道府県コード": 7, "市区町村コード": 203, "所在地": "福島県郡山市虎丸町１－５", "緯度": 37.398383, "経度": 140.376569, "url": "https://www.iryou.teikyouseido.mhlw.go.jp/znk-web/juminkanja/S2430/initialize?prefCd=07&kikanCd=0752000282&kikanKbn=5", "url2": "http://www3.plala.or.jp/k-tyouzai/index.html", "内容": "郡山調剤薬局　虎丸店【5:薬局】福島県郡山市虎丸町１－５" }, "geometry": { "type": "Point", "coordinates": [ 140.376569, 37.398383 ] } },
{ "type": "Feature", "properties": { "ID": 750752000283, "正式名称": "クオール薬局　おおつき店", "機関区分": 5, "都道府県コード": 7, "市区町村コード": 203, "所在地": "福島県郡山市大槻町字天正坦２４－９", "緯度": 37.386042, "経度": 140.349156, "url": "https://www.iryou.teikyouseido.mhlw.go.jp/znk-web/juminkanja/S2430/initialize?prefCd=07&kikanCd=0752000283&kikanKbn=5", "url2": "http://www.qol-net.co.jp/pharmacy/map/detail.php?id=32", "内容": "クオール薬局　おおつき店【5:薬局】福島県郡山市大槻町字天正坦２４－９" }, "geometry": { "type": "Point", "coordinates": [ 140.349156, 37.386042 ] } },
{ "type": "Feature", "properties": { "ID": 750752000285, "正式名称": "フォレスト調剤薬局", "機関区分": 5, "都道府県コード": 7, "市区町村コード": 203, "所在地": "福島県郡山市富田東３丁目１０６番地", "緯度": 37.424558, "経度": 140.367044, "url": "https://www.iryou.teikyouseido.mhlw.go.jp/znk-web/juminkanja/S2430/initialize?prefCd=07&kikanCd=0752000285&kikanKbn=5", "url2": "https://www.bellis-pharma.com/", "内容": "フォレスト調剤薬局【5:薬局】福島県郡山市富田東３丁目１０６番地" }, "geometry": { "type": "Point", "coordinates": [ 140.367044, 37.424558 ] } },
{ "type": "Feature", "properties": { "ID": 750752000288, "正式名称": "フジ薬局横塚店", "機関区分": 5, "都道府県コード": 7, "市区町村コード": 203, "所在地": "福島県郡山市横塚２－１５－４", "緯度": 37.398531, "経度": 140.399683, "url": "https://www.iryou.teikyouseido.mhlw.go.jp/znk-web/juminkanja/S2430/initialize?prefCd=07&kikanCd=0752000288&kikanKbn=5", "url2": "http://fuji-pharm.jp/", "内容": "フジ薬局横塚店【5:薬局】福島県郡山市横塚２－１５－４" }, "geometry": { "type": "Point", "coordinates": [ 140.399683, 37.398531 ] } },
{ "type": "Feature", "properties": { "ID": 750752000290, "正式名称": "秋桜薬局", "機関区分": 5, "都道府県コード": 7, "市区町村コード": 203, "所在地": "福島県郡山市御前南五丁目１５４番地", "緯度": 37.384928, "経度": 140.327553, "url": "https://www.iryou.teikyouseido.mhlw.go.jp/znk-web/juminkanja/S2430/initialize?prefCd=07&kikanCd=0752000290&kikanKbn=5", "url2": null, "内容": "秋桜薬局【5:薬局】福島県郡山市御前南五丁目１５４番地" }, "geometry": { "type": "Point", "coordinates": [ 140.327553, 37.384928 ] } },
{ "type": "Feature", "properties": { "ID": 750752000291, "正式名称": "あさかのもり薬局", "機関区分": 5, "都道府県コード": 7, "市区町村コード": 203, "所在地": "福島県郡山市安積町成田字漆山５０番地", "緯度": 37.359456, "経度": 140.34005, "url": "https://www.iryou.teikyouseido.mhlw.go.jp/znk-web/juminkanja/S2430/initialize?prefCd=07&kikanCd=0752000291&kikanKbn=5", "url2": null, "内容": "あさかのもり薬局【5:薬局】福島県郡山市安積町成田字漆山５０番地" }, "geometry": { "type": "Point", "coordinates": [ 140.34005, 37.359456 ] } },
{ "type": "Feature", "properties": { "ID": 750752000292, "正式名称": "クオール薬局　郡山店", "機関区分": 5, "都道府県コード": 7, "市区町村コード": 203, "所在地": "福島県郡山市八山田７丁目１０７", "緯度": 37.422111, "経度": 140.383875, "url": "https://www.iryou.teikyouseido.mhlw.go.jp/znk-web/juminkanja/S2430/initialize?prefCd=07&kikanCd=0752000292&kikanKbn=5", "url2": "http://www.qol-net.co.jp/", "内容": "クオール薬局　郡山店【5:薬局】福島県郡山市八山田７丁目１０７" }, "geometry": { "type": "Point", "coordinates": [ 140.383875, 37.422111 ] } },
{ "type": "Feature", "properties": { "ID": 750752000295, "正式名称": "アイランド薬局　西ノ内店", "機関区分": 5, "都道府県コード": 7, "市区町村コード": 203, "所在地": "福島県郡山市西ノ内２－８－３", "緯度": 37.406833, "経度": 140.365267, "url": "https://www.iryou.teikyouseido.mhlw.go.jp/znk-web/juminkanja/S2430/initialize?prefCd=07&kikanCd=0752000295&kikanKbn=5", "url2": "http://www.apocreat.co.jp/", "内容": "アイランド薬局　西ノ内店【5:薬局】福島県郡山市西ノ内２－８－３" }, "geometry": { "type": "Point", "coordinates": [ 140.365267, 37.406833 ] } },
{ "type": "Feature", "properties": { "ID": 750752000298, "正式名称": "さくら薬局　みなみ壱番店", "機関区分": 5, "都道府県コード": 7, "市区町村コード": 203, "所在地": "福島県郡山市富久山町久保田字伊賀河原４", "緯度": 37.414578, "経度": 140.372319, "url": "https://www.iryou.teikyouseido.mhlw.go.jp/znk-web/juminkanja/S2430/initialize?prefCd=07&kikanCd=0752000298&kikanKbn=5", "url2": "http://www.kraft-net.co.jp/search/3933/", "内容": "さくら薬局　みなみ壱番店【5:薬局】福島県郡山市富久山町久保田字伊賀河原４" }, "geometry": { "type": "Point", "coordinates": [ 140.372319, 37.414578 ] } },
{ "type": "Feature", "properties": { "ID": 750752000299, "正式名称": "クオール薬局　郡山２号店", "機関区分": 5, "都道府県コード": 7, "市区町村コード": 203, "所在地": "福島県郡山市八山田７丁目１６１－Ｂ１Ｆ", "緯度": 37.427044, "経度": 140.379236, "url": "https://www.iryou.teikyouseido.mhlw.go.jp/znk-web/juminkanja/S2430/initialize?prefCd=07&kikanCd=0752000299&kikanKbn=5", "url2": "http://www.qol-net.co.jp/map/detail.php?id=34", "内容": "クオール薬局　郡山２号店【5:薬局】福島県郡山市八山田７丁目１６１－Ｂ１Ｆ" }, "geometry": { "type": "Point", "coordinates": [ 140.379236, 37.427044 ] } },
{ "type": "Feature", "properties": { "ID": 750752000300, "正式名称": "クオール薬局　郡山３号店", "機関区分": 5, "都道府県コード": 7, "市区町村コード": 203, "所在地": "福島県郡山市八山田７丁目１６１－１Ｆ", "緯度": 37.423083, "経度": 140.381797, "url": "https://www.iryou.teikyouseido.mhlw.go.jp/znk-web/juminkanja/S2430/initialize?prefCd=07&kikanCd=0752000300&kikanKbn=5", "url2": "http://www.qol-net.co.jp/map/fukushima/kooriyama3.html", "内容": "クオール薬局　郡山３号店【5:薬局】福島県郡山市八山田７丁目１６１－１Ｆ" }, "geometry": { "type": "Point", "coordinates": [ 140.381797, 37.423083 ] } },
{ "type": "Feature", "properties": { "ID": 750752000301, "正式名称": "さくらんぼ調剤薬局", "機関区分": 5, "都道府県コード": 7, "市区町村コード": 203, "所在地": "福島県郡山市小原田４－１２－２５", "緯度": 37.381159, "経度": 140.382132, "url": "https://www.iryou.teikyouseido.mhlw.go.jp/znk-web/juminkanja/S2430/initialize?prefCd=07&kikanCd=0752000301&kikanKbn=5", "url2": "https://www.sakuranbo-pharmacy.com/", "内容": "さくらんぼ調剤薬局【5:薬局】福島県郡山市小原田４－１２－２５" }, "geometry": { "type": "Point", "coordinates": [ 140.382132, 37.381159 ] } },
{ "type": "Feature", "properties": { "ID": 750752000302, "正式名称": "アイランド薬局　横塚店", "機関区分": 5, "都道府県コード": 7, "市区町村コード": 203, "所在地": "福島県郡山市横塚２－１５－６", "緯度": 37.398669, "経度": 140.400042, "url": "https://www.iryou.teikyouseido.mhlw.go.jp/znk-web/juminkanja/S2430/initialize?prefCd=07&kikanCd=0752000302&kikanKbn=5", "url2": "http://www.amhd.jp/", "内容": "アイランド薬局　横塚店【5:薬局】福島県郡山市横塚２－１５－６" }, "geometry": { "type": "Point", "coordinates": [ 140.400042, 37.398669 ] } },
{ "type": "Feature", "properties": { "ID": 750752000303, "正式名称": "ひかり薬局香久池", "機関区分": 5, "都道府県コード": 7, "市区町村コード": 203, "所在地": "福島県郡山市香久池２－１１－７", "緯度": 37.378131, "経度": 140.3709, "url": "https://www.iryou.teikyouseido.mhlw.go.jp/znk-web/juminkanja/S2430/initialize?prefCd=07&kikanCd=0752000303&kikanKbn=5", "url2": "http://www.hikari-pharmacy.co.jp", "内容": "ひかり薬局香久池【5:薬局】福島県郡山市香久池２－１１－７" }, "geometry": { "type": "Point", "coordinates": [ 140.3709, 37.378131 ] } },
{ "type": "Feature", "properties": { "ID": 750752000304, "正式名称": "コスモ調剤薬局　菜根店", "機関区分": 5, "都道府県コード": 7, "市区町村コード": 203, "所在地": "福島県郡山市菜根１－１５－２", "緯度": 37.388444, "経度": 140.364356, "url": "https://www.iryou.teikyouseido.mhlw.go.jp/znk-web/juminkanja/S2430/initialize?prefCd=07&kikanCd=0752000304&kikanKbn=5", "url2": "http://www.cosmo-ph.co.jp/", "内容": "コスモ調剤薬局　菜根店【5:薬局】福島県郡山市菜根１－１５－２" }, "geometry": { "type": "Point", "coordinates": [ 140.364356, 37.388444 ] } },
{ "type": "Feature", "properties": { "ID": 750752000305, "正式名称": "清水台薬局", "機関区分": 5, "都道府県コード": 7, "市区町村コード": 203, "所在地": "福島県郡山市大町１－３－１８", "緯度": 37.398331, "経度": 140.384986, "url": "https://www.iryou.teikyouseido.mhlw.go.jp/znk-web/juminkanja/S2430/initialize?prefCd=07&kikanCd=0752000305&kikanKbn=5", "url2": "http://www.cosmo-ph.co.jp/", "内容": "清水台薬局【5:薬局】福島県郡山市大町１－３－１８" }, "geometry": { "type": "Point", "coordinates": [ 140.384986, 37.398331 ] } },
{ "type": "Feature", "properties": { "ID": 750752000307, "正式名称": "ひまわり調剤薬局", "機関区分": 5, "都道府県コード": 7, "市区町村コード": 203, "所在地": "福島県郡山市御前南６丁目１５番地", "緯度": 37.386533, "経度": 140.331381, "url": "https://www.iryou.teikyouseido.mhlw.go.jp/znk-web/juminkanja/S2430/initialize?prefCd=07&kikanCd=0752000307&kikanKbn=5", "url2": "http://www.islands.co.jp", "内容": "ひまわり調剤薬局【5:薬局】福島県郡山市御前南６丁目１５番地" }, "geometry": { "type": "Point", "coordinates": [ 140.331381, 37.386533 ] } },
{ "type": "Feature", "properties": { "ID": 750752000308, "正式名称": "調剤薬局オリーブ", "機関区分": 5, "都道府県コード": 7, "市区町村コード": 203, "所在地": "福島県郡山市御前南一丁目４番地", "緯度": 37.385481, "経度": 140.335561, "url": "https://www.iryou.teikyouseido.mhlw.go.jp/znk-web/juminkanja/S2430/initialize?prefCd=07&kikanCd=0752000308&kikanKbn=5", "url2": "http://www.asp-jp.net/~medifain/", "内容": "調剤薬局オリーブ【5:薬局】福島県郡山市御前南一丁目４番地" }, "geometry": { "type": "Point", "coordinates": [ 140.335561, 37.385481 ] } },
{ "type": "Feature", "properties": { "ID": 750752000309, "正式名称": "しらゆり調剤薬局", "機関区分": 5, "都道府県コード": 7, "市区町村コード": 203, "所在地": "福島県郡山市御前南一丁目１１番地", "緯度": 37.385736, "経度": 140.334765, "url": "https://www.iryou.teikyouseido.mhlw.go.jp/znk-web/juminkanja/S2430/initialize?prefCd=07&kikanCd=0752000309&kikanKbn=5", "url2": "http://www.e-classa.net/shirayuri-pharma/", "内容": "しらゆり調剤薬局【5:薬局】福島県郡山市御前南一丁目１１番地" }, "geometry": { "type": "Point", "coordinates": [ 140.334765, 37.385736 ] } },
{ "type": "Feature", "properties": { "ID": 750752000310, "正式名称": "調剤薬局ツルハドラッグ八山田店", "機関区分": 5, "都道府県コード": 7, "市区町村コード": 203, "所在地": "福島県郡山市富田東三丁目２２番地", "緯度": 37.425767, "経度": 140.365169, "url": "https://www.iryou.teikyouseido.mhlw.go.jp/znk-web/juminkanja/S2430/initialize?prefCd=07&kikanCd=0752000310&kikanKbn=5", "url2": "http://www.tsuruha.co.jp/shop/detail_per.php?a1=7&a2=128&a3=325&a4=439&a5=1101", "内容": "調剤薬局ツルハドラッグ八山田店【5:薬局】福島県郡山市富田東三丁目２２番地" }, "geometry": { "type": "Point", "coordinates": [ 140.365169, 37.425767 ] } },
{ "type": "Feature", "properties": { "ID": 750752000313, "正式名称": "コスモ調剤薬局　大槻店", "機関区分": 5, "都道府県コード": 7, "市区町村コード": 203, "所在地": "福島県郡山市御前南三丁目１９９番地", "緯度": 37.379456, "経度": 140.329703, "url": "https://www.iryou.teikyouseido.mhlw.go.jp/znk-web/juminkanja/S2430/initialize?prefCd=07&kikanCd=0752000313&kikanKbn=5", "url2": "http://www.cosmo-ph.co.jp/", "内容": "コスモ調剤薬局　大槻店【5:薬局】福島県郡山市御前南三丁目１９９番地" }, "geometry": { "type": "Point", "coordinates": [ 140.329703, 37.379456 ] } },
{ "type": "Feature", "properties": { "ID": 750752000314, "正式名称": "コスモ調剤薬局　島店", "機関区分": 5, "都道府県コード": 7, "市区町村コード": 203, "所在地": "福島県郡山市島２－９９－５", "緯度": 37.397081, "経度": 140.343939, "url": "https://www.iryou.teikyouseido.mhlw.go.jp/znk-web/juminkanja/S2430/initialize?prefCd=07&kikanCd=0752000314&kikanKbn=5", "url2": "http://www.cosmo-ph.co.jp/", "内容": "コスモ調剤薬局　島店【5:薬局】福島県郡山市島２－９９－５" }, "geometry": { "type": "Point", "coordinates": [ 140.343939, 37.397081 ] } },
{ "type": "Feature", "properties": { "ID": 750752000316, "正式名称": "フジ薬局　鶴見坦店", "機関区分": 5, "都道府県コード": 7, "市区町村コード": 203, "所在地": "福島県郡山市鶴見坦２－９－１９", "緯度": 37.391925, "経度": 140.366489, "url": "https://www.iryou.teikyouseido.mhlw.go.jp/znk-web/juminkanja/S2430/initialize?prefCd=07&kikanCd=0752000316&kikanKbn=5", "url2": "http://fuji-pharm.jp", "内容": "フジ薬局　鶴見坦店【5:薬局】福島県郡山市鶴見坦２－９－１９" }, "geometry": { "type": "Point", "coordinates": [ 140.366489, 37.391925 ] } },
{ "type": "Feature", "properties": { "ID": 750752000317, "正式名称": "ユニスマイル薬局　八山田店", "機関区分": 5, "都道府県コード": 7, "市区町村コード": 203, "所在地": "福島県郡山市八山田西三丁目１６番地", "緯度": 37.427419, "経度": 140.363831, "url": "https://www.iryou.teikyouseido.mhlw.go.jp/znk-web/juminkanja/S2430/initialize?prefCd=07&kikanCd=0752000317&kikanKbn=5", "url2": "https://unismile.co.jp/", "内容": "ユニスマイル薬局　八山田店【5:薬局】福島県郡山市八山田西三丁目１６番地" }, "geometry": { "type": "Point", "coordinates": [ 140.363831, 37.427419 ] } },
{ "type": "Feature", "properties": { "ID": 750752000319, "正式名称": "げんじろう調剤薬局　池ノ台店", "機関区分": 5, "都道府県コード": 7, "市区町村コード": 203, "所在地": "福島県郡山市池ノ台７－２４コーセーレジデンス１０３号", "緯度": 37.392358, "経度": 140.376311, "url": "https://www.iryou.teikyouseido.mhlw.go.jp/znk-web/juminkanja/S2430/initialize?prefCd=07&kikanCd=0752000319&kikanKbn=5", "url2": "http://www.cosmo-ph.co.jp/", "内容": "げんじろう調剤薬局　池ノ台店【5:薬局】福島県郡山市池ノ台７－２４コーセーレジデンス１０３号" }, "geometry": { "type": "Point", "coordinates": [ 140.376311, 37.392358 ] } },
{ "type": "Feature", "properties": { "ID": 750752000321, "正式名称": "スマイル調剤薬局　コスモス通り店", "機関区分": 5, "都道府県コード": 7, "市区町村コード": 203, "所在地": "福島県郡山市鳴神３－７０コスモスビル１０３", "緯度": 37.395103, "経度": 140.338572, "url": "https://www.iryou.teikyouseido.mhlw.go.jp/znk-web/juminkanja/S2430/initialize?prefCd=07&kikanCd=0752000321&kikanKbn=5", "url2": null, "内容": "スマイル調剤薬局　コスモス通り店【5:薬局】福島県郡山市鳴神３－７０コスモスビル１０３" }, "geometry": { "type": "Point", "coordinates": [ 140.338572, 37.395103 ] } },
{ "type": "Feature", "properties": { "ID": 750752000322, "正式名称": "コスモ調剤薬局　大槻西店", "機関区分": 5, "都道府県コード": 7, "市区町村コード": 203, "所在地": "福島県郡山市大槻町字桜木６番４", "緯度": 37.385886, "経度": 140.315089, "url": "https://www.iryou.teikyouseido.mhlw.go.jp/znk-web/juminkanja/S2430/initialize?prefCd=07&kikanCd=0752000322&kikanKbn=5", "url2": "http://www.cosmo-ph.co.jp/", "内容": "コスモ調剤薬局　大槻西店【5:薬局】福島県郡山市大槻町字桜木６番４" }, "geometry": { "type": "Point", "coordinates": [ 140.315089, 37.385886 ] } },
{ "type": "Feature", "properties": { "ID": 750752000323, "正式名称": "薬局サン・メリー安積店", "機関区分": 5, "都道府県コード": 7, "市区町村コード": 203, "所在地": "福島県郡山市安積３－２９９", "緯度": 37.354826, "経度": 140.363163, "url": "https://www.iryou.teikyouseido.mhlw.go.jp/znk-web/juminkanja/S2430/initialize?prefCd=07&kikanCd=0752000323&kikanKbn=5", "url2": "sunmerry.byoinnavi.jp", "内容": "薬局サン・メリー安積店【5:薬局】福島県郡山市安積３－２９９" }, "geometry": { "type": "Point", "coordinates": [ 140.363163, 37.354826 ] } },
{ "type": "Feature", "properties": { "ID": 750752000324, "正式名称": "富田の杜薬局", "機関区分": 5, "都道府県コード": 7, "市区町村コード": 203, "所在地": "福島県郡山市富田西二丁目２７１番地", "緯度": 37.4212, "経度": 140.335815, "url": "https://www.iryou.teikyouseido.mhlw.go.jp/znk-web/juminkanja/S2430/initialize?prefCd=07&kikanCd=0752000324&kikanKbn=5", "url2": "http://www.clinic-town.net", "内容": "富田の杜薬局【5:薬局】福島県郡山市富田西二丁目２７１番地" }, "geometry": { "type": "Point", "coordinates": [ 140.335815, 37.4212 ] } },
{ "type": "Feature", "properties": { "ID": 750752000325, "正式名称": "調剤薬局ミッテル開成店", "機関区分": 5, "都道府県コード": 7, "市区町村コード": 203, "所在地": "福島県郡山市開成６－１９２－１", "緯度": 37.386311, "経度": 140.354058, "url": "https://www.iryou.teikyouseido.mhlw.go.jp/znk-web/juminkanja/S2430/initialize?prefCd=07&kikanCd=0752000325&kikanKbn=5", "url2": "http://www.mittel.jp/", "内容": "調剤薬局ミッテル開成店【5:薬局】福島県郡山市開成６－１９２－１" }, "geometry": { "type": "Point", "coordinates": [ 140.354058, 37.386311 ] } },
{ "type": "Feature", "properties": { "ID": 750752000326, "正式名称": "コスモ調剤薬局　横塚店", "機関区分": 5, "都道府県コード": 7, "市区町村コード": 203, "所在地": "福島県郡山市横塚６－６５－３", "緯度": 37.391844, "経度": 140.401564, "url": "https://www.iryou.teikyouseido.mhlw.go.jp/znk-web/juminkanja/S2430/initialize?prefCd=07&kikanCd=0752000326&kikanKbn=5", "url2": "http://www.cosmo-ph.co.jp/", "内容": "コスモ調剤薬局　横塚店【5:薬局】福島県郡山市横塚６－６５－３" }, "geometry": { "type": "Point", "coordinates": [ 140.401564, 37.391844 ] } },
{ "type": "Feature", "properties": { "ID": 750752000327, "正式名称": "あい調剤薬局　大槻店", "機関区分": 5, "都道府県コード": 7, "市区町村コード": 203, "所在地": "福島県郡山市御前南６－１２３", "緯度": 37.386108, "経度": 140.327922, "url": "https://www.iryou.teikyouseido.mhlw.go.jp/znk-web/juminkanja/S2430/initialize?prefCd=07&kikanCd=0752000327&kikanKbn=5", "url2": "https://www.yamayaku.com/group/", "内容": "あい調剤薬局　大槻店【5:薬局】福島県郡山市御前南６－１２３" }, "geometry": { "type": "Point", "coordinates": [ 140.327922, 37.386108 ] } },
{ "type": "Feature", "properties": { "ID": 750752000335, "正式名称": "ルビー調剤薬局", "機関区分": 5, "都道府県コード": 7, "市区町村コード": 521, "所在地": "福島県田村郡三春町大字貝山字岩田８６－３", "緯度": 37.436472, "経度": 140.485503, "url": "https://www.iryou.teikyouseido.mhlw.go.jp/znk-web/juminkanja/S2430/initialize?prefCd=07&kikanCd=0752000335&kikanKbn=5", "url2": null, "内容": "ルビー調剤薬局【5:薬局】福島県田村郡三春町大字貝山字岩田８６－３" }, "geometry": { "type": "Point", "coordinates": [ 140.485503, 37.436472 ] } },
{ "type": "Feature", "properties": { "ID": 750752000336, "正式名称": "ヤナイ調剤薬局", "機関区分": 5, "都道府県コード": 7, "市区町村コード": 522, "所在地": "福島県田村郡小野町大字小野新町字品ノ木１３１", "緯度": 37.286883, "経度": 140.627022, "url": "https://www.iryou.teikyouseido.mhlw.go.jp/znk-web/juminkanja/S2430/initialize?prefCd=07&kikanCd=0752000336&kikanKbn=5", "url2": null, "内容": "ヤナイ調剤薬局【5:薬局】福島県田村郡小野町大字小野新町字品ノ木１３１" }, "geometry": { "type": "Point", "coordinates": [ 140.627022, 37.286883 ] } },
{ "type": "Feature", "properties": { "ID": 750752000339, "正式名称": "浜田薬局", "機関区分": 5, "都道府県コード": 7, "市区町村コード": 521, "所在地": "福島県田村郡三春町字荒町６１", "緯度": 37.444389, "経度": 140.487203, "url": "https://www.iryou.teikyouseido.mhlw.go.jp/znk-web/juminkanja/S2430/initialize?prefCd=07&kikanCd=0752000339&kikanKbn=5", "url2": null, "内容": "浜田薬局【5:薬局】福島県田村郡三春町字荒町６１" }, "geometry": { "type": "Point", "coordinates": [ 140.487203, 37.444389 ] } },
{ "type": "Feature", "properties": { "ID": 750752000340, "正式名称": "わたなべ調剤薬局", "機関区分": 5, "都道府県コード": 7, "市区町村コード": 211, "所在地": "福島県田村市船引町東部台４－２９", "緯度": 37.439633, "経度": 140.588271, "url": "https://www.iryou.teikyouseido.mhlw.go.jp/znk-web/juminkanja/S2430/initialize?prefCd=07&kikanCd=0752000340&kikanKbn=5", "url2": "http://www.e-q383.com/pharmacy/131806/", "内容": "わたなべ調剤薬局【5:薬局】福島県田村市船引町東部台４－２９" }, "geometry": { "type": "Point", "coordinates": [ 140.588271, 37.439633 ] } },
{ "type": "Feature", "properties": { "ID": 750752000346, "正式名称": "みはる調剤薬局", "機関区分": 5, "都道府県コード": 7, "市区町村コード": 521, "所在地": "福島県田村郡三春町字大町３２－１", "緯度": 37.442028, "経度": 140.489811, "url": "https://www.iryou.teikyouseido.mhlw.go.jp/znk-web/juminkanja/S2430/initialize?prefCd=07&kikanCd=0752000346&kikanKbn=5", "url2": "https://miharu-chozai.com", "内容": "みはる調剤薬局【5:薬局】福島県田村郡三春町字大町３２－１" }, "geometry": { "type": "Point", "coordinates": [ 140.489811, 37.442028 ] } },
{ "type": "Feature", "properties": { "ID": 750752000347, "正式名称": "コスモ調剤薬局　小野新町店", "機関区分": 5, "都道府県コード": 7, "市区町村コード": 522, "所在地": "福島県田村郡小野町大字谷津作字馬場１７番１", "緯度": 37.274342, "経度": 140.635761, "url": "https://www.iryou.teikyouseido.mhlw.go.jp/znk-web/juminkanja/S2430/initialize?prefCd=07&kikanCd=0752000347&kikanKbn=5", "url2": "http://www.cosmo-ph.co.jp/", "内容": "コスモ調剤薬局　小野新町店【5:薬局】福島県田村郡小野町大字谷津作字馬場１７番１" }, "geometry": { "type": "Point", "coordinates": [ 140.635761, 37.274342 ] } },
{ "type": "Feature", "properties": { "ID": 750752000348, "正式名称": "オリオン薬局", "機関区分": 5, "都道府県コード": 7, "市区町村コード": 211, "所在地": "福島県田村市滝根町神俣字町５３", "緯度": 37.325467, "経度": 140.657425, "url": "https://www.iryou.teikyouseido.mhlw.go.jp/znk-web/juminkanja/S2430/initialize?prefCd=07&kikanCd=0752000348&kikanKbn=5", "url2": null, "内容": "オリオン薬局【5:薬局】福島県田村市滝根町神俣字町５３" }, "geometry": { "type": "Point", "coordinates": [ 140.657425, 37.325467 ] } },
{ "type": "Feature", "properties": { "ID": 750752000350, "正式名称": "コスモ調剤薬局　東部台店", "機関区分": 5, "都道府県コード": 7, "市区町村コード": 211, "所在地": "福島県田村市船引町東部台３－８１", "緯度": 37.444556, "経度": 140.585025, "url": "https://www.iryou.teikyouseido.mhlw.go.jp/znk-web/juminkanja/S2430/initialize?prefCd=07&kikanCd=0752000350&kikanKbn=5", "url2": "http://www.cosmo-ph.co.jp/", "内容": "コスモ調剤薬局　東部台店【5:薬局】福島県田村市船引町東部台３－８１" }, "geometry": { "type": "Point", "coordinates": [ 140.585025, 37.444556 ] } },
{ "type": "Feature", "properties": { "ID": 750752000351, "正式名称": "コスモ調剤薬局　　船引店", "機関区分": 5, "都道府県コード": 7, "市区町村コード": 211, "所在地": "福島県田村市船引町船引字砂子田２０－７", "緯度": 37.445586, "経度": 140.571939, "url": "https://www.iryou.teikyouseido.mhlw.go.jp/znk-web/juminkanja/S2430/initialize?prefCd=07&kikanCd=0752000351&kikanKbn=5", "url2": "http://www.cosmo-ph.co.jp/", "内容": "コスモ調剤薬局　　船引店【5:薬局】福島県田村市船引町船引字砂子田２０－７" }, "geometry": { "type": "Point", "coordinates": [ 140.571939, 37.445586 ] } },
{ "type": "Feature", "properties": { "ID": 750752000354, "正式名称": "げんじろう調剤薬局　船引店", "機関区分": 5, "都道府県コード": 7, "市区町村コード": 211, "所在地": "福島県田村市船引町船引字源次郎１２５－３７", "緯度": 37.447194, "経度": 140.584014, "url": "https://www.iryou.teikyouseido.mhlw.go.jp/znk-web/juminkanja/S2430/initialize?prefCd=07&kikanCd=0752000354&kikanKbn=5", "url2": "http://www.cosmo-ph.co.jp/", "内容": "げんじろう調剤薬局　船引店【5:薬局】福島県田村市船引町船引字源次郎１２５－３７" }, "geometry": { "type": "Point", "coordinates": [ 140.584014, 37.447194 ] } },
{ "type": "Feature", "properties": { "ID": 750752000360, "正式名称": "メイプル調剤薬局", "機関区分": 5, "都道府県コード": 7, "市区町村コード": 207, "所在地": "福島県須賀川市前川５０－１", "緯度": 37.294679, "経度": 140.381115, "url": "https://www.iryou.teikyouseido.mhlw.go.jp/znk-web/juminkanja/S2430/initialize?prefCd=07&kikanCd=0752000360&kikanKbn=5", "url2": null, "内容": "メイプル調剤薬局【5:薬局】福島県須賀川市前川５０－１" }, "geometry": { "type": "Point", "coordinates": [ 140.381115, 37.294679 ] } },
{ "type": "Feature", "properties": { "ID": 750752000362, "正式名称": "フジ薬局", "機関区分": 5, "都道府県コード": 7, "市区町村コード": 207, "所在地": "福島県須賀川市本町４７", "緯度": 37.286728, "経度": 140.373497, "url": "https://www.iryou.teikyouseido.mhlw.go.jp/znk-web/juminkanja/S2430/initialize?prefCd=07&kikanCd=0752000362&kikanKbn=5", "url2": "http://www.lasiq.co.jp", "内容": "フジ薬局【5:薬局】福島県須賀川市本町４７" }, "geometry": { "type": "Point", "coordinates": [ 140.373497, 37.286728 ] } },
{ "type": "Feature", "properties": { "ID": 750752000363, "正式名称": "たけうち調剤薬局駅前店", "機関区分": 5, "都道府県コード": 7, "市区町村コード": 207, "所在地": "福島県須賀川市栄町２７２", "緯度": 37.298367, "経度": 140.372675, "url": "https://www.iryou.teikyouseido.mhlw.go.jp/znk-web/juminkanja/S2430/initialize?prefCd=07&kikanCd=0752000363&kikanKbn=5", "url2": null, "内容": "たけうち調剤薬局駅前店【5:薬局】福島県須賀川市栄町２７２" }, "geometry": { "type": "Point", "coordinates": [ 140.372675, 37.298367 ] } },
{ "type": "Feature", "properties": { "ID": 750752000364, "正式名称": "サンプラス調剤薬局", "機関区分": 5, "都道府県コード": 7, "市区町村コード": 207, "所在地": "福島県須賀川市南町９３", "緯度": 37.280303, "経度": 140.370867, "url": "https://www.iryou.teikyouseido.mhlw.go.jp/znk-web/juminkanja/S2430/initialize?prefCd=07&kikanCd=0752000364&kikanKbn=5", "url2": "http://www.lasiq.co.jp", "内容": "サンプラス調剤薬局【5:薬局】福島県須賀川市南町９３" }, "geometry": { "type": "Point", "coordinates": [ 140.370867, 37.280303 ] } },
{ "type": "Feature", "properties": { "ID": 750752000366, "正式名称": "アイランド薬局　須賀川店", "機関区分": 5, "都道府県コード": 7, "市区町村コード": 207, "所在地": "福島県須賀川市北町９", "緯度": 37.2937, "経度": 140.374447, "url": "https://www.iryou.teikyouseido.mhlw.go.jp/znk-web/juminkanja/S2430/initialize?prefCd=07&kikanCd=0752000366&kikanKbn=5", "url2": "https://www.apocreat.co.jp/", "内容": "アイランド薬局　須賀川店【5:薬局】福島県須賀川市北町９" }, "geometry": { "type": "Point", "coordinates": [ 140.374447, 37.2937 ] } },
{ "type": "Feature", "properties": { "ID": 750752000367, "正式名称": "クオール薬局　てらまち店", "機関区分": 5, "都道府県コード": 7, "市区町村コード": 207, "所在地": "福島県須賀川市東町１１６ー１", "緯度": 37.288497, "経度": 140.378553, "url": "https://www.iryou.teikyouseido.mhlw.go.jp/znk-web/juminkanja/S2430/initialize?prefCd=07&kikanCd=0752000367&kikanKbn=5", "url2": "http://www.qol-net.co.jp", "内容": "クオール薬局　てらまち店【5:薬局】福島県須賀川市東町１１６ー１" }, "geometry": { "type": "Point", "coordinates": [ 140.378553, 37.288497 ] } },
{ "type": "Feature", "properties": { "ID": 750752000369, "正式名称": "コスモ調剤薬局　須賀川駅前店", "機関区分": 5, "都道府県コード": 7, "市区町村コード": 207, "所在地": "福島県須賀川市中宿４４４", "緯度": 37.298911, "経度": 140.377233, "url": "https://www.iryou.teikyouseido.mhlw.go.jp/znk-web/juminkanja/S2430/initialize?prefCd=07&kikanCd=0752000369&kikanKbn=5", "url2": "http://www.cosmo-ph.co.jp/", "内容": "コスモ調剤薬局　須賀川駅前店【5:薬局】福島県須賀川市中宿４４４" }, "geometry": { "type": "Point", "coordinates": [ 140.377233, 37.298911 ] } },
{ "type": "Feature", "properties": { "ID": 750752000370, "正式名称": "チェリー調剤薬局", "機関区分": 5, "都道府県コード": 7, "市区町村コード": 207, "所在地": "福島県須賀川市西山寺町２２９番", "緯度": 37.302764, "経度": 140.359856, "url": "https://www.iryou.teikyouseido.mhlw.go.jp/znk-web/juminkanja/S2430/initialize?prefCd=07&kikanCd=0752000370&kikanKbn=5", "url2": null, "内容": "チェリー調剤薬局【5:薬局】福島県須賀川市西山寺町２２９番" }, "geometry": { "type": "Point", "coordinates": [ 140.359856, 37.302764 ] } },
{ "type": "Feature", "properties": { "ID": 750752000372, "正式名称": "コスモ調剤薬局　　牡丹台店", "機関区分": 5, "都道府県コード": 7, "市区町村コード": 207, "所在地": "福島県須賀川市前田川字宮の前２２５－１３", "緯度": 37.264222, "経度": 140.388758, "url": "https://www.iryou.teikyouseido.mhlw.go.jp/znk-web/juminkanja/S2430/initialize?prefCd=07&kikanCd=0752000372&kikanKbn=5", "url2": "http://www.cosmo-ph.co.jp/", "内容": "コスモ調剤薬局　　牡丹台店【5:薬局】福島県須賀川市前田川字宮の前２２５－１３" }, "geometry": { "type": "Point", "coordinates": [ 140.388758, 37.264222 ] } },
{ "type": "Feature", "properties": { "ID": 750752000373, "正式名称": "コスモ調剤薬局　須賀川大町店", "機関区分": 5, "都道府県コード": 7, "市区町村コード": 207, "所在地": "福島県須賀川市大町２８４", "緯度": 37.284239, "経度": 140.374278, "url": "https://www.iryou.teikyouseido.mhlw.go.jp/znk-web/juminkanja/S2430/initialize?prefCd=07&kikanCd=0752000373&kikanKbn=5", "url2": "http://www.cosmo-ph.co.jp", "内容": "コスモ調剤薬局　須賀川大町店【5:薬局】福島県須賀川市大町２８４" }, "geometry": { "type": "Point", "coordinates": [ 140.374278, 37.284239 ] } },
{ "type": "Feature", "properties": { "ID": 750752000374, "正式名称": "コスモ調剤薬局　長沼店", "機関区分": 5, "都道府県コード": 7, "市区町村コード": 207, "所在地": "福島県須賀川市木之崎字寺前９８－１", "緯度": 37.280517, "経度": 140.272544, "url": "https://www.iryou.teikyouseido.mhlw.go.jp/znk-web/juminkanja/S2430/initialize?prefCd=07&kikanCd=0752000374&kikanKbn=5", "url2": "http://www.cosmo-ph.co.jp/", "内容": "コスモ調剤薬局　長沼店【5:薬局】福島県須賀川市木之崎字寺前９８－１" }, "geometry": { "type": "Point", "coordinates": [ 140.272544, 37.280517 ] } },
{ "type": "Feature", "properties": { "ID": 750752000375, "正式名称": "自由ヶ丘調剤薬局", "機関区分": 5, "都道府県コード": 7, "市区町村コード": 207, "所在地": "福島県須賀川市和田弥六内３５６－５", "緯度": 37.287486, "経度": 140.390053, "url": "https://www.iryou.teikyouseido.mhlw.go.jp/znk-web/juminkanja/S2430/initialize?prefCd=07&kikanCd=0752000375&kikanKbn=5", "url2": "http://www.take2tablets.com", "内容": "自由ヶ丘調剤薬局【5:薬局】福島県須賀川市和田弥六内３５６－５" }, "geometry": { "type": "Point", "coordinates": [ 140.390053, 37.287486 ] } },
{ "type": "Feature", "properties": { "ID": 750752000376, "正式名称": "コスモ調剤薬局　天栄店", "機関区分": 5, "都道府県コード": 7, "市区町村コード": 344, "所在地": "福島県岩瀬郡天栄村大字下松本字四十壇１３－１", "緯度": 37.256353, "経度": 140.248447, "url": "https://www.iryou.teikyouseido.mhlw.go.jp/znk-web/juminkanja/S2430/initialize?prefCd=07&kikanCd=0752000376&kikanKbn=5", "url2": "http://www.cosmo-ph.co.jp/", "内容": "コスモ調剤薬局　天栄店【5:薬局】福島県岩瀬郡天栄村大字下松本字四十壇１３－１" }, "geometry": { "type": "Point", "coordinates": [ 140.248447, 37.256353 ] } },
{ "type": "Feature", "properties": { "ID": 750752000377, "正式名称": "クオール薬局　須賀川店", "機関区分": 5, "都道府県コード": 7, "市区町村コード": 207, "所在地": "福島県須賀川市大袋町１８７－２", "緯度": 37.284669, "経度": 140.357122, "url": "https://www.iryou.teikyouseido.mhlw.go.jp/znk-web/juminkanja/S2430/initialize?prefCd=07&kikanCd=0752000377&kikanKbn=5", "url2": "https://www.qol-net.co.jp/", "内容": "クオール薬局　須賀川店【5:薬局】福島県須賀川市大袋町１８７－２" }, "geometry": { "type": "Point", "coordinates": [ 140.357122, 37.284669 ] } },
{ "type": "Feature", "properties": { "ID": 750752000379, "正式名称": "クオール薬局　須賀川南店", "機関区分": 5, "都道府県コード": 7, "市区町村コード": 207, "所在地": "福島県須賀川市南上町１１５－２", "緯度": 37.284089, "経度": 140.386539, "url": "https://www.iryou.teikyouseido.mhlw.go.jp/znk-web/juminkanja/S2430/initialize?prefCd=07&kikanCd=0752000379&kikanKbn=5", "url2": "http://www.qol-net.co.jp/", "内容": "クオール薬局　須賀川南店【5:薬局】福島県須賀川市南上町１１５－２" }, "geometry": { "type": "Point", "coordinates": [ 140.386539, 37.284089 ] } },
{ "type": "Feature", "properties": { "ID": 750752000380, "正式名称": "アイランド薬局　東作店", "機関区分": 5, "都道府県コード": 7, "市区町村コード": 207, "所在地": "福島県須賀川市東作１４６－１８", "緯度": 37.279094, "経度": 140.384911, "url": "https://www.iryou.teikyouseido.mhlw.go.jp/znk-web/juminkanja/S2430/initialize?prefCd=07&kikanCd=0752000380&kikanKbn=5", "url2": "https://www.apocreat.co.jp/", "内容": "アイランド薬局　東作店【5:薬局】福島県須賀川市東作１４６－１８" }, "geometry": { "type": "Point", "coordinates": [ 140.384911, 37.279094 ] } },
{ "type": "Feature", "properties": { "ID": 750752000382, "正式名称": "カワチ薬局　須賀川東店", "機関区分": 5, "都道府県コード": 7, "市区町村コード": 207, "所在地": "福島県須賀川市南上町２３８－１", "緯度": 37.282625, "経度": 140.383575, "url": "https://www.iryou.teikyouseido.mhlw.go.jp/znk-web/juminkanja/S2430/initialize?prefCd=07&kikanCd=0752000382&kikanKbn=5", "url2": "https://www.cawachi.co.jp", "内容": "カワチ薬局　須賀川東店【5:薬局】福島県須賀川市南上町２３８－１" }, "geometry": { "type": "Point", "coordinates": [ 140.383575, 37.282625 ] } },
{ "type": "Feature", "properties": { "ID": 750752000384, "正式名称": "調剤薬局くすりの大福", "機関区分": 5, "都道府県コード": 7, "市区町村コード": 207, "所在地": "福島県須賀川市西山寺町１８", "緯度": 37.305314, "経度": 140.361128, "url": "https://www.iryou.teikyouseido.mhlw.go.jp/znk-web/juminkanja/S2430/initialize?prefCd=07&kikanCd=0752000384&kikanKbn=5", "url2": "http://www.dai-huku.com/", "内容": "調剤薬局くすりの大福【5:薬局】福島県須賀川市西山寺町１８" }, "geometry": { "type": "Point", "coordinates": [ 140.361128, 37.305314 ] } },
{ "type": "Feature", "properties": { "ID": 750752000385, "正式名称": "ウイン調剤薬局　天栄店", "機関区分": 5, "都道府県コード": 7, "市区町村コード": 344, "所在地": "福島県岩瀬郡天栄村大字飯豊字上原３４－１", "緯度": 37.244611, "経度": 140.295025, "url": "https://www.iryou.teikyouseido.mhlw.go.jp/znk-web/juminkanja/S2430/initialize?prefCd=07&kikanCd=0752000385&kikanKbn=5", "url2": "https://win-ohana.jp", "内容": "ウイン調剤薬局　天栄店【5:薬局】福島県岩瀬郡天栄村大字飯豊字上原３４－１" }, "geometry": { "type": "Point", "coordinates": [ 140.295025, 37.244611 ] } },
{ "type": "Feature", "properties": { "ID": 750752000386, "正式名称": "コスモ調剤薬局　下宿店", "機関区分": 5, "都道府県コード": 7, "市区町村コード": 207, "所在地": "福島県須賀川市下宿町６０", "緯度": 37.308411, "経度": 140.37415, "url": "https://www.iryou.teikyouseido.mhlw.go.jp/znk-web/juminkanja/S2430/initialize?prefCd=07&kikanCd=0752000386&kikanKbn=5", "url2": "http://www.cosmo-ph.co.jp/", "内容": "コスモ調剤薬局　下宿店【5:薬局】福島県須賀川市下宿町６０" }, "geometry": { "type": "Point", "coordinates": [ 140.37415, 37.308411 ] } },
{ "type": "Feature", "properties": { "ID": 750752000390, "正式名称": "隆盛堂調剤薬局", "機関区分": 5, "都道府県コード": 7, "市区町村コード": 207, "所在地": "福島県須賀川市弘法坦１０９", "緯度": 37.291142, "経度": 140.372139, "url": "https://www.iryou.teikyouseido.mhlw.go.jp/znk-web/juminkanja/S2430/initialize?prefCd=07&kikanCd=0752000390&kikanKbn=5", "url2": null, "内容": "隆盛堂調剤薬局【5:薬局】福島県須賀川市弘法坦１０９" }, "geometry": { "type": "Point", "coordinates": [ 140.372139, 37.291142 ] } },
{ "type": "Feature", "properties": { "ID": 750752000392, "正式名称": "金沢薬局", "機関区分": 5, "都道府県コード": 7, "市区町村コード": 504, "所在地": "福島県石川郡浅川町大字浅川字本町４", "緯度": 37.081003, "経度": 140.416917, "url": "https://www.iryou.teikyouseido.mhlw.go.jp/znk-web/juminkanja/S2430/initialize?prefCd=07&kikanCd=0752000392&kikanKbn=5", "url2": null, "内容": "金沢薬局【5:薬局】福島県石川郡浅川町大字浅川字本町４" }, "geometry": { "type": "Point", "coordinates": [ 140.416917, 37.081003 ] } },
{ "type": "Feature", "properties": { "ID": 750752000394, "正式名称": "アイランド薬局石川店", "機関区分": 5, "都道府県コード": 7, "市区町村コード": 501, "所在地": "福島県石川郡石川町字下泉１７２", "緯度": 37.143294, "経度": 140.453653, "url": "https://www.iryou.teikyouseido.mhlw.go.jp/znk-web/juminkanja/S2430/initialize?prefCd=07&kikanCd=0752000394&kikanKbn=5", "url2": "http://www.apocreat.co.jp/", "内容": "アイランド薬局石川店【5:薬局】福島県石川郡石川町字下泉１７２" }, "geometry": { "type": "Point", "coordinates": [ 140.453653, 37.143294 ] } },
{ "type": "Feature", "properties": { "ID": 750752000395, "正式名称": "石川調剤薬局", "機関区分": 5, "都道府県コード": 7, "市区町村コード": 501, "所在地": "福島県石川郡石川町字新町５３－１", "緯度": 37.148019, "経度": 140.454967, "url": "https://www.iryou.teikyouseido.mhlw.go.jp/znk-web/juminkanja/S2430/initialize?prefCd=07&kikanCd=0752000395&kikanKbn=5", "url2": null, "内容": "石川調剤薬局【5:薬局】福島県石川郡石川町字新町５３－１" }, "geometry": { "type": "Point", "coordinates": [ 140.454967, 37.148019 ] } },
{ "type": "Feature", "properties": { "ID": 750752000396, "正式名称": "コスモ調剤薬局　　玉川店", "機関区分": 5, "都道府県コード": 7, "市区町村コード": 502, "所在地": "福島県石川郡玉川村大字川辺字二ノ鳥居３４－１", "緯度": 37.192417, "経度": 140.411069, "url": "https://www.iryou.teikyouseido.mhlw.go.jp/znk-web/juminkanja/S2430/initialize?prefCd=07&kikanCd=0752000396&kikanKbn=5", "url2": "http://www.cosmo-ph.co.jp/", "内容": "コスモ調剤薬局　　玉川店【5:薬局】福島県石川郡玉川村大字川辺字二ノ鳥居３４－１" }, "geometry": { "type": "Point", "coordinates": [ 140.411069, 37.192417 ] } },
{ "type": "Feature", "properties": { "ID": 750752000397, "正式名称": "アイランド薬局　平田店", "機関区分": 5, "都道府県コード": 7, "市区町村コード": 503, "所在地": "福島県石川郡平田村大字上蓬田字大隅２８－５", "緯度": 37.244608, "経度": 140.568233, "url": "https://www.iryou.teikyouseido.mhlw.go.jp/znk-web/juminkanja/S2430/initialize?prefCd=07&kikanCd=0752000397&kikanKbn=5", "url2": "https://www.apocreat.co.jp/", "内容": "アイランド薬局　平田店【5:薬局】福島県石川郡平田村大字上蓬田字大隅２８－５" }, "geometry": { "type": "Point", "coordinates": [ 140.568233, 37.244608 ] } },
{ "type": "Feature", "properties": { "ID": 750752000398, "正式名称": "コスモ調剤薬局　石川町店", "機関区分": 5, "都道府県コード": 7, "市区町村コード": 501, "所在地": "福島県石川郡石川町大字形見字尾巻１９１－１", "緯度": 37.145747, "経度": 140.482541, "url": "https://www.iryou.teikyouseido.mhlw.go.jp/znk-web/juminkanja/S2430/initialize?prefCd=07&kikanCd=0752000398&kikanKbn=5", "url2": "https://www.cosmo-ph.co.jp", "内容": "コスモ調剤薬局　石川町店【5:薬局】福島県石川郡石川町大字形見字尾巻１９１－１" }, "geometry": { "type": "Point", "coordinates": [ 140.482541, 37.145747 ] } },
{ "type": "Feature", "properties": { "ID": 750752000399, "正式名称": "コスモ調剤薬局　古殿町店", "機関区分": 5, "都道府県コード": 7, "市区町村コード": 505, "所在地": "福島県石川郡古殿町大字松川字林１４－３", "緯度": 37.090556, "経度": 140.550331, "url": "https://www.iryou.teikyouseido.mhlw.go.jp/znk-web/juminkanja/S2430/initialize?prefCd=07&kikanCd=0752000399&kikanKbn=5", "url2": "http://www.cosmo-ph.co.jp/", "内容": "コスモ調剤薬局　古殿町店【5:薬局】福島県石川郡古殿町大字松川字林１４－３" }, "geometry": { "type": "Point", "coordinates": [ 140.550331, 37.090556 ] } },
{ "type": "Feature", "properties": { "ID": 750752000402, "正式名称": "しんまち調剤薬局", "機関区分": 5, "都道府県コード": 7, "市区町村コード": 501, "所在地": "福島県石川郡石川町字新町４３－３", "緯度": 37.148146, "経度": 140.455459, "url": "https://www.iryou.teikyouseido.mhlw.go.jp/znk-web/juminkanja/S2430/initialize?prefCd=07&kikanCd=0752000402&kikanKbn=5", "url2": null, "内容": "しんまち調剤薬局【5:薬局】福島県石川郡石川町字新町４３－３" }, "geometry": { "type": "Point", "coordinates": [ 140.455459, 37.148146 ] } },
{ "type": "Feature", "properties": { "ID": 750752000403, "正式名称": "有限会社たまかわ薬局", "機関区分": 5, "都道府県コード": 7, "市区町村コード": 502, "所在地": "福島県石川郡玉川村大字小高字中畷１８－７", "緯度": 37.210717, "経度": 140.407281, "url": "https://www.iryou.teikyouseido.mhlw.go.jp/znk-web/juminkanja/S2430/initialize?prefCd=07&kikanCd=0752000403&kikanKbn=5", "url2": null, "内容": "有限会社たまかわ薬局【5:薬局】福島県石川郡玉川村大字小高字中畷１８－７" }, "geometry": { "type": "Point", "coordinates": [ 140.407281, 37.210717 ] } },
{ "type": "Feature", "properties": { "ID": 750752000405, "正式名称": "コスモ調剤薬局　浅川店", "機関区分": 5, "都道府県コード": 7, "市区町村コード": 504, "所在地": "福島県石川郡浅川町大字東大畑字大名大塚１０－１", "緯度": 37.076958, "経度": 140.416358, "url": "https://www.iryou.teikyouseido.mhlw.go.jp/znk-web/juminkanja/S2430/initialize?prefCd=07&kikanCd=0752000405&kikanKbn=5", "url2": "http://www.cosmo-ph.co.jp/", "内容": "コスモ調剤薬局　浅川店【5:薬局】福島県石川郡浅川町大字東大畑字大名大塚１０－１" }, "geometry": { "type": "Point", "coordinates": [ 140.416358, 37.076958 ] } },
{ "type": "Feature", "properties": { "ID": 750752000408, "正式名称": "ベル薬局", "機関区分": 5, "都道府県コード": 7, "市区町村コード": 205, "所在地": "福島県白河市東深仁井田字天上林６－４", "緯度": 37.118472, "経度": 140.349089, "url": "https://www.iryou.teikyouseido.mhlw.go.jp/znk-web/juminkanja/S2430/initialize?prefCd=07&kikanCd=0752000408&kikanKbn=5", "url2": null, "内容": "ベル薬局【5:薬局】福島県白河市東深仁井田字天上林６－４" }, "geometry": { "type": "Point", "coordinates": [ 140.349089, 37.118472 ] } },
{ "type": "Feature", "properties": { "ID": 750752000411, "正式名称": "あい調剤薬局南湖店", "機関区分": 5, "都道府県コード": 7, "市区町村コード": 205, "所在地": "福島県白河市白坂石阿弥陀３５ー５", "緯度": 37.098706, "経度": 140.214917, "url": "https://www.iryou.teikyouseido.mhlw.go.jp/znk-web/juminkanja/S2430/initialize?prefCd=07&kikanCd=0752000411&kikanKbn=5", "url2": "https://www.yamayaku.com/group/", "内容": "あい調剤薬局南湖店【5:薬局】福島県白河市白坂石阿弥陀３５ー５" }, "geometry": { "type": "Point", "coordinates": [ 140.214917, 37.098706 ] } },
{ "type": "Feature", "properties": { "ID": 750752000418, "正式名称": "流薬局", "機関区分": 5, "都道府県コード": 7, "市区町村コード": 481, "所在地": "福島県東白川郡棚倉町大字関口字上志宝７３", "緯度": 37.017569, "経度": 140.391347, "url": "https://www.iryou.teikyouseido.mhlw.go.jp/znk-web/juminkanja/S2430/initialize?prefCd=07&kikanCd=0752000418&kikanKbn=5", "url2": null, "内容": "流薬局【5:薬局】福島県東白川郡棚倉町大字関口字上志宝７３" }, "geometry": { "type": "Point", "coordinates": [ 140.391347, 37.017569 ] } },
{ "type": "Feature", "properties": { "ID": 750752000419, "正式名称": "さくら薬局　　新白河店", "機関区分": 5, "都道府県コード": 7, "市区町村コード": 461, "所在地": "福島県西白河郡西郷村字道南東１２番地", "緯度": 37.122642, "経度": 140.190112, "url": "https://www.iryou.teikyouseido.mhlw.go.jp/znk-web/juminkanja/S2430/initialize?prefCd=07&kikanCd=0752000419&kikanKbn=5", "url2": null, "内容": "さくら薬局　　新白河店【5:薬局】福島県西白河郡西郷村字道南東１２番地" }, "geometry": { "type": "Point", "coordinates": [ 140.190112, 37.122642 ] } },
{ "type": "Feature", "properties": { "ID": 750752000420, "正式名称": "今井調剤薬局　　南真舟店", "機関区分": 5, "都道府県コード": 7, "市区町村コード": 205, "所在地": "福島県白河市南真舟６－１", "緯度": 37.130689, "経度": 140.192039, "url": "https://www.iryou.teikyouseido.mhlw.go.jp/znk-web/juminkanja/S2430/initialize?prefCd=07&kikanCd=0752000420&kikanKbn=5", "url2": null, "内容": "今井調剤薬局　　南真舟店【5:薬局】福島県白河市南真舟６－１" }, "geometry": { "type": "Point", "coordinates": [ 140.192039, 37.130689 ] } },
{ "type": "Feature", "properties": { "ID": 750752000422, "正式名称": "いずみざき薬局", "機関区分": 5, "都道府県コード": 7, "市区町村コード": 464, "所在地": "福島県西白河郡泉崎村大字泉崎字山ヶ入６９－６", "緯度": 37.157794, "経度": 140.292083, "url": "https://www.iryou.teikyouseido.mhlw.go.jp/znk-web/juminkanja/S2430/initialize?prefCd=07&kikanCd=0752000422&kikanKbn=5", "url2": "http://www.izumizaki-tsyakuhin.com/", "内容": "いずみざき薬局【5:薬局】福島県西白河郡泉崎村大字泉崎字山ヶ入６９－６" }, "geometry": { "type": "Point", "coordinates": [ 140.292083, 37.157794 ] } },
{ "type": "Feature", "properties": { "ID": 750752000424, "正式名称": "堀田薬局", "機関区分": 5, "都道府県コード": 7, "市区町村コード": 205, "所在地": "福島県白河市桜町１７９", "緯度": 37.124596, "経度": 140.22115, "url": "https://www.iryou.teikyouseido.mhlw.go.jp/znk-web/juminkanja/S2430/initialize?prefCd=07&kikanCd=0752000424&kikanKbn=5", "url2": null, "内容": "堀田薬局【5:薬局】福島県白河市桜町１７９" }, "geometry": { "type": "Point", "coordinates": [ 140.22115, 37.124596 ] } },
{ "type": "Feature", "properties": { "ID": 750752000425, "正式名称": "ユニスマイル薬局　白河店", "機関区分": 5, "都道府県コード": 7, "市区町村コード": 205, "所在地": "福島県白河市六反山１０－３６", "緯度": 37.142436, "経度": 140.216158, "url": "https://www.iryou.teikyouseido.mhlw.go.jp/znk-web/juminkanja/S2430/initialize?prefCd=07&kikanCd=0752000425&kikanKbn=5", "url2": null, "内容": "ユニスマイル薬局　白河店【5:薬局】福島県白河市六反山１０－３６" }, "geometry": { "type": "Point", "coordinates": [ 140.216158, 37.142436 ] } },
{ "type": "Feature", "properties": { "ID": 750752000426, "正式名称": "有限会社やざわ薬局", "機関区分": 5, "都道府県コード": 7, "市区町村コード": 205, "所在地": "福島県白河市古高山３番地の５６", "緯度": 37.111588, "経度": 140.188934, "url": "https://www.iryou.teikyouseido.mhlw.go.jp/znk-web/juminkanja/S2430/initialize?prefCd=07&kikanCd=0752000426&kikanKbn=5", "url2": null, "内容": "有限会社やざわ薬局【5:薬局】福島県白河市古高山３番地の５６" }, "geometry": { "type": "Point", "coordinates": [ 140.188934, 37.111588 ] } },
{ "type": "Feature", "properties": { "ID": 750752000428, "正式名称": "ユニスマイル薬局　めぐみ店", "機関区分": 5, "都道府県コード": 7, "市区町村コード": 205, "所在地": "福島県白河市六反山１０－２６", "緯度": 37.141678, "経度": 140.216097, "url": "https://www.iryou.teikyouseido.mhlw.go.jp/znk-web/juminkanja/S2430/initialize?prefCd=07&kikanCd=0752000428&kikanKbn=5", "url2": "https://unismile.co.jp/", "内容": "ユニスマイル薬局　めぐみ店【5:薬局】福島県白河市六反山１０－２６" }, "geometry": { "type": "Point", "coordinates": [ 140.216097, 37.141678 ] } },
{ "type": "Feature", "properties": { "ID": 750752000429, "正式名称": "丸正薬局", "機関区分": 5, "都道府県コード": 7, "市区町村コード": 483, "所在地": "福島県東白川郡塙町大字塙字大町一丁目２４番地１１", "緯度": 36.957768, "経度": 140.411181, "url": "https://www.iryou.teikyouseido.mhlw.go.jp/znk-web/juminkanja/S2430/initialize?prefCd=07&kikanCd=0752000429&kikanKbn=5", "url2": null, "内容": "丸正薬局【5:薬局】福島県東白川郡塙町大字塙字大町一丁目２４番地１１" }, "geometry": { "type": "Point", "coordinates": [ 140.411181, 36.957768 ] } },
{ "type": "Feature", "properties": { "ID": 750752000431, "正式名称": "株式会社ワタナベ薬局", "機関区分": 5, "都道府県コード": 7, "市区町村コード": 205, "所在地": "福島県白河市本町６", "緯度": 37.126781, "経度": 140.215331, "url": "https://www.iryou.teikyouseido.mhlw.go.jp/znk-web/juminkanja/S2430/initialize?prefCd=07&kikanCd=0752000431&kikanKbn=5", "url2": "https://watanabe-hd.com/", "内容": "株式会社ワタナベ薬局【5:薬局】福島県白河市本町６" }, "geometry": { "type": "Point", "coordinates": [ 140.215331, 37.126781 ] } },
{ "type": "Feature", "properties": { "ID": 750752000432, "正式名称": "わかば薬局", "機関区分": 5, "都道府県コード": 7, "市区町村コード": 205, "所在地": "福島県白河市郭内１２－２１", "緯度": 37.128811, "経度": 140.216819, "url": "https://www.iryou.teikyouseido.mhlw.go.jp/znk-web/juminkanja/S2430/initialize?prefCd=07&kikanCd=0752000432&kikanKbn=5", "url2": "https://watanabe-hd.com/", "内容": "わかば薬局【5:薬局】福島県白河市郭内１２－２１" }, "geometry": { "type": "Point", "coordinates": [ 140.216819, 37.128811 ] } },
{ "type": "Feature", "properties": { "ID": 750752000433, "正式名称": "ふじた調剤薬局", "機関区分": 5, "都道府県コード": 7, "市区町村コード": 205, "所在地": "福島県白河市結城１２１－６", "緯度": 37.116453, "経度": 140.23693, "url": "https://www.iryou.teikyouseido.mhlw.go.jp/znk-web/juminkanja/S2430/initialize?prefCd=07&kikanCd=0752000433&kikanKbn=5", "url2": null, "内容": "ふじた調剤薬局【5:薬局】福島県白河市結城１２１－６" }, "geometry": { "type": "Point", "coordinates": [ 140.23693, 37.116453 ] } },
{ "type": "Feature", "properties": { "ID": 750752000435, "正式名称": "ユニスマイル薬局　つくし店", "機関区分": 5, "都道府県コード": 7, "市区町村コード": 205, "所在地": "福島県白河市大鹿島前２５の１", "緯度": 37.122308, "経度": 140.239203, "url": "https://www.iryou.teikyouseido.mhlw.go.jp/znk-web/juminkanja/S2430/initialize?prefCd=07&kikanCd=0752000435&kikanKbn=5", "url2": "https://unismile.co.jp/", "内容": "ユニスマイル薬局　つくし店【5:薬局】福島県白河市大鹿島前２５の１" }, "geometry": { "type": "Point", "coordinates": [ 140.239203, 37.122308 ] } },
{ "type": "Feature", "properties": { "ID": 750752000437, "正式名称": "あい調剤薬局　新白河店", "機関区分": 5, "都道府県コード": 7, "市区町村コード": 205, "所在地": "福島県白河市立石１４２－１", "緯度": 37.127506, "経度": 140.198383, "url": "https://www.iryou.teikyouseido.mhlw.go.jp/znk-web/juminkanja/S2430/initialize?prefCd=07&kikanCd=0752000437&kikanKbn=5", "url2": "https://www.yamayaku.com/group/", "内容": "あい調剤薬局　新白河店【5:薬局】福島県白河市立石１４２－１" }, "geometry": { "type": "Point", "coordinates": [ 140.198383, 37.127506 ] } },
{ "type": "Feature", "properties": { "ID": 750752000439, "正式名称": "あゆみ調剤薬局", "機関区分": 5, "都道府県コード": 7, "市区町村コード": 205, "所在地": "福島県白河市大信町屋字町屋１０７番２", "緯度": 37.205062, "経度": 140.24854, "url": "https://www.iryou.teikyouseido.mhlw.go.jp/znk-web/juminkanja/S2430/initialize?prefCd=07&kikanCd=0752000439&kikanKbn=5", "url2": null, "内容": "あゆみ調剤薬局【5:薬局】福島県白河市大信町屋字町屋１０７番２" }, "geometry": { "type": "Point", "coordinates": [ 140.24854, 37.205062 ] } },
{ "type": "Feature", "properties": { "ID": 750752000443, "正式名称": "相樂薬局", "機関区分": 5, "都道府県コード": 7, "市区町村コード": 205, "所在地": "福島県白河市中町２０", "緯度": 37.128265, "経度": 140.212073, "url": "https://www.iryou.teikyouseido.mhlw.go.jp/znk-web/juminkanja/S2430/initialize?prefCd=07&kikanCd=0752000443&kikanKbn=5", "url2": null, "内容": "相樂薬局【5:薬局】福島県白河市中町２０" }, "geometry": { "type": "Point", "coordinates": [ 140.212073, 37.128265 ] } },
{ "type": "Feature", "properties": { "ID": 750752000444, "正式名称": "白河の杜薬局", "機関区分": 5, "都道府県コード": 7, "市区町村コード": 205, "所在地": "福島県白河市老久保１６－１", "緯度": 37.116597, "経度": 140.201608, "url": "https://www.iryou.teikyouseido.mhlw.go.jp/znk-web/juminkanja/S2430/initialize?prefCd=07&kikanCd=0752000444&kikanKbn=5", "url2": "http://www.clinic-town.net/", "内容": "白河の杜薬局【5:薬局】福島県白河市老久保１６－１" }, "geometry": { "type": "Point", "coordinates": [ 140.201608, 37.116597 ] } },
{ "type": "Feature", "properties": { "ID": 750752000445, "正式名称": "コスモ調剤薬局　矢吹店", "機関区分": 5, "都道府県コード": 7, "市区町村コード": 466, "所在地": "福島県西白河郡矢吹町八幡町５６３－５", "緯度": 37.194264, "経度": 140.333972, "url": "https://www.iryou.teikyouseido.mhlw.go.jp/znk-web/juminkanja/S2430/initialize?prefCd=07&kikanCd=0752000445&kikanKbn=5", "url2": "http://www.cosmo-ph.co.jp/", "内容": "コスモ調剤薬局　矢吹店【5:薬局】福島県西白河郡矢吹町八幡町５６３－５" }, "geometry": { "type": "Point", "coordinates": [ 140.333972, 37.194264 ] } },
{ "type": "Feature", "properties": { "ID": 750752000446, "正式名称": "コスモ調剤薬局　白河駅前店", "機関区分": 5, "都道府県コード": 7, "市区町村コード": 205, "所在地": "福島県白河市大手町１４－７", "緯度": 37.128269, "経度": 140.213756, "url": "https://www.iryou.teikyouseido.mhlw.go.jp/znk-web/juminkanja/S2430/initialize?prefCd=07&kikanCd=0752000446&kikanKbn=5", "url2": "http://www.cosmo-ph.co.jp/", "内容": "コスモ調剤薬局　白河駅前店【5:薬局】福島県白河市大手町１４－７" }, "geometry": { "type": "Point", "coordinates": [ 140.213756, 37.128269 ] } },
{ "type": "Feature", "properties": { "ID": 750752000447, "正式名称": "さくら薬局　白河中央店", "機関区分": 5, "都道府県コード": 7, "市区町村コード": 205, "所在地": "福島県白河市道場小路９１の９やぎビル１Ｆ", "緯度": 37.129461, "経度": 140.2071, "url": "https://www.iryou.teikyouseido.mhlw.go.jp/znk-web/juminkanja/S2430/initialize?prefCd=07&kikanCd=0752000447&kikanKbn=5", "url2": null, "内容": "さくら薬局　白河中央店【5:薬局】福島県白河市道場小路９１の９やぎビル１Ｆ" }, "geometry": { "type": "Point", "coordinates": [ 140.2071, 37.129461 ] } },
{ "type": "Feature", "properties": { "ID": 750752000450, "正式名称": "ユニスマイル薬局うすば店", "機関区分": 5, "都道府県コード": 7, "市区町村コード": 205, "所在地": "福島県白河市外薄葉１７－５", "緯度": 37.142453, "経度": 140.221758, "url": "https://www.iryou.teikyouseido.mhlw.go.jp/znk-web/juminkanja/S2430/initialize?prefCd=07&kikanCd=0752000450&kikanKbn=5", "url2": "https://unismile.co.jp/shop/usuba/", "内容": "ユニスマイル薬局うすば店【5:薬局】福島県白河市外薄葉１７－５" }, "geometry": { "type": "Point", "coordinates": [ 140.221758, 37.142453 ] } },
{ "type": "Feature", "properties": { "ID": 750752000451, "正式名称": "みなみ調剤薬局", "機関区分": 5, "都道府県コード": 7, "市区町村コード": 205, "所在地": "福島県白河市老久保１３－５", "緯度": 37.1173, "経度": 140.201189, "url": "https://www.iryou.teikyouseido.mhlw.go.jp/znk-web/juminkanja/S2430/initialize?prefCd=07&kikanCd=0752000451&kikanKbn=5", "url2": null, "内容": "みなみ調剤薬局【5:薬局】福島県白河市老久保１３－５" }, "geometry": { "type": "Point", "coordinates": [ 140.201189, 37.1173 ] } },
{ "type": "Feature", "properties": { "ID": 750752000453, "正式名称": "関善吉薬局", "機関区分": 5, "都道府県コード": 7, "市区町村コード": 202, "所在地": "福島県会津若松市川原町２ー１３", "緯度": 37.489984, "経度": 139.9151, "url": "https://www.iryou.teikyouseido.mhlw.go.jp/znk-web/juminkanja/S2430/initialize?prefCd=07&kikanCd=0752000453&kikanKbn=5", "url2": null, "内容": "関善吉薬局【5:薬局】福島県会津若松市川原町２ー１３" }, "geometry": { "type": "Point", "coordinates": [ 139.9151, 37.489984 ] } },
{ "type": "Feature", "properties": { "ID": 750752000454, "正式名称": "井関薬局", "機関区分": 5, "都道府県コード": 7, "市区町村コード": 202, "所在地": "福島県会津若松市大町２丁目７－６", "緯度": 37.502644, "経度": 139.929151, "url": "https://www.iryou.teikyouseido.mhlw.go.jp/znk-web/juminkanja/S2430/initialize?prefCd=07&kikanCd=0752000454&kikanKbn=5", "url2": "https://www.kanpo-aizu-iseki.com", "内容": "井関薬局【5:薬局】福島県会津若松市大町２丁目７－６" }, "geometry": { "type": "Point", "coordinates": [ 139.929151, 37.502644 ] } },
{ "type": "Feature", "properties": { "ID": 750752000458, "正式名称": "有限会社江戸屋薬局", "機関区分": 5, "都道府県コード": 7, "市区町村コード": 202, "所在地": "福島県会津若松市日新町２－１", "緯度": 37.494728, "経度": 139.922039, "url": "https://www.iryou.teikyouseido.mhlw.go.jp/znk-web/juminkanja/S2430/initialize?prefCd=07&kikanCd=0752000458&kikanKbn=5", "url2": "https://www.edoya-yakkyoku.com", "内容": "有限会社江戸屋薬局【5:薬局】福島県会津若松市日新町２－１" }, "geometry": { "type": "Point", "coordinates": [ 139.922039, 37.494728 ] } },
{ "type": "Feature", "properties": { "ID": 750752000464, "正式名称": "あいあい薬局", "機関区分": 5, "都道府県コード": 7, "市区町村コード": 202, "所在地": "福島県会津若松市城西町５番５６号", "緯度": 37.482258, "経度": 139.916206, "url": "https://www.iryou.teikyouseido.mhlw.go.jp/znk-web/juminkanja/S2430/initialize?prefCd=07&kikanCd=0752000464&kikanKbn=5", "url2": "https://mp-coltd.com/", "内容": "あいあい薬局【5:薬局】福島県会津若松市城西町５番５６号" }, "geometry": { "type": "Point", "coordinates": [ 139.916206, 37.482258 ] } },
{ "type": "Feature", "properties": { "ID": 750752000466, "正式名称": "サンチャンス薬局", "機関区分": 5, "都道府県コード": 7, "市区町村コード": 202, "所在地": "福島県会津若松市門田町大字中野字村東１６６－１", "緯度": 37.468975, "経度": 139.923289, "url": "https://www.iryou.teikyouseido.mhlw.go.jp/znk-web/juminkanja/S2430/initialize?prefCd=07&kikanCd=0752000466&kikanKbn=5", "url2": null, "内容": "サンチャンス薬局【5:薬局】福島県会津若松市門田町大字中野字村東１６６－１" }, "geometry": { "type": "Point", "coordinates": [ 139.923289, 37.468975 ] } },
{ "type": "Feature", "properties": { "ID": 750752000468, "正式名称": "タカラ薬局", "機関区分": 5, "都道府県コード": 7, "市区町村コード": 202, "所在地": "福島県会津若松市七日町１０番８号", "緯度": 37.500319, "経度": 139.924678, "url": "https://www.iryou.teikyouseido.mhlw.go.jp/znk-web/juminkanja/S2430/initialize?prefCd=07&kikanCd=0752000468&kikanKbn=5", "url2": null, "内容": "タカラ薬局【5:薬局】福島県会津若松市七日町１０番８号" }, "geometry": { "type": "Point", "coordinates": [ 139.924678, 37.500319 ] } },
{ "type": "Feature", "properties": { "ID": 750752000470, "正式名称": "アイン薬局　会津中央店", "機関区分": 5, "都道府県コード": 7, "市区町村コード": 202, "所在地": "福島県会津若松市鶴賀町１－４", "緯度": 37.521111, "経度": 139.944786, "url": "https://www.iryou.teikyouseido.mhlw.go.jp/znk-web/juminkanja/S2430/initialize?prefCd=07&kikanCd=0752000470&kikanKbn=5", "url2": "https://www.ainj.co.jp/", "内容": "アイン薬局　会津中央店【5:薬局】福島県会津若松市鶴賀町１－４" }, "geometry": { "type": "Point", "coordinates": [ 139.944786, 37.521111 ] } },
{ "type": "Feature", "properties": { "ID": 750752000474, "正式名称": "けやき薬局", "機関区分": 5, "都道府県コード": 7, "市区町村コード": 202, "所在地": "福島県会津若松市大町一丁目１番１６号", "緯度": 37.498469, "経度": 139.925444, "url": "https://www.iryou.teikyouseido.mhlw.go.jp/znk-web/juminkanja/S2430/initialize?prefCd=07&kikanCd=0752000474&kikanKbn=5", "url2": "https://www.aiki-ph.co.jp/", "内容": "けやき薬局【5:薬局】福島県会津若松市大町一丁目１番１６号" }, "geometry": { "type": "Point", "coordinates": [ 139.925444, 37.498469 ] } },
{ "type": "Feature", "properties": { "ID": 750752000475, "正式名称": "あど薬局", "機関区分": 5, "都道府県コード": 7, "市区町村コード": 202, "所在地": "福島県会津若松市駅前町８－２２", "緯度": 37.505486, "経度": 139.931511, "url": "https://www.iryou.teikyouseido.mhlw.go.jp/znk-web/juminkanja/S2430/initialize?prefCd=07&kikanCd=0752000475&kikanKbn=5", "url2": null, "内容": "あど薬局【5:薬局】福島県会津若松市駅前町８－２２" }, "geometry": { "type": "Point", "coordinates": [ 139.931511, 37.505486 ] } },
{ "type": "Feature", "properties": { "ID": 750752000477, "正式名称": "あいあい薬局門田日吉店", "機関区分": 5, "都道府県コード": 7, "市区町村コード": 202, "所在地": "福島県会津若松市飯寺南一丁目２番７号", "緯度": 37.477208, "経度": 139.910722, "url": "https://www.iryou.teikyouseido.mhlw.go.jp/znk-web/juminkanja/S2430/initialize?prefCd=07&kikanCd=0752000477&kikanKbn=5", "url2": "https://mp-coltd.com/", "内容": "あいあい薬局門田日吉店【5:薬局】福島県会津若松市飯寺南一丁目２番７号" }, "geometry": { "type": "Point", "coordinates": [ 139.910722, 37.477208 ] } },
{ "type": "Feature", "properties": { "ID": 750752000479, "正式名称": "さくら薬局　会津宮町店", "機関区分": 5, "都道府県コード": 7, "市区町村コード": 202, "所在地": "福島県会津若松市宮町６番４号", "緯度": 37.494444, "経度": 139.935881, "url": "https://www.iryou.teikyouseido.mhlw.go.jp/znk-web/juminkanja/S2430/initialize?prefCd=07&kikanCd=0752000479&kikanKbn=5", "url2": "https://www.kraft-net.co.jp/sakura/store/4367/", "内容": "さくら薬局　会津宮町店【5:薬局】福島県会津若松市宮町６番４号" }, "geometry": { "type": "Point", "coordinates": [ 139.935881, 37.494444 ] } },
{ "type": "Feature", "properties": { "ID": 750752000480, "正式名称": "ひのき薬局", "機関区分": 5, "都道府県コード": 7, "市区町村コード": 202, "所在地": "福島県会津若松市東千石１丁目２ー３０", "緯度": 37.495508, "経度": 139.94475, "url": "https://www.iryou.teikyouseido.mhlw.go.jp/znk-web/juminkanja/S2430/initialize?prefCd=07&kikanCd=0752000480&kikanKbn=5", "url2": "https://www.aiki-ph.co.jp/", "内容": "ひのき薬局【5:薬局】福島県会津若松市東千石１丁目２ー３０" }, "geometry": { "type": "Point", "coordinates": [ 139.94475, 37.495508 ] } },
{ "type": "Feature", "properties": { "ID": 750752000481, "正式名称": "たんぽぽ薬局", "機関区分": 5, "都道府県コード": 7, "市区町村コード": 202, "所在地": "福島県会津若松市北会津町東小松字北古川５１－１", "緯度": 37.473736, "経度": 139.889389, "url": "https://www.iryou.teikyouseido.mhlw.go.jp/znk-web/juminkanja/S2430/initialize?prefCd=07&kikanCd=0752000481&kikanKbn=5", "url2": null, "内容": "たんぽぽ薬局【5:薬局】福島県会津若松市北会津町東小松字北古川５１－１" }, "geometry": { "type": "Point", "coordinates": [ 139.889389, 37.473736 ] } },
{ "type": "Feature", "properties": { "ID": 750752000482, "正式名称": "たんぽぽ薬局　本町店", "機関区分": 5, "都道府県コード": 7, "市区町村コード": 202, "所在地": "福島県会津若松市本町１０－８", "緯度": 37.493544, "経度": 139.922358, "url": "https://www.iryou.teikyouseido.mhlw.go.jp/znk-web/juminkanja/S2430/initialize?prefCd=07&kikanCd=0752000482&kikanKbn=5", "url2": null, "内容": "たんぽぽ薬局　本町店【5:薬局】福島県会津若松市本町１０－８" }, "geometry": { "type": "Point", "coordinates": [ 139.922358, 37.493544 ] } },
{ "type": "Feature", "properties": { "ID": 750752000483, "正式名称": "有限会社　すこやか薬局", "機関区分": 5, "都道府県コード": 7, "市区町村コード": 408, "所在地": "福島県耶麻郡猪苗代町字古城町６６－２", "緯度": 37.562094, "経度": 140.106472, "url": "https://www.iryou.teikyouseido.mhlw.go.jp/znk-web/juminkanja/S2430/initialize?prefCd=07&kikanCd=0752000483&kikanKbn=5", "url2": null, "内容": "有限会社　すこやか薬局【5:薬局】福島県耶麻郡猪苗代町字古城町６６－２" }, "geometry": { "type": "Point", "coordinates": [ 140.106472, 37.562094 ] } },
{ "type": "Feature", "properties": { "ID": 750752000488, "正式名称": "アップル薬局", "機関区分": 5, "都道府県コード": 7, "市区町村コード": 202, "所在地": "福島県会津若松市徒之町４－１８", "緯度": 37.492375, "経度": 139.939919, "url": "https://www.iryou.teikyouseido.mhlw.go.jp/znk-web/juminkanja/S2430/initialize?prefCd=07&kikanCd=0752000488&kikanKbn=5", "url2": "https://www.ainj.co.jp/", "内容": "アップル薬局【5:薬局】福島県会津若松市徒之町４－１８" }, "geometry": { "type": "Point", "coordinates": [ 139.939919, 37.492375 ] } },
{ "type": "Feature", "properties": { "ID": 750752000489, "正式名称": "セブンス薬局会津若松店", "機関区分": 5, "都道府県コード": 7, "市区町村コード": 202, "所在地": "福島県会津若松市西七日町３－１３", "緯度": 37.502036, "経度": 139.916203, "url": "https://www.iryou.teikyouseido.mhlw.go.jp/znk-web/juminkanja/S2430/initialize?prefCd=07&kikanCd=0752000489&kikanKbn=5", "url2": null, "内容": "セブンス薬局会津若松店【5:薬局】福島県会津若松市西七日町３－１３" }, "geometry": { "type": "Point", "coordinates": [ 139.916203, 37.502036 ] } },
{ "type": "Feature", "properties": { "ID": 750752000490, "正式名称": "せき薬局", "機関区分": 5, "都道府県コード": 7, "市区町村コード": 202, "所在地": "福島県会津若松市西栄町６－３１", "緯度": 37.495186, "経度": 139.927763, "url": "https://www.iryou.teikyouseido.mhlw.go.jp/znk-web/juminkanja/S2430/initialize?prefCd=07&kikanCd=0752000490&kikanKbn=5", "url2": null, "内容": "せき薬局【5:薬局】福島県会津若松市西栄町６－３１" }, "geometry": { "type": "Point", "coordinates": [ 139.927763, 37.495186 ] } },
{ "type": "Feature", "properties": { "ID": 750752000491, "正式名称": "せくら薬局", "機関区分": 5, "都道府県コード": 7, "市区町村コード": 202, "所在地": "福島県会津若松市馬場本町４－５", "緯度": 37.500905, "経度": 139.932111, "url": "https://www.iryou.teikyouseido.mhlw.go.jp/znk-web/juminkanja/S2430/initialize?prefCd=07&kikanCd=0752000491&kikanKbn=5", "url2": null, "内容": "せくら薬局【5:薬局】福島県会津若松市馬場本町４－５" }, "geometry": { "type": "Point", "coordinates": [ 139.932111, 37.500905 ] } },
{ "type": "Feature", "properties": { "ID": 750752000492, "正式名称": "きたあいづ薬局", "機関区分": 5, "都道府県コード": 7, "市区町村コード": 202, "所在地": "福島県会津若松市北会津町東小松字南古川２６番地１", "緯度": 37.473483, "経度": 139.889917, "url": "https://www.iryou.teikyouseido.mhlw.go.jp/znk-web/juminkanja/S2430/initialize?prefCd=07&kikanCd=0752000492&kikanKbn=5", "url2": null, "内容": "きたあいづ薬局【5:薬局】福島県会津若松市北会津町東小松字南古川２６番地１" }, "geometry": { "type": "Point", "coordinates": [ 139.889917, 37.473483 ] } },
{ "type": "Feature", "properties": { "ID": 750752000493, "正式名称": "あいあい薬局　　城北店", "機関区分": 5, "都道府県コード": 7, "市区町村コード": 202, "所在地": "福島県会津若松市城北町２８２番地", "緯度": 37.502919, "経度": 139.924817, "url": "https://www.iryou.teikyouseido.mhlw.go.jp/znk-web/juminkanja/S2430/initialize?prefCd=07&kikanCd=0752000493&kikanKbn=5", "url2": null, "内容": "あいあい薬局　　城北店【5:薬局】福島県会津若松市城北町２８２番地" }, "geometry": { "type": "Point", "coordinates": [ 139.924817, 37.502919 ] } },
{ "type": "Feature", "properties": { "ID": 750752000494, "正式名称": "あいセンター薬局", "機関区分": 5, "都道府県コード": 7, "市区町村コード": 202, "所在地": "福島県会津若松市山鹿町４番１３号", "緯度": 37.491392, "経度": 139.922308, "url": "https://www.iryou.teikyouseido.mhlw.go.jp/znk-web/juminkanja/S2430/initialize?prefCd=07&kikanCd=0752000494&kikanKbn=5", "url2": null, "内容": "あいセンター薬局【5:薬局】福島県会津若松市山鹿町４番１３号" }, "geometry": { "type": "Point", "coordinates": [ 139.922308, 37.491392 ] } },
{ "type": "Feature", "properties": { "ID": 750752000495, "正式名称": "天薬局", "機関区分": 5, "都道府県コード": 7, "市区町村コード": 202, "所在地": "福島県会津若松市天神町３１番４号", "緯度": 37.478836, "経度": 139.930831, "url": "https://www.iryou.teikyouseido.mhlw.go.jp/znk-web/juminkanja/S2430/initialize?prefCd=07&kikanCd=0752000495&kikanKbn=5", "url2": "https://yamasho-aizu.jp/", "内容": "天薬局【5:薬局】福島県会津若松市天神町３１番４号" }, "geometry": { "type": "Point", "coordinates": [ 139.930831, 37.478836 ] } },
{ "type": "Feature", "properties": { "ID": 750752000496, "正式名称": "みずき薬局", "機関区分": 5, "都道府県コード": 7, "市区町村コード": 202, "所在地": "福島県会津若松市藤原一丁目５－３７", "緯度": 37.510633, "経度": 139.941, "url": "https://www.iryou.teikyouseido.mhlw.go.jp/znk-web/juminkanja/S2430/initialize?prefCd=07&kikanCd=0752000496&kikanKbn=5", "url2": "https://www.aiki-ph.co.jp/", "内容": "みずき薬局【5:薬局】福島県会津若松市藤原一丁目５－３７" }, "geometry": { "type": "Point", "coordinates": [ 139.941, 37.510633 ] } },
{ "type": "Feature", "properties": { "ID": 750752000497, "正式名称": "かぼちゃ薬局　飯寺店", "機関区分": 5, "都道府県コード": 7, "市区町村コード": 202, "所在地": "福島県会津若松市飯寺南１－１４－１８", "緯度": 37.472522, "経度": 139.907167, "url": "https://www.iryou.teikyouseido.mhlw.go.jp/znk-web/juminkanja/S2430/initialize?prefCd=07&kikanCd=0752000497&kikanKbn=5", "url2": null, "内容": "かぼちゃ薬局　飯寺店【5:薬局】福島県会津若松市飯寺南１－１４－１８" }, "geometry": { "type": "Point", "coordinates": [ 139.907167, 37.472522 ] } },
{ "type": "Feature", "properties": { "ID": 750752000498, "正式名称": "コスモ調剤薬局磐梯町店", "機関区分": 5, "都道府県コード": 7, "市区町村コード": 407, "所在地": "福島県耶麻郡磐梯町大字磐梯字諏訪山２８９８番地２５", "緯度": 37.556192, "経度": 139.981589, "url": "https://www.iryou.teikyouseido.mhlw.go.jp/znk-web/juminkanja/S2430/initialize?prefCd=07&kikanCd=0752000498&kikanKbn=5", "url2": "http://www.cosmo-ph.co.jp/", "内容": "コスモ調剤薬局磐梯町店【5:薬局】福島県耶麻郡磐梯町大字磐梯字諏訪山２８９８番地２５" }, "geometry": { "type": "Point", "coordinates": [ 139.981589, 37.556192 ] } },
{ "type": "Feature", "properties": { "ID": 750752000499, "正式名称": "会雄薬局", "機関区分": 5, "都道府県コード": 7, "市区町村コード": 202, "所在地": "福島県会津若松市行仁町２－１５", "緯度": 37.497103, "経度": 139.936084, "url": "https://www.iryou.teikyouseido.mhlw.go.jp/znk-web/juminkanja/S2430/initialize?prefCd=07&kikanCd=0752000499&kikanKbn=5", "url2": "https://www.aiyu-yakkyoku.com", "内容": "会雄薬局【5:薬局】福島県会津若松市行仁町２－１５" }, "geometry": { "type": "Point", "coordinates": [ 139.936084, 37.497103 ] } },
{ "type": "Feature", "properties": { "ID": 750752000503, "正式名称": "ダイアン薬局", "機関区分": 5, "都道府県コード": 7, "市区町村コード": 202, "所在地": "福島県会津若松市白虎町１９０番２", "緯度": 37.506643, "経度": 139.934806, "url": "https://www.iryou.teikyouseido.mhlw.go.jp/znk-web/juminkanja/S2430/initialize?prefCd=07&kikanCd=0752000503&kikanKbn=5", "url2": null, "内容": "ダイアン薬局【5:薬局】福島県会津若松市白虎町１９０番２" }, "geometry": { "type": "Point", "coordinates": [ 139.934806, 37.506643 ] } },
{ "type": "Feature", "properties": { "ID": 750752000506, "正式名称": "アイン薬局　鶴賀店", "機関区分": 5, "都道府県コード": 7, "市区町村コード": 202, "所在地": "福島県会津若松市一箕町鶴賀堤２－７０", "緯度": 37.525454, "経度": 139.937892, "url": "https://www.iryou.teikyouseido.mhlw.go.jp/znk-web/juminkanja/S2430/initialize?prefCd=07&kikanCd=0752000506&kikanKbn=5", "url2": "https://www.ainj.co.jp/", "内容": "アイン薬局　鶴賀店【5:薬局】福島県会津若松市一箕町鶴賀堤２－７０" }, "geometry": { "type": "Point", "coordinates": [ 139.937892, 37.525454 ] } },
{ "type": "Feature", "properties": { "ID": 750752000508, "正式名称": "アイン薬局　山鹿店", "機関区分": 5, "都道府県コード": 7, "市区町村コード": 202, "所在地": "福島県会津若松市山鹿町４番２０号", "緯度": 37.491586, "経度": 139.921853, "url": "https://www.iryou.teikyouseido.mhlw.go.jp/znk-web/juminkanja/S2430/initialize?prefCd=07&kikanCd=0752000508&kikanKbn=5", "url2": "https://www.ainj.co.jp/", "内容": "アイン薬局　山鹿店【5:薬局】福島県会津若松市山鹿町４番２０号" }, "geometry": { "type": "Point", "coordinates": [ 139.921853, 37.491586 ] } },
{ "type": "Feature", "properties": { "ID": 750752000509, "正式名称": "コスモ調剤薬局　米代店", "機関区分": 5, "都道府県コード": 7, "市区町村コード": 202, "所在地": "福島県会津若松市米代１－６－２９", "緯度": 37.487847, "経度": 139.920317, "url": "https://www.iryou.teikyouseido.mhlw.go.jp/znk-web/juminkanja/S2430/initialize?prefCd=07&kikanCd=0752000509&kikanKbn=5", "url2": "http://www.cosmo-ph.co.jp/", "内容": "コスモ調剤薬局　米代店【5:薬局】福島県会津若松市米代１－６－２９" }, "geometry": { "type": "Point", "coordinates": [ 139.920317, 37.487847 ] } },
{ "type": "Feature", "properties": { "ID": 750752000512, "正式名称": "ひろ薬局", "機関区分": 5, "都道府県コード": 7, "市区町村コード": 202, "所在地": "福島県会津若松市門田町大字日吉字笊籬田２７－２", "緯度": 37.478278, "経度": 139.916586, "url": "https://www.iryou.teikyouseido.mhlw.go.jp/znk-web/juminkanja/S2430/initialize?prefCd=07&kikanCd=0752000512&kikanKbn=5", "url2": null, "内容": "ひろ薬局【5:薬局】福島県会津若松市門田町大字日吉字笊籬田２７－２" }, "geometry": { "type": "Point", "coordinates": [ 139.916586, 37.478278 ] } },
{ "type": "Feature", "properties": { "ID": 750752000516, "正式名称": "コスモ調剤薬局　会津店", "機関区分": 5, "都道府県コード": 7, "市区町村コード": 202, "所在地": "福島県会津若松市本町１－２", "緯度": 37.491414, "経度": 139.921158, "url": "https://www.iryou.teikyouseido.mhlw.go.jp/znk-web/juminkanja/S2430/initialize?prefCd=07&kikanCd=0752000516&kikanKbn=5", "url2": "http://www.cosmo-ph.co.jp/", "内容": "コスモ調剤薬局　会津店【5:薬局】福島県会津若松市本町１－２" }, "geometry": { "type": "Point", "coordinates": [ 139.921158, 37.491414 ] } },
{ "type": "Feature", "properties": { "ID": 750752000517, "正式名称": "まちの薬局　扇町店", "機関区分": 5, "都道府県コード": 7, "市区町村コード": 202, "所在地": "福島県会津若松市扇町三丁目５番地の３７", "緯度": 37.51405, "経度": 139.932594, "url": "https://www.iryou.teikyouseido.mhlw.go.jp/znk-web/juminkanja/S2430/initialize?prefCd=07&kikanCd=0752000517&kikanKbn=5", "url2": null, "内容": "まちの薬局　扇町店【5:薬局】福島県会津若松市扇町三丁目５番地の３７" }, "geometry": { "type": "Point", "coordinates": [ 139.932594, 37.51405 ] } },
{ "type": "Feature", "properties": { "ID": 750752000521, "正式名称": "コスモ調剤薬局　西栄町店", "機関区分": 5, "都道府県コード": 7, "市区町村コード": 202, "所在地": "福島県会津若松市西栄町１０番１０号", "緯度": 37.495281, "経度": 139.923528, "url": "https://www.iryou.teikyouseido.mhlw.go.jp/znk-web/juminkanja/S2430/initialize?prefCd=07&kikanCd=0752000521&kikanKbn=5", "url2": "http://www.cosmo-ph.co.jp/", "内容": "コスモ調剤薬局　西栄町店【5:薬局】福島県会津若松市西栄町１０番１０号" }, "geometry": { "type": "Point", "coordinates": [ 139.923528, 37.495281 ] } },
{ "type": "Feature", "properties": { "ID": 750752000522, "正式名称": "ムナカタ薬局", "機関区分": 5, "都道府県コード": 7, "市区町村コード": 408, "所在地": "福島県耶麻郡猪苗代町字本町２５－１", "緯度": 37.559675, "経度": 140.107131, "url": "https://www.iryou.teikyouseido.mhlw.go.jp/znk-web/juminkanja/S2430/initialize?prefCd=07&kikanCd=0752000522&kikanKbn=5", "url2": null, "内容": "ムナカタ薬局【5:薬局】福島県耶麻郡猪苗代町字本町２５－１" }, "geometry": { "type": "Point", "coordinates": [ 140.107131, 37.559675 ] } },
{ "type": "Feature", "properties": { "ID": 750752000523, "正式名称": "あさひ薬局", "機関区分": 5, "都道府県コード": 7, "市区町村コード": 202, "所在地": "福島県会津若松市門田町大字中野字大道西４２－４", "緯度": 37.466027, "経度": 139.92238, "url": "https://www.iryou.teikyouseido.mhlw.go.jp/znk-web/juminkanja/S2430/initialize?prefCd=07&kikanCd=0752000523&kikanKbn=5", "url2": null, "内容": "あさひ薬局【5:薬局】福島県会津若松市門田町大字中野字大道西４２－４" }, "geometry": { "type": "Point", "coordinates": [ 139.92238, 37.466027 ] } },
{ "type": "Feature", "properties": { "ID": 750752000524, "正式名称": "あい山鹿薬局", "機関区分": 5, "都道府県コード": 7, "市区町村コード": 202, "所在地": "福島県会津若松市山鹿町４番２５号", "緯度": 37.491883, "経度": 139.922075, "url": "https://www.iryou.teikyouseido.mhlw.go.jp/znk-web/juminkanja/S2430/initialize?prefCd=07&kikanCd=0752000524&kikanKbn=5", "url2": null, "内容": "あい山鹿薬局【5:薬局】福島県会津若松市山鹿町４番２５号" }, "geometry": { "type": "Point", "coordinates": [ 139.922075, 37.491883 ] } },
{ "type": "Feature", "properties": { "ID": 750752000525, "正式名称": "アイン薬局猪苗代店", "機関区分": 5, "都道府県コード": 7, "市区町村コード": 408, "所在地": "福島県耶麻郡猪苗代町大字千代田字油地６２－９", "緯度": 37.547903, "経度": 140.103503, "url": "https://www.iryou.teikyouseido.mhlw.go.jp/znk-web/juminkanja/S2430/initialize?prefCd=07&kikanCd=0752000525&kikanKbn=5", "url2": "http://www.ainj.co.jp/", "内容": "アイン薬局猪苗代店【5:薬局】福島県耶麻郡猪苗代町大字千代田字油地６２－９" }, "geometry": { "type": "Point", "coordinates": [ 140.103503, 37.547903 ] } },
{ "type": "Feature", "properties": { "ID": 750752000526, "正式名称": "清水薬局", "機関区分": 5, "都道府県コード": 7, "市区町村コード": 208, "所在地": "福島県喜多方市字３丁目４８３５", "緯度": 37.65116, "経度": 139.870708, "url": "https://www.iryou.teikyouseido.mhlw.go.jp/znk-web/juminkanja/S2430/initialize?prefCd=07&kikanCd=0752000526&kikanKbn=5", "url2": "http://www.aizuninjin.jp/", "内容": "清水薬局【5:薬局】福島県喜多方市字３丁目４８３５" }, "geometry": { "type": "Point", "coordinates": [ 139.870708, 37.65116 ] } },
{ "type": "Feature", "properties": { "ID": 750752000529, "正式名称": "山内薬品薬局", "機関区分": 5, "都道府県コード": 7, "市区町村コード": 208, "所在地": "福島県喜多方市塩川町字東栄町１－２－６", "緯度": 37.591647, "経度": 139.889971, "url": "https://www.iryou.teikyouseido.mhlw.go.jp/znk-web/juminkanja/S2430/initialize?prefCd=07&kikanCd=0752000529&kikanKbn=5", "url2": null, "内容": "山内薬品薬局【5:薬局】福島県喜多方市塩川町字東栄町１－２－６" }, "geometry": { "type": "Point", "coordinates": [ 139.889971, 37.591647 ] } },
{ "type": "Feature", "properties": { "ID": 750752000533, "正式名称": "きたかた薬局", "機関区分": 5, "都道府県コード": 7, "市区町村コード": 208, "所在地": "福島県喜多方市関柴町上高額字広面６８１－４", "緯度": 37.646234, "経度": 139.880936, "url": "https://www.iryou.teikyouseido.mhlw.go.jp/znk-web/juminkanja/S2430/initialize?prefCd=07&kikanCd=0752000533&kikanKbn=5", "url2": null, "内容": "きたかた薬局【5:薬局】福島県喜多方市関柴町上高額字広面６８１－４" }, "geometry": { "type": "Point", "coordinates": [ 139.880936, 37.646234 ] } },
{ "type": "Feature", "properties": { "ID": 750752000534, "正式名称": "クオール薬局せきしば店", "機関区分": 5, "都道府県コード": 7, "市区町村コード": 208, "所在地": "福島県喜多方市関柴町上高額字広面６８１－１", "緯度": 37.6464, "経度": 139.881117, "url": "https://www.iryou.teikyouseido.mhlw.go.jp/znk-web/juminkanja/S2430/initialize?prefCd=07&kikanCd=0752000534&kikanKbn=5", "url2": "https://store.qol-net.co.jp/detail/29/", "内容": "クオール薬局せきしば店【5:薬局】福島県喜多方市関柴町上高額字広面６８１－１" }, "geometry": { "type": "Point", "coordinates": [ 139.881117, 37.6464 ] } },
{ "type": "Feature", "properties": { "ID": 750752000536, "正式名称": "さくら薬局　喜多方店", "機関区分": 5, "都道府県コード": 7, "市区町村コード": 208, "所在地": "福島県喜多方市字長面３０８６", "緯度": 37.65535, "経度": 139.883039, "url": "https://www.iryou.teikyouseido.mhlw.go.jp/znk-web/juminkanja/S2430/initialize?prefCd=07&kikanCd=0752000536&kikanKbn=5", "url2": "https://www.kraft-net.co.jp/sakura/store/4369/", "内容": "さくら薬局　喜多方店【5:薬局】福島県喜多方市字長面３０８６" }, "geometry": { "type": "Point", "coordinates": [ 139.883039, 37.65535 ] } },
{ "type": "Feature", "properties": { "ID": 750752000538, "正式名称": "いいで薬局　　鳥見山店", "機関区分": 5, "都道府県コード": 7, "市区町村コード": 208, "所在地": "福島県喜多方市松山町鳥見山字川原田３９０４－１", "緯度": 37.682108, "経度": 139.87075, "url": "https://www.iryou.teikyouseido.mhlw.go.jp/znk-web/juminkanja/S2430/initialize?prefCd=07&kikanCd=0752000538&kikanKbn=5", "url2": null, "内容": "いいで薬局　　鳥見山店【5:薬局】福島県喜多方市松山町鳥見山字川原田３９０４－１" }, "geometry": { "type": "Point", "coordinates": [ 139.87075, 37.682108 ] } },
{ "type": "Feature", "properties": { "ID": 750752000539, "正式名称": "クオール薬局喜多方店", "機関区分": 5, "都道府県コード": 7, "市区町村コード": 208, "所在地": "福島県喜多方市松山町村松字北原３６４３－５", "緯度": 37.682506, "経度": 139.870581, "url": "https://www.iryou.teikyouseido.mhlw.go.jp/znk-web/juminkanja/S2430/initialize?prefCd=07&kikanCd=0752000539&kikanKbn=5", "url2": "https://store.qol-net.co.jp/detail/30/", "内容": "クオール薬局喜多方店【5:薬局】福島県喜多方市松山町村松字北原３６４３－５" }, "geometry": { "type": "Point", "coordinates": [ 139.870581, 37.682506 ] } },
{ "type": "Feature", "properties": { "ID": 750752000541, "正式名称": "クオール薬局さつき店", "機関区分": 5, "都道府県コード": 7, "市区町村コード": 208, "所在地": "福島県喜多方市松山町村松字北原３６３９－５", "緯度": 37.681706, "経度": 139.870339, "url": "https://www.iryou.teikyouseido.mhlw.go.jp/znk-web/juminkanja/S2430/initialize?prefCd=07&kikanCd=0752000541&kikanKbn=5", "url2": "http://www.qol-net.co.jp/", "内容": "クオール薬局さつき店【5:薬局】福島県喜多方市松山町村松字北原３６３９－５" }, "geometry": { "type": "Point", "coordinates": [ 139.870339, 37.681706 ] } },
{ "type": "Feature", "properties": { "ID": 750752000542, "正式名称": "ひので薬局", "機関区分": 5, "都道府県コード": 7, "市区町村コード": 208, "所在地": "福島県喜多方市永久７７１５－１", "緯度": 37.646008, "経度": 139.872493, "url": "https://www.iryou.teikyouseido.mhlw.go.jp/znk-web/juminkanja/S2430/initialize?prefCd=07&kikanCd=0752000542&kikanKbn=5", "url2": null, "内容": "ひので薬局【5:薬局】福島県喜多方市永久７７１５－１" }, "geometry": { "type": "Point", "coordinates": [ 139.872493, 37.646008 ] } },
{ "type": "Feature", "properties": { "ID": 750752000544, "正式名称": "葵調剤薬局　喜多方店", "機関区分": 5, "都道府県コード": 7, "市区町村コード": 208, "所在地": "福島県喜多方市字千苅８５４４－１３", "緯度": 37.644683, "経度": 139.864728, "url": "https://www.iryou.teikyouseido.mhlw.go.jp/znk-web/juminkanja/S2430/initialize?prefCd=07&kikanCd=0752000544&kikanKbn=5", "url2": null, "内容": "葵調剤薬局　喜多方店【5:薬局】福島県喜多方市字千苅８５４４－１３" }, "geometry": { "type": "Point", "coordinates": [ 139.864728, 37.644683 ] } },
{ "type": "Feature", "properties": { "ID": 750752000546, "正式名称": "あすなろ薬局", "機関区分": 5, "都道府県コード": 7, "市区町村コード": 208, "所在地": "福島県喜多方市字押切東１丁目３２－２", "緯度": 37.657537, "経度": 139.866815, "url": "https://www.iryou.teikyouseido.mhlw.go.jp/znk-web/juminkanja/S2430/initialize?prefCd=07&kikanCd=0752000546&kikanKbn=5", "url2": "https://appli.e-classa.net/asunaro1124/index.html", "内容": "あすなろ薬局【5:薬局】福島県喜多方市字押切東１丁目３２－２" }, "geometry": { "type": "Point", "coordinates": [ 139.866815, 37.657537 ] } },
{ "type": "Feature", "properties": { "ID": 750752000549, "正式名称": "しおかわ調剤薬局", "機関区分": 5, "都道府県コード": 7, "市区町村コード": 208, "所在地": "福島県喜多方市塩川町字東栄町五丁目５－１２", "緯度": 37.595517, "経度": 139.893633, "url": "https://www.iryou.teikyouseido.mhlw.go.jp/znk-web/juminkanja/S2430/initialize?prefCd=07&kikanCd=0752000549&kikanKbn=5", "url2": "https://www.pharmarise.com/", "内容": "しおかわ調剤薬局【5:薬局】福島県喜多方市塩川町字東栄町五丁目５－１２" }, "geometry": { "type": "Point", "coordinates": [ 139.893633, 37.595517 ] } },
{ "type": "Feature", "properties": { "ID": 750752000554, "正式名称": "さくら薬局　会津真宮店", "機関区分": 5, "都道府県コード": 7, "市区町村コード": 202, "所在地": "福島県会津若松市真宮新町北１丁目１１－４", "緯度": 37.522214, "経度": 139.873483, "url": "https://www.iryou.teikyouseido.mhlw.go.jp/znk-web/juminkanja/S2430/initialize?prefCd=07&kikanCd=0752000554&kikanKbn=5", "url2": "https://www.kraft-net.co.jp/sakura/store/4368/", "内容": "さくら薬局　会津真宮店【5:薬局】福島県会津若松市真宮新町北１丁目１１－４" }, "geometry": { "type": "Point", "coordinates": [ 139.873483, 37.522214 ] } },
{ "type": "Feature", "properties": { "ID": 750752000558, "正式名称": "みやした調剤薬局", "機関区分": 5, "都道府県コード": 7, "市区町村コード": 444, "所在地": "福島県大沼郡三島町大字宮下字水尻１１３４", "緯度": 37.473167, "経度": 139.646764, "url": "https://www.iryou.teikyouseido.mhlw.go.jp/znk-web/juminkanja/S2430/initialize?prefCd=07&kikanCd=0752000558&kikanKbn=5", "url2": "http://www.e-classa.net/miyashita-pharmacy/", "内容": "みやした調剤薬局【5:薬局】福島県大沼郡三島町大字宮下字水尻１１３４" }, "geometry": { "type": "Point", "coordinates": [ 139.646764, 37.473167 ] } },
{ "type": "Feature", "properties": { "ID": 750752000559, "正式名称": "コスモ調剤薬局　金山店", "機関区分": 5, "都道府県コード": 7, "市区町村コード": 445, "所在地": "福島県大沼郡金山町大字川口字金洗道下１４８１－３", "緯度": 37.455642, "経度": 139.517556, "url": "https://www.iryou.teikyouseido.mhlw.go.jp/znk-web/juminkanja/S2430/initialize?prefCd=07&kikanCd=0752000559&kikanKbn=5", "url2": "http://www.cosmo-ph.co.jp/", "内容": "コスモ調剤薬局　金山店【5:薬局】福島県大沼郡金山町大字川口字金洗道下１４８１－３" }, "geometry": { "type": "Point", "coordinates": [ 139.517556, 37.455642 ] } },
{ "type": "Feature", "properties": { "ID": 750752000561, "正式名称": "有限会社十字堂薬局", "機関区分": 5, "都道府県コード": 7, "市区町村コード": 368, "所在地": "福島県南会津郡南会津町田島字中町甲３９４８番地１", "緯度": 37.201593, "経度": 139.775327, "url": "https://www.iryou.teikyouseido.mhlw.go.jp/znk-web/juminkanja/S2430/initialize?prefCd=07&kikanCd=0752000561&kikanKbn=5", "url2": "https://meron-net.shop/ds/jyujidouph", "内容": "有限会社十字堂薬局【5:薬局】福島県南会津郡南会津町田島字中町甲３９４８番地１" }, "geometry": { "type": "Point", "coordinates": [ 139.775327, 37.201593 ] } },
{ "type": "Feature", "properties": { "ID": 750752000562, "正式名称": "コスモ調剤薬局　　南郷店", "機関区分": 5, "都道府県コード": 7, "市区町村コード": 368, "所在地": "福島県南会津郡南会津町片貝字根木屋向２２", "緯度": 37.274206, "経度": 139.531706, "url": "https://www.iryou.teikyouseido.mhlw.go.jp/znk-web/juminkanja/S2430/initialize?prefCd=07&kikanCd=0752000562&kikanKbn=5", "url2": "http://www.cosmo-ph.co.jp/", "内容": "コスモ調剤薬局　　南郷店【5:薬局】福島県南会津郡南会津町片貝字根木屋向２２" }, "geometry": { "type": "Point", "coordinates": [ 139.531706, 37.274206 ] } },
{ "type": "Feature", "properties": { "ID": 750752000564, "正式名称": "樋口薬局", "機関区分": 5, "都道府県コード": 7, "市区町村コード": 368, "所在地": "福島県南会津郡南会津町田島字元八幡甲３１５－４", "緯度": 37.202742, "経度": 139.770875, "url": "https://www.iryou.teikyouseido.mhlw.go.jp/znk-web/juminkanja/S2430/initialize?prefCd=07&kikanCd=0752000564&kikanKbn=5", "url2": null, "内容": "樋口薬局【5:薬局】福島県南会津郡南会津町田島字元八幡甲３１５－４" }, "geometry": { "type": "Point", "coordinates": [ 139.770875, 37.202742 ] } },
{ "type": "Feature", "properties": { "ID": 750752000568, "正式名称": "あいあい薬局　只見店", "機関区分": 5, "都道府県コード": 7, "市区町村コード": 367, "所在地": "福島県南会津郡只見町大字長浜字唱平２３－２", "緯度": 37.303361, "経度": 139.374125, "url": "https://www.iryou.teikyouseido.mhlw.go.jp/znk-web/juminkanja/S2430/initialize?prefCd=07&kikanCd=0752000568&kikanKbn=5", "url2": "http://mp-coltd.com", "内容": "あいあい薬局　只見店【5:薬局】福島県南会津郡只見町大字長浜字唱平２３－２" }, "geometry": { "type": "Point", "coordinates": [ 139.374125, 37.303361 ] } },
{ "type": "Feature", "properties": { "ID": 750752000569, "正式名称": "クオール薬局　南会津店", "機関区分": 5, "都道府県コード": 7, "市区町村コード": 368, "所在地": "福島県南会津郡南会津町永田字下川原８１－４", "緯度": 37.206011, "経度": 139.759236, "url": "https://www.iryou.teikyouseido.mhlw.go.jp/znk-web/juminkanja/S2430/initialize?prefCd=07&kikanCd=0752000569&kikanKbn=5", "url2": "http://www.qol-net.co.jp/", "内容": "クオール薬局　南会津店【5:薬局】福島県南会津郡南会津町永田字下川原８１－４" }, "geometry": { "type": "Point", "coordinates": [ 139.759236, 37.206011 ] } },
{ "type": "Feature", "properties": { "ID": 750752000574, "正式名称": "かしむら薬局", "機関区分": 5, "都道府県コード": 7, "市区町村コード": 212, "所在地": "福島県南相馬市原町区西町１丁目７０番地１", "緯度": 37.638008, "経度": 140.952217, "url": "https://www.iryou.teikyouseido.mhlw.go.jp/znk-web/juminkanja/S2430/initialize?prefCd=07&kikanCd=0752000574&kikanKbn=5", "url2": "http://www.meron-net.jp/kasimura-pha", "内容": "かしむら薬局【5:薬局】福島県南相馬市原町区西町１丁目７０番地１" }, "geometry": { "type": "Point", "coordinates": [ 140.952217, 37.638008 ] } },
{ "type": "Feature", "properties": { "ID": 750752000575, "正式名称": "アイン薬局相馬中村店", "機関区分": 5, "都道府県コード": 7, "市区町村コード": 209, "所在地": "福島県相馬市中村字荒井町４４", "緯度": 37.802361, "経度": 140.921086, "url": "https://www.iryou.teikyouseido.mhlw.go.jp/znk-web/juminkanja/S2430/initialize?prefCd=07&kikanCd=0752000575&kikanKbn=5", "url2": "https://store.ainj.co.jp/detail/1101005/", "内容": "アイン薬局相馬中村店【5:薬局】福島県相馬市中村字荒井町４４" }, "geometry": { "type": "Point", "coordinates": [ 140.921086, 37.802361 ] } },
{ "type": "Feature", "properties": { "ID": 750752000585, "正式名称": "桜井薬局", "機関区分": 5, "都道府県コード": 7, "市区町村コード": 209, "所在地": "福島県相馬市中村２丁目６の６", "緯度": 37.799839, "経度": 140.924853, "url": "https://www.iryou.teikyouseido.mhlw.go.jp/znk-web/juminkanja/S2430/initialize?prefCd=07&kikanCd=0752000585&kikanKbn=5", "url2": null, "内容": "桜井薬局【5:薬局】福島県相馬市中村２丁目６の６" }, "geometry": { "type": "Point", "coordinates": [ 140.924853, 37.799839 ] } },
{ "type": "Feature", "properties": { "ID": 750752000587, "正式名称": "ニコニコ調剤薬局", "機関区分": 5, "都道府県コード": 7, "市区町村コード": 209, "所在地": "福島県相馬市沖ノ内三丁目６番地の１５", "緯度": 37.806, "経度": 140.934339, "url": "https://www.iryou.teikyouseido.mhlw.go.jp/znk-web/juminkanja/S2430/initialize?prefCd=07&kikanCd=0752000587&kikanKbn=5", "url2": null, "内容": "ニコニコ調剤薬局【5:薬局】福島県相馬市沖ノ内三丁目６番地の１５" }, "geometry": { "type": "Point", "coordinates": [ 140.934339, 37.806 ] } },
{ "type": "Feature", "properties": { "ID": 750752000590, "正式名称": "井上薬局", "機関区分": 5, "都道府県コード": 7, "市区町村コード": 212, "所在地": "福島県南相馬市原町区錦町１丁目４３番地", "緯度": 37.639764, "経度": 140.973486, "url": "https://www.iryou.teikyouseido.mhlw.go.jp/znk-web/juminkanja/S2430/initialize?prefCd=07&kikanCd=0752000590&kikanKbn=5", "url2": "https://www.inoue-pha.com/", "内容": "井上薬局【5:薬局】福島県南相馬市原町区錦町１丁目４３番地" }, "geometry": { "type": "Point", "coordinates": [ 140.973486, 37.639764 ] } },
{ "type": "Feature", "properties": { "ID": 750752000591, "正式名称": "渡辺薬局", "機関区分": 5, "都道府県コード": 7, "市区町村コード": 212, "所在地": "福島県南相馬市原町区旭町１丁目８３番地", "緯度": 37.637097, "経度": 140.96765, "url": "https://www.iryou.teikyouseido.mhlw.go.jp/znk-web/juminkanja/S2430/initialize?prefCd=07&kikanCd=0752000591&kikanKbn=5", "url2": "https://ship-ph.co.jp", "内容": "渡辺薬局【5:薬局】福島県南相馬市原町区旭町１丁目８３番地" }, "geometry": { "type": "Point", "coordinates": [ 140.96765, 37.637097 ] } },
{ "type": "Feature", "properties": { "ID": 750752000599, "正式名称": "屋代薬局", "機関区分": 5, "都道府県コード": 7, "市区町村コード": 212, "所在地": "福島県南相馬市原町区桜井町２－３７９－１", "緯度": 37.638917, "経度": 140.979981, "url": "https://www.iryou.teikyouseido.mhlw.go.jp/znk-web/juminkanja/S2430/initialize?prefCd=07&kikanCd=0752000599&kikanKbn=5", "url2": null, "内容": "屋代薬局【5:薬局】福島県南相馬市原町区桜井町２－３７９－１" }, "geometry": { "type": "Point", "coordinates": [ 140.979981, 37.638917 ] } },
{ "type": "Feature", "properties": { "ID": 750752000600, "正式名称": "小高調剤薬局", "機関区分": 5, "都道府県コード": 7, "市区町村コード": 212, "所在地": "福島県南相馬市小高区東町３丁目１番地の１", "緯度": 37.565761, "経度": 140.993947, "url": "https://www.iryou.teikyouseido.mhlw.go.jp/znk-web/juminkanja/S2430/initialize?prefCd=07&kikanCd=0752000600&kikanKbn=5", "url2": null, "内容": "小高調剤薬局【5:薬局】福島県南相馬市小高区東町３丁目１番地の１" }, "geometry": { "type": "Point", "coordinates": [ 140.993947, 37.565761 ] } },
{ "type": "Feature", "properties": { "ID": 750752000601, "正式名称": "アイン薬局　東相馬店", "機関区分": 5, "都道府県コード": 7, "市区町村コード": 209, "所在地": "福島県相馬市沖の内２丁目１６－６", "緯度": 37.806544, "経度": 140.930767, "url": "https://www.iryou.teikyouseido.mhlw.go.jp/znk-web/juminkanja/S2430/initialize?prefCd=07&kikanCd=0752000601&kikanKbn=5", "url2": "https://www.ainj.co.jp/network/detail.html?pdid=1498", "内容": "アイン薬局　東相馬店【5:薬局】福島県相馬市沖の内２丁目１６－６" }, "geometry": { "type": "Point", "coordinates": [ 140.930767, 37.806544 ] } },
{ "type": "Feature", "properties": { "ID": 750752000604, "正式名称": "大町調剤薬局", "機関区分": 5, "都道府県コード": 7, "市区町村コード": 212, "所在地": "福島県南相馬市原町区大町三丁目９５番地", "緯度": 37.639659, "経度": 140.968169, "url": "https://www.iryou.teikyouseido.mhlw.go.jp/znk-web/juminkanja/S2430/initialize?prefCd=07&kikanCd=0752000604&kikanKbn=5", "url2": null, "内容": "大町調剤薬局【5:薬局】福島県南相馬市原町区大町三丁目９５番地" }, "geometry": { "type": "Point", "coordinates": [ 140.968169, 37.639659 ] } },
{ "type": "Feature", "properties": { "ID": 750752000606, "正式名称": "桜薬局", "機関区分": 5, "都道府県コード": 7, "市区町村コード": 209, "所在地": "福島県相馬市中野字寺前４２６－１", "緯度": 37.791339, "経度": 140.926322, "url": "https://www.iryou.teikyouseido.mhlw.go.jp/znk-web/juminkanja/S2430/initialize?prefCd=07&kikanCd=0752000606&kikanKbn=5", "url2": null, "内容": "桜薬局【5:薬局】福島県相馬市中野字寺前４２６－１" }, "geometry": { "type": "Point", "coordinates": [ 140.926322, 37.791339 ] } },
{ "type": "Feature", "properties": { "ID": 750752000607, "正式名称": "調剤薬局　けやき　原町店", "機関区分": 5, "都道府県コード": 7, "市区町村コード": 212, "所在地": "福島県南相馬市原町区大町３－９３", "緯度": 37.639618, "経度": 140.967784, "url": "https://www.iryou.teikyouseido.mhlw.go.jp/znk-web/juminkanja/S2430/initialize?prefCd=07&kikanCd=0752000607&kikanKbn=5", "url2": null, "内容": "調剤薬局　けやき　原町店【5:薬局】福島県南相馬市原町区大町３－９３" }, "geometry": { "type": "Point", "coordinates": [ 140.967784, 37.639618 ] } },
{ "type": "Feature", "properties": { "ID": 750752000608, "正式名称": "コスモ調剤薬局　原町店", "機関区分": 5, "都道府県コード": 7, "市区町村コード": 212, "所在地": "福島県南相馬市原町区大町３丁目７８", "緯度": 37.639108, "経度": 140.968178, "url": "https://www.iryou.teikyouseido.mhlw.go.jp/znk-web/juminkanja/S2430/initialize?prefCd=07&kikanCd=0752000608&kikanKbn=5", "url2": "http://www.cosmo-ph.co.jp/", "内容": "コスモ調剤薬局　原町店【5:薬局】福島県南相馬市原町区大町３丁目７８" }, "geometry": { "type": "Point", "coordinates": [ 140.968178, 37.639108 ] } },
{ "type": "Feature", "properties": { "ID": 750752000609, "正式名称": "フロンティア薬局　相馬店", "機関区分": 5, "都道府県コード": 7, "市区町村コード": 209, "所在地": "福島県相馬市石上字南蛯沢６２２－３", "緯度": 37.811561, "経度": 140.920914, "url": "https://www.iryou.teikyouseido.mhlw.go.jp/znk-web/juminkanja/S2430/initialize?prefCd=07&kikanCd=0752000609&kikanKbn=5", "url2": "http://www.frontier-ph.com", "内容": "フロンティア薬局　相馬店【5:薬局】福島県相馬市石上字南蛯沢６２２－３" }, "geometry": { "type": "Point", "coordinates": [ 140.920914, 37.811561 ] } },
{ "type": "Feature", "properties": { "ID": 750752000610, "正式名称": "ヤマキ保健薬局", "機関区分": 5, "都道府県コード": 7, "市区町村コード": 212, "所在地": "福島県南相馬市原町区旭町１丁目１２番地", "緯度": 37.638222, "経度": 140.9674, "url": "https://www.iryou.teikyouseido.mhlw.go.jp/znk-web/juminkanja/S2430/initialize?prefCd=07&kikanCd=0752000610&kikanKbn=5", "url2": null, "内容": "ヤマキ保健薬局【5:薬局】福島県南相馬市原町区旭町１丁目１２番地" }, "geometry": { "type": "Point", "coordinates": [ 140.9674, 37.638222 ] } },
{ "type": "Feature", "properties": { "ID": 750752000612, "正式名称": "コスモ調剤薬局　二見町店", "機関区分": 5, "都道府県コード": 7, "市区町村コード": 212, "所在地": "福島県南相馬市原町区二見町一丁目４６番地", "緯度": 37.635214, "経度": 140.966503, "url": "https://www.iryou.teikyouseido.mhlw.go.jp/znk-web/juminkanja/S2430/initialize?prefCd=07&kikanCd=0752000612&kikanKbn=5", "url2": "http://www.cosmo-ph.co.jp/", "内容": "コスモ調剤薬局　二見町店【5:薬局】福島県南相馬市原町区二見町一丁目４６番地" }, "geometry": { "type": "Point", "coordinates": [ 140.966503, 37.635214 ] } },
{ "type": "Feature", "properties": { "ID": 750752000617, "正式名称": "そうごう薬局鹿島店", "機関区分": 5, "都道府県コード": 7, "市区町村コード": 212, "所在地": "福島県南相馬市鹿島区横手字榎内１７", "緯度": 37.711439, "経度": 140.961161, "url": "https://www.iryou.teikyouseido.mhlw.go.jp/znk-web/juminkanja/S2430/initialize?prefCd=07&kikanCd=0752000617&kikanKbn=5", "url2": "https://www.sogo-pharmacy.jp/shop/view/177", "内容": "そうごう薬局鹿島店【5:薬局】福島県南相馬市鹿島区横手字榎内１７" }, "geometry": { "type": "Point", "coordinates": [ 140.961161, 37.711439 ] } },
{ "type": "Feature", "properties": { "ID": 750752000619, "正式名称": "池野薬局", "機関区分": 5, "都道府県コード": 7, "市区町村コード": 212, "所在地": "福島県南相馬市原町区大木戸字松島３０４－２８", "緯度": 37.626025, "経度": 140.941703, "url": "https://www.iryou.teikyouseido.mhlw.go.jp/znk-web/juminkanja/S2430/initialize?prefCd=07&kikanCd=0752000619&kikanKbn=5", "url2": "https://meron-net.shop/ds/m_ikeno", "内容": "池野薬局【5:薬局】福島県南相馬市原町区大木戸字松島３０４－２８" }, "geometry": { "type": "Point", "coordinates": [ 140.941703, 37.626025 ] } },
{ "type": "Feature", "properties": { "ID": 750752000620, "正式名称": "調剤薬局梅田くすり屋", "機関区分": 5, "都道府県コード": 7, "市区町村コード": 212, "所在地": "福島県南相馬市原町区大町３丁目６０番地", "緯度": 37.639949, "経度": 140.967137, "url": "https://www.iryou.teikyouseido.mhlw.go.jp/znk-web/juminkanja/S2430/initialize?prefCd=07&kikanCd=0752000620&kikanKbn=5", "url2": null, "内容": "調剤薬局梅田くすり屋【5:薬局】福島県南相馬市原町区大町３丁目６０番地" }, "geometry": { "type": "Point", "coordinates": [ 140.967137, 37.639949 ] } },
{ "type": "Feature", "properties": { "ID": 750752000622, "正式名称": "そうごう薬局　相馬店", "機関区分": 5, "都道府県コード": 7, "市区町村コード": 209, "所在地": "福島県相馬市大曲字大毛内７７－５", "緯度": 37.792756, "経度": 140.933094, "url": "https://www.iryou.teikyouseido.mhlw.go.jp/znk-web/juminkanja/S2430/initialize?prefCd=07&kikanCd=0752000622&kikanKbn=5", "url2": "http://www.sogo-medical.co.jp/sogopharmacy/", "内容": "そうごう薬局　相馬店【5:薬局】福島県相馬市大曲字大毛内７７－５" }, "geometry": { "type": "Point", "coordinates": [ 140.933094, 37.792756 ] } },
{ "type": "Feature", "properties": { "ID": 750752000623, "正式名称": "エムズ薬局", "機関区分": 5, "都道府県コード": 7, "市区町村コード": 212, "所在地": "福島県南相馬市原町区日の出町１２６－３", "緯度": 37.63228, "経度": 140.982801, "url": "https://www.iryou.teikyouseido.mhlw.go.jp/znk-web/juminkanja/S2430/initialize?prefCd=07&kikanCd=0752000623&kikanKbn=5", "url2": null, "内容": "エムズ薬局【5:薬局】福島県南相馬市原町区日の出町１２６－３" }, "geometry": { "type": "Point", "coordinates": [ 140.982801, 37.63228 ] } },
{ "type": "Feature", "properties": { "ID": 750752000625, "正式名称": "サトウファーマシー薬局", "機関区分": 5, "都道府県コード": 7, "市区町村コード": 212, "所在地": "福島県南相馬市鹿島区横手字町田２１", "緯度": 37.709944, "経度": 140.963158, "url": "https://www.iryou.teikyouseido.mhlw.go.jp/znk-web/juminkanja/S2430/initialize?prefCd=07&kikanCd=0752000625&kikanKbn=5", "url2": null, "内容": "サトウファーマシー薬局【5:薬局】福島県南相馬市鹿島区横手字町田２１" }, "geometry": { "type": "Point", "coordinates": [ 140.963158, 37.709944 ] } },
{ "type": "Feature", "properties": { "ID": 750752000646, "正式名称": "株式会社広野薬局", "機関区分": 5, "都道府県コード": 7, "市区町村コード": 541, "所在地": "福島県双葉郡広野町大字下浅見川字広長１００－５", "緯度": 37.211303, "経度": 140.999297, "url": "https://www.iryou.teikyouseido.mhlw.go.jp/znk-web/juminkanja/S2430/initialize?prefCd=07&kikanCd=0752000646&kikanKbn=5", "url2": "http://www.meron-net.jp/hirono-p", "内容": "株式会社広野薬局【5:薬局】福島県双葉郡広野町大字下浅見川字広長１００－５" }, "geometry": { "type": "Point", "coordinates": [ 140.999297, 37.211303 ] } },
{ "type": "Feature", "properties": { "ID": 750752000652, "正式名称": "西村屋薬局", "機関区分": 5, "都道府県コード": 7, "市区町村コード": 204, "所在地": "福島県いわき市平字二町目２３", "緯度": 37.055906, "経度": 140.889808, "url": "https://www.iryou.teikyouseido.mhlw.go.jp/znk-web/juminkanja/S2430/initialize?prefCd=07&kikanCd=0752000652&kikanKbn=5", "url2": null, "内容": "西村屋薬局【5:薬局】福島県いわき市平字二町目２３" }, "geometry": { "type": "Point", "coordinates": [ 140.889808, 37.055906 ] } },
{ "type": "Feature", "properties": { "ID": 750752000656, "正式名称": "株式会社関内薬局", "機関区分": 5, "都道府県コード": 7, "市区町村コード": 204, "所在地": "福島県いわき市平字四町目６", "緯度": 37.055861, "経度": 140.893742, "url": "https://www.iryou.teikyouseido.mhlw.go.jp/znk-web/juminkanja/S2430/initialize?prefCd=07&kikanCd=0752000656&kikanKbn=5", "url2": null, "内容": "株式会社関内薬局【5:薬局】福島県いわき市平字四町目６" }, "geometry": { "type": "Point", "coordinates": [ 140.893742, 37.055861 ] } },
{ "type": "Feature", "properties": { "ID": 750752000657, "正式名称": "株式会社　くすりのマルト調剤薬局　谷川瀬店", "機関区分": 5, "都道府県コード": 7, "市区町村コード": 204, "所在地": "福島県いわき市平谷川瀬二丁目１１番地１０", "緯度": 37.047714, "経度": 140.895778, "url": "https://www.iryou.teikyouseido.mhlw.go.jp/znk-web/juminkanja/S2430/initialize?prefCd=07&kikanCd=0752000657&kikanKbn=5", "url2": "https://drug-maruto.jp", "内容": "株式会社　くすりのマルト調剤薬局　谷川瀬店【5:薬局】福島県いわき市平谷川瀬二丁目１１番地１０" }, "geometry": { "type": "Point", "coordinates": [ 140.895778, 37.047714 ] } },
{ "type": "Feature", "properties": { "ID": 750752000662, "正式名称": "薬局タローファーマシー　四倉店", "機関区分": 5, "都道府県コード": 7, "市区町村コード": 204, "所在地": "福島県いわき市四倉町西三丁目１５－２", "緯度": 37.106476, "経度": 140.987493, "url": "https://www.iryou.teikyouseido.mhlw.go.jp/znk-web/juminkanja/S2430/initialize?prefCd=07&kikanCd=0752000662&kikanKbn=5", "url2": "https://taropha.com/", "内容": "薬局タローファーマシー　四倉店【5:薬局】福島県いわき市四倉町西三丁目１５－２" }, "geometry": { "type": "Point", "coordinates": [ 140.987493, 37.106476 ] } },
{ "type": "Feature", "properties": { "ID": 750752000673, "正式名称": "有限会社　郷ヶ丘調剤薬局", "機関区分": 5, "都道府県コード": 7, "市区町村コード": 204, "所在地": "福島県いわき市郷ケ丘二丁目３３－９", "緯度": 37.024494, "経度": 140.903842, "url": "https://www.iryou.teikyouseido.mhlw.go.jp/znk-web/juminkanja/S2430/initialize?prefCd=07&kikanCd=0752000673&kikanKbn=5", "url2": null, "内容": "有限会社　郷ヶ丘調剤薬局【5:薬局】福島県いわき市郷ケ丘二丁目３３－９" }, "geometry": { "type": "Point", "coordinates": [ 140.903842, 37.024494 ] } },
{ "type": "Feature", "properties": { "ID": 750752000679, "正式名称": "厚生堂薬局平店", "機関区分": 5, "都道府県コード": 7, "市区町村コード": 204, "所在地": "福島県いわき市平字五色町６５", "緯度": 37.054064, "経度": 140.903746, "url": "https://www.iryou.teikyouseido.mhlw.go.jp/znk-web/juminkanja/S2430/initialize?prefCd=07&kikanCd=0752000679&kikanKbn=5", "url2": "http://www.e-classa.net/ko-seido/", "内容": "厚生堂薬局平店【5:薬局】福島県いわき市平字五色町６５" }, "geometry": { "type": "Point", "coordinates": [ 140.903746, 37.054064 ] } },
{ "type": "Feature", "properties": { "ID": 750752000681, "正式名称": "真木薬局", "機関区分": 5, "都道府県コード": 7, "市区町村コード": 204, "所在地": "福島県いわき市平作町３－２－１３", "緯度": 37.183616, "経度": 140.946708, "url": "https://www.iryou.teikyouseido.mhlw.go.jp/znk-web/juminkanja/S2430/initialize?prefCd=07&kikanCd=0752000681&kikanKbn=5", "url2": null, "内容": "真木薬局【5:薬局】福島県いわき市平作町３－２－１３" }, "geometry": { "type": "Point", "coordinates": [ 140.946708, 37.183616 ] } },
{ "type": "Feature", "properties": { "ID": 750752000682, "正式名称": "コスモス調剤薬局", "機関区分": 5, "都道府県コード": 7, "市区町村コード": 204, "所在地": "福島県いわき市常磐湯本町三函４７", "緯度": 37.013233, "経度": 140.846764, "url": "https://www.iryou.teikyouseido.mhlw.go.jp/znk-web/juminkanja/S2430/initialize?prefCd=07&kikanCd=0752000682&kikanKbn=5", "url2": null, "内容": "コスモス調剤薬局【5:薬局】福島県いわき市常磐湯本町三函４７" }, "geometry": { "type": "Point", "coordinates": [ 140.846764, 37.013233 ] } },
{ "type": "Feature", "properties": { "ID": 750752000684, "正式名称": "株式会社くすりのマルト調剤薬局いわき市医療センター前店", "機関区分": 5, "都道府県コード": 7, "市区町村コード": 204, "所在地": "福島県いわき市内郷御厩町久世原２４８番地", "緯度": 37.042481, "経度": 140.867514, "url": "https://www.iryou.teikyouseido.mhlw.go.jp/znk-web/juminkanja/S2430/initialize?prefCd=07&kikanCd=0752000684&kikanKbn=5", "url2": null, "内容": "株式会社くすりのマルト調剤薬局いわき市医療センター前店【5:薬局】福島県いわき市内郷御厩町久世原２４８番地" }, "geometry": { "type": "Point", "coordinates": [ 140.867514, 37.042481 ] } },
{ "type": "Feature", "properties": { "ID": 750752000689, "正式名称": "コスモ調剤薬局常磐店", "機関区分": 5, "都道府県コード": 7, "市区町村コード": 204, "所在地": "福島県いわき市常磐下船尾町古内２９２－８", "緯度": 36.986053, "経度": 140.870647, "url": "https://www.iryou.teikyouseido.mhlw.go.jp/znk-web/juminkanja/S2430/initialize?prefCd=07&kikanCd=0752000689&kikanKbn=5", "url2": "http://www.cosmo-ph.co.jp/", "内容": "コスモ調剤薬局常磐店【5:薬局】福島県いわき市常磐下船尾町古内２９２－８" }, "geometry": { "type": "Point", "coordinates": [ 140.870647, 36.986053 ] } },
{ "type": "Feature", "properties": { "ID": 750752000693, "正式名称": "薬局タローファーマシー　みまや店", "機関区分": 5, "都道府県コード": 7, "市区町村コード": 204, "所在地": "福島県いわき市内郷御厩町三丁目九十四番地の二", "緯度": 37.048239, "経度": 140.87175, "url": "https://www.iryou.teikyouseido.mhlw.go.jp/znk-web/juminkanja/S2430/initialize?prefCd=07&kikanCd=0752000693&kikanKbn=5", "url2": null, "内容": "薬局タローファーマシー　みまや店【5:薬局】福島県いわき市内郷御厩町三丁目九十四番地の二" }, "geometry": { "type": "Point", "coordinates": [ 140.87175, 37.048239 ] } },
{ "type": "Feature", "properties": { "ID": 750752000694, "正式名称": "有限会社　　厚生堂薬局立町店", "機関区分": 5, "都道府県コード": 7, "市区町村コード": 204, "所在地": "福島県いわき市久之浜町久之浜字立町１２番地", "緯度": 37.140394, "経度": 140.995703, "url": "https://www.iryou.teikyouseido.mhlw.go.jp/znk-web/juminkanja/S2430/initialize?prefCd=07&kikanCd=0752000694&kikanKbn=5", "url2": null, "内容": "有限会社　　厚生堂薬局立町店【5:薬局】福島県いわき市久之浜町久之浜字立町１２番地" }, "geometry": { "type": "Point", "coordinates": [ 140.995703, 37.140394 ] } },
{ "type": "Feature", "properties": { "ID": 750752000695, "正式名称": "株式会社　ユモト薬局　上関店", "機関区分": 5, "都道府県コード": 7, "市区町村コード": 204, "所在地": "福島県いわき市常磐関船町１丁目８－１５", "緯度": 37.000514, "経度": 140.854939, "url": "https://www.iryou.teikyouseido.mhlw.go.jp/znk-web/juminkanja/S2430/initialize?prefCd=07&kikanCd=0752000695&kikanKbn=5", "url2": "https://fukuyaku.org/pharmacy_searchs/12692", "内容": "株式会社　ユモト薬局　上関店【5:薬局】福島県いわき市常磐関船町１丁目８－１５" }, "geometry": { "type": "Point", "coordinates": [ 140.854939, 37.000514 ] } },
{ "type": "Feature", "properties": { "ID": 750752000697, "正式名称": "仁井田薬局", "機関区分": 5, "都道府県コード": 7, "市区町村コード": 204, "所在地": "福島県いわき市四倉町上仁井田字北姥田６－３", "緯度": 37.096422, "経度": 140.977733, "url": "https://www.iryou.teikyouseido.mhlw.go.jp/znk-web/juminkanja/S2430/initialize?prefCd=07&kikanCd=0752000697&kikanKbn=5", "url2": null, "内容": "仁井田薬局【5:薬局】福島県いわき市四倉町上仁井田字北姥田６－３" }, "geometry": { "type": "Point", "coordinates": [ 140.977733, 37.096422 ] } },
{ "type": "Feature", "properties": { "ID": 750752000699, "正式名称": "薬局タローファーマシー", "機関区分": 5, "都道府県コード": 7, "市区町村コード": 204, "所在地": "福島県いわき市平谷川瀬一丁目１７－６", "緯度": 37.048083, "経度": 140.891489, "url": "https://www.iryou.teikyouseido.mhlw.go.jp/znk-web/juminkanja/S2430/initialize?prefCd=07&kikanCd=0752000699&kikanKbn=5", "url2": "https://taropha.com/", "内容": "薬局タローファーマシー【5:薬局】福島県いわき市平谷川瀬一丁目１７－６" }, "geometry": { "type": "Point", "coordinates": [ 140.891489, 37.048083 ] } },
{ "type": "Feature", "properties": { "ID": 750752000704, "正式名称": "みなみ町薬局", "機関区分": 5, "都道府県コード": 7, "市区町村コード": 204, "所在地": "福島県いわき市平南町６９", "緯度": 37.054656, "経度": 140.891531, "url": "https://www.iryou.teikyouseido.mhlw.go.jp/znk-web/juminkanja/S2430/initialize?prefCd=07&kikanCd=0752000704&kikanKbn=5", "url2": null, "内容": "みなみ町薬局【5:薬局】福島県いわき市平南町６９" }, "geometry": { "type": "Point", "coordinates": [ 140.891531, 37.054656 ] } },
{ "type": "Feature", "properties": { "ID": 750752000707, "正式名称": "さいとう薬局", "機関区分": 5, "都道府県コード": 7, "市区町村コード": 204, "所在地": "福島県いわき市四倉町字西一丁目３の１", "緯度": 37.10138, "経度": 140.98356, "url": "https://www.iryou.teikyouseido.mhlw.go.jp/znk-web/juminkanja/S2430/initialize?prefCd=07&kikanCd=0752000707&kikanKbn=5", "url2": null, "内容": "さいとう薬局【5:薬局】福島県いわき市四倉町字西一丁目３の１" }, "geometry": { "type": "Point", "coordinates": [ 140.98356, 37.10138 ] } },
{ "type": "Feature", "properties": { "ID": 750752000710, "正式名称": "株式会社　安田薬局　　神谷店", "機関区分": 5, "都道府県コード": 7, "市区町村コード": 204, "所在地": "福島県いわき市平下神谷字仲田１３４の１", "緯度": 37.076261, "経度": 140.953256, "url": "https://www.iryou.teikyouseido.mhlw.go.jp/znk-web/juminkanja/S2430/initialize?prefCd=07&kikanCd=0752000710&kikanKbn=5", "url2": null, "内容": "株式会社　安田薬局　　神谷店【5:薬局】福島県いわき市平下神谷字仲田１３４の１" }, "geometry": { "type": "Point", "coordinates": [ 140.953256, 37.076261 ] } },
{ "type": "Feature", "properties": { "ID": 750752000712, "正式名称": "武田薬局　松ヶ岡店", "機関区分": 5, "都道府県コード": 7, "市区町村コード": 204, "所在地": "福島県いわき市平字研町１０番地の５", "緯度": 37.054872, "経度": 140.884556, "url": "https://www.iryou.teikyouseido.mhlw.go.jp/znk-web/juminkanja/S2430/initialize?prefCd=07&kikanCd=0752000712&kikanKbn=5", "url2": "https://www.takedapha28.com/", "内容": "武田薬局　松ヶ岡店【5:薬局】福島県いわき市平字研町１０番地の５" }, "geometry": { "type": "Point", "coordinates": [ 140.884556, 37.054872 ] } },
{ "type": "Feature", "properties": { "ID": 750752000713, "正式名称": "豊間薬局四倉店", "機関区分": 5, "都道府県コード": 7, "市区町村コード": 204, "所在地": "福島県いわき市四倉町東二丁目１６３－２", "緯度": 37.10058, "経度": 140.985963, "url": "https://www.iryou.teikyouseido.mhlw.go.jp/znk-web/juminkanja/S2430/initialize?prefCd=07&kikanCd=0752000713&kikanKbn=5", "url2": "https://fukuyaku.org/pharmacy_searchs/12673", "内容": "豊間薬局四倉店【5:薬局】福島県いわき市四倉町東二丁目１６３－２" }, "geometry": { "type": "Point", "coordinates": [ 140.985963, 37.10058 ] } },
{ "type": "Feature", "properties": { "ID": 750752000716, "正式名称": "シンシロ薬局", "機関区分": 5, "都道府県コード": 7, "市区町村コード": 204, "所在地": "福島県いわき市小名浜西町１番地の６", "緯度": 36.950342, "経度": 140.901194, "url": "https://www.iryou.teikyouseido.mhlw.go.jp/znk-web/juminkanja/S2430/initialize?prefCd=07&kikanCd=0752000716&kikanKbn=5", "url2": null, "内容": "シンシロ薬局【5:薬局】福島県いわき市小名浜西町１番地の６" }, "geometry": { "type": "Point", "coordinates": [ 140.901194, 36.950342 ] } },
{ "type": "Feature", "properties": { "ID": 750752000718, "正式名称": "合資会社ダルマ薬局", "機関区分": 5, "都道府県コード": 7, "市区町村コード": 204, "所在地": "福島県いわき市小名浜字本町３４", "緯度": 36.950363, "経度": 140.902559, "url": "https://www.iryou.teikyouseido.mhlw.go.jp/znk-web/juminkanja/S2430/initialize?prefCd=07&kikanCd=0752000718&kikanKbn=5", "url2": null, "内容": "合資会社ダルマ薬局【5:薬局】福島県いわき市小名浜字本町３４" }, "geometry": { "type": "Point", "coordinates": [ 140.902559, 36.950363 ] } },
{ "type": "Feature", "properties": { "ID": 750752000725, "正式名称": "カクニ薬局", "機関区分": 5, "都道府県コード": 7, "市区町村コード": 204, "所在地": "福島県いわき市小名浜花畑町２２－１", "緯度": 36.954056, "経度": 140.906844, "url": "https://www.iryou.teikyouseido.mhlw.go.jp/znk-web/juminkanja/S2430/initialize?prefCd=07&kikanCd=0752000725&kikanKbn=5", "url2": null, "内容": "カクニ薬局【5:薬局】福島県いわき市小名浜花畑町２２－１" }, "geometry": { "type": "Point", "coordinates": [ 140.906844, 36.954056 ] } },
{ "type": "Feature", "properties": { "ID": 750752000728, "正式名称": "有限会社　油座神美堂薬局", "機関区分": 5, "都道府県コード": 7, "市区町村コード": 204, "所在地": "福島県いわき市小名浜南君ケ塚町２－１", "緯度": 36.955906, "経度": 140.901658, "url": "https://www.iryou.teikyouseido.mhlw.go.jp/znk-web/juminkanja/S2430/initialize?prefCd=07&kikanCd=0752000728&kikanKbn=5", "url2": null, "内容": "有限会社　油座神美堂薬局【5:薬局】福島県いわき市小名浜南君ケ塚町２－１" }, "geometry": { "type": "Point", "coordinates": [ 140.901658, 36.955906 ] } },
{ "type": "Feature", "properties": { "ID": 750752000732, "正式名称": "薬局　タローファーマシー　鹿島店", "機関区分": 5, "都道府県コード": 7, "市区町村コード": 204, "所在地": "福島県いわき市鹿島町走熊字小神山３８番地の１", "緯度": 36.994328, "経度": 140.906997, "url": "https://www.iryou.teikyouseido.mhlw.go.jp/znk-web/juminkanja/S2430/initialize?prefCd=07&kikanCd=0752000732&kikanKbn=5", "url2": "https://taropha.com/", "内容": "薬局　タローファーマシー　鹿島店【5:薬局】福島県いわき市鹿島町走熊字小神山３８番地の１" }, "geometry": { "type": "Point", "coordinates": [ 140.906997, 36.994328 ] } },
{ "type": "Feature", "properties": { "ID": 750752000734, "正式名称": "あおば薬局", "機関区分": 5, "都道府県コード": 7, "市区町村コード": 204, "所在地": "福島県いわき市小名浜字上町４６", "緯度": 36.948953, "経度": 140.906019, "url": "https://www.iryou.teikyouseido.mhlw.go.jp/znk-web/juminkanja/S2430/initialize?prefCd=07&kikanCd=0752000734&kikanKbn=5", "url2": null, "内容": "あおば薬局【5:薬局】福島県いわき市小名浜字上町４６" }, "geometry": { "type": "Point", "coordinates": [ 140.906019, 36.948953 ] } },
{ "type": "Feature", "properties": { "ID": 750752000735, "正式名称": "有限会社中央薬局", "機関区分": 5, "都道府県コード": 7, "市区町村コード": 204, "所在地": "福島県いわき市いわき市小名浜寺廻町１３－５", "緯度": 36.952072, "経度": 140.898861, "url": "https://www.iryou.teikyouseido.mhlw.go.jp/znk-web/juminkanja/S2430/initialize?prefCd=07&kikanCd=0752000735&kikanKbn=5", "url2": null, "内容": "有限会社中央薬局【5:薬局】福島県いわき市いわき市小名浜寺廻町１３－５" }, "geometry": { "type": "Point", "coordinates": [ 140.898861, 36.952072 ] } },
{ "type": "Feature", "properties": { "ID": 750752000737, "正式名称": "合同会社　佐藤薬局", "機関区分": 5, "都道府県コード": 7, "市区町村コード": 204, "所在地": "福島県いわき市江名字北町１２５番地", "緯度": 36.971122, "経度": 140.958136, "url": "https://www.iryou.teikyouseido.mhlw.go.jp/znk-web/juminkanja/S2430/initialize?prefCd=07&kikanCd=0752000737&kikanKbn=5", "url2": "https://sato-pharmacy.jimdosite.com", "内容": "合同会社　佐藤薬局【5:薬局】福島県いわき市江名字北町１２５番地" }, "geometry": { "type": "Point", "coordinates": [ 140.958136, 36.971122 ] } },
{ "type": "Feature", "properties": { "ID": 750752000741, "正式名称": "有限会社ダルマ薬局本町店", "機関区分": 5, "都道府県コード": 7, "市区町村コード": 204, "所在地": "福島県いわき市植田町本町一丁目４番地の６", "緯度": 36.915547, "経度": 140.795864, "url": "https://www.iryou.teikyouseido.mhlw.go.jp/znk-web/juminkanja/S2430/initialize?prefCd=07&kikanCd=0752000741&kikanKbn=5", "url2": "http://daruma0246.com/", "内容": "有限会社ダルマ薬局本町店【5:薬局】福島県いわき市植田町本町一丁目４番地の６" }, "geometry": { "type": "Point", "coordinates": [ 140.795864, 36.915547 ] } },
{ "type": "Feature", "properties": { "ID": 750752000742, "正式名称": "有限会社矢吹薬局東田店", "機関区分": 5, "都道府県コード": 7, "市区町村コード": 204, "所在地": "福島県いわき市東田町二丁目１３－９", "緯度": 36.921147, "経度": 140.802822, "url": "https://www.iryou.teikyouseido.mhlw.go.jp/znk-web/juminkanja/S2430/initialize?prefCd=07&kikanCd=0752000742&kikanKbn=5", "url2": null, "内容": "有限会社矢吹薬局東田店【5:薬局】福島県いわき市東田町二丁目１３－９" }, "geometry": { "type": "Point", "coordinates": [ 140.802822, 36.921147 ] } },
{ "type": "Feature", "properties": { "ID": 750752000748, "正式名称": "有限会社窪田薬局", "機関区分": 5, "都道府県コード": 7, "市区町村コード": 204, "所在地": "福島県いわき市勿来町窪田町通１丁目１２１番地の４", "緯度": 36.888458, "経度": 140.771086, "url": "https://www.iryou.teikyouseido.mhlw.go.jp/znk-web/juminkanja/S2430/initialize?prefCd=07&kikanCd=0752000748&kikanKbn=5", "url2": null, "内容": "有限会社窪田薬局【5:薬局】福島県いわき市勿来町窪田町通１丁目１２１番地の４" }, "geometry": { "type": "Point", "coordinates": [ 140.771086, 36.888458 ] } },
{ "type": "Feature", "properties": { "ID": 750752000751, "正式名称": "有限会社植田ダルマ薬局植田店", "機関区分": 5, "都道府県コード": 7, "市区町村コード": 204, "所在地": "福島県いわき市植田町中央３丁目１６－１２", "緯度": 36.921117, "経度": 140.796733, "url": "https://www.iryou.teikyouseido.mhlw.go.jp/znk-web/juminkanja/S2430/initialize?prefCd=07&kikanCd=0752000751&kikanKbn=5", "url2": "http://daruma0246.com/", "内容": "有限会社植田ダルマ薬局植田店【5:薬局】福島県いわき市植田町中央３丁目１６－１２" }, "geometry": { "type": "Point", "coordinates": [ 140.796733, 36.921117 ] } },
{ "type": "Feature", "properties": { "ID": 750752000753, "正式名称": "有限会社矢吹薬局中央店", "機関区分": 5, "都道府県コード": 7, "市区町村コード": 204, "所在地": "福島県いわき市植田町中央二丁目３－１４", "緯度": 36.919608, "経度": 140.799353, "url": "https://www.iryou.teikyouseido.mhlw.go.jp/znk-web/juminkanja/S2430/initialize?prefCd=07&kikanCd=0752000753&kikanKbn=5", "url2": null, "内容": "有限会社矢吹薬局中央店【5:薬局】福島県いわき市植田町中央二丁目３－１４" }, "geometry": { "type": "Point", "coordinates": [ 140.799353, 36.919608 ] } },
{ "type": "Feature", "properties": { "ID": 750752000756, "正式名称": "コスモス調剤薬局植田店", "機関区分": 5, "都道府県コード": 7, "市区町村コード": 204, "所在地": "福島県いわき市佐糠町東一丁目１７－８", "緯度": 36.918897, "経度": 140.804617, "url": "https://www.iryou.teikyouseido.mhlw.go.jp/znk-web/juminkanja/S2430/initialize?prefCd=07&kikanCd=0752000756&kikanKbn=5", "url2": null, "内容": "コスモス調剤薬局植田店【5:薬局】福島県いわき市佐糠町東一丁目１７－８" }, "geometry": { "type": "Point", "coordinates": [ 140.804617, 36.918897 ] } },
{ "type": "Feature", "properties": { "ID": 750752000760, "正式名称": "有限会社美保薬品美保薬局", "機関区分": 5, "都道府県コード": 7, "市区町村コード": 204, "所在地": "福島県いわき市中岡町３丁目１０番地の５", "緯度": 36.923175, "経度": 140.784393, "url": "https://www.iryou.teikyouseido.mhlw.go.jp/znk-web/juminkanja/S2430/initialize?prefCd=07&kikanCd=0752000760&kikanKbn=5", "url2": "http://miho-p.com/", "内容": "有限会社美保薬品美保薬局【5:薬局】福島県いわき市中岡町３丁目１０番地の５" }, "geometry": { "type": "Point", "coordinates": [ 140.784393, 36.923175 ] } },
{ "type": "Feature", "properties": { "ID": 750752000761, "正式名称": "株式会社くすりのマルト　調剤薬局上中田店", "機関区分": 5, "都道府県コード": 7, "市区町村コード": 204, "所在地": "福島県いわき市錦町上中田７番地", "緯度": 36.899439, "経度": 140.783511, "url": "https://www.iryou.teikyouseido.mhlw.go.jp/znk-web/juminkanja/S2430/initialize?prefCd=07&kikanCd=0752000761&kikanKbn=5", "url2": null, "内容": "株式会社くすりのマルト　調剤薬局上中田店【5:薬局】福島県いわき市錦町上中田７番地" }, "geometry": { "type": "Point", "coordinates": [ 140.783511, 36.899439 ] } },
{ "type": "Feature", "properties": { "ID": 750752000764, "正式名称": "スミレ薬局", "機関区分": 5, "都道府県コード": 7, "市区町村コード": 204, "所在地": "福島県いわき市錦町上中田８", "緯度": 36.899281, "経度": 140.783472, "url": "https://www.iryou.teikyouseido.mhlw.go.jp/znk-web/juminkanja/S2430/initialize?prefCd=07&kikanCd=0752000764&kikanKbn=5", "url2": "https://kmt-ph.co.jp", "内容": "スミレ薬局【5:薬局】福島県いわき市錦町上中田８" }, "geometry": { "type": "Point", "coordinates": [ 140.783472, 36.899281 ] } },
{ "type": "Feature", "properties": { "ID": 750752000766, "正式名称": "薬局　わたなべ", "機関区分": 5, "都道府県コード": 7, "市区町村コード": 204, "所在地": "福島県いわき市錦町上中田１０４", "緯度": 36.899952, "経度": 140.783963, "url": "https://www.iryou.teikyouseido.mhlw.go.jp/znk-web/juminkanja/S2430/initialize?prefCd=07&kikanCd=0752000766&kikanKbn=5", "url2": null, "内容": "薬局　わたなべ【5:薬局】福島県いわき市錦町上中田１０４" }, "geometry": { "type": "Point", "coordinates": [ 140.783963, 36.899952 ] } },
{ "type": "Feature", "properties": { "ID": 750752000767, "正式名称": "ひばり薬局", "機関区分": 5, "都道府県コード": 7, "市区町村コード": 204, "所在地": "福島県いわき市佐糠町東一丁目１１－７", "緯度": 36.919133, "経度": 140.804997, "url": "https://www.iryou.teikyouseido.mhlw.go.jp/znk-web/juminkanja/S2430/initialize?prefCd=07&kikanCd=0752000767&kikanKbn=5", "url2": null, "内容": "ひばり薬局【5:薬局】福島県いわき市佐糠町東一丁目１１－７" }, "geometry": { "type": "Point", "coordinates": [ 140.804997, 36.919133 ] } },
{ "type": "Feature", "properties": { "ID": 750752000770, "正式名称": "平調剤薬局", "機関区分": 5, "都道府県コード": 7, "市区町村コード": 204, "所在地": "福島県いわき市平南町５９－１", "緯度": 37.054862, "経度": 140.892922, "url": "https://www.iryou.teikyouseido.mhlw.go.jp/znk-web/juminkanja/S2430/initialize?prefCd=07&kikanCd=0752000770&kikanKbn=5", "url2": null, "内容": "平調剤薬局【5:薬局】福島県いわき市平南町５９－１" }, "geometry": { "type": "Point", "coordinates": [ 140.892922, 37.054862 ] } },
{ "type": "Feature", "properties": { "ID": 750752000771, "正式名称": "玉川薬局平窪店", "機関区分": 5, "都道府県コード": 7, "市区町村コード": 204, "所在地": "福島県いわき市平中平窪細田町３の４", "緯度": 37.084125, "経度": 140.877008, "url": "https://www.iryou.teikyouseido.mhlw.go.jp/znk-web/juminkanja/S2430/initialize?prefCd=07&kikanCd=0752000771&kikanKbn=5", "url2": null, "内容": "玉川薬局平窪店【5:薬局】福島県いわき市平中平窪細田町３の４" }, "geometry": { "type": "Point", "coordinates": [ 140.877008, 37.084125 ] } },
{ "type": "Feature", "properties": { "ID": 750752000772, "正式名称": "中央台鹿島薬局", "機関区分": 5, "都道府県コード": 7, "市区町村コード": 204, "所在地": "福島県いわき市中央台鹿島三丁目３４－６", "緯度": 37.004111, "経度": 140.923903, "url": "https://www.iryou.teikyouseido.mhlw.go.jp/znk-web/juminkanja/S2430/initialize?prefCd=07&kikanCd=0752000772&kikanKbn=5", "url2": "https://meron-net.shop/ds/chuoudaikashima", "内容": "中央台鹿島薬局【5:薬局】福島県いわき市中央台鹿島三丁目３４－６" }, "geometry": { "type": "Point", "coordinates": [ 140.923903, 37.004111 ] } },
{ "type": "Feature", "properties": { "ID": 750752000774, "正式名称": "豊郷薬局", "機関区分": 5, "都道府県コード": 7, "市区町村コード": 204, "所在地": "福島県いわき市郷ケ丘２丁目１０－３", "緯度": 37.025322, "経度": 140.904567, "url": "https://www.iryou.teikyouseido.mhlw.go.jp/znk-web/juminkanja/S2430/initialize?prefCd=07&kikanCd=0752000774&kikanKbn=5", "url2": "https://www.toyosato-ph.com", "内容": "豊郷薬局【5:薬局】福島県いわき市郷ケ丘２丁目１０－３" }, "geometry": { "type": "Point", "coordinates": [ 140.904567, 37.025322 ] } },
{ "type": "Feature", "properties": { "ID": 750752000775, "正式名称": "有限会社　　岬薬局", "機関区分": 5, "都道府県コード": 7, "市区町村コード": 204, "所在地": "福島県いわき市好間町下好間字一町坪５５－３", "緯度": 37.057339, "経度": 140.862683, "url": "https://www.iryou.teikyouseido.mhlw.go.jp/znk-web/juminkanja/S2430/initialize?prefCd=07&kikanCd=0752000775&kikanKbn=5", "url2": "https://www.misaki-pharmacy.com", "内容": "有限会社　　岬薬局【5:薬局】福島県いわき市好間町下好間字一町坪５５－３" }, "geometry": { "type": "Point", "coordinates": [ 140.862683, 37.057339 ] } },
{ "type": "Feature", "properties": { "ID": 750752000776, "正式名称": "アイランド薬局", "機関区分": 5, "都道府県コード": 7, "市区町村コード": 204, "所在地": "福島県いわき市平十五町目６－１", "緯度": 37.053222, "経度": 140.8914, "url": "https://www.iryou.teikyouseido.mhlw.go.jp/znk-web/juminkanja/S2430/initialize?prefCd=07&kikanCd=0752000776&kikanKbn=5", "url2": "https://www.apocreat.co.jp", "内容": "アイランド薬局【5:薬局】福島県いわき市平十五町目６－１" }, "geometry": { "type": "Point", "coordinates": [ 140.8914, 37.053222 ] } },
{ "type": "Feature", "properties": { "ID": 750752000778, "正式名称": "あいあい元気堂薬局", "機関区分": 5, "都道府県コード": 7, "市区町村コード": 204, "所在地": "福島県いわき市平下の町７－１３", "緯度": 37.049917, "経度": 140.893986, "url": "https://www.iryou.teikyouseido.mhlw.go.jp/znk-web/juminkanja/S2430/initialize?prefCd=07&kikanCd=0752000778&kikanKbn=5", "url2": null, "内容": "あいあい元気堂薬局【5:薬局】福島県いわき市平下の町７－１３" }, "geometry": { "type": "Point", "coordinates": [ 140.893986, 37.049917 ] } },
{ "type": "Feature", "properties": { "ID": 750752000779, "正式名称": "丸善薬局", "機関区分": 5, "都道府県コード": 7, "市区町村コード": 204, "所在地": "福島県いわき市平字下の町５－１", "緯度": 37.049906, "経度": 140.894192, "url": "https://www.iryou.teikyouseido.mhlw.go.jp/znk-web/juminkanja/S2430/initialize?prefCd=07&kikanCd=0752000779&kikanKbn=5", "url2": "https://www.aiki-ph.co.jp/", "内容": "丸善薬局【5:薬局】福島県いわき市平字下の町５－１" }, "geometry": { "type": "Point", "coordinates": [ 140.894192, 37.049906 ] } },
{ "type": "Feature", "properties": { "ID": 750752000780, "正式名称": "スズキヤ薬局", "機関区分": 5, "都道府県コード": 7, "市区町村コード": 204, "所在地": "福島県いわき市内郷宮町町田５０番地", "緯度": 37.044156, "経度": 140.836761, "url": "https://www.iryou.teikyouseido.mhlw.go.jp/znk-web/juminkanja/S2430/initialize?prefCd=07&kikanCd=0752000780&kikanKbn=5", "url2": null, "内容": "スズキヤ薬局【5:薬局】福島県いわき市内郷宮町町田５０番地" }, "geometry": { "type": "Point", "coordinates": [ 140.836761, 37.044156 ] } },
{ "type": "Feature", "properties": { "ID": 750752000781, "正式名称": "薬局　とりい", "機関区分": 5, "都道府県コード": 7, "市区町村コード": 204, "所在地": "福島県いわき市小名浜字丹波沼１６６番地の１", "緯度": 36.950958, "経度": 140.889044, "url": "https://www.iryou.teikyouseido.mhlw.go.jp/znk-web/juminkanja/S2430/initialize?prefCd=07&kikanCd=0752000781&kikanKbn=5", "url2": "https://www.kusuri-torii.com", "内容": "薬局　とりい【5:薬局】福島県いわき市小名浜字丹波沼１６６番地の１" }, "geometry": { "type": "Point", "coordinates": [ 140.889044, 36.950958 ] } },
{ "type": "Feature", "properties": { "ID": 750752000783, "正式名称": "コスモ調剤薬局　　植田店", "機関区分": 5, "都道府県コード": 7, "市区町村コード": 204, "所在地": "福島県いわき市植田町根小屋３０９－２", "緯度": 36.918006, "経度": 140.786464, "url": "https://www.iryou.teikyouseido.mhlw.go.jp/znk-web/juminkanja/S2430/initialize?prefCd=07&kikanCd=0752000783&kikanKbn=5", "url2": "http://www.cosmo-ph.co.jp/", "内容": "コスモ調剤薬局　　植田店【5:薬局】福島県いわき市植田町根小屋３０９－２" }, "geometry": { "type": "Point", "coordinates": [ 140.786464, 36.918006 ] } },
{ "type": "Feature", "properties": { "ID": 750752000789, "正式名称": "グレイス薬局・東店", "機関区分": 5, "都道府県コード": 7, "市区町村コード": 204, "所在地": "福島県いわき市平字紺屋町８－１", "緯度": 37.05505, "経度": 140.885692, "url": "https://www.iryou.teikyouseido.mhlw.go.jp/znk-web/juminkanja/S2430/initialize?prefCd=07&kikanCd=0752000789&kikanKbn=5", "url2": null, "内容": "グレイス薬局・東店【5:薬局】福島県いわき市平字紺屋町８－１" }, "geometry": { "type": "Point", "coordinates": [ 140.885692, 37.05505 ] } },
{ "type": "Feature", "properties": { "ID": 750752000790, "正式名称": "西原薬局　岡小名店", "機関区分": 5, "都道府県コード": 7, "市区町村コード": 204, "所在地": "福島県いわき市小名浜岡小名字馬上前１７－８", "緯度": 36.963206, "経度": 140.903669, "url": "https://www.iryou.teikyouseido.mhlw.go.jp/znk-web/juminkanja/S2430/initialize?prefCd=07&kikanCd=0752000790&kikanKbn=5", "url2": null, "内容": "西原薬局　岡小名店【5:薬局】福島県いわき市小名浜岡小名字馬上前１７－８" }, "geometry": { "type": "Point", "coordinates": [ 140.903669, 36.963206 ] } },
{ "type": "Feature", "properties": { "ID": 750752000791, "正式名称": "仁生堂薬局", "機関区分": 5, "都道府県コード": 7, "市区町村コード": 204, "所在地": "福島県いわき市郷ケ丘３丁目１５－９", "緯度": 37.026888, "経度": 140.910755, "url": "https://www.iryou.teikyouseido.mhlw.go.jp/znk-web/juminkanja/S2430/initialize?prefCd=07&kikanCd=0752000791&kikanKbn=5", "url2": null, "内容": "仁生堂薬局【5:薬局】福島県いわき市郷ケ丘３丁目１５－９" }, "geometry": { "type": "Point", "coordinates": [ 140.910755, 37.026888 ] } },
{ "type": "Feature", "properties": { "ID": 750752000796, "正式名称": "株式会社　くすりのマルト　調剤薬局つづら店", "機関区分": 5, "都道府県コード": 7, "市区町村コード": 204, "所在地": "福島県いわき市内郷綴町仲田２６番地６", "緯度": 37.038858, "経度": 140.865678, "url": "https://www.iryou.teikyouseido.mhlw.go.jp/znk-web/juminkanja/S2430/initialize?prefCd=07&kikanCd=0752000796&kikanKbn=5", "url2": "http://www.drug-maruto.co.jp/", "内容": "株式会社　くすりのマルト　調剤薬局つづら店【5:薬局】福島県いわき市内郷綴町仲田２６番地６" }, "geometry": { "type": "Point", "coordinates": [ 140.865678, 37.038858 ] } },
{ "type": "Feature", "properties": { "ID": 750752000800, "正式名称": "株式会社　くすりのマルト調剤薬局　下湯長谷店", "機関区分": 5, "都道府県コード": 7, "市区町村コード": 204, "所在地": "福島県いわき市常磐下湯長谷町道下１０", "緯度": 36.990431, "経度": 140.855036, "url": "https://www.iryou.teikyouseido.mhlw.go.jp/znk-web/juminkanja/S2430/initialize?prefCd=07&kikanCd=0752000800&kikanKbn=5", "url2": null, "内容": "株式会社　くすりのマルト調剤薬局　下湯長谷店【5:薬局】福島県いわき市常磐下湯長谷町道下１０" }, "geometry": { "type": "Point", "coordinates": [ 140.855036, 36.990431 ] } },
{ "type": "Feature", "properties": { "ID": 750752000803, "正式名称": "クラフト薬局　小名浜店", "機関区分": 5, "都道府県コード": 7, "市区町村コード": 204, "所在地": "福島県いわき市小名浜林城字塚前２１－３", "緯度": 36.984678, "経度": 140.893628, "url": "https://www.iryou.teikyouseido.mhlw.go.jp/znk-web/juminkanja/S2430/initialize?prefCd=07&kikanCd=0752000803&kikanKbn=5", "url2": "https://www.kraft-net.co.jp/sakura/store/3289/", "内容": "クラフト薬局　小名浜店【5:薬局】福島県いわき市小名浜林城字塚前２１－３" }, "geometry": { "type": "Point", "coordinates": [ 140.893628, 36.984678 ] } },
{ "type": "Feature", "properties": { "ID": 750752000807, "正式名称": "オレンジ薬局　湯本南店", "機関区分": 5, "都道府県コード": 7, "市区町村コード": 204, "所在地": "福島県いわき市常磐西郷町字岩崎２８番地１０", "緯度": 36.985578, "経度": 140.859428, "url": "https://www.iryou.teikyouseido.mhlw.go.jp/znk-web/juminkanja/S2430/initialize?prefCd=07&kikanCd=0752000807&kikanKbn=5", "url2": "https://networktyouzai.com", "内容": "オレンジ薬局　湯本南店【5:薬局】福島県いわき市常磐西郷町字岩崎２８番地１０" }, "geometry": { "type": "Point", "coordinates": [ 140.859428, 36.985578 ] } },
{ "type": "Feature", "properties": { "ID": 750752000811, "正式名称": "薬局タローファーマシー　上荒川店", "機関区分": 5, "都道府県コード": 7, "市区町村コード": 204, "所在地": "福島県いわき市平上荒川字堀ノ内１６番地の４", "緯度": 37.036842, "経度": 140.889978, "url": "https://www.iryou.teikyouseido.mhlw.go.jp/znk-web/juminkanja/S2430/initialize?prefCd=07&kikanCd=0752000811&kikanKbn=5", "url2": "https://taropha.com/", "内容": "薬局タローファーマシー　上荒川店【5:薬局】福島県いわき市平上荒川字堀ノ内１６番地の４" }, "geometry": { "type": "Point", "coordinates": [ 140.889978, 37.036842 ] } },
{ "type": "Feature", "properties": { "ID": 750752000812, "正式名称": "アイランド薬局　白土店", "機関区分": 5, "都道府県コード": 7, "市区町村コード": 204, "所在地": "福島県いわき市平北白土字宮前５１－３", "緯度": 37.049981, "経度": 140.911414, "url": "https://www.iryou.teikyouseido.mhlw.go.jp/znk-web/juminkanja/S2430/initialize?prefCd=07&kikanCd=0752000812&kikanKbn=5", "url2": null, "内容": "アイランド薬局　白土店【5:薬局】福島県いわき市平北白土字宮前５１－３" }, "geometry": { "type": "Point", "coordinates": [ 140.911414, 37.049981 ] } },
{ "type": "Feature", "properties": { "ID": 750752000813, "正式名称": "株式会社くすりのマルト調剤薬局　平五町目店", "機関区分": 5, "都道府県コード": 7, "市区町村コード": 204, "所在地": "福島県いわき市平字五町目１７－１２", "緯度": 37.056489, "経度": 140.896139, "url": "https://www.iryou.teikyouseido.mhlw.go.jp/znk-web/juminkanja/S2430/initialize?prefCd=07&kikanCd=0752000813&kikanKbn=5", "url2": "http://www.drug-maruto.co.jp/", "内容": "株式会社くすりのマルト調剤薬局　平五町目店【5:薬局】福島県いわき市平字五町目１７－１２" }, "geometry": { "type": "Point", "coordinates": [ 140.896139, 37.056489 ] } },
{ "type": "Feature", "properties": { "ID": 750752000814, "正式名称": "アイランド薬局　あたご店", "機関区分": 5, "都道府県コード": 7, "市区町村コード": 204, "所在地": "福島県いわき市小名浜愛宕町１番地の４", "緯度": 36.951078, "経度": 140.896167, "url": "https://www.iryou.teikyouseido.mhlw.go.jp/znk-web/juminkanja/S2430/initialize?prefCd=07&kikanCd=0752000814&kikanKbn=5", "url2": "https://www.apocreat.co.jp/", "内容": "アイランド薬局　あたご店【5:薬局】福島県いわき市小名浜愛宕町１番地の４" }, "geometry": { "type": "Point", "coordinates": [ 140.896167, 36.951078 ] } },
{ "type": "Feature", "properties": { "ID": 750752000816, "正式名称": "武田薬局　中町店", "機関区分": 5, "都道府県コード": 7, "市区町村コード": 204, "所在地": "福島県いわき市平堂の前２７－１", "緯度": 37.052972, "経度": 140.887881, "url": "https://www.iryou.teikyouseido.mhlw.go.jp/znk-web/juminkanja/S2430/initialize?prefCd=07&kikanCd=0752000816&kikanKbn=5", "url2": "https://www.takedapha28.com", "内容": "武田薬局　中町店【5:薬局】福島県いわき市平堂の前２７－１" }, "geometry": { "type": "Point", "coordinates": [ 140.887881, 37.052972 ] } },
{ "type": "Feature", "properties": { "ID": 750752000821, "正式名称": "ウイン調剤薬局　湯本店", "機関区分": 5, "都道府県コード": 7, "市区町村コード": 204, "所在地": "福島県いわき市常磐関船町１－５－５", "緯度": 37.001533, "経度": 140.854147, "url": "https://www.iryou.teikyouseido.mhlw.go.jp/znk-web/juminkanja/S2430/initialize?prefCd=07&kikanCd=0752000821&kikanKbn=5", "url2": "https://www.winpharma.jp/", "内容": "ウイン調剤薬局　湯本店【5:薬局】福島県いわき市常磐関船町１－５－５" }, "geometry": { "type": "Point", "coordinates": [ 140.854147, 37.001533 ] } },
{ "type": "Feature", "properties": { "ID": 750752000825, "正式名称": "加藤薬局　中央台店", "機関区分": 5, "都道府県コード": 7, "市区町村コード": 204, "所在地": "福島県いわき市中央台高久２丁目２２番の３", "緯度": 37.008419, "経度": 140.927267, "url": "https://www.iryou.teikyouseido.mhlw.go.jp/znk-web/juminkanja/S2430/initialize?prefCd=07&kikanCd=0752000825&kikanKbn=5", "url2": "fukuyaku.org/phamacy-searohs/12631", "内容": "加藤薬局　中央台店【5:薬局】福島県いわき市中央台高久２丁目２２番の３" }, "geometry": { "type": "Point", "coordinates": [ 140.927267, 37.008419 ] } },
{ "type": "Feature", "properties": { "ID": 750752000831, "正式名称": "有限会社植田ダルマ薬局　小名浜店", "機関区分": 5, "都道府県コード": 7, "市区町村コード": 204, "所在地": "福島県いわき市小名浜字元分１番２２", "緯度": 36.947672, "経度": 140.907156, "url": "https://www.iryou.teikyouseido.mhlw.go.jp/znk-web/juminkanja/S2430/initialize?prefCd=07&kikanCd=0752000831&kikanKbn=5", "url2": "https://daruma0246.com/", "内容": "有限会社植田ダルマ薬局　小名浜店【5:薬局】福島県いわき市小名浜字元分１番２２" }, "geometry": { "type": "Point", "coordinates": [ 140.907156, 36.947672 ] } },
{ "type": "Feature", "properties": { "ID": 750752000833, "正式名称": "たいほー堂薬局", "機関区分": 5, "都道府県コード": 7, "市区町村コード": 204, "所在地": "福島県いわき市泉町３－１０－１", "緯度": 36.952472, "経度": 140.855414, "url": "https://www.iryou.teikyouseido.mhlw.go.jp/znk-web/juminkanja/S2430/initialize?prefCd=07&kikanCd=0752000833&kikanKbn=5", "url2": null, "内容": "たいほー堂薬局【5:薬局】福島県いわき市泉町３－１０－１" }, "geometry": { "type": "Point", "coordinates": [ 140.855414, 36.952472 ] } },
{ "type": "Feature", "properties": { "ID": 750752000835, "正式名称": "ウイン調剤薬局　植田店", "機関区分": 5, "都道府県コード": 7, "市区町村コード": 204, "所在地": "福島県いわき市植田町月山下６２番１６", "緯度": 36.922906, "経度": 140.786478, "url": "https://www.iryou.teikyouseido.mhlw.go.jp/znk-web/juminkanja/S2430/initialize?prefCd=07&kikanCd=0752000835&kikanKbn=5", "url2": null, "内容": "ウイン調剤薬局　植田店【5:薬局】福島県いわき市植田町月山下６２番１６" }, "geometry": { "type": "Point", "coordinates": [ 140.786478, 36.922906 ] } },
{ "type": "Feature", "properties": { "ID": 750752000836, "正式名称": "もみじ町薬局", "機関区分": 5, "都道府県コード": 7, "市区町村コード": 204, "所在地": "福島県いわき市平字紅葉町３８－１２", "緯度": 37.064764, "経度": 140.889364, "url": "https://www.iryou.teikyouseido.mhlw.go.jp/znk-web/juminkanja/S2430/initialize?prefCd=07&kikanCd=0752000836&kikanKbn=5", "url2": null, "内容": "もみじ町薬局【5:薬局】福島県いわき市平字紅葉町３８－１２" }, "geometry": { "type": "Point", "coordinates": [ 140.889364, 37.064764 ] } },
{ "type": "Feature", "properties": { "ID": 750752000838, "正式名称": "株式会社くすりのマルト調剤薬局　玉川店", "機関区分": 5, "都道府県コード": 7, "市区町村コード": 204, "所在地": "福島県いわき市小名浜住吉字道下３４", "緯度": 36.98055, "経度": 140.887156, "url": "https://www.iryou.teikyouseido.mhlw.go.jp/znk-web/juminkanja/S2430/initialize?prefCd=07&kikanCd=0752000838&kikanKbn=5", "url2": "http://www.drug-maruto.co.jp/", "内容": "株式会社くすりのマルト調剤薬局　玉川店【5:薬局】福島県いわき市小名浜住吉字道下３４" }, "geometry": { "type": "Point", "coordinates": [ 140.887156, 36.98055 ] } },
{ "type": "Feature", "properties": { "ID": 750752000839, "正式名称": "アイランド薬局　佃店", "機関区分": 5, "都道府県コード": 7, "市区町村コード": 204, "所在地": "福島県いわき市平字佃町４－１", "緯度": 37.051544, "経度": 140.894142, "url": "https://www.iryou.teikyouseido.mhlw.go.jp/znk-web/juminkanja/S2430/initialize?prefCd=07&kikanCd=0752000839&kikanKbn=5", "url2": "https://www.apocreat.co.jp/", "内容": "アイランド薬局　佃店【5:薬局】福島県いわき市平字佃町４－１" }, "geometry": { "type": "Point", "coordinates": [ 140.894142, 37.051544 ] } },
{ "type": "Feature", "properties": { "ID": 750752000840, "正式名称": "のばら薬局", "機関区分": 5, "都道府県コード": 7, "市区町村コード": 204, "所在地": "福島県いわき市中央台飯野３－３３－３", "緯度": 37.013053, "経度": 140.915147, "url": "https://www.iryou.teikyouseido.mhlw.go.jp/znk-web/juminkanja/S2430/initialize?prefCd=07&kikanCd=0752000840&kikanKbn=5", "url2": "http://www.aiki-ph.co.jp", "内容": "のばら薬局【5:薬局】福島県いわき市中央台飯野３－３３－３" }, "geometry": { "type": "Point", "coordinates": [ 140.915147, 37.013053 ] } },
{ "type": "Feature", "properties": { "ID": 750752000841, "正式名称": "薬局はんだ", "機関区分": 5, "都道府県コード": 7, "市区町村コード": 204, "所在地": "福島県いわき市植田町南町１－６－３", "緯度": 36.916096, "経度": 140.799511, "url": "https://www.iryou.teikyouseido.mhlw.go.jp/znk-web/juminkanja/S2430/initialize?prefCd=07&kikanCd=0752000841&kikanKbn=5", "url2": null, "内容": "薬局はんだ【5:薬局】福島県いわき市植田町南町１－６－３" }, "geometry": { "type": "Point", "coordinates": [ 140.799511, 36.916096 ] } },
{ "type": "Feature", "properties": { "ID": 750752000842, "正式名称": "コスモ調剤薬局　平中央店", "機関区分": 5, "都道府県コード": 7, "市区町村コード": 204, "所在地": "福島県いわき市平月見町４８－４", "緯度": 37.052628, "経度": 140.898803, "url": "https://www.iryou.teikyouseido.mhlw.go.jp/znk-web/juminkanja/S2430/initialize?prefCd=07&kikanCd=0752000842&kikanKbn=5", "url2": "http://www.cosmo-ph.co.jp/", "内容": "コスモ調剤薬局　平中央店【5:薬局】福島県いわき市平月見町４８－４" }, "geometry": { "type": "Point", "coordinates": [ 140.898803, 37.052628 ] } },
{ "type": "Feature", "properties": { "ID": 750752000848, "正式名称": "ハーブ薬局", "機関区分": 5, "都道府県コード": 7, "市区町村コード": 204, "所在地": "福島県いわき市平沼ノ内諏訪原一丁目２３番地の８", "緯度": 37.018228, "経度": 140.967028, "url": "https://www.iryou.teikyouseido.mhlw.go.jp/znk-web/juminkanja/S2430/initialize?prefCd=07&kikanCd=0752000848&kikanKbn=5", "url2": "https://www.harbu.co.jp", "内容": "ハーブ薬局【5:薬局】福島県いわき市平沼ノ内諏訪原一丁目２３番地の８" }, "geometry": { "type": "Point", "coordinates": [ 140.967028, 37.018228 ] } },
{ "type": "Feature", "properties": { "ID": 750752000850, "正式名称": "株式会社くすりのマルト調剤薬局　高坂店", "機関区分": 5, "都道府県コード": 7, "市区町村コード": 204, "所在地": "福島県いわき市内郷高坂町八反田５５", "緯度": 37.044167, "経度": 140.862125, "url": "https://www.iryou.teikyouseido.mhlw.go.jp/znk-web/juminkanja/S2430/initialize?prefCd=07&kikanCd=0752000850&kikanKbn=5", "url2": null, "内容": "株式会社くすりのマルト調剤薬局　高坂店【5:薬局】福島県いわき市内郷高坂町八反田５５" }, "geometry": { "type": "Point", "coordinates": [ 140.862125, 37.044167 ] } },
{ "type": "Feature", "properties": { "ID": 750752000851, "正式名称": "アイル薬局　平店", "機関区分": 5, "都道府県コード": 7, "市区町村コード": 204, "所在地": "福島県いわき市平字月見町１３－１", "緯度": 37.051269, "経度": 140.896778, "url": "https://www.iryou.teikyouseido.mhlw.go.jp/znk-web/juminkanja/S2430/initialize?prefCd=07&kikanCd=0752000851&kikanKbn=5", "url2": "http://www.e-classa.net/ailutaira/", "内容": "アイル薬局　平店【5:薬局】福島県いわき市平字月見町１３－１" }, "geometry": { "type": "Point", "coordinates": [ 140.896778, 37.051269 ] } },
{ "type": "Feature", "properties": { "ID": 750752000852, "正式名称": "アイランド薬局　岡小名店", "機関区分": 5, "都道府県コード": 7, "市区町村コード": 204, "所在地": "福島県いわき市小名浜岡小名一丁目１－１", "緯度": 36.961442, "経度": 140.909158, "url": "https://www.iryou.teikyouseido.mhlw.go.jp/znk-web/juminkanja/S2430/initialize?prefCd=07&kikanCd=0752000852&kikanKbn=5", "url2": "http://www.apocreat.co.jp", "内容": "アイランド薬局　岡小名店【5:薬局】福島県いわき市小名浜岡小名一丁目１－１" }, "geometry": { "type": "Point", "coordinates": [ 140.909158, 36.961442 ] } },
{ "type": "Feature", "properties": { "ID": 750752001000, "正式名称": "コスモ調剤薬局　福島駅西口店", "機関区分": 5, "都道府県コード": 7, "市区町村コード": 201, "所在地": "福島県福島市三河南町１－１５", "緯度": 37.755975, "経度": 140.458056, "url": "https://www.iryou.teikyouseido.mhlw.go.jp/znk-web/juminkanja/S2430/initialize?prefCd=07&kikanCd=0752001000&kikanKbn=5", "url2": "http://www.cosmo-ph.co.jp/", "内容": "コスモ調剤薬局　福島駅西口店【5:薬局】福島県福島市三河南町１－１５" }, "geometry": { "type": "Point", "coordinates": [ 140.458056, 37.755975 ] } },
{ "type": "Feature", "properties": { "ID": 750752001003, "正式名称": "須賀川おおまち薬局", "機関区分": 5, "都道府県コード": 7, "市区町村コード": 207, "所在地": "福島県須賀川市大町４０３－１８", "緯度": 37.283264, "経度": 140.375322, "url": "https://www.iryou.teikyouseido.mhlw.go.jp/znk-web/juminkanja/S2430/initialize?prefCd=07&kikanCd=0752001003&kikanKbn=5", "url2": "http://www.e-classa.net/daidaipapa/", "内容": "須賀川おおまち薬局【5:薬局】福島県須賀川市大町４０３－１８" }, "geometry": { "type": "Point", "coordinates": [ 140.375322, 37.283264 ] } },
{ "type": "Feature", "properties": { "ID": 750752001006, "正式名称": "おぐに薬局", "機関区分": 5, "都道府県コード": 7, "市区町村コード": 208, "所在地": "福島県喜多方市江中子４１８４－４", "緯度": 37.648197, "経度": 139.880181, "url": "https://www.iryou.teikyouseido.mhlw.go.jp/znk-web/juminkanja/S2430/initialize?prefCd=07&kikanCd=0752001006&kikanKbn=5", "url2": "oguni-pharm.sakura.ne.jp", "内容": "おぐに薬局【5:薬局】福島県喜多方市江中子４１８４－４" }, "geometry": { "type": "Point", "coordinates": [ 139.880181, 37.648197 ] } },
{ "type": "Feature", "properties": { "ID": 750752001007, "正式名称": "ふじき薬局", "機関区分": 5, "都道府県コード": 7, "市区町村コード": 208, "所在地": "福島県喜多方市江中子４１７９－１６", "緯度": 37.648503, "経度": 139.880619, "url": "https://www.iryou.teikyouseido.mhlw.go.jp/znk-web/juminkanja/S2430/initialize?prefCd=07&kikanCd=0752001007&kikanKbn=5", "url2": "https://yamasho-aizu.jp/", "内容": "ふじき薬局【5:薬局】福島県喜多方市江中子４１７９－１６" }, "geometry": { "type": "Point", "coordinates": [ 139.880619, 37.648503 ] } },
{ "type": "Feature", "properties": { "ID": 750752001019, "正式名称": "さくら調剤薬局", "機関区分": 5, "都道府県コード": 7, "市区町村コード": 521, "所在地": "福島県田村郡三春町字六升蒔５０－１１", "緯度": 37.446819, "経度": 140.495364, "url": "https://www.iryou.teikyouseido.mhlw.go.jp/znk-web/juminkanja/S2430/initialize?prefCd=07&kikanCd=0752001019&kikanKbn=5", "url2": "http://www.meron-net.jp/miharu-SAKURA/", "内容": "さくら調剤薬局【5:薬局】福島県田村郡三春町字六升蒔５０－１１" }, "geometry": { "type": "Point", "coordinates": [ 140.495364, 37.446819 ] } },
{ "type": "Feature", "properties": { "ID": 750752001024, "正式名称": "コスモ調剤薬局森合西店", "機関区分": 5, "都道府県コード": 7, "市区町村コード": 201, "所在地": "福島県福島市森合字高野１－１５", "緯度": 37.767878, "経度": 140.444531, "url": "https://www.iryou.teikyouseido.mhlw.go.jp/znk-web/juminkanja/S2430/initialize?prefCd=07&kikanCd=0752001024&kikanKbn=5", "url2": "http://www.cosmo-ph.co.jp/", "内容": "コスモ調剤薬局森合西店【5:薬局】福島県福島市森合字高野１－１５" }, "geometry": { "type": "Point", "coordinates": [ 140.444531, 37.767878 ] } },
{ "type": "Feature", "properties": { "ID": 750752001027, "正式名称": "中央薬局　伊達店", "機関区分": 5, "都道府県コード": 7, "市区町村コード": 213, "所在地": "福島県伊達市保原町上保原中ノ台４－２１", "緯度": 37.820744, "経度": 140.538475, "url": "https://www.iryou.teikyouseido.mhlw.go.jp/znk-web/juminkanja/S2430/initialize?prefCd=07&kikanCd=0752001027&kikanKbn=5", "url2": "http://www.power-p.co.jp/", "内容": "中央薬局　伊達店【5:薬局】福島県伊達市保原町上保原中ノ台４－２１" }, "geometry": { "type": "Point", "coordinates": [ 140.538475, 37.820744 ] } },
{ "type": "Feature", "properties": { "ID": 750752001030, "正式名称": "そうごう薬局本宮店", "機関区分": 5, "都道府県コード": 7, "市区町村コード": 214, "所在地": "福島県本宮市本宮字南町裡１１７－３", "緯度": 37.51615, "経度": 140.401214, "url": "https://www.iryou.teikyouseido.mhlw.go.jp/znk-web/juminkanja/S2430/initialize?prefCd=07&kikanCd=0752001030&kikanKbn=5", "url2": "http://www.sogo-medical.co.jp", "内容": "そうごう薬局本宮店【5:薬局】福島県本宮市本宮字南町裡１１７－３" }, "geometry": { "type": "Point", "coordinates": [ 140.401214, 37.51615 ] } },
{ "type": "Feature", "properties": { "ID": 750752001033, "正式名称": "アイランド薬局八山田店", "機関区分": 5, "都道府県コード": 7, "市区町村コード": 203, "所在地": "福島県郡山市八山田７丁目２８番", "緯度": 37.422689, "経度": 140.38115, "url": "https://www.iryou.teikyouseido.mhlw.go.jp/znk-web/juminkanja/S2430/initialize?prefCd=07&kikanCd=0752001033&kikanKbn=5", "url2": "https://www.apocreat.co.jp/", "内容": "アイランド薬局八山田店【5:薬局】福島県郡山市八山田７丁目２８番" }, "geometry": { "type": "Point", "coordinates": [ 140.38115, 37.422689 ] } },
{ "type": "Feature", "properties": { "ID": 750752001035, "正式名称": "コスモ調剤薬局　内郷店", "機関区分": 5, "都道府県コード": 7, "市区町村コード": 204, "所在地": "福島県いわき市内郷御厩町４－５８", "緯度": 37.0514, "経度": 140.875108, "url": "https://www.iryou.teikyouseido.mhlw.go.jp/znk-web/juminkanja/S2430/initialize?prefCd=07&kikanCd=0752001035&kikanKbn=5", "url2": "http://www.cosmo-ph.co.jp/", "内容": "コスモ調剤薬局　内郷店【5:薬局】福島県いわき市内郷御厩町４－５８" }, "geometry": { "type": "Point", "coordinates": [ 140.875108, 37.0514 ] } },
{ "type": "Feature", "properties": { "ID": 750752001036, "正式名称": "アイランド薬局　郷ヶ丘店", "機関区分": 5, "都道府県コード": 7, "市区町村コード": 204, "所在地": "福島県いわき市郷ヶ丘４丁目１８番１８", "緯度": 37.029103, "経度": 140.915153, "url": "https://www.iryou.teikyouseido.mhlw.go.jp/znk-web/juminkanja/S2430/initialize?prefCd=07&kikanCd=0752001036&kikanKbn=5", "url2": "https://www.apocreat.co.jp/", "内容": "アイランド薬局　郷ヶ丘店【5:薬局】福島県いわき市郷ヶ丘４丁目１８番１８" }, "geometry": { "type": "Point", "coordinates": [ 140.915153, 37.029103 ] } },
{ "type": "Feature", "properties": { "ID": 750752001038, "正式名称": "有限会社しみず薬局保原店", "機関区分": 5, "都道府県コード": 7, "市区町村コード": 213, "所在地": "福島県伊達市保原町二井田字秋切１番１", "緯度": 37.832756, "経度": 140.568889, "url": "https://www.iryou.teikyouseido.mhlw.go.jp/znk-web/juminkanja/S2430/initialize?prefCd=07&kikanCd=0752001038&kikanKbn=5", "url2": null, "内容": "有限会社しみず薬局保原店【5:薬局】福島県伊達市保原町二井田字秋切１番１" }, "geometry": { "type": "Point", "coordinates": [ 140.568889, 37.832756 ] } },
{ "type": "Feature", "properties": { "ID": 750752001039, "正式名称": "つばさ調剤薬局", "機関区分": 5, "都道府県コード": 7, "市区町村コード": 203, "所在地": "福島県郡山市大槻町字上町４５", "緯度": 37.388658, "経度": 140.317614, "url": "https://www.iryou.teikyouseido.mhlw.go.jp/znk-web/juminkanja/S2430/initialize?prefCd=07&kikanCd=0752001039&kikanKbn=5", "url2": null, "内容": "つばさ調剤薬局【5:薬局】福島県郡山市大槻町字上町４５" }, "geometry": { "type": "Point", "coordinates": [ 140.317614, 37.388658 ] } },
{ "type": "Feature", "properties": { "ID": 750752001044, "正式名称": "調剤薬局ツルハドラッグ二本松店", "機関区分": 5, "都道府県コード": 7, "市区町村コード": 210, "所在地": "福島県二本松市若宮二丁目９３", "緯度": 37.589969, "経度": 140.426039, "url": "https://www.iryou.teikyouseido.mhlw.go.jp/znk-web/juminkanja/S2430/initialize?prefCd=07&kikanCd=0752001044&kikanKbn=5", "url2": "http://www.tsuruha.co.jp/", "内容": "調剤薬局ツルハドラッグ二本松店【5:薬局】福島県二本松市若宮二丁目９３" }, "geometry": { "type": "Point", "coordinates": [ 140.426039, 37.589969 ] } },
{ "type": "Feature", "properties": { "ID": 750752001048, "正式名称": "調剤薬局メルシー", "機関区分": 5, "都道府県コード": 7, "市区町村コード": 203, "所在地": "福島県郡山市安積三丁目３５０－１", "緯度": 37.356511, "経度": 140.362383, "url": "https://www.iryou.teikyouseido.mhlw.go.jp/znk-web/juminkanja/S2430/initialize?prefCd=07&kikanCd=0752001048&kikanKbn=5", "url2": "https://www.asahiyk.jp/store", "内容": "調剤薬局メルシー【5:薬局】福島県郡山市安積三丁目３５０－１" }, "geometry": { "type": "Point", "coordinates": [ 140.362383, 37.356511 ] } },
{ "type": "Feature", "properties": { "ID": 750752001049, "正式名称": "オレンジ薬局　きもと", "機関区分": 5, "都道府県コード": 7, "市区町村コード": 202, "所在地": "福島県会津若松市昭和町２番２１号", "緯度": 37.504585, "経度": 139.934559, "url": "https://www.iryou.teikyouseido.mhlw.go.jp/znk-web/juminkanja/S2430/initialize?prefCd=07&kikanCd=0752001049&kikanKbn=5", "url2": null, "内容": "オレンジ薬局　きもと【5:薬局】福島県会津若松市昭和町２番２１号" }, "geometry": { "type": "Point", "coordinates": [ 139.934559, 37.504585 ] } },
{ "type": "Feature", "properties": { "ID": 750752001050, "正式名称": "ベース薬局　鏡石店", "機関区分": 5, "都道府県コード": 7, "市区町村コード": 342, "所在地": "福島県岩瀬郡鏡石町本町２０１", "緯度": 37.253803, "経度": 140.348017, "url": "https://www.iryou.teikyouseido.mhlw.go.jp/znk-web/juminkanja/S2430/initialize?prefCd=07&kikanCd=0752001050&kikanKbn=5", "url2": "http://base-ph.co.jp/", "内容": "ベース薬局　鏡石店【5:薬局】福島県岩瀬郡鏡石町本町２０１" }, "geometry": { "type": "Point", "coordinates": [ 140.348017, 37.253803 ] } },
{ "type": "Feature", "properties": { "ID": 750752001051, "正式名称": "鶴ヶ岡薬局", "機関区分": 5, "都道府県コード": 7, "市区町村コード": 213, "所在地": "福島県伊達市梁川町字内町４６", "緯度": 37.855464, "経度": 140.608608, "url": "https://www.iryou.teikyouseido.mhlw.go.jp/znk-web/juminkanja/S2430/initialize?prefCd=07&kikanCd=0752001051&kikanKbn=5", "url2": "http://base-ph.co.jp", "内容": "鶴ヶ岡薬局【5:薬局】福島県伊達市梁川町字内町４６" }, "geometry": { "type": "Point", "coordinates": [ 140.608608, 37.855464 ] } },
{ "type": "Feature", "properties": { "ID": 750752001052, "正式名称": "アイン薬局相馬沖ノ内店", "機関区分": 5, "都道府県コード": 7, "市区町村コード": 209, "所在地": "福島県相馬市沖ノ内１丁目２－５", "緯度": 37.804411, "経度": 140.927369, "url": "https://www.iryou.teikyouseido.mhlw.go.jp/znk-web/juminkanja/S2430/initialize?prefCd=07&kikanCd=0752001052&kikanKbn=5", "url2": "https://www.ainj.co.jp/network/detail.html?pdid=1503", "内容": "アイン薬局相馬沖ノ内店【5:薬局】福島県相馬市沖ノ内１丁目２－５" }, "geometry": { "type": "Point", "coordinates": [ 140.927369, 37.804411 ] } },
{ "type": "Feature", "properties": { "ID": 750752001059, "正式名称": "ファーマシーダイマル", "機関区分": 5, "都道府県コード": 7, "市区町村コード": 368, "所在地": "福島県南会津郡南会津町永田字風下甲２－３", "緯度": 37.202294, "経度": 139.757975, "url": "https://www.iryou.teikyouseido.mhlw.go.jp/znk-web/juminkanja/S2430/initialize?prefCd=07&kikanCd=0752001059&kikanKbn=5", "url2": null, "内容": "ファーマシーダイマル【5:薬局】福島県南会津郡南会津町永田字風下甲２－３" }, "geometry": { "type": "Point", "coordinates": [ 139.757975, 37.202294 ] } },
{ "type": "Feature", "properties": { "ID": 750752001062, "正式名称": "あけぼの薬局　新白河店", "機関区分": 5, "都道府県コード": 7, "市区町村コード": 205, "所在地": "福島県白河市豊地弥次郎９１番地１", "緯度": 37.146083, "経度": 140.218325, "url": "https://www.iryou.teikyouseido.mhlw.go.jp/znk-web/juminkanja/S2430/initialize?prefCd=07&kikanCd=0752001062&kikanKbn=5", "url2": "http://www.akb-y.co.jp/", "内容": "あけぼの薬局　新白河店【5:薬局】福島県白河市豊地弥次郎９１番地１" }, "geometry": { "type": "Point", "coordinates": [ 140.218325, 37.146083 ] } },
{ "type": "Feature", "properties": { "ID": 750752001063, "正式名称": "さくら薬局　北白河店", "機関区分": 5, "都道府県コード": 7, "市区町村コード": 205, "所在地": "福島県白河市豊地弥次郎２－１", "緯度": 37.145989, "経度": 140.217753, "url": "https://www.iryou.teikyouseido.mhlw.go.jp/znk-web/juminkanja/S2430/initialize?prefCd=07&kikanCd=0752001063&kikanKbn=5", "url2": null, "内容": "さくら薬局　北白河店【5:薬局】福島県白河市豊地弥次郎２－１" }, "geometry": { "type": "Point", "coordinates": [ 140.217753, 37.145989 ] } },
{ "type": "Feature", "properties": { "ID": 750752001066, "正式名称": "くすりのマルト調剤薬局　平窪店", "機関区分": 5, "都道府県コード": 7, "市区町村コード": 204, "所在地": "福島県いわき市平下平窪山土内町３－１", "緯度": 37.08285, "経度": 140.877358, "url": "https://www.iryou.teikyouseido.mhlw.go.jp/znk-web/juminkanja/S2430/initialize?prefCd=07&kikanCd=0752001066&kikanKbn=5", "url2": null, "内容": "くすりのマルト調剤薬局　平窪店【5:薬局】福島県いわき市平下平窪山土内町３－１" }, "geometry": { "type": "Point", "coordinates": [ 140.877358, 37.08285 ] } },
{ "type": "Feature", "properties": { "ID": 750752001067, "正式名称": "アイランド薬局　弥次郎店", "機関区分": 5, "都道府県コード": 7, "市区町村コード": 205, "所在地": "福島県白河市豊地弥次郎３４－１", "緯度": 37.144497, "経度": 140.216606, "url": "https://www.iryou.teikyouseido.mhlw.go.jp/znk-web/juminkanja/S2430/initialize?prefCd=07&kikanCd=0752001067&kikanKbn=5", "url2": "http://www.apocreat.co.jp", "内容": "アイランド薬局　弥次郎店【5:薬局】福島県白河市豊地弥次郎３４－１" }, "geometry": { "type": "Point", "coordinates": [ 140.216606, 37.144497 ] } },
{ "type": "Feature", "properties": { "ID": 750752001068, "正式名称": "アイランド薬局　山下店", "機関区分": 5, "都道府県コード": 7, "市区町村コード": 201, "所在地": "福島県福島市山下町４番７号", "緯度": 37.764297, "経度": 140.472353, "url": "https://www.iryou.teikyouseido.mhlw.go.jp/znk-web/juminkanja/S2430/initialize?prefCd=07&kikanCd=0752001068&kikanKbn=5", "url2": "https://www.apocreat.co.jp/", "内容": "アイランド薬局　山下店【5:薬局】福島県福島市山下町４番７号" }, "geometry": { "type": "Point", "coordinates": [ 140.472353, 37.764297 ] } },
{ "type": "Feature", "properties": { "ID": 750752001069, "正式名称": "高越薬局", "機関区分": 5, "都道府県コード": 7, "市区町村コード": 210, "所在地": "福島県二本松市藤之前３３－１", "緯度": 37.578111, "経度": 140.415375, "url": "https://www.iryou.teikyouseido.mhlw.go.jp/znk-web/juminkanja/S2430/initialize?prefCd=07&kikanCd=0752001069&kikanKbn=5", "url2": "http://base-ph.co.jp", "内容": "高越薬局【5:薬局】福島県二本松市藤之前３３－１" }, "geometry": { "type": "Point", "coordinates": [ 140.415375, 37.578111 ] } },
{ "type": "Feature", "properties": { "ID": 750752001072, "正式名称": "そうごう薬局旭町店", "機関区分": 5, "都道府県コード": 7, "市区町村コード": 212, "所在地": "福島県南相馬市原町区旭町３－２４", "緯度": 37.636425, "経度": 140.969389, "url": "https://www.iryou.teikyouseido.mhlw.go.jp/znk-web/juminkanja/S2430/initialize?prefCd=07&kikanCd=0752001072&kikanKbn=5", "url2": "http://www.sogo-medical.co.jp/sogopharmacy/cgi-bin/area_detail.html?kencd=07&strid=8", "内容": "そうごう薬局旭町店【5:薬局】福島県南相馬市原町区旭町３－２４" }, "geometry": { "type": "Point", "coordinates": [ 140.969389, 37.636425 ] } },
{ "type": "Feature", "properties": { "ID": 750752001073, "正式名称": "あさか調剤薬局", "機関区分": 5, "都道府県コード": 7, "市区町村コード": 203, "所在地": "福島県郡山市安積町長久保１－２４－１", "緯度": 37.363217, "経度": 140.360693, "url": "https://www.iryou.teikyouseido.mhlw.go.jp/znk-web/juminkanja/S2430/initialize?prefCd=07&kikanCd=0752001073&kikanKbn=5", "url2": null, "内容": "あさか調剤薬局【5:薬局】福島県郡山市安積町長久保１－２４－１" }, "geometry": { "type": "Point", "coordinates": [ 140.360693, 37.363217 ] } },
{ "type": "Feature", "properties": { "ID": 750752001074, "正式名称": "ひかり薬局桑野四丁目", "機関区分": 5, "都道府県コード": 7, "市区町村コード": 203, "所在地": "福島県郡山市桑野四丁目１０番１２号", "緯度": 37.407675, "経度": 140.352317, "url": "https://www.iryou.teikyouseido.mhlw.go.jp/znk-web/juminkanja/S2430/initialize?prefCd=07&kikanCd=0752001074&kikanKbn=5", "url2": "http://www.hikari-pharmacy.co.jp", "内容": "ひかり薬局桑野四丁目【5:薬局】福島県郡山市桑野四丁目１０番１２号" }, "geometry": { "type": "Point", "coordinates": [ 140.352317, 37.407675 ] } },
{ "type": "Feature", "properties": { "ID": 750752001075, "正式名称": "ベース薬局　三河台店", "機関区分": 5, "都道府県コード": 7, "市区町村コード": 201, "所在地": "福島県福島市野田町二丁目４－２５", "緯度": 37.757267, "経度": 140.450628, "url": "https://www.iryou.teikyouseido.mhlw.go.jp/znk-web/juminkanja/S2430/initialize?prefCd=07&kikanCd=0752001075&kikanKbn=5", "url2": "http://base-ph.co.jp", "内容": "ベース薬局　三河台店【5:薬局】福島県福島市野田町二丁目４－２５" }, "geometry": { "type": "Point", "coordinates": [ 140.450628, 37.757267 ] } },
{ "type": "Feature", "properties": { "ID": 750752001077, "正式名称": "ベース薬局　なこそ店", "機関区分": 5, "都道府県コード": 7, "市区町村コード": 204, "所在地": "福島県いわき市勿来町窪田町通二丁目５６－１", "緯度": 36.889525, "経度": 140.765719, "url": "https://www.iryou.teikyouseido.mhlw.go.jp/znk-web/juminkanja/S2430/initialize?prefCd=07&kikanCd=0752001077&kikanKbn=5", "url2": "http://base-ph.co.jp", "内容": "ベース薬局　なこそ店【5:薬局】福島県いわき市勿来町窪田町通二丁目５６－１" }, "geometry": { "type": "Point", "coordinates": [ 140.765719, 36.889525 ] } },
{ "type": "Feature", "properties": { "ID": 750752001079, "正式名称": "ウェル薬局", "機関区分": 5, "都道府県コード": 7, "市区町村コード": 204, "所在地": "福島県いわき市小川町高萩字上代７２－８", "緯度": 37.1238, "経度": 140.860136, "url": "https://www.iryou.teikyouseido.mhlw.go.jp/znk-web/juminkanja/S2430/initialize?prefCd=07&kikanCd=0752001079&kikanKbn=5", "url2": null, "内容": "ウェル薬局【5:薬局】福島県いわき市小川町高萩字上代７２－８" }, "geometry": { "type": "Point", "coordinates": [ 140.860136, 37.1238 ] } },
{ "type": "Feature", "properties": { "ID": 750752001083, "正式名称": "ユア調剤薬局", "機関区分": 5, "都道府県コード": 7, "市区町村コード": 203, "所在地": "福島県郡山市中ノ目一丁目２６ノ３", "緯度": 37.420278, "経度": 140.333978, "url": "https://www.iryou.teikyouseido.mhlw.go.jp/znk-web/juminkanja/S2430/initialize?prefCd=07&kikanCd=0752001083&kikanKbn=5", "url2": null, "内容": "ユア調剤薬局【5:薬局】福島県郡山市中ノ目一丁目２６ノ３" }, "geometry": { "type": "Point", "coordinates": [ 140.333978, 37.420278 ] } },
{ "type": "Feature", "properties": { "ID": 750752001086, "正式名称": "クオール薬局よつば安積店", "機関区分": 5, "都道府県コード": 7, "市区町村コード": 203, "所在地": "福島県郡山市安積四丁目３０９－２", "緯度": 37.350272, "経度": 140.364033, "url": "https://www.iryou.teikyouseido.mhlw.go.jp/znk-web/juminkanja/S2430/initialize?prefCd=07&kikanCd=0752001086&kikanKbn=5", "url2": "http://www.qol-net.co.jp/map/detail.php?id=220", "内容": "クオール薬局よつば安積店【5:薬局】福島県郡山市安積四丁目３０９－２" }, "geometry": { "type": "Point", "coordinates": [ 140.364033, 37.350272 ] } },
{ "type": "Feature", "properties": { "ID": 750752001087, "正式名称": "アイル薬局　西口店", "機関区分": 5, "都道府県コード": 7, "市区町村コード": 201, "所在地": "福島県福島市三河南町７－１１タカラビル１０３", "緯度": 37.755958, "経度": 140.456147, "url": "https://www.iryou.teikyouseido.mhlw.go.jp/znk-web/juminkanja/S2430/initialize?prefCd=07&kikanCd=0752001087&kikanKbn=5", "url2": "https://be-g.sakura.ne.jp/home/", "内容": "アイル薬局　西口店【5:薬局】福島県福島市三河南町７－１１タカラビル１０３" }, "geometry": { "type": "Point", "coordinates": [ 140.456147, 37.755958 ] } },
{ "type": "Feature", "properties": { "ID": 750752001088, "正式名称": "クオール薬局　ささきの店", "機関区分": 5, "都道府県コード": 7, "市区町村コード": 201, "所在地": "福島県福島市八島田字琵琶渕６２－１", "緯度": 37.769708, "経度": 140.434356, "url": "https://www.iryou.teikyouseido.mhlw.go.jp/znk-web/juminkanja/S2430/initialize?prefCd=07&kikanCd=0752001088&kikanKbn=5", "url2": "https://store.qol-net.co.jp/detail/219/", "内容": "クオール薬局　ささきの店【5:薬局】福島県福島市八島田字琵琶渕６２－１" }, "geometry": { "type": "Point", "coordinates": [ 140.434356, 37.769708 ] } },
{ "type": "Feature", "properties": { "ID": 750752001089, "正式名称": "調剤薬局ツルハドラッグ会津湯川店", "機関区分": 5, "都道府県コード": 7, "市区町村コード": 202, "所在地": "福島県会津若松市湯川町１－５８", "緯度": 37.490583, "経度": 139.921094, "url": "https://www.iryou.teikyouseido.mhlw.go.jp/znk-web/juminkanja/S2430/initialize?prefCd=07&kikanCd=0752001089&kikanKbn=5", "url2": "http://www.tsuruha.co.jp", "内容": "調剤薬局ツルハドラッグ会津湯川店【5:薬局】福島県会津若松市湯川町１－５８" }, "geometry": { "type": "Point", "coordinates": [ 139.921094, 37.490583 ] } },
{ "type": "Feature", "properties": { "ID": 750752001090, "正式名称": "太陽薬局", "機関区分": 5, "都道府県コード": 7, "市区町村コード": 421, "所在地": "福島県河沼郡会津坂下町字古市乙１４５", "緯度": 37.560458, "経度": 139.828175, "url": "https://www.iryou.teikyouseido.mhlw.go.jp/znk-web/juminkanja/S2430/initialize?prefCd=07&kikanCd=0752001090&kikanKbn=5", "url2": null, "内容": "太陽薬局【5:薬局】福島県河沼郡会津坂下町字古市乙１４５" }, "geometry": { "type": "Point", "coordinates": [ 139.828175, 37.560458 ] } },
{ "type": "Feature", "properties": { "ID": 750752001091, "正式名称": "アイル薬局　太平寺店", "機関区分": 5, "都道府県コード": 7, "市区町村コード": 201, "所在地": "福島県福島市太平寺字町ノ内７０－１", "緯度": 37.733775, "経度": 140.459533, "url": "https://www.iryou.teikyouseido.mhlw.go.jp/znk-web/juminkanja/S2430/initialize?prefCd=07&kikanCd=0752001091&kikanKbn=5", "url2": null, "内容": "アイル薬局　太平寺店【5:薬局】福島県福島市太平寺字町ノ内７０－１" }, "geometry": { "type": "Point", "coordinates": [ 140.459533, 37.733775 ] } },
{ "type": "Feature", "properties": { "ID": 750752001094, "正式名称": "カワチ薬局　花春店", "機関区分": 5, "都道府県コード": 7, "市区町村コード": 202, "所在地": "福島県会津若松市花春町５－１", "緯度": 37.489681, "経度": 139.942003, "url": "https://www.iryou.teikyouseido.mhlw.go.jp/znk-web/juminkanja/S2430/initialize?prefCd=07&kikanCd=0752001094&kikanKbn=5", "url2": "http://www.cawachi.co.jp", "内容": "カワチ薬局　花春店【5:薬局】福島県会津若松市花春町５－１" }, "geometry": { "type": "Point", "coordinates": [ 139.942003, 37.489681 ] } },
{ "type": "Feature", "properties": { "ID": 750752001098, "正式名称": "サンキュー薬局　すわまち店", "機関区分": 5, "都道府県コード": 7, "市区町村コード": 207, "所在地": "福島県須賀川市諏訪町７－１", "緯度": 37.291122, "経度": 140.37425, "url": "https://www.iryou.teikyouseido.mhlw.go.jp/znk-web/juminkanja/S2430/initialize?prefCd=07&kikanCd=0752001098&kikanKbn=5", "url2": null, "内容": "サンキュー薬局　すわまち店【5:薬局】福島県須賀川市諏訪町７－１" }, "geometry": { "type": "Point", "coordinates": [ 140.37425, 37.291122 ] } },
{ "type": "Feature", "properties": { "ID": 750752001099, "正式名称": "アイランド薬局　丸田店", "機関区分": 5, "都道府県コード": 7, "市区町村コード": 207, "所在地": "福島県須賀川市丸田町４７－１", "緯度": 37.290381, "経度": 140.364314, "url": "https://www.iryou.teikyouseido.mhlw.go.jp/znk-web/juminkanja/S2430/initialize?prefCd=07&kikanCd=0752001099&kikanKbn=5", "url2": "https://www.apocreat.co.jp/", "内容": "アイランド薬局　丸田店【5:薬局】福島県須賀川市丸田町４７－１" }, "geometry": { "type": "Point", "coordinates": [ 140.364314, 37.290381 ] } },
{ "type": "Feature", "properties": { "ID": 750752001100, "正式名称": "そうごう薬局　郡山店", "機関区分": 5, "都道府県コード": 7, "市区町村コード": 203, "所在地": "福島県郡山市安積町荒井字萬海８３－３", "緯度": 37.376356, "経度": 140.341325, "url": "https://www.iryou.teikyouseido.mhlw.go.jp/znk-web/juminkanja/S2430/initialize?prefCd=07&kikanCd=0752001100&kikanKbn=5", "url2": "http://www.sogo-medical.co.jp/sogopharmacy/cgi-bin/area_detail.html?kencd=07&strid=295", "内容": "そうごう薬局　郡山店【5:薬局】福島県郡山市安積町荒井字萬海８３－３" }, "geometry": { "type": "Point", "coordinates": [ 140.341325, 37.376356 ] } },
{ "type": "Feature", "properties": { "ID": 750752001103, "正式名称": "アイル薬局須賀川店", "機関区分": 5, "都道府県コード": 7, "市区町村コード": 207, "所在地": "福島県須賀川市山寺町３９番地", "緯度": 37.301261, "経度": 140.3624, "url": "https://www.iryou.teikyouseido.mhlw.go.jp/znk-web/juminkanja/S2430/initialize?prefCd=07&kikanCd=0752001103&kikanKbn=5", "url2": "http://www.be-g.sakura.ne.jp/home/", "内容": "アイル薬局須賀川店【5:薬局】福島県須賀川市山寺町３９番地" }, "geometry": { "type": "Point", "coordinates": [ 140.3624, 37.301261 ] } },
{ "type": "Feature", "properties": { "ID": 750752001105, "正式名称": "株式会社くすりのマルト調剤薬局　鳥居店", "機関区分": 5, "都道府県コード": 7, "市区町村コード": 204, "所在地": "福島県いわき市錦町綾ノ内１２１番", "緯度": 36.910069, "経度": 140.783722, "url": "https://www.iryou.teikyouseido.mhlw.go.jp/znk-web/juminkanja/S2430/initialize?prefCd=07&kikanCd=0752001105&kikanKbn=5", "url2": "https://drug-maruto.jp/", "内容": "株式会社くすりのマルト調剤薬局　鳥居店【5:薬局】福島県いわき市錦町綾ノ内１２１番" }, "geometry": { "type": "Point", "coordinates": [ 140.783722, 36.910069 ] } },
{ "type": "Feature", "properties": { "ID": 750752001106, "正式名称": "アイランド薬局平店", "機関区分": 5, "都道府県コード": 7, "市区町村コード": 204, "所在地": "福島県いわき市平字三倉６５－５", "緯度": 37.051596, "経度": 140.900359, "url": "https://www.iryou.teikyouseido.mhlw.go.jp/znk-web/juminkanja/S2430/initialize?prefCd=07&kikanCd=0752001106&kikanKbn=5", "url2": "https://www.apocreat.co.jp/", "内容": "アイランド薬局平店【5:薬局】福島県いわき市平字三倉６５－５" }, "geometry": { "type": "Point", "coordinates": [ 140.900359, 37.051596 ] } },
{ "type": "Feature", "properties": { "ID": 750752001108, "正式名称": "アイランド薬局　いわき駅前店", "機関区分": 5, "都道府県コード": 7, "市区町村コード": 204, "所在地": "福島県いわき市平字三町目２３", "緯度": 37.056156, "経度": 140.892892, "url": "https://www.iryou.teikyouseido.mhlw.go.jp/znk-web/juminkanja/S2430/initialize?prefCd=07&kikanCd=0752001108&kikanKbn=5", "url2": "https://www.apocreat.co.jp/", "内容": "アイランド薬局　いわき駅前店【5:薬局】福島県いわき市平字三町目２３" }, "geometry": { "type": "Point", "coordinates": [ 140.892892, 37.056156 ] } },
{ "type": "Feature", "properties": { "ID": 750752001109, "正式名称": "アイランド薬局　湯本店", "機関区分": 5, "都道府県コード": 7, "市区町村コード": 204, "所在地": "福島県いわき市常磐湯本町天王崎１－１８４", "緯度": 37.008361, "経度": 140.848469, "url": "https://www.iryou.teikyouseido.mhlw.go.jp/znk-web/juminkanja/S2430/initialize?prefCd=07&kikanCd=0752001109&kikanKbn=5", "url2": "http://www.apocreat.co.jp/", "内容": "アイランド薬局　湯本店【5:薬局】福島県いわき市常磐湯本町天王崎１－１８４" }, "geometry": { "type": "Point", "coordinates": [ 140.848469, 37.008361 ] } },
{ "type": "Feature", "properties": { "ID": 750752001110, "正式名称": "スマイル薬局", "機関区分": 5, "都道府県コード": 7, "市区町村コード": 204, "所在地": "福島県いわき市泉町１丁目３番地４", "緯度": 36.953563, "経度": 140.855131, "url": "https://www.iryou.teikyouseido.mhlw.go.jp/znk-web/juminkanja/S2430/initialize?prefCd=07&kikanCd=0752001110&kikanKbn=5", "url2": "http://base-ph.co.jp", "内容": "スマイル薬局【5:薬局】福島県いわき市泉町１丁目３番地４" }, "geometry": { "type": "Point", "coordinates": [ 140.855131, 36.953563 ] } },
{ "type": "Feature", "properties": { "ID": 750752001113, "正式名称": "大槻薬局", "機関区分": 5, "都道府県コード": 7, "市区町村コード": 203, "所在地": "福島県郡山市御前南６丁目１３６番", "緯度": 37.386452, "経度": 140.326621, "url": "https://www.iryou.teikyouseido.mhlw.go.jp/znk-web/juminkanja/S2430/initialize?prefCd=07&kikanCd=0752001113&kikanKbn=5", "url2": null, "内容": "大槻薬局【5:薬局】福島県郡山市御前南６丁目１３６番" }, "geometry": { "type": "Point", "coordinates": [ 140.326621, 37.386452 ] } },
{ "type": "Feature", "properties": { "ID": 750752001114, "正式名称": "ユニスマイル薬局　東中央店", "機関区分": 5, "都道府県コード": 7, "市区町村コード": 201, "所在地": "福島県福島市東中央２－２－２", "緯度": 37.761417, "経度": 140.439867, "url": "https://www.iryou.teikyouseido.mhlw.go.jp/znk-web/juminkanja/S2430/initialize?prefCd=07&kikanCd=0752001114&kikanKbn=5", "url2": "https://unismile.co.jp/shop/higashichuou/", "内容": "ユニスマイル薬局　東中央店【5:薬局】福島県福島市東中央２－２－２" }, "geometry": { "type": "Point", "coordinates": [ 140.439867, 37.761417 ] } },
{ "type": "Feature", "properties": { "ID": 750752001115, "正式名称": "ユニスマイル薬局　福島駅前店", "機関区分": 5, "都道府県コード": 7, "市区町村コード": 201, "所在地": "福島県福島市栄町６－６福島セントランドビル１階", "緯度": 37.754986, "経度": 140.461192, "url": "https://www.iryou.teikyouseido.mhlw.go.jp/znk-web/juminkanja/S2430/initialize?prefCd=07&kikanCd=0752001115&kikanKbn=5", "url2": "https://unismile.co.jp/shop/fukushimaekimae/", "内容": "ユニスマイル薬局　福島駅前店【5:薬局】福島県福島市栄町６－６福島セントランドビル１階" }, "geometry": { "type": "Point", "coordinates": [ 140.461192, 37.754986 ] } },
{ "type": "Feature", "properties": { "ID": 750752001116, "正式名称": "ユニスマイル薬局　渡利店", "機関区分": 5, "都道府県コード": 7, "市区町村コード": 201, "所在地": "福島県福島市渡利字椚町２５－４", "緯度": 37.743986, "経度": 140.481467, "url": "https://www.iryou.teikyouseido.mhlw.go.jp/znk-web/juminkanja/S2430/initialize?prefCd=07&kikanCd=0752001116&kikanKbn=5", "url2": "https://unismile.co.jp/shop/watari/", "内容": "ユニスマイル薬局　渡利店【5:薬局】福島県福島市渡利字椚町２５－４" }, "geometry": { "type": "Point", "coordinates": [ 140.481467, 37.743986 ] } },
{ "type": "Feature", "properties": { "ID": 750752001119, "正式名称": "ベース薬局　西部店", "機関区分": 5, "都道府県コード": 7, "市区町村コード": 203, "所在地": "福島県郡山市富久山町久保田字伊賀河原７６", "緯度": 37.412836, "経度": 140.3724, "url": "https://www.iryou.teikyouseido.mhlw.go.jp/znk-web/juminkanja/S2430/initialize?prefCd=07&kikanCd=0752001119&kikanKbn=5", "url2": "http://base-ph.co.jp", "内容": "ベース薬局　西部店【5:薬局】福島県郡山市富久山町久保田字伊賀河原７６" }, "geometry": { "type": "Point", "coordinates": [ 140.3724, 37.412836 ] } },
{ "type": "Feature", "properties": { "ID": 750752001120, "正式名称": "アップル薬局　相馬店", "機関区分": 5, "都道府県コード": 7, "市区町村コード": 209, "所在地": "福島県相馬市中村字川沼３０８", "緯度": 37.804081, "経度": 140.913256, "url": "https://www.iryou.teikyouseido.mhlw.go.jp/znk-web/juminkanja/S2430/initialize?prefCd=07&kikanCd=0752001120&kikanKbn=5", "url2": null, "内容": "アップル薬局　相馬店【5:薬局】福島県相馬市中村字川沼３０８" }, "geometry": { "type": "Point", "coordinates": [ 140.913256, 37.804081 ] } },
{ "type": "Feature", "properties": { "ID": 750752001122, "正式名称": "クローバー薬局　松川店", "機関区分": 5, "都道府県コード": 7, "市区町村コード": 201, "所在地": "福島県福島市松川町字土腐６－２", "緯度": 37.659153, "経度": 140.467856, "url": "https://www.iryou.teikyouseido.mhlw.go.jp/znk-web/juminkanja/S2430/initialize?prefCd=07&kikanCd=0752001122&kikanKbn=5", "url2": null, "内容": "クローバー薬局　松川店【5:薬局】福島県福島市松川町字土腐６－２" }, "geometry": { "type": "Point", "coordinates": [ 140.467856, 37.659153 ] } },
{ "type": "Feature", "properties": { "ID": 750752001123, "正式名称": "クオール薬局　郡山北店", "機関区分": 5, "都道府県コード": 7, "市区町村コード": 203, "所在地": "福島県郡山市富田東三丁目１９０番地", "緯度": 37.425778, "経度": 140.368667, "url": "https://www.iryou.teikyouseido.mhlw.go.jp/znk-web/juminkanja/S2430/initialize?prefCd=07&kikanCd=0752001123&kikanKbn=5", "url2": "http://www.qol-net.co.jp/index.html", "内容": "クオール薬局　郡山北店【5:薬局】福島県郡山市富田東三丁目１９０番地" }, "geometry": { "type": "Point", "coordinates": [ 140.368667, 37.425778 ] } },
{ "type": "Feature", "properties": { "ID": 750752001124, "正式名称": "高木調剤薬局　植田店", "機関区分": 5, "都道府県コード": 7, "市区町村コード": 204, "所在地": "福島県いわき市東田町二丁目１５－１３", "緯度": 36.920881, "経度": 140.804708, "url": "https://www.iryou.teikyouseido.mhlw.go.jp/znk-web/juminkanja/S2430/initialize?prefCd=07&kikanCd=0752001124&kikanKbn=5", "url2": null, "内容": "高木調剤薬局　植田店【5:薬局】福島県いわき市東田町二丁目１５－１３" }, "geometry": { "type": "Point", "coordinates": [ 140.804708, 36.920881 ] } },
{ "type": "Feature", "properties": { "ID": 750752001131, "正式名称": "こくぶ調剤薬局", "機関区分": 5, "都道府県コード": 7, "市区町村コード": 202, "所在地": "福島県会津若松市白虎町２０１　会津若松ワシントンホテル１階", "緯度": 37.506989, "経度": 139.933688, "url": "https://www.iryou.teikyouseido.mhlw.go.jp/znk-web/juminkanja/S2430/initialize?prefCd=07&kikanCd=0752001131&kikanKbn=5", "url2": "https://www.iken-pharmacy.com/", "内容": "こくぶ調剤薬局【5:薬局】福島県会津若松市白虎町２０１　会津若松ワシントンホテル１階" }, "geometry": { "type": "Point", "coordinates": [ 139.933688, 37.506989 ] } },
{ "type": "Feature", "properties": { "ID": 750752001132, "正式名称": "さくら薬局磐梯熱海店", "機関区分": 5, "都道府県コード": 7, "市区町村コード": 203, "所在地": "福島県郡山市熱海町熱海５－１９６", "緯度": 37.486661, "経度": 140.263892, "url": "https://www.iryou.teikyouseido.mhlw.go.jp/znk-web/juminkanja/S2430/initialize?prefCd=07&kikanCd=0752001132&kikanKbn=5", "url2": "http://www.kraft-net.co.jp/search/3331/", "内容": "さくら薬局磐梯熱海店【5:薬局】福島県郡山市熱海町熱海５－１９６" }, "geometry": { "type": "Point", "coordinates": [ 140.263892, 37.486661 ] } },
{ "type": "Feature", "properties": { "ID": 750752001139, "正式名称": "さくら調剤薬局", "機関区分": 5, "都道府県コード": 7, "市区町村コード": 207, "所在地": "福島県須賀川市影沼町２２６番地４", "緯度": 37.287028, "経度": 140.355556, "url": "https://www.iryou.teikyouseido.mhlw.go.jp/znk-web/juminkanja/S2430/initialize?prefCd=07&kikanCd=0752001139&kikanKbn=5", "url2": "meron-net.shop/de/sakura", "内容": "さくら調剤薬局【5:薬局】福島県須賀川市影沼町２２６番地４" }, "geometry": { "type": "Point", "coordinates": [ 140.355556, 37.287028 ] } },
{ "type": "Feature", "properties": { "ID": 750752001140, "正式名称": "アイル薬局　丸子店", "機関区分": 5, "都道府県コード": 7, "市区町村コード": 201, "所在地": "福島県福島市丸子字前川原５７－３０", "緯度": 37.784242, "経度": 140.4791, "url": "https://www.iryou.teikyouseido.mhlw.go.jp/znk-web/juminkanja/S2430/initialize?prefCd=07&kikanCd=0752001140&kikanKbn=5", "url2": "http://www.bsg.cc", "内容": "アイル薬局　丸子店【5:薬局】福島県福島市丸子字前川原５７－３０" }, "geometry": { "type": "Point", "coordinates": [ 140.4791, 37.784242 ] } },
{ "type": "Feature", "properties": { "ID": 750752001141, "正式名称": "薬局タローファーマシー　高専前店", "機関区分": 5, "都道府県コード": 7, "市区町村コード": 204, "所在地": "福島県いわき市平上荒川字長尾４０－２", "緯度": 37.032725, "経度": 140.890228, "url": "https://www.iryou.teikyouseido.mhlw.go.jp/znk-web/juminkanja/S2430/initialize?prefCd=07&kikanCd=0752001141&kikanKbn=5", "url2": "https://taropha.com/", "内容": "薬局タローファーマシー　高専前店【5:薬局】福島県いわき市平上荒川字長尾４０－２" }, "geometry": { "type": "Point", "coordinates": [ 140.890228, 37.032725 ] } },
{ "type": "Feature", "properties": { "ID": 750752001142, "正式名称": "ばにら薬局", "機関区分": 5, "都道府県コード": 7, "市区町村コード": 201, "所在地": "福島県福島市栄町１２－１０　ひかりビル１Ｆ", "緯度": 37.754925, "経度": 140.462733, "url": "https://www.iryou.teikyouseido.mhlw.go.jp/znk-web/juminkanja/S2430/initialize?prefCd=07&kikanCd=0752001142&kikanKbn=5", "url2": null, "内容": "ばにら薬局【5:薬局】福島県福島市栄町１２－１０　ひかりビル１Ｆ" }, "geometry": { "type": "Point", "coordinates": [ 140.462733, 37.754925 ] } },
{ "type": "Feature", "properties": { "ID": 750752001143, "正式名称": "ベース薬局　宮下町店", "機関区分": 5, "都道府県コード": 7, "市区町村コード": 201, "所在地": "福島県福島市宮下町１５－２３　タカノビル１階", "緯度": 37.760567, "経度": 140.468072, "url": "https://www.iryou.teikyouseido.mhlw.go.jp/znk-web/juminkanja/S2430/initialize?prefCd=07&kikanCd=0752001143&kikanKbn=5", "url2": "http://base-ph.co.jp", "内容": "ベース薬局　宮下町店【5:薬局】福島県福島市宮下町１５－２３　タカノビル１階" }, "geometry": { "type": "Point", "coordinates": [ 140.468072, 37.760567 ] } },
{ "type": "Feature", "properties": { "ID": 750752001144, "正式名称": "めぐみ薬局", "機関区分": 5, "都道府県コード": 7, "市区町村コード": 204, "所在地": "福島県いわき市泉滝尻１－３－４", "緯度": 36.955442, "経度": 140.860489, "url": "https://www.iryou.teikyouseido.mhlw.go.jp/znk-web/juminkanja/S2430/initialize?prefCd=07&kikanCd=0752001144&kikanKbn=5", "url2": "https://kmt-ph.co.jp", "内容": "めぐみ薬局【5:薬局】福島県いわき市泉滝尻１－３－４" }, "geometry": { "type": "Point", "coordinates": [ 140.860489, 36.955442 ] } },
{ "type": "Feature", "properties": { "ID": 750752001155, "正式名称": "すみよし薬局", "機関区分": 5, "都道府県コード": 7, "市区町村コード": 202, "所在地": "福島県会津若松市幕内南町２番１５号", "緯度": 37.485933, "経度": 139.90615, "url": "https://www.iryou.teikyouseido.mhlw.go.jp/znk-web/juminkanja/S2430/initialize?prefCd=07&kikanCd=0752001155&kikanKbn=5", "url2": null, "内容": "すみよし薬局【5:薬局】福島県会津若松市幕内南町２番１５号" }, "geometry": { "type": "Point", "coordinates": [ 139.90615, 37.485933 ] } },
{ "type": "Feature", "properties": { "ID": 750752001158, "正式名称": "アイランド薬局　倉前店", "機関区分": 5, "都道府県コード": 7, "市区町村コード": 204, "所在地": "福島県いわき市平字倉前１１３番地の６", "緯度": 37.0485, "経度": 140.899947, "url": "https://www.iryou.teikyouseido.mhlw.go.jp/znk-web/juminkanja/S2430/initialize?prefCd=07&kikanCd=0752001158&kikanKbn=5", "url2": "https://www.apocreat.co.jp/", "内容": "アイランド薬局　倉前店【5:薬局】福島県いわき市平字倉前１１３番地の６" }, "geometry": { "type": "Point", "coordinates": [ 140.899947, 37.0485 ] } },
{ "type": "Feature", "properties": { "ID": 750752001160, "正式名称": "あすなろ調剤薬局　堤下店", "機関区分": 5, "都道府県コード": 7, "市区町村コード": 203, "所在地": "福島県郡山市堤下町１－６１　１Ｆ", "緯度": 37.391456, "経度": 140.377356, "url": "https://www.iryou.teikyouseido.mhlw.go.jp/znk-web/juminkanja/S2430/initialize?prefCd=07&kikanCd=0752001160&kikanKbn=5", "url2": null, "内容": "あすなろ調剤薬局　堤下店【5:薬局】福島県郡山市堤下町１－６１　１Ｆ" }, "geometry": { "type": "Point", "coordinates": [ 140.377356, 37.391456 ] } },
{ "type": "Feature", "properties": { "ID": 750752001161, "正式名称": "有限会社　みどり薬局", "機関区分": 5, "都道府県コード": 7, "市区町村コード": 204, "所在地": "福島県いわき市泉玉露５丁目１７番地の１３", "緯度": 36.959872, "経度": 140.850572, "url": "https://www.iryou.teikyouseido.mhlw.go.jp/znk-web/juminkanja/S2430/initialize?prefCd=07&kikanCd=0752001161&kikanKbn=5", "url2": null, "内容": "有限会社　みどり薬局【5:薬局】福島県いわき市泉玉露５丁目１７番地の１３" }, "geometry": { "type": "Point", "coordinates": [ 140.850572, 36.959872 ] } },
{ "type": "Feature", "properties": { "ID": 750752001163, "正式名称": "エール薬局千石店", "機関区分": 5, "都道府県コード": 7, "市区町村コード": 202, "所在地": "福島県会津若松市東千石一丁目４－３", "緯度": 37.497206, "経度": 139.944328, "url": "https://www.iryou.teikyouseido.mhlw.go.jp/znk-web/juminkanja/S2430/initialize?prefCd=07&kikanCd=0752001163&kikanKbn=5", "url2": null, "内容": "エール薬局千石店【5:薬局】福島県会津若松市東千石一丁目４－３" }, "geometry": { "type": "Point", "coordinates": [ 139.944328, 37.497206 ] } },
{ "type": "Feature", "properties": { "ID": 750752001164, "正式名称": "ひかり薬局郡山駅前", "機関区分": 5, "都道府県コード": 7, "市区町村コード": 203, "所在地": "福島県郡山市駅前１丁目２－９", "緯度": 37.396714, "経度": 140.385614, "url": "https://www.iryou.teikyouseido.mhlw.go.jp/znk-web/juminkanja/S2430/initialize?prefCd=07&kikanCd=0752001164&kikanKbn=5", "url2": "http://hikari-pharmacy.co.jp", "内容": "ひかり薬局郡山駅前【5:薬局】福島県郡山市駅前１丁目２－９" }, "geometry": { "type": "Point", "coordinates": [ 140.385614, 37.396714 ] } },
{ "type": "Feature", "properties": { "ID": 750752001165, "正式名称": "アイン薬局湯川店", "機関区分": 5, "都道府県コード": 7, "市区町村コード": 202, "所在地": "福島県会津若松市湯川町１－５４", "緯度": 37.491189, "経度": 139.921289, "url": "https://www.iryou.teikyouseido.mhlw.go.jp/znk-web/juminkanja/S2430/initialize?prefCd=07&kikanCd=0752001165&kikanKbn=5", "url2": "https://www.ainj.co.jp/", "内容": "アイン薬局湯川店【5:薬局】福島県会津若松市湯川町１－５４" }, "geometry": { "type": "Point", "coordinates": [ 139.921289, 37.491189 ] } },
{ "type": "Feature", "properties": { "ID": 750752001168, "正式名称": "ひかり薬局中町", "機関区分": 5, "都道府県コード": 7, "市区町村コード": 203, "所在地": "福島県郡山市駅前一丁目１－２０", "緯度": 37.396086, "経度": 140.384964, "url": "https://www.iryou.teikyouseido.mhlw.go.jp/znk-web/juminkanja/S2430/initialize?prefCd=07&kikanCd=0752001168&kikanKbn=5", "url2": "http://hikari-pharmacy.co.jp", "内容": "ひかり薬局中町【5:薬局】福島県郡山市駅前一丁目１－２０" }, "geometry": { "type": "Point", "coordinates": [ 140.384964, 37.396086 ] } },
{ "type": "Feature", "properties": { "ID": 750752001169, "正式名称": "アイランド薬局　陣屋店", "機関区分": 5, "都道府県コード": 7, "市区町村コード": 203, "所在地": "福島県郡山市駅前一丁目１－１７　１階", "緯度": 37.396433, "経度": 140.385153, "url": "https://www.iryou.teikyouseido.mhlw.go.jp/znk-web/juminkanja/S2430/initialize?prefCd=07&kikanCd=0752001169&kikanKbn=5", "url2": "https://www.apocreat.co.jp/pharmacy/", "内容": "アイランド薬局　陣屋店【5:薬局】福島県郡山市駅前一丁目１－１７　１階" }, "geometry": { "type": "Point", "coordinates": [ 140.385153, 37.396433 ] } },
{ "type": "Feature", "properties": { "ID": 750752001177, "正式名称": "クローバー薬局　北店", "機関区分": 5, "都道府県コード": 7, "市区町村コード": 201, "所在地": "福島県福島市南矢野目字中屋敷５３番地１８", "緯度": 37.789664, "経度": 140.450519, "url": "https://www.iryou.teikyouseido.mhlw.go.jp/znk-web/juminkanja/S2430/initialize?prefCd=07&kikanCd=0752001177&kikanKbn=5", "url2": null, "内容": "クローバー薬局　北店【5:薬局】福島県福島市南矢野目字中屋敷５３番地１８" }, "geometry": { "type": "Point", "coordinates": [ 140.450519, 37.789664 ] } },
{ "type": "Feature", "properties": { "ID": 750752001178, "正式名称": "城東調剤薬局", "機関区分": 5, "都道府県コード": 7, "市区町村コード": 202, "所在地": "福島県会津若松市城東町６番１９号", "緯度": 37.488154, "経度": 139.939311, "url": "https://www.iryou.teikyouseido.mhlw.go.jp/znk-web/juminkanja/S2430/initialize?prefCd=07&kikanCd=0752001178&kikanKbn=5", "url2": "https://yamasho-aizu.jp", "内容": "城東調剤薬局【5:薬局】福島県会津若松市城東町６番１９号" }, "geometry": { "type": "Point", "coordinates": [ 139.939311, 37.488154 ] } },
{ "type": "Feature", "properties": { "ID": 750752001179, "正式名称": "磐梯調剤薬局", "機関区分": 5, "都道府県コード": 7, "市区町村コード": 208, "所在地": "福島県喜多方市字六枚長４２２１番地９　西四ツ谷ホームズ１０１号室", "緯度": 37.651361, "経度": 139.879578, "url": "https://www.iryou.teikyouseido.mhlw.go.jp/znk-web/juminkanja/S2430/initialize?prefCd=07&kikanCd=0752001179&kikanKbn=5", "url2": "www.mediluck.com", "内容": "磐梯調剤薬局【5:薬局】福島県喜多方市字六枚長４２２１番地９　西四ツ谷ホームズ１０１号室" }, "geometry": { "type": "Point", "coordinates": [ 139.879578, 37.651361 ] } },
{ "type": "Feature", "properties": { "ID": 750752001180, "正式名称": "金屋調剤薬局", "機関区分": 5, "都道府県コード": 7, "市区町村コード": 203, "所在地": "福島県郡山市田村町金屋字新家３番２", "緯度": 37.368908, "経度": 140.390069, "url": "https://www.iryou.teikyouseido.mhlw.go.jp/znk-web/juminkanja/S2430/initialize?prefCd=07&kikanCd=0752001180&kikanKbn=5", "url2": null, "内容": "金屋調剤薬局【5:薬局】福島県郡山市田村町金屋字新家３番２" }, "geometry": { "type": "Point", "coordinates": [ 140.390069, 37.368908 ] } },
{ "type": "Feature", "properties": { "ID": 750752001181, "正式名称": "合資会社　堀薬局", "機関区分": 5, "都道府県コード": 7, "市区町村コード": 204, "所在地": "福島県いわき市平南町５－２", "緯度": 37.0523, "経度": 140.893703, "url": "https://www.iryou.teikyouseido.mhlw.go.jp/znk-web/juminkanja/S2430/initialize?prefCd=07&kikanCd=0752001181&kikanKbn=5", "url2": null, "内容": "合資会社　堀薬局【5:薬局】福島県いわき市平南町５－２" }, "geometry": { "type": "Point", "coordinates": [ 140.893703, 37.0523 ] } },
{ "type": "Feature", "properties": { "ID": 750752001182, "正式名称": "カワチ薬局　福島東店", "機関区分": 5, "都道府県コード": 7, "市区町村コード": 201, "所在地": "福島県福島市高野河原下１６－２", "緯度": 37.772486, "経度": 140.491228, "url": "https://www.iryou.teikyouseido.mhlw.go.jp/znk-web/juminkanja/S2430/initialize?prefCd=07&kikanCd=0752001182&kikanKbn=5", "url2": "http://www.cawachi.co.jp", "内容": "カワチ薬局　福島東店【5:薬局】福島県福島市高野河原下１６－２" }, "geometry": { "type": "Point", "coordinates": [ 140.491228, 37.772486 ] } },
{ "type": "Feature", "properties": { "ID": 750752001183, "正式名称": "ベース薬局　大森店", "機関区分": 5, "都道府県コード": 7, "市区町村コード": 201, "所在地": "福島県福島市大森字坿７９－５", "緯度": 37.728644, "経度": 140.446233, "url": "https://www.iryou.teikyouseido.mhlw.go.jp/znk-web/juminkanja/S2430/initialize?prefCd=07&kikanCd=0752001183&kikanKbn=5", "url2": "http://base-ph.co.jp/", "内容": "ベース薬局　大森店【5:薬局】福島県福島市大森字坿７９－５" }, "geometry": { "type": "Point", "coordinates": [ 140.446233, 37.728644 ] } },
{ "type": "Feature", "properties": { "ID": 750752001184, "正式名称": "陣屋通り薬局", "機関区分": 5, "都道府県コード": 7, "市区町村コード": 213, "所在地": "福島県伊達市保原町字宮下１４番２", "緯度": 37.821375, "経度": 140.555081, "url": "https://www.iryou.teikyouseido.mhlw.go.jp/znk-web/juminkanja/S2430/initialize?prefCd=07&kikanCd=0752001184&kikanKbn=5", "url2": "https://mediluck.com", "内容": "陣屋通り薬局【5:薬局】福島県伊達市保原町字宮下１４番２" }, "geometry": { "type": "Point", "coordinates": [ 140.555081, 37.821375 ] } },
{ "type": "Feature", "properties": { "ID": 750752001188, "正式名称": "調剤薬局ゼネファーム　会津坂下店", "機関区分": 5, "都道府県コード": 7, "市区町村コード": 421, "所在地": "福島県河沼郡会津坂下町字五反田１１７９－２", "緯度": 37.558953, "経度": 139.824436, "url": "https://www.iryou.teikyouseido.mhlw.go.jp/znk-web/juminkanja/S2430/initialize?prefCd=07&kikanCd=0752001188&kikanKbn=5", "url2": "https://www.phstr.co.jp/genepharm-aizubange", "内容": "調剤薬局ゼネファーム　会津坂下店【5:薬局】福島県河沼郡会津坂下町字五反田１１７９－２" }, "geometry": { "type": "Point", "coordinates": [ 139.824436, 37.558953 ] } },
{ "type": "Feature", "properties": { "ID": 750752001189, "正式名称": "薬局サン・メリー本町店", "機関区分": 5, "都道府県コード": 7, "市区町村コード": 203, "所在地": "福島県郡山市本町２丁目１１番８号", "緯度": 37.386753, "経度": 140.381585, "url": "https://www.iryou.teikyouseido.mhlw.go.jp/znk-web/juminkanja/S2430/initialize?prefCd=07&kikanCd=0752001189&kikanKbn=5", "url2": null, "内容": "薬局サン・メリー本町店【5:薬局】福島県郡山市本町２丁目１１番８号" }, "geometry": { "type": "Point", "coordinates": [ 140.381585, 37.386753 ] } },
{ "type": "Feature", "properties": { "ID": 750752001192, "正式名称": "関船薬局", "機関区分": 5, "都道府県コード": 7, "市区町村コード": 204, "所在地": "福島県いわき市常磐関船町迎１３－４", "緯度": 37.001742, "経度": 140.850556, "url": "https://www.iryou.teikyouseido.mhlw.go.jp/znk-web/juminkanja/S2430/initialize?prefCd=07&kikanCd=0752001192&kikanKbn=5", "url2": "http://www.apocreat.co.jp", "内容": "関船薬局【5:薬局】福島県いわき市常磐関船町迎１３－４" }, "geometry": { "type": "Point", "coordinates": [ 140.850556, 37.001742 ] } },
{ "type": "Feature", "properties": { "ID": 750752001193, "正式名称": "アイランド薬局　童子町店", "機関区分": 5, "都道府県コード": 7, "市区町村コード": 204, "所在地": "福島県いわき市平字童子町１－７", "緯度": 37.052239, "経度": 140.885975, "url": "https://www.iryou.teikyouseido.mhlw.go.jp/znk-web/juminkanja/S2430/initialize?prefCd=07&kikanCd=0752001193&kikanKbn=5", "url2": "https://www.apocreat.co.jp/", "内容": "アイランド薬局　童子町店【5:薬局】福島県いわき市平字童子町１－７" }, "geometry": { "type": "Point", "coordinates": [ 140.885975, 37.052239 ] } },
{ "type": "Feature", "properties": { "ID": 750752001194, "正式名称": "さゆり調剤薬局", "機関区分": 5, "都道府県コード": 7, "市区町村コード": 405, "所在地": "福島県耶麻郡西会津町登世島字田畑乙２０４２－６５", "緯度": 37.597925, "経度": 139.639561, "url": "https://www.iryou.teikyouseido.mhlw.go.jp/znk-web/juminkanja/S2430/initialize?prefCd=07&kikanCd=0752001194&kikanKbn=5", "url2": "www.nm-pharmacy.co.jp", "内容": "さゆり調剤薬局【5:薬局】福島県耶麻郡西会津町登世島字田畑乙２０４２－６５" }, "geometry": { "type": "Point", "coordinates": [ 139.639561, 37.597925 ] } },
{ "type": "Feature", "properties": { "ID": 750752001197, "正式名称": "保原薬局梁川東店", "機関区分": 5, "都道府県コード": 7, "市区町村コード": 213, "所在地": "福島県伊達市梁川町字東土橋６－５", "緯度": 37.847983, "経度": 140.592861, "url": "https://www.iryou.teikyouseido.mhlw.go.jp/znk-web/juminkanja/S2430/initialize?prefCd=07&kikanCd=0752001197&kikanKbn=5", "url2": "https://fukushima-ms.com", "内容": "保原薬局梁川東店【5:薬局】福島県伊達市梁川町字東土橋６－５" }, "geometry": { "type": "Point", "coordinates": [ 140.592861, 37.847983 ] } },
{ "type": "Feature", "properties": { "ID": 750752001198, "正式名称": "雄飛堂薬局　いわき医療センター前店", "機関区分": 5, "都道府県コード": 7, "市区町村コード": 204, "所在地": "福島県いわき市内郷御厩町久世原２４４番地１", "緯度": 37.041922, "経度": 140.866517, "url": "https://www.iryou.teikyouseido.mhlw.go.jp/znk-web/juminkanja/S2430/initialize?prefCd=07&kikanCd=0752001198&kikanKbn=5", "url2": null, "内容": "雄飛堂薬局　いわき医療センター前店【5:薬局】福島県いわき市内郷御厩町久世原２４４番地１" }, "geometry": { "type": "Point", "coordinates": [ 140.866517, 37.041922 ] } },
{ "type": "Feature", "properties": { "ID": 750752001199, "正式名称": "株式会社くすりのマルト調剤薬局　川原田店", "機関区分": 5, "都道府県コード": 7, "市区町村コード": 204, "所在地": "福島県いわき市内郷綴町川原田１１７番地", "緯度": 37.03755, "経度": 140.858483, "url": "https://www.iryou.teikyouseido.mhlw.go.jp/znk-web/juminkanja/S2430/initialize?prefCd=07&kikanCd=0752001199&kikanKbn=5", "url2": null, "内容": "株式会社くすりのマルト調剤薬局　川原田店【5:薬局】福島県いわき市内郷綴町川原田１１７番地" }, "geometry": { "type": "Point", "coordinates": [ 140.858483, 37.03755 ] } },
{ "type": "Feature", "properties": { "ID": 750752001202, "正式名称": "エール薬局　門田店", "機関区分": 5, "都道府県コード": 7, "市区町村コード": 202, "所在地": "福島県会津若松市建福寺前９－１８", "緯度": 37.481783, "経度": 139.938314, "url": "https://www.iryou.teikyouseido.mhlw.go.jp/znk-web/juminkanja/S2430/initialize?prefCd=07&kikanCd=0752001202&kikanKbn=5", "url2": null, "内容": "エール薬局　門田店【5:薬局】福島県会津若松市建福寺前９－１８" }, "geometry": { "type": "Point", "coordinates": [ 139.938314, 37.481783 ] } },
{ "type": "Feature", "properties": { "ID": 750752001204, "正式名称": "調剤薬局ゼネファーム　館馬店", "機関区分": 5, "都道府県コード": 7, "市区町村コード": 202, "所在地": "福島県会津若松市館馬町１番７号", "緯度": 37.480206, "経度": 139.924806, "url": "https://www.iryou.teikyouseido.mhlw.go.jp/znk-web/juminkanja/S2430/initialize?prefCd=07&kikanCd=0752001204&kikanKbn=5", "url2": null, "内容": "調剤薬局ゼネファーム　館馬店【5:薬局】福島県会津若松市館馬町１番７号" }, "geometry": { "type": "Point", "coordinates": [ 139.924806, 37.480206 ] } },
{ "type": "Feature", "properties": { "ID": 750752001205, "正式名称": "きよはし薬局　駅前店", "機関区分": 5, "都道府県コード": 7, "市区町村コード": 521, "所在地": "福島県田村郡三春町担橋２丁目１－５", "緯度": 37.449083, "経度": 140.482364, "url": "https://www.iryou.teikyouseido.mhlw.go.jp/znk-web/juminkanja/S2430/initialize?prefCd=07&kikanCd=0752001205&kikanKbn=5", "url2": null, "内容": "きよはし薬局　駅前店【5:薬局】福島県田村郡三春町担橋２丁目１－５" }, "geometry": { "type": "Point", "coordinates": [ 140.482364, 37.449083 ] } },
{ "type": "Feature", "properties": { "ID": 750752001206, "正式名称": "そうごう薬局　福島笹木野店", "機関区分": 5, "都道府県コード": 7, "市区町村コード": 201, "所在地": "福島県福島市笹木野字中西裏１８－４", "緯度": 37.769978, "経度": 140.418925, "url": "https://www.iryou.teikyouseido.mhlw.go.jp/znk-web/juminkanja/S2430/initialize?prefCd=07&kikanCd=0752001206&kikanKbn=5", "url2": "http://www.sogo-medical.co.jp", "内容": "そうごう薬局　福島笹木野店【5:薬局】福島県福島市笹木野字中西裏１８－４" }, "geometry": { "type": "Point", "coordinates": [ 140.418925, 37.769978 ] } },
{ "type": "Feature", "properties": { "ID": 750752001207, "正式名称": "アイル薬局　川俣店", "機関区分": 5, "都道府県コード": 7, "市区町村コード": 308, "所在地": "福島県伊達郡川俣町字本町４１－８", "緯度": 37.667694, "経度": 140.606914, "url": "https://www.iryou.teikyouseido.mhlw.go.jp/znk-web/juminkanja/S2430/initialize?prefCd=07&kikanCd=0752001207&kikanKbn=5", "url2": "http://www.bsg.cc/", "内容": "アイル薬局　川俣店【5:薬局】福島県伊達郡川俣町字本町４１－８" }, "geometry": { "type": "Point", "coordinates": [ 140.606914, 37.667694 ] } },
{ "type": "Feature", "properties": { "ID": 750752001208, "正式名称": "クオール薬局　堂前店", "機関区分": 5, "都道府県コード": 7, "市区町村コード": 203, "所在地": "福島県郡山市堂前町３１－５", "緯度": 37.393725, "経度": 140.381753, "url": "https://www.iryou.teikyouseido.mhlw.go.jp/znk-web/juminkanja/S2430/initialize?prefCd=07&kikanCd=0752001208&kikanKbn=5", "url2": "http://www.qol-net.co.jp/", "内容": "クオール薬局　堂前店【5:薬局】福島県郡山市堂前町３１－５" }, "geometry": { "type": "Point", "coordinates": [ 140.381753, 37.393725 ] } },
{ "type": "Feature", "properties": { "ID": 750752001210, "正式名称": "アイランド薬局　矢吹店", "機関区分": 5, "都道府県コード": 7, "市区町村コード": 466, "所在地": "福島県西白河郡矢吹町本町２２３－１", "緯度": 37.209181, "経度": 140.325528, "url": "https://www.iryou.teikyouseido.mhlw.go.jp/znk-web/juminkanja/S2430/initialize?prefCd=07&kikanCd=0752001210&kikanKbn=5", "url2": "https://www.apocreat.co.jp/", "内容": "アイランド薬局　矢吹店【5:薬局】福島県西白河郡矢吹町本町２２３－１" }, "geometry": { "type": "Point", "coordinates": [ 140.325528, 37.209181 ] } },
{ "type": "Feature", "properties": { "ID": 750752001214, "正式名称": "さくら薬局　田村常葉店", "機関区分": 5, "都道府県コード": 7, "市区町村コード": 211, "所在地": "福島県田村市常葉町常葉字内町１３", "緯度": 37.439931, "経度": 140.645536, "url": "https://www.iryou.teikyouseido.mhlw.go.jp/znk-web/juminkanja/S2430/initialize?prefCd=07&kikanCd=0752001214&kikanKbn=5", "url2": "https://www.kraft-net.co.jp/sakura/store/3620/", "内容": "さくら薬局　田村常葉店【5:薬局】福島県田村市常葉町常葉字内町１３" }, "geometry": { "type": "Point", "coordinates": [ 140.645536, 37.439931 ] } },
{ "type": "Feature", "properties": { "ID": 750752001215, "正式名称": "なぬかまち薬局", "機関区分": 5, "都道府県コード": 7, "市区町村コード": 202, "所在地": "福島県会津若松市大町１丁目２番１９号", "緯度": 37.500002, "経度": 139.925524, "url": "https://www.iryou.teikyouseido.mhlw.go.jp/znk-web/juminkanja/S2430/initialize?prefCd=07&kikanCd=0752001215&kikanKbn=5", "url2": null, "内容": "なぬかまち薬局【5:薬局】福島県会津若松市大町１丁目２番１９号" }, "geometry": { "type": "Point", "coordinates": [ 139.925524, 37.500002 ] } },
{ "type": "Feature", "properties": { "ID": 750752001219, "正式名称": "さくら薬局　相馬桜ケ丘店", "機関区分": 5, "都道府県コード": 7, "市区町村コード": 209, "所在地": "福島県相馬市中村字桜ケ丘２１２番１", "緯度": 37.802797, "経度": 140.925461, "url": "https://www.iryou.teikyouseido.mhlw.go.jp/znk-web/juminkanja/S2430/initialize?prefCd=07&kikanCd=0752001219&kikanKbn=5", "url2": "https://www.kraft-net.co.jp/sakura/store/3607/", "内容": "さくら薬局　相馬桜ケ丘店【5:薬局】福島県相馬市中村字桜ケ丘２１２番１" }, "geometry": { "type": "Point", "coordinates": [ 140.925461, 37.802797 ] } },
{ "type": "Feature", "properties": { "ID": 750752001222, "正式名称": "クオール薬局矢吹本町店", "機関区分": 5, "都道府県コード": 7, "市区町村コード": 466, "所在地": "福島県西白河郡矢吹町本町２５１", "緯度": 37.208383, "経度": 140.326142, "url": "https://www.iryou.teikyouseido.mhlw.go.jp/znk-web/juminkanja/S2430/initialize?prefCd=07&kikanCd=0752001222&kikanKbn=5", "url2": "http://www.qol-net.co.jp/pharmacy/map/detail.php?id=387", "内容": "クオール薬局矢吹本町店【5:薬局】福島県西白河郡矢吹町本町２５１" }, "geometry": { "type": "Point", "coordinates": [ 140.326142, 37.208383 ] } },
{ "type": "Feature", "properties": { "ID": 750752001223, "正式名称": "クオール薬局文京店", "機関区分": 5, "都道府県コード": 7, "市区町村コード": 466, "所在地": "福島県西白河郡矢吹町文京町２２７番地３６", "緯度": 37.187769, "経度": 140.338792, "url": "https://www.iryou.teikyouseido.mhlw.go.jp/znk-web/juminkanja/S2430/initialize?prefCd=07&kikanCd=0752001223&kikanKbn=5", "url2": "https://www.qol-net.co.jp/pharmacy/", "内容": "クオール薬局文京店【5:薬局】福島県西白河郡矢吹町文京町２２７番地３６" }, "geometry": { "type": "Point", "coordinates": [ 140.338792, 37.187769 ] } },
{ "type": "Feature", "properties": { "ID": 750752001226, "正式名称": "洋向台薬局", "機関区分": 5, "都道府県コード": 7, "市区町村コード": 204, "所在地": "福島県いわき市洋向台５丁目２－８", "緯度": 36.965731, "経度": 140.935636, "url": "https://www.iryou.teikyouseido.mhlw.go.jp/znk-web/juminkanja/S2430/initialize?prefCd=07&kikanCd=0752001226&kikanKbn=5", "url2": "http://www.e-classa.net/youkoudai-y/", "内容": "洋向台薬局【5:薬局】福島県いわき市洋向台５丁目２－８" }, "geometry": { "type": "Point", "coordinates": [ 140.935636, 36.965731 ] } },
{ "type": "Feature", "properties": { "ID": 750752001227, "正式名称": "サンキュー薬局", "機関区分": 5, "都道府県コード": 7, "市区町村コード": 501, "所在地": "福島県石川郡石川町大字双里字本宮７１－１", "緯度": 37.148522, "経度": 140.459631, "url": "https://www.iryou.teikyouseido.mhlw.go.jp/znk-web/juminkanja/S2430/initialize?prefCd=07&kikanCd=0752001227&kikanKbn=5", "url2": "https://www.3q1139.com/home", "内容": "サンキュー薬局【5:薬局】福島県石川郡石川町大字双里字本宮７１－１" }, "geometry": { "type": "Point", "coordinates": [ 140.459631, 37.148522 ] } },
{ "type": "Feature", "properties": { "ID": 750752001229, "正式名称": "くすのき薬局　西若松店", "機関区分": 5, "都道府県コード": 7, "市区町村コード": 202, "所在地": "福島県会津若松市材木町１－４－３", "緯度": 37.486367, "経度": 139.914397, "url": "https://www.iryou.teikyouseido.mhlw.go.jp/znk-web/juminkanja/S2430/initialize?prefCd=07&kikanCd=0752001229&kikanKbn=5", "url2": "https://www.aiki-ph.co.jp/", "内容": "くすのき薬局　西若松店【5:薬局】福島県会津若松市材木町１－４－３" }, "geometry": { "type": "Point", "coordinates": [ 139.914397, 37.486367 ] } },
{ "type": "Feature", "properties": { "ID": 750752001230, "正式名称": "クオール薬局　西若松店", "機関区分": 5, "都道府県コード": 7, "市区町村コード": 202, "所在地": "福島県会津若松市材木町１－１０－１６", "緯度": 37.486892, "経度": 139.910892, "url": "https://www.iryou.teikyouseido.mhlw.go.jp/znk-web/juminkanja/S2430/initialize?prefCd=07&kikanCd=0752001230&kikanKbn=5", "url2": "http://www.qol-net.co.jp", "内容": "クオール薬局　西若松店【5:薬局】福島県会津若松市材木町１－１０－１６" }, "geometry": { "type": "Point", "coordinates": [ 139.910892, 37.486892 ] } },
{ "type": "Feature", "properties": { "ID": 750752001232, "正式名称": "ベース薬局　湯本店", "機関区分": 5, "都道府県コード": 7, "市区町村コード": 204, "所在地": "福島県いわき市常磐湯本町吹谷５７－５", "緯度": 37.006506, "経度": 140.845167, "url": "https://www.iryou.teikyouseido.mhlw.go.jp/znk-web/juminkanja/S2430/initialize?prefCd=07&kikanCd=0752001232&kikanKbn=5", "url2": "http://base-ph.co.jp", "内容": "ベース薬局　湯本店【5:薬局】福島県いわき市常磐湯本町吹谷５７－５" }, "geometry": { "type": "Point", "coordinates": [ 140.845167, 37.006506 ] } },
{ "type": "Feature", "properties": { "ID": 750752001233, "正式名称": "株式会社くすりのマルト調剤薬局　洋向台店", "機関区分": 5, "都道府県コード": 7, "市区町村コード": 204, "所在地": "福島県いわき市洋向台四丁目１番３", "緯度": 36.964878, "経度": 140.934175, "url": "https://www.iryou.teikyouseido.mhlw.go.jp/znk-web/juminkanja/S2430/initialize?prefCd=07&kikanCd=0752001233&kikanKbn=5", "url2": null, "内容": "株式会社くすりのマルト調剤薬局　洋向台店【5:薬局】福島県いわき市洋向台四丁目１番３" }, "geometry": { "type": "Point", "coordinates": [ 140.934175, 36.964878 ] } },
{ "type": "Feature", "properties": { "ID": 750752001234, "正式名称": "株式会社ユモト薬局　鹿島店", "機関区分": 5, "都道府県コード": 7, "市区町村コード": 204, "所在地": "福島県いわき市鹿島町久保字反町２６－１", "緯度": 36.988706, "経度": 140.905725, "url": "https://www.iryou.teikyouseido.mhlw.go.jp/znk-web/juminkanja/S2430/initialize?prefCd=07&kikanCd=0752001234&kikanKbn=5", "url2": "https://www.gurutto-iwaki.com/detail/1219/index.html", "内容": "株式会社ユモト薬局　鹿島店【5:薬局】福島県いわき市鹿島町久保字反町２６－１" }, "geometry": { "type": "Point", "coordinates": [ 140.905725, 36.988706 ] } },
{ "type": "Feature", "properties": { "ID": 750752001239, "正式名称": "クオール薬局郡山堤店", "機関区分": 5, "都道府県コード": 7, "市区町村コード": 203, "所在地": "福島県郡山市堤一丁目８３", "緯度": 37.399653, "経度": 140.336533, "url": "https://www.iryou.teikyouseido.mhlw.go.jp/znk-web/juminkanja/S2430/initialize?prefCd=07&kikanCd=0752001239&kikanKbn=5", "url2": "http://www.qol-net.co.jp/index.html", "内容": "クオール薬局郡山堤店【5:薬局】福島県郡山市堤一丁目８３" }, "geometry": { "type": "Point", "coordinates": [ 140.336533, 37.399653 ] } },
{ "type": "Feature", "properties": { "ID": 750752001240, "正式名称": "喜多方　あいあい薬局", "機関区分": 5, "都道府県コード": 7, "市区町村コード": 208, "所在地": "福島県喜多方市字三丁目４７８１－２", "緯度": 37.649272, "経度": 139.871444, "url": "https://www.iryou.teikyouseido.mhlw.go.jp/znk-web/juminkanja/S2430/initialize?prefCd=07&kikanCd=0752001240&kikanKbn=5", "url2": "https://mp-coltd.com", "内容": "喜多方　あいあい薬局【5:薬局】福島県喜多方市字三丁目４７８１－２" }, "geometry": { "type": "Point", "coordinates": [ 139.871444, 37.649272 ] } },
{ "type": "Feature", "properties": { "ID": 750752001241, "正式名称": "おなはま薬局", "機関区分": 5, "都道府県コード": 7, "市区町村コード": 204, "所在地": "福島県いわき市小名浜西君ヶ塚町１９－１０", "緯度": 36.957373, "経度": 140.892793, "url": "https://www.iryou.teikyouseido.mhlw.go.jp/znk-web/juminkanja/S2430/initialize?prefCd=07&kikanCd=0752001241&kikanKbn=5", "url2": "https://dpc-net.ne.jp/storeinfo/hukushima/hukushima-onahama/", "内容": "おなはま薬局【5:薬局】福島県いわき市小名浜西君ヶ塚町１９－１０" }, "geometry": { "type": "Point", "coordinates": [ 140.892793, 36.957373 ] } },
{ "type": "Feature", "properties": { "ID": 750752001243, "正式名称": "ベース薬局　油井店", "機関区分": 5, "都道府県コード": 7, "市区町村コード": 210, "所在地": "福島県二本松市油井字福岡２１番地の２", "緯度": 37.612222, "経度": 140.459658, "url": "https://www.iryou.teikyouseido.mhlw.go.jp/znk-web/juminkanja/S2430/initialize?prefCd=07&kikanCd=0752001243&kikanKbn=5", "url2": "http://base-ph.co.jp", "内容": "ベース薬局　油井店【5:薬局】福島県二本松市油井字福岡２１番地の２" }, "geometry": { "type": "Point", "coordinates": [ 140.459658, 37.612222 ] } },
{ "type": "Feature", "properties": { "ID": 750752001245, "正式名称": "日本調剤　郡山薬局", "機関区分": 5, "都道府県コード": 7, "市区町村コード": 203, "所在地": "福島県郡山市向河原町４－４０　郡山駅東ショッピングセンター内", "緯度": 37.4017, "経度": 140.395078, "url": "https://www.iryou.teikyouseido.mhlw.go.jp/znk-web/juminkanja/S2430/initialize?prefCd=07&kikanCd=0752001245&kikanKbn=5", "url2": "http://www.nicho.co.jp/tenpo/touhoku/fukushima/post_535.html", "内容": "日本調剤　郡山薬局【5:薬局】福島県郡山市向河原町４－４０　郡山駅東ショッピングセンター内" }, "geometry": { "type": "Point", "coordinates": [ 140.395078, 37.4017 ] } },
{ "type": "Feature", "properties": { "ID": 750752001246, "正式名称": "調剤薬局ツルハドラッグ郡山駅東店", "機関区分": 5, "都道府県コード": 7, "市区町村コード": 203, "所在地": "福島県郡山市向河原町４番４０号", "緯度": 37.401847, "経度": 140.394233, "url": "https://www.iryou.teikyouseido.mhlw.go.jp/znk-web/juminkanja/S2430/initialize?prefCd=07&kikanCd=0752001246&kikanKbn=5", "url2": null, "内容": "調剤薬局ツルハドラッグ郡山駅東店【5:薬局】福島県郡山市向河原町４番４０号" }, "geometry": { "type": "Point", "coordinates": [ 140.394233, 37.401847 ] } },
{ "type": "Feature", "properties": { "ID": 750752001249, "正式名称": "ささやの杜薬局", "機関区分": 5, "都道府県コード": 7, "市区町村コード": 201, "所在地": "福島県福島市笹谷字古屋敷４番地の１", "緯度": 37.794722, "経度": 140.437306, "url": "https://www.iryou.teikyouseido.mhlw.go.jp/znk-web/juminkanja/S2430/initialize?prefCd=07&kikanCd=0752001249&kikanKbn=5", "url2": null, "内容": "ささやの杜薬局【5:薬局】福島県福島市笹谷字古屋敷４番地の１" }, "geometry": { "type": "Point", "coordinates": [ 140.437306, 37.794722 ] } },
{ "type": "Feature", "properties": { "ID": 750752001250, "正式名称": "おりーぶ薬局　伊達店", "機関区分": 5, "都道府県コード": 7, "市区町村コード": 213, "所在地": "福島県伊達市沓形４１番地１１", "緯度": 37.821628, "経度": 140.497561, "url": "https://www.iryou.teikyouseido.mhlw.go.jp/znk-web/juminkanja/S2430/initialize?prefCd=07&kikanCd=0752001250&kikanKbn=5", "url2": "https://olivepharmacy.net/shop/date", "内容": "おりーぶ薬局　伊達店【5:薬局】福島県伊達市沓形４１番地１１" }, "geometry": { "type": "Point", "coordinates": [ 140.497561, 37.821628 ] } },
{ "type": "Feature", "properties": { "ID": 750752001251, "正式名称": "みずいろ調剤薬局", "機関区分": 5, "都道府県コード": 7, "市区町村コード": 214, "所在地": "福島県本宮市本宮字南町裡１０９番地１７", "緯度": 37.516139, "経度": 140.401275, "url": "https://www.iryou.teikyouseido.mhlw.go.jp/znk-web/juminkanja/S2430/initialize?prefCd=07&kikanCd=0752001251&kikanKbn=5", "url2": null, "内容": "みずいろ調剤薬局【5:薬局】福島県本宮市本宮字南町裡１０９番地１７" }, "geometry": { "type": "Point", "coordinates": [ 140.401275, 37.516139 ] } },
{ "type": "Feature", "properties": { "ID": 750752001252, "正式名称": "ほほえみ薬局", "機関区分": 5, "都道府県コード": 7, "市区町村コード": 408, "所在地": "福島県耶麻郡猪苗代町字芦原８６－３", "緯度": 37.556881, "経度": 140.108925, "url": "https://www.iryou.teikyouseido.mhlw.go.jp/znk-web/juminkanja/S2430/initialize?prefCd=07&kikanCd=0752001252&kikanKbn=5", "url2": null, "内容": "ほほえみ薬局【5:薬局】福島県耶麻郡猪苗代町字芦原８６－３" }, "geometry": { "type": "Point", "coordinates": [ 140.108925, 37.556881 ] } },
{ "type": "Feature", "properties": { "ID": 750752001253, "正式名称": "アップル薬局", "機関区分": 5, "都道府県コード": 7, "市区町村コード": 204, "所在地": "福島県いわき市内郷綴町沼尻６５", "緯度": 37.038783, "経度": 140.861583, "url": "https://www.iryou.teikyouseido.mhlw.go.jp/znk-web/juminkanja/S2430/initialize?prefCd=07&kikanCd=0752001253&kikanKbn=5", "url2": "http://www.applecarenet.jp/", "内容": "アップル薬局【5:薬局】福島県いわき市内郷綴町沼尻６５" }, "geometry": { "type": "Point", "coordinates": [ 140.861583, 37.038783 ] } },
{ "type": "Feature", "properties": { "ID": 750752001254, "正式名称": "曽根田薬局", "機関区分": 5, "都道府県コード": 7, "市区町村コード": 201, "所在地": "福島県福島市曽根田町３－２５", "緯度": 37.760617, "経度": 140.459872, "url": "https://www.iryou.teikyouseido.mhlw.go.jp/znk-web/juminkanja/S2430/initialize?prefCd=07&kikanCd=0752001254&kikanKbn=5", "url2": null, "内容": "曽根田薬局【5:薬局】福島県福島市曽根田町３－２５" }, "geometry": { "type": "Point", "coordinates": [ 140.459872, 37.760617 ] } },
{ "type": "Feature", "properties": { "ID": 750752001257, "正式名称": "ウエルシア薬局郡山桑野店", "機関区分": 5, "都道府県コード": 7, "市区町村コード": 203, "所在地": "福島県郡山市桑野４丁目６－２", "緯度": 37.408658, "経度": 140.353686, "url": "https://www.iryou.teikyouseido.mhlw.go.jp/znk-web/juminkanja/S2430/initialize?prefCd=07&kikanCd=0752001257&kikanKbn=5", "url2": "https://www.welcia-yakkyku.co.jp/", "内容": "ウエルシア薬局郡山桑野店【5:薬局】福島県郡山市桑野４丁目６－２" }, "geometry": { "type": "Point", "coordinates": [ 140.353686, 37.408658 ] } },
{ "type": "Feature", "properties": { "ID": 750752001258, "正式名称": "ひかり薬局七ツ池", "機関区分": 5, "都道府県コード": 7, "市区町村コード": 203, "所在地": "福島県郡山市香久池１丁目１８－１１", "緯度": 37.381453, "経度": 140.369928, "url": "https://www.iryou.teikyouseido.mhlw.go.jp/znk-web/juminkanja/S2430/initialize?prefCd=07&kikanCd=0752001258&kikanKbn=5", "url2": "http://www.hikari-pharmacy.co.jp/", "内容": "ひかり薬局七ツ池【5:薬局】福島県郡山市香久池１丁目１８－１１" }, "geometry": { "type": "Point", "coordinates": [ 140.369928, 37.381453 ] } },
{ "type": "Feature", "properties": { "ID": 750752001259, "正式名称": "千石調剤薬局", "機関区分": 5, "都道府県コード": 7, "市区町村コード": 202, "所在地": "福島県会津若松市千石町９番２３号", "緯度": 37.497528, "経度": 139.942056, "url": "https://www.iryou.teikyouseido.mhlw.go.jp/znk-web/juminkanja/S2430/initialize?prefCd=07&kikanCd=0752001259&kikanKbn=5", "url2": "https://yamasho-aizu.jp/", "内容": "千石調剤薬局【5:薬局】福島県会津若松市千石町９番２３号" }, "geometry": { "type": "Point", "coordinates": [ 139.942056, 37.497528 ] } },
{ "type": "Feature", "properties": { "ID": 750752001262, "正式名称": "株式会社くすりのマルト調剤薬局　泉店", "機関区分": 5, "都道府県コード": 7, "市区町村コード": 204, "所在地": "福島県いわき市泉町一丁目３２番３", "緯度": 36.954978, "経度": 140.859969, "url": "https://www.iryou.teikyouseido.mhlw.go.jp/znk-web/juminkanja/S2430/initialize?prefCd=07&kikanCd=0752001262&kikanKbn=5", "url2": null, "内容": "株式会社くすりのマルト調剤薬局　泉店【5:薬局】福島県いわき市泉町一丁目３２番３" }, "geometry": { "type": "Point", "coordinates": [ 140.859969, 36.954978 ] } },
{ "type": "Feature", "properties": { "ID": 750752001263, "正式名称": "アイン薬局　ハート会津店", "機関区分": 5, "都道府県コード": 7, "市区町村コード": 202, "所在地": "福島県会津若松市河東町谷沢字十文字７４番地２", "緯度": 37.554064, "経度": 139.907353, "url": "https://www.iryou.teikyouseido.mhlw.go.jp/znk-web/juminkanja/S2430/initialize?prefCd=07&kikanCd=0752001263&kikanKbn=5", "url2": "https://www.ainj.co.jp/", "内容": "アイン薬局　ハート会津店【5:薬局】福島県会津若松市河東町谷沢字十文字７４番地２" }, "geometry": { "type": "Point", "coordinates": [ 139.907353, 37.554064 ] } },
{ "type": "Feature", "properties": { "ID": 750752001264, "正式名称": "エール薬局　十文字店", "機関区分": 5, "都道府県コード": 7, "市区町村コード": 202, "所在地": "福島県会津若松市河東町谷沢字十文字４０番２", "緯度": 37.555219, "経度": 139.907906, "url": "https://www.iryou.teikyouseido.mhlw.go.jp/znk-web/juminkanja/S2430/initialize?prefCd=07&kikanCd=0752001264&kikanKbn=5", "url2": null, "内容": "エール薬局　十文字店【5:薬局】福島県会津若松市河東町谷沢字十文字４０番２" }, "geometry": { "type": "Point", "coordinates": [ 139.907906, 37.555219 ] } },
{ "type": "Feature", "properties": { "ID": 750752001265, "正式名称": "エール薬局　河東店", "機関区分": 5, "都道府県コード": 7, "市区町村コード": 202, "所在地": "福島県会津若松市河東町郡山字村西１５番３", "緯度": 37.546867, "経度": 139.911575, "url": "https://www.iryou.teikyouseido.mhlw.go.jp/znk-web/juminkanja/S2430/initialize?prefCd=07&kikanCd=0752001265&kikanKbn=5", "url2": null, "内容": "エール薬局　河東店【5:薬局】福島県会津若松市河東町郡山字村西１５番３" }, "geometry": { "type": "Point", "coordinates": [ 139.911575, 37.546867 ] } },
{ "type": "Feature", "properties": { "ID": 750752001267, "正式名称": "株式会社くすりのマルト調剤薬局　林城店", "機関区分": 5, "都道府県コード": 7, "市区町村コード": 204, "所在地": "福島県いわき市小名浜林城字辻前３番地２", "緯度": 36.984139, "経度": 140.892436, "url": "https://www.iryou.teikyouseido.mhlw.go.jp/znk-web/juminkanja/S2430/initialize?prefCd=07&kikanCd=0752001267&kikanKbn=5", "url2": null, "内容": "株式会社くすりのマルト調剤薬局　林城店【5:薬局】福島県いわき市小名浜林城字辻前３番地２" }, "geometry": { "type": "Point", "coordinates": [ 140.892436, 36.984139 ] } },
{ "type": "Feature", "properties": { "ID": 750752001270, "正式名称": "アイン薬局　会津若松店", "機関区分": 5, "都道府県コード": 7, "市区町村コード": 202, "所在地": "福島県会津若松市一箕町大字亀賀字北柳原２７－１", "緯度": 37.521017, "経度": 139.933281, "url": "https://www.iryou.teikyouseido.mhlw.go.jp/znk-web/juminkanja/S2430/initialize?prefCd=07&kikanCd=0752001270&kikanKbn=5", "url2": "http://www.ainj.co.jp/", "内容": "アイン薬局　会津若松店【5:薬局】福島県会津若松市一箕町大字亀賀字北柳原２７－１" }, "geometry": { "type": "Point", "coordinates": [ 139.933281, 37.521017 ] } },
{ "type": "Feature", "properties": { "ID": 750752001271, "正式名称": "いなわしろ薬局", "機関区分": 5, "都道府県コード": 7, "市区町村コード": 408, "所在地": "福島県耶麻郡猪苗代町字梨木西６３番地６", "緯度": 37.556042, "経度": 140.112594, "url": "https://www.iryou.teikyouseido.mhlw.go.jp/znk-web/juminkanja/S2430/initialize?prefCd=07&kikanCd=0752001271&kikanKbn=5", "url2": null, "内容": "いなわしろ薬局【5:薬局】福島県耶麻郡猪苗代町字梨木西６３番地６" }, "geometry": { "type": "Point", "coordinates": [ 140.112594, 37.556042 ] } },
{ "type": "Feature", "properties": { "ID": 750752001272, "正式名称": "すみれ薬局", "機関区分": 5, "都道府県コード": 7, "市区町村コード": 207, "所在地": "福島県須賀川市宮先町２５番１", "緯度": 37.2897, "経度": 140.375383, "url": "https://www.iryou.teikyouseido.mhlw.go.jp/znk-web/juminkanja/S2430/initialize?prefCd=07&kikanCd=0752001272&kikanKbn=5", "url2": "https://www.lasiq.co.jp", "内容": "すみれ薬局【5:薬局】福島県須賀川市宮先町２５番１" }, "geometry": { "type": "Point", "coordinates": [ 140.375383, 37.2897 ] } },
{ "type": "Feature", "properties": { "ID": 750752001273, "正式名称": "あい東栄町薬局", "機関区分": 5, "都道府県コード": 7, "市区町村コード": 202, "所在地": "福島県会津若松市東栄町５番３４号", "緯度": 37.494058, "経度": 139.930597, "url": "https://www.iryou.teikyouseido.mhlw.go.jp/znk-web/juminkanja/S2430/initialize?prefCd=07&kikanCd=0752001273&kikanKbn=5", "url2": null, "内容": "あい東栄町薬局【5:薬局】福島県会津若松市東栄町５番３４号" }, "geometry": { "type": "Point", "coordinates": [ 139.930597, 37.494058 ] } },
{ "type": "Feature", "properties": { "ID": 750752001274, "正式名称": "つるが薬局", "機関区分": 5, "都道府県コード": 7, "市区町村コード": 202, "所在地": "福島県会津若松市一箕町大字鶴賀字堤２－６７", "緯度": 37.750472, "経度": 140.46755, "url": "https://www.iryou.teikyouseido.mhlw.go.jp/znk-web/juminkanja/S2430/initialize?prefCd=07&kikanCd=0752001274&kikanKbn=5", "url2": "https://www.iken-pharmacy.com/", "内容": "つるが薬局【5:薬局】福島県会津若松市一箕町大字鶴賀字堤２－６７" }, "geometry": { "type": "Point", "coordinates": [ 140.46755, 37.750472 ] } },
{ "type": "Feature", "properties": { "ID": 750752001275, "正式名称": "有限会社すがなみ薬局", "機関区分": 5, "都道府県コード": 7, "市区町村コード": 204, "所在地": "福島県いわき市常磐湯本町三函２６０", "緯度": 37.010028, "経度": 140.846278, "url": "https://www.iryou.teikyouseido.mhlw.go.jp/znk-web/juminkanja/S2430/initialize?prefCd=07&kikanCd=0752001275&kikanKbn=5", "url2": null, "内容": "有限会社すがなみ薬局【5:薬局】福島県いわき市常磐湯本町三函２６０" }, "geometry": { "type": "Point", "coordinates": [ 140.846278, 37.010028 ] } },
{ "type": "Feature", "properties": { "ID": 750752001277, "正式名称": "共創未来　相馬薬局", "機関区分": 5, "都道府県コード": 7, "市区町村コード": 209, "所在地": "福島県相馬市新沼字坪ヶ迫９８", "緯度": 37.811417, "経度": 140.921167, "url": "https://www.iryou.teikyouseido.mhlw.go.jp/znk-web/juminkanja/S2430/initialize?prefCd=07&kikanCd=0752001277&kikanKbn=5", "url2": "http://www.phmirai.co.jp/", "内容": "共創未来　相馬薬局【5:薬局】福島県相馬市新沼字坪ヶ迫９８" }, "geometry": { "type": "Point", "coordinates": [ 140.921167, 37.811417 ] } },
{ "type": "Feature", "properties": { "ID": 750752001279, "正式名称": "つかのまち調剤薬局", "機関区分": 5, "都道府県コード": 7, "市区町村コード": 209, "所在地": "福島県相馬市塚ノ町一丁目１４－７", "緯度": 37.803469, "経度": 140.927742, "url": "https://www.iryou.teikyouseido.mhlw.go.jp/znk-web/juminkanja/S2430/initialize?prefCd=07&kikanCd=0752001279&kikanKbn=5", "url2": "https://medikamente.co.jp/", "内容": "つかのまち調剤薬局【5:薬局】福島県相馬市塚ノ町一丁目１４－７" }, "geometry": { "type": "Point", "coordinates": [ 140.927742, 37.803469 ] } },
{ "type": "Feature", "properties": { "ID": 750752001280, "正式名称": "メルシー薬局　南店", "機関区分": 5, "都道府県コード": 7, "市区町村コード": 203, "所在地": "福島県郡山市安積三丁目３１２－１", "緯度": 37.750472, "経度": 140.46755, "url": "https://www.iryou.teikyouseido.mhlw.go.jp/znk-web/juminkanja/S2430/initialize?prefCd=07&kikanCd=0752001280&kikanKbn=5", "url2": "asahiyk.jp", "内容": "メルシー薬局　南店【5:薬局】福島県郡山市安積三丁目３１２－１" }, "geometry": { "type": "Point", "coordinates": [ 140.46755, 37.750472 ] } },
{ "type": "Feature", "properties": { "ID": 750752001281, "正式名称": "共創未来　船引薬局", "機関区分": 5, "都道府県コード": 7, "市区町村コード": 211, "所在地": "福島県田村市船引町船引字南町通１１７－２", "緯度": 37.438122, "経度": 140.575356, "url": "https://www.iryou.teikyouseido.mhlw.go.jp/znk-web/juminkanja/S2430/initialize?prefCd=07&kikanCd=0752001281&kikanKbn=5", "url2": "https://phmirai.co.jp/store/328/", "内容": "共創未来　船引薬局【5:薬局】福島県田村市船引町船引字南町通１１７－２" }, "geometry": { "type": "Point", "coordinates": [ 140.575356, 37.438122 ] } },
{ "type": "Feature", "properties": { "ID": 750752001282, "正式名称": "共創未来　富田薬局", "機関区分": 5, "都道府県コード": 7, "市区町村コード": 203, "所在地": "福島県郡山市町東一丁目１９８", "緯度": 37.421828, "経度": 140.351592, "url": "https://www.iryou.teikyouseido.mhlw.go.jp/znk-web/juminkanja/S2430/initialize?prefCd=07&kikanCd=0752001282&kikanKbn=5", "url2": "https://phmirai.co.jp/store/331/", "内容": "共創未来　富田薬局【5:薬局】福島県郡山市町東一丁目１９８" }, "geometry": { "type": "Point", "coordinates": [ 140.351592, 37.421828 ] } },
{ "type": "Feature", "properties": { "ID": 750752001283, "正式名称": "あおぞら薬局　競馬場前店", "機関区分": 5, "都道府県コード": 7, "市区町村コード": 201, "所在地": "福島県福島市松浪町２－３３", "緯度": 37.765097, "経度": 140.477775, "url": "https://www.iryou.teikyouseido.mhlw.go.jp/znk-web/juminkanja/S2430/initialize?prefCd=07&kikanCd=0752001283&kikanKbn=5", "url2": "http://www.sig.co.jp/aozora/", "内容": "あおぞら薬局　競馬場前店【5:薬局】福島県福島市松浪町２－３３" }, "geometry": { "type": "Point", "coordinates": [ 140.477775, 37.765097 ] } },
{ "type": "Feature", "properties": { "ID": 750752001288, "正式名称": "クオール薬局新地町店", "機関区分": 5, "都道府県コード": 7, "市区町村コード": 561, "所在地": "福島県相馬郡新地町駒ヶ嶺字原９３番１", "緯度": 37.856497, "経度": 140.905544, "url": "https://www.iryou.teikyouseido.mhlw.go.jp/znk-web/juminkanja/S2430/initialize?prefCd=07&kikanCd=0752001288&kikanKbn=5", "url2": "http://www.qol-net.co.jp/", "内容": "クオール薬局新地町店【5:薬局】福島県相馬郡新地町駒ヶ嶺字原９３番１" }, "geometry": { "type": "Point", "coordinates": [ 140.905544, 37.856497 ] } },
{ "type": "Feature", "properties": { "ID": 750752001289, "正式名称": "コスモ調剤薬局棚倉町店", "機関区分": 5, "都道府県コード": 7, "市区町村コード": 481, "所在地": "福島県東白川郡棚倉町大字棚倉字北町３５－６", "緯度": 37.035178, "経度": 140.385308, "url": "https://www.iryou.teikyouseido.mhlw.go.jp/znk-web/juminkanja/S2430/initialize?prefCd=07&kikanCd=0752001289&kikanKbn=5", "url2": "http://www.cosmo-ph.co.jp/", "内容": "コスモ調剤薬局棚倉町店【5:薬局】福島県東白川郡棚倉町大字棚倉字北町３５－６" }, "geometry": { "type": "Point", "coordinates": [ 140.385308, 37.035178 ] } },
{ "type": "Feature", "properties": { "ID": 750752001291, "正式名称": "ウエルシア薬局　郡山開成店", "機関区分": 5, "都道府県コード": 7, "市区町村コード": 203, "所在地": "福島県郡山市開成六丁目１４９－１", "緯度": 37.387561, "経度": 140.355194, "url": "https://www.iryou.teikyouseido.mhlw.go.jp/znk-web/juminkanja/S2430/initialize?prefCd=07&kikanCd=0752001291&kikanKbn=5", "url2": "https://store.welcia.co.jp/welcia/spot/detail?code=6292D", "内容": "ウエルシア薬局　郡山開成店【5:薬局】福島県郡山市開成六丁目１４９－１" }, "geometry": { "type": "Point", "coordinates": [ 140.355194, 37.387561 ] } },
{ "type": "Feature", "properties": { "ID": 750752001292, "正式名称": "アイランド薬局　船引店", "機関区分": 5, "都道府県コード": 7, "市区町村コード": 211, "所在地": "福島県田村市船引町船引字馬場６２番１", "緯度": 37.4417, "経度": 140.568781, "url": "https://www.iryou.teikyouseido.mhlw.go.jp/znk-web/juminkanja/S2430/initialize?prefCd=07&kikanCd=0752001292&kikanKbn=5", "url2": "http://www.islands.co.jp/", "内容": "アイランド薬局　船引店【5:薬局】福島県田村市船引町船引字馬場６２番１" }, "geometry": { "type": "Point", "coordinates": [ 140.568781, 37.4417 ] } },
{ "type": "Feature", "properties": { "ID": 750752001293, "正式名称": "調剤薬局ツルハドラッグ郡山片平店", "機関区分": 5, "都道府県コード": 7, "市区町村コード": 203, "所在地": "福島県郡山市中ノ目一丁目１７番", "緯度": 37.41925, "経度": 140.333306, "url": "https://www.iryou.teikyouseido.mhlw.go.jp/znk-web/juminkanja/S2430/initialize?prefCd=07&kikanCd=0752001293&kikanKbn=5", "url2": "http://www.tsuruha.co.jp", "内容": "調剤薬局ツルハドラッグ郡山片平店【5:薬局】福島県郡山市中ノ目一丁目１７番" }, "geometry": { "type": "Point", "coordinates": [ 140.333306, 37.41925 ] } },
{ "type": "Feature", "properties": { "ID": 750752001295, "正式名称": "調剤薬局ミッテル　安積店", "機関区分": 5, "都道府県コード": 7, "市区町村コード": 203, "所在地": "福島県郡山市安積荒井二丁目４２番地", "緯度": 37.750472, "経度": 140.46755, "url": "https://www.iryou.teikyouseido.mhlw.go.jp/znk-web/juminkanja/S2430/initialize?prefCd=07&kikanCd=0752001295&kikanKbn=5", "url2": "http:www.mittel.jp", "内容": "調剤薬局ミッテル　安積店【5:薬局】福島県郡山市安積荒井二丁目４２番地" }, "geometry": { "type": "Point", "coordinates": [ 140.46755, 37.750472 ] } },
{ "type": "Feature", "properties": { "ID": 750752001296, "正式名称": "ハーモニー薬局　あさか店", "機関区分": 5, "都道府県コード": 7, "市区町村コード": 203, "所在地": "福島県郡山市安積荒井一丁目５４", "緯度": 37.368981, "経度": 140.354314, "url": "https://www.iryou.teikyouseido.mhlw.go.jp/znk-web/juminkanja/S2430/initialize?prefCd=07&kikanCd=0752001296&kikanKbn=5", "url2": null, "内容": "ハーモニー薬局　あさか店【5:薬局】福島県郡山市安積荒井一丁目５４" }, "geometry": { "type": "Point", "coordinates": [ 140.354314, 37.368981 ] } },
{ "type": "Feature", "properties": { "ID": 750752001297, "正式名称": "ウイン調剤みなみ通り薬局", "機関区分": 5, "都道府県コード": 7, "市区町村コード": 203, "所在地": "福島県郡山市駅前１丁目９－１　松風堂ビル１階", "緯度": 37.396, "経度": 140.385944, "url": "https://www.iryou.teikyouseido.mhlw.go.jp/znk-web/juminkanja/S2430/initialize?prefCd=07&kikanCd=0752001297&kikanKbn=5", "url2": "https://win-ohana.jp", "内容": "ウイン調剤みなみ通り薬局【5:薬局】福島県郡山市駅前１丁目９－１　松風堂ビル１階" }, "geometry": { "type": "Point", "coordinates": [ 140.385944, 37.396 ] } },
{ "type": "Feature", "properties": { "ID": 750752001298, "正式名称": "金屋の杜薬局", "機関区分": 5, "都道府県コード": 7, "市区町村コード": 203, "所在地": "福島県郡山市田村町金屋字マセ口３番地１", "緯度": 37.750472, "経度": 140.46755, "url": "https://www.iryou.teikyouseido.mhlw.go.jp/znk-web/juminkanja/S2430/initialize?prefCd=07&kikanCd=0752001298&kikanKbn=5", "url2": "http://www.clinic-town.net", "内容": "金屋の杜薬局【5:薬局】福島県郡山市田村町金屋字マセ口３番地１" }, "geometry": { "type": "Point", "coordinates": [ 140.46755, 37.750472 ] } },
{ "type": "Feature", "properties": { "ID": 750752001299, "正式名称": "調剤薬局ツルハドラッグ内郷みまや店", "機関区分": 5, "都道府県コード": 7, "市区町村コード": 204, "所在地": "福島県いわき市内郷御厩町３丁目１２２", "緯度": 37.049489, "経度": 140.873719, "url": "https://www.iryou.teikyouseido.mhlw.go.jp/znk-web/juminkanja/S2430/initialize?prefCd=07&kikanCd=0752001299&kikanKbn=5", "url2": "http://www.tsuruha.co.jp", "内容": "調剤薬局ツルハドラッグ内郷みまや店【5:薬局】福島県いわき市内郷御厩町３丁目１２２" }, "geometry": { "type": "Point", "coordinates": [ 140.873719, 37.049489 ] } },
{ "type": "Feature", "properties": { "ID": 750752001301, "正式名称": "マリン薬局", "機関区分": 5, "都道府県コード": 7, "市区町村コード": 204, "所在地": "福島県いわき市中央台鹿島２－２８－４", "緯度": 37.003011, "経度": 140.924719, "url": "https://www.iryou.teikyouseido.mhlw.go.jp/znk-web/juminkanja/S2430/initialize?prefCd=07&kikanCd=0752001301&kikanKbn=5", "url2": "https://www.kraft-net.co.jp/sakura/store/3712/", "内容": "マリン薬局【5:薬局】福島県いわき市中央台鹿島２－２８－４" }, "geometry": { "type": "Point", "coordinates": [ 140.924719, 37.003011 ] } },
{ "type": "Feature", "properties": { "ID": 750752001303, "正式名称": "メルシー薬局　西川店", "機関区分": 5, "都道府県コード": 7, "市区町村コード": 207, "所在地": "福島県須賀川市山寺町１７０", "緯度": 37.303658, "経度": 140.364708, "url": "https://www.iryou.teikyouseido.mhlw.go.jp/znk-web/juminkanja/S2430/initialize?prefCd=07&kikanCd=0752001303&kikanKbn=5", "url2": "https://www.asahiyk.jp", "内容": "メルシー薬局　西川店【5:薬局】福島県須賀川市山寺町１７０" }, "geometry": { "type": "Point", "coordinates": [ 140.364708, 37.303658 ] } },
{ "type": "Feature", "properties": { "ID": 750752001305, "正式名称": "ベース薬局　鹿島厚生病院前店", "機関区分": 5, "都道府県コード": 7, "市区町村コード": 212, "所在地": "福島県南相馬市鹿島区横手字川原５－２", "緯度": 37.709011, "経度": 140.963289, "url": "https://www.iryou.teikyouseido.mhlw.go.jp/znk-web/juminkanja/S2430/initialize?prefCd=07&kikanCd=0752001305&kikanKbn=5", "url2": "http://base-ph.co.jp", "内容": "ベース薬局　鹿島厚生病院前店【5:薬局】福島県南相馬市鹿島区横手字川原５－２" }, "geometry": { "type": "Point", "coordinates": [ 140.963289, 37.709011 ] } },
{ "type": "Feature", "properties": { "ID": 750752001306, "正式名称": "コスモ調剤薬局　片平店", "機関区分": 5, "都道府県コード": 7, "市区町村コード": 203, "所在地": "福島県郡山市片平町字出磬東５番７", "緯度": 37.406819, "経度": 140.33135, "url": "https://www.iryou.teikyouseido.mhlw.go.jp/znk-web/juminkanja/S2430/initialize?prefCd=07&kikanCd=0752001306&kikanKbn=5", "url2": "http://www.cosmo-ph.co.jp/", "内容": "コスモ調剤薬局　片平店【5:薬局】福島県郡山市片平町字出磬東５番７" }, "geometry": { "type": "Point", "coordinates": [ 140.33135, 37.406819 ] } },
{ "type": "Feature", "properties": { "ID": 750752001307, "正式名称": "あかつき薬局", "機関区分": 5, "都道府県コード": 7, "市区町村コード": 201, "所在地": "福島県福島市鎌田字一里塚５－１２", "緯度": 37.796444, "経度": 140.487883, "url": "https://www.iryou.teikyouseido.mhlw.go.jp/znk-web/juminkanja/S2430/initialize?prefCd=07&kikanCd=0752001307&kikanKbn=5", "url2": null, "内容": "あかつき薬局【5:薬局】福島県福島市鎌田字一里塚５－１２" }, "geometry": { "type": "Point", "coordinates": [ 140.487883, 37.796444 ] } },
{ "type": "Feature", "properties": { "ID": 750752001308, "正式名称": "そうごう薬局　福島駅前店", "機関区分": 5, "都道府県コード": 7, "市区町村コード": 201, "所在地": "福島県福島市天神町１番１号", "緯度": 37.758458, "経度": 140.461625, "url": "https://www.iryou.teikyouseido.mhlw.go.jp/znk-web/juminkanja/S2430/initialize?prefCd=07&kikanCd=0752001308&kikanKbn=5", "url2": "https://www.sogo-pharmacy.jp/shop/view/572", "内容": "そうごう薬局　福島駅前店【5:薬局】福島県福島市天神町１番１号" }, "geometry": { "type": "Point", "coordinates": [ 140.461625, 37.758458 ] } },
{ "type": "Feature", "properties": { "ID": 750752001309, "正式名称": "あすなろ調剤薬局　富田店", "機関区分": 5, "都道府県コード": 7, "市区町村コード": 203, "所在地": "福島県郡山市富田町字町畑４４－１", "緯度": 37.414694, "経度": 140.347314, "url": "https://www.iryou.teikyouseido.mhlw.go.jp/znk-web/juminkanja/S2430/initialize?prefCd=07&kikanCd=0752001309&kikanKbn=5", "url2": null, "内容": "あすなろ調剤薬局　富田店【5:薬局】福島県郡山市富田町字町畑４４－１" }, "geometry": { "type": "Point", "coordinates": [ 140.347314, 37.414694 ] } },
{ "type": "Feature", "properties": { "ID": 750752001310, "正式名称": "さくら薬局　須賀川北町店", "機関区分": 5, "都道府県コード": 7, "市区町村コード": 207, "所在地": "福島県須賀川市北町１０－１", "緯度": 37.293783, "経度": 140.374406, "url": "https://www.iryou.teikyouseido.mhlw.go.jp/znk-web/juminkanja/S2430/initialize?prefCd=07&kikanCd=0752001310&kikanKbn=5", "url2": "https://www.kraft-net.co.jp/sakura/store/3755/", "内容": "さくら薬局　須賀川北町店【5:薬局】福島県須賀川市北町１０－１" }, "geometry": { "type": "Point", "coordinates": [ 140.374406, 37.293783 ] } },
{ "type": "Feature", "properties": { "ID": 750752001311, "正式名称": "樋口漢方薬局", "機関区分": 5, "都道府県コード": 7, "市区町村コード": 201, "所在地": "福島県福島市北沢又字清水５－１１", "緯度": 37.783831, "経度": 140.429614, "url": "https://www.iryou.teikyouseido.mhlw.go.jp/znk-web/juminkanja/S2430/initialize?prefCd=07&kikanCd=0752001311&kikanKbn=5", "url2": null, "内容": "樋口漢方薬局【5:薬局】福島県福島市北沢又字清水５－１１" }, "geometry": { "type": "Point", "coordinates": [ 140.429614, 37.783831 ] } },
{ "type": "Feature", "properties": { "ID": 750752001312, "正式名称": "株式会社くすりのマルト調剤薬局　窪田店", "機関区分": 5, "都道府県コード": 7, "市区町村コード": 204, "所在地": "福島県いわき市勿来町窪田十条３－１－３", "緯度": 36.890597, "経度": 140.768481, "url": "https://www.iryou.teikyouseido.mhlw.go.jp/znk-web/juminkanja/S2430/initialize?prefCd=07&kikanCd=0752001312&kikanKbn=5", "url2": "https://drug-maruto.jp/shopinfo/store_c_kubot", "内容": "株式会社くすりのマルト調剤薬局　窪田店【5:薬局】福島県いわき市勿来町窪田十条３－１－３" }, "geometry": { "type": "Point", "coordinates": [ 140.768481, 36.890597 ] } },
{ "type": "Feature", "properties": { "ID": 750752001313, "正式名称": "ウエルシア薬局福島本宮店", "機関区分": 5, "都道府県コード": 7, "市区町村コード": 214, "所在地": "福島県本宮市本宮字舘町１９４番", "緯度": 37.519056, "経度": 140.398344, "url": "https://www.iryou.teikyouseido.mhlw.go.jp/znk-web/juminkanja/S2430/initialize?prefCd=07&kikanCd=0752001313&kikanKbn=5", "url2": "https://www.welcia-yakkyoku.co.jp/", "内容": "ウエルシア薬局福島本宮店【5:薬局】福島県本宮市本宮字舘町１９４番" }, "geometry": { "type": "Point", "coordinates": [ 140.398344, 37.519056 ] } },
{ "type": "Feature", "properties": { "ID": 750752001316, "正式名称": "調剤薬局ツルハドラッグいわき玉露店", "機関区分": 5, "都道府県コード": 7, "市区町村コード": 204, "所在地": "福島県いわき市泉玉露５丁目７－６", "緯度": 36.959753, "経度": 140.852114, "url": "https://www.iryou.teikyouseido.mhlw.go.jp/znk-web/juminkanja/S2430/initialize?prefCd=07&kikanCd=0752001316&kikanKbn=5", "url2": "https://shop.tsuruha-g.com/1198", "内容": "調剤薬局ツルハドラッグいわき玉露店【5:薬局】福島県いわき市泉玉露５丁目７－６" }, "geometry": { "type": "Point", "coordinates": [ 140.852114, 36.959753 ] } },
{ "type": "Feature", "properties": { "ID": 750752001318, "正式名称": "あさひ薬局", "機関区分": 5, "都道府県コード": 7, "市区町村コード": 212, "所在地": "福島県南相馬市原町区大木戸字松島３１８－１", "緯度": 37.625228, "経度": 140.943964, "url": "https://www.iryou.teikyouseido.mhlw.go.jp/znk-web/juminkanja/S2430/initialize?prefCd=07&kikanCd=0752001318&kikanKbn=5", "url2": "https://www.good-np.com/", "内容": "あさひ薬局【5:薬局】福島県南相馬市原町区大木戸字松島３１８－１" }, "geometry": { "type": "Point", "coordinates": [ 140.943964, 37.625228 ] } },
{ "type": "Feature", "properties": { "ID": 750752001322, "正式名称": "泉町薬局", "機関区分": 5, "都道府県コード": 7, "市区町村コード": 209, "所在地": "福島県相馬市中村字泉町１４－４", "緯度": 37.80605, "経度": 140.923403, "url": "https://www.iryou.teikyouseido.mhlw.go.jp/znk-web/juminkanja/S2430/initialize?prefCd=07&kikanCd=0752001322&kikanKbn=5", "url2": "https://www.big-advance.site/s/194/1247", "内容": "泉町薬局【5:薬局】福島県相馬市中村字泉町１４－４" }, "geometry": { "type": "Point", "coordinates": [ 140.923403, 37.80605 ] } },
{ "type": "Feature", "properties": { "ID": 750752001323, "正式名称": "クオール薬局福島黒岩店", "機関区分": 5, "都道府県コード": 7, "市区町村コード": 201, "所在地": "福島県福島市黒岩字竹ノ内１０番地の１", "緯度": 37.728244, "経度": 140.470911, "url": "https://www.iryou.teikyouseido.mhlw.go.jp/znk-web/juminkanja/S2430/initialize?prefCd=07&kikanCd=0752001323&kikanKbn=5", "url2": "https://www.qol-net.co.jp/", "内容": "クオール薬局福島黒岩店【5:薬局】福島県福島市黒岩字竹ノ内１０番地の１" }, "geometry": { "type": "Point", "coordinates": [ 140.470911, 37.728244 ] } },
{ "type": "Feature", "properties": { "ID": 750752001324, "正式名称": "ウイン調剤薬局白河店", "機関区分": 5, "都道府県コード": 7, "市区町村コード": 205, "所在地": "福島県白河市立石山１１－５", "緯度": 37.128167, "経度": 140.194533, "url": "https://www.iryou.teikyouseido.mhlw.go.jp/znk-web/juminkanja/S2430/initialize?prefCd=07&kikanCd=0752001324&kikanKbn=5", "url2": null, "内容": "ウイン調剤薬局白河店【5:薬局】福島県白河市立石山１１－５" }, "geometry": { "type": "Point", "coordinates": [ 140.194533, 37.128167 ] } },
{ "type": "Feature", "properties": { "ID": 750752001325, "正式名称": "さくら薬局　塙店", "機関区分": 5, "都道府県コード": 7, "市区町村コード": 483, "所在地": "福島県東白川郡塙町大字塙字材木町１１－１", "緯度": 36.960981, "経度": 140.408556, "url": "https://www.iryou.teikyouseido.mhlw.go.jp/znk-web/juminkanja/S2430/initialize?prefCd=07&kikanCd=0752001325&kikanKbn=5", "url2": "https://www.kraft-net.co.jp/sakura/store/3808/", "内容": "さくら薬局　塙店【5:薬局】福島県東白川郡塙町大字塙字材木町１１－１" }, "geometry": { "type": "Point", "coordinates": [ 140.408556, 36.960981 ] } },
{ "type": "Feature", "properties": { "ID": 750752001326, "正式名称": "ウエルシア薬局郡山小原田店", "機関区分": 5, "都道府県コード": 7, "市区町村コード": 203, "所在地": "福島県郡山市小原田三丁目３番１４号", "緯度": 37.379864, "経度": 140.385814, "url": "https://www.iryou.teikyouseido.mhlw.go.jp/znk-web/juminkanja/S2430/initialize?prefCd=07&kikanCd=0752001326&kikanKbn=5", "url2": "https://store.welcia.co.jp/welcia/spot/detail?code=6261D", "内容": "ウエルシア薬局郡山小原田店【5:薬局】福島県郡山市小原田三丁目３番１４号" }, "geometry": { "type": "Point", "coordinates": [ 140.385814, 37.379864 ] } },
{ "type": "Feature", "properties": { "ID": 750752001327, "正式名称": "いぶき薬局", "機関区分": 5, "都道府県コード": 7, "市区町村コード": 202, "所在地": "福島県会津若松市一箕町鶴賀下居合６０－５", "緯度": 37.523672, "経度": 139.944114, "url": "https://www.iryou.teikyouseido.mhlw.go.jp/znk-web/juminkanja/S2430/initialize?prefCd=07&kikanCd=0752001327&kikanKbn=5", "url2": "https://www.aiki-ph.co.jp/", "内容": "いぶき薬局【5:薬局】福島県会津若松市一箕町鶴賀下居合６０－５" }, "geometry": { "type": "Point", "coordinates": [ 139.944114, 37.523672 ] } },
{ "type": "Feature", "properties": { "ID": 750752001328, "正式名称": "ウイン調剤薬局保原店", "機関区分": 5, "都道府県コード": 7, "市区町村コード": 213, "所在地": "福島県伊達市保原町字東野崎６９－１", "緯度": 37.815742, "経度": 140.557253, "url": "https://www.iryou.teikyouseido.mhlw.go.jp/znk-web/juminkanja/S2430/initialize?prefCd=07&kikanCd=0752001328&kikanKbn=5", "url2": "www.winpharma.jp", "内容": "ウイン調剤薬局保原店【5:薬局】福島県伊達市保原町字東野崎６９－１" }, "geometry": { "type": "Point", "coordinates": [ 140.557253, 37.815742 ] } },
{ "type": "Feature", "properties": { "ID": 750752001329, "正式名称": "保原薬局国見店", "機関区分": 5, "都道府県コード": 7, "市区町村コード": 303, "所在地": "福島県伊達郡国見町大字藤田字北７－４", "緯度": 37.875925, "経度": 140.54475, "url": "https://www.iryou.teikyouseido.mhlw.go.jp/znk-web/juminkanja/S2430/initialize?prefCd=07&kikanCd=0752001329&kikanKbn=5", "url2": "https://fukushima-ms.com", "内容": "保原薬局国見店【5:薬局】福島県伊達郡国見町大字藤田字北７－４" }, "geometry": { "type": "Point", "coordinates": [ 140.54475, 37.875925 ] } },
{ "type": "Feature", "properties": { "ID": 750752001331, "正式名称": "アイル薬局上野寺店", "機関区分": 5, "都道府県コード": 7, "市区町村コード": 201, "所在地": "福島県福島市上野寺字西原１８－２", "緯度": 37.758411, "経度": 140.400411, "url": "https://www.iryou.teikyouseido.mhlw.go.jp/znk-web/juminkanja/S2430/initialize?prefCd=07&kikanCd=0752001331&kikanKbn=5", "url2": "http://www.bsg.cc/", "内容": "アイル薬局上野寺店【5:薬局】福島県福島市上野寺字西原１８－２" }, "geometry": { "type": "Point", "coordinates": [ 140.400411, 37.758411 ] } },
{ "type": "Feature", "properties": { "ID": 750752001333, "正式名称": "日本調剤　いわき薬局", "機関区分": 5, "都道府県コード": 7, "市区町村コード": 204, "所在地": "福島県いわき市内郷綴町沼尻１４８－１", "緯度": 37.039775, "経度": 140.863644, "url": "https://www.iryou.teikyouseido.mhlw.go.jp/znk-web/juminkanja/S2430/initialize?prefCd=07&kikanCd=0752001333&kikanKbn=5", "url2": "http://www.nicho.co.jp/tenpo/iwaki/", "内容": "日本調剤　いわき薬局【5:薬局】福島県いわき市内郷綴町沼尻１４８－１" }, "geometry": { "type": "Point", "coordinates": [ 140.863644, 37.039775 ] } },
{ "type": "Feature", "properties": { "ID": 750752001336, "正式名称": "ふるまち薬局", "機関区分": 5, "都道府県コード": 7, "市区町村コード": 368, "所在地": "福島県南会津郡南会津町古町字新坂口１番地５", "緯度": 37.170486, "経度": 139.522875, "url": "https://www.iryou.teikyouseido.mhlw.go.jp/znk-web/juminkanja/S2430/initialize?prefCd=07&kikanCd=0752001336&kikanKbn=5", "url2": null, "内容": "ふるまち薬局【5:薬局】福島県南会津郡南会津町古町字新坂口１番地５" }, "geometry": { "type": "Point", "coordinates": [ 139.522875, 37.170486 ] } },
{ "type": "Feature", "properties": { "ID": 750752001337, "正式名称": "ローズ薬局", "機関区分": 5, "都道府県コード": 7, "市区町村コード": 205, "所在地": "福島県白河市金鈴４－５", "緯度": 37.116622, "経度": 140.228772, "url": "https://www.iryou.teikyouseido.mhlw.go.jp/znk-web/juminkanja/S2430/initialize?prefCd=07&kikanCd=0752001337&kikanKbn=5", "url2": "https://www.kusurinomadoguchi.com/fukushima/s124608", "内容": "ローズ薬局【5:薬局】福島県白河市金鈴４－５" }, "geometry": { "type": "Point", "coordinates": [ 140.228772, 37.116622 ] } },
{ "type": "Feature", "properties": { "ID": 750752001340, "正式名称": "アイン薬局いわき小島店", "機関区分": 5, "都道府県コード": 7, "市区町村コード": 204, "所在地": "福島県いわき市小島町１丁目５－１０", "緯度": 37.050775, "経度": 140.881739, "url": "https://www.iryou.teikyouseido.mhlw.go.jp/znk-web/juminkanja/S2430/initialize?prefCd=07&kikanCd=0752001340&kikanKbn=5", "url2": null, "内容": "アイン薬局いわき小島店【5:薬局】福島県いわき市小島町１丁目５－１０" }, "geometry": { "type": "Point", "coordinates": [ 140.881739, 37.050775 ] } },
{ "type": "Feature", "properties": { "ID": 750752001341, "正式名称": "薬局タローファーマシーけいりん場前店", "機関区分": 5, "都道府県コード": 7, "市区町村コード": 204, "所在地": "福島県いわき市平谷川瀬一丁目１９－６", "緯度": 37.046839, "経度": 140.892369, "url": "https://www.iryou.teikyouseido.mhlw.go.jp/znk-web/juminkanja/S2430/initialize?prefCd=07&kikanCd=0752001341&kikanKbn=5", "url2": "https://taropha.com/", "内容": "薬局タローファーマシーけいりん場前店【5:薬局】福島県いわき市平谷川瀬一丁目１９－６" }, "geometry": { "type": "Point", "coordinates": [ 140.892369, 37.046839 ] } },
{ "type": "Feature", "properties": { "ID": 750752001342, "正式名称": "アイン薬局　南相馬店", "機関区分": 5, "都道府県コード": 7, "市区町村コード": 212, "所在地": "福島県南相馬市原町区旭町１丁目４７", "緯度": 37.638025, "経度": 140.966842, "url": "https://www.iryou.teikyouseido.mhlw.go.jp/znk-web/juminkanja/S2430/initialize?prefCd=07&kikanCd=0752001342&kikanKbn=5", "url2": null, "内容": "アイン薬局　南相馬店【5:薬局】福島県南相馬市原町区旭町１丁目４７" }, "geometry": { "type": "Point", "coordinates": [ 140.966842, 37.638025 ] } },
{ "type": "Feature", "properties": { "ID": 750752001343, "正式名称": "アイン薬局　南相馬東店", "機関区分": 5, "都道府県コード": 7, "市区町村コード": 212, "所在地": "福島県南相馬市原町区高見町２－１２２－１", "緯度": 37.637453, "経度": 140.985933, "url": "https://www.iryou.teikyouseido.mhlw.go.jp/znk-web/juminkanja/S2430/initialize?prefCd=07&kikanCd=0752001343&kikanKbn=5", "url2": "https://store.ainj.co.jp/detail/1100343/", "内容": "アイン薬局　南相馬東店【5:薬局】福島県南相馬市原町区高見町２－１２２－１" }, "geometry": { "type": "Point", "coordinates": [ 140.985933, 37.637453 ] } },
{ "type": "Feature", "properties": { "ID": 750752001344, "正式名称": "かしまアイ薬局", "機関区分": 5, "都道府県コード": 7, "市区町村コード": 212, "所在地": "福島県南相馬市鹿島区寺内塚合１２３－２", "緯度": 37.700819, "経度": 140.947478, "url": "https://www.iryou.teikyouseido.mhlw.go.jp/znk-web/juminkanja/S2430/initialize?prefCd=07&kikanCd=0752001344&kikanKbn=5", "url2": null, "内容": "かしまアイ薬局【5:薬局】福島県南相馬市鹿島区寺内塚合１２３－２" }, "geometry": { "type": "Point", "coordinates": [ 140.947478, 37.700819 ] } },
{ "type": "Feature", "properties": { "ID": 750752001345, "正式名称": "アイル薬局住吉店", "機関区分": 5, "都道府県コード": 7, "市区町村コード": 204, "所在地": "福島県いわき市小名浜住吉字冠木１－２", "緯度": 36.978047, "経度": 140.887603, "url": "https://www.iryou.teikyouseido.mhlw.go.jp/znk-web/juminkanja/S2430/initialize?prefCd=07&kikanCd=0752001345&kikanKbn=5", "url2": "http://www.e-classsa.net.net/ailusumiyoshi/", "内容": "アイル薬局住吉店【5:薬局】福島県いわき市小名浜住吉字冠木１－２" }, "geometry": { "type": "Point", "coordinates": [ 140.887603, 36.978047 ] } },
{ "type": "Feature", "properties": { "ID": 750752001346, "正式名称": "アイン薬局　福島石川店", "機関区分": 5, "都道府県コード": 7, "市区町村コード": 501, "所在地": "福島県石川郡石川町字立ケ岡５０－１１", "緯度": 37.140728, "経度": 140.445503, "url": "https://www.iryou.teikyouseido.mhlw.go.jp/znk-web/juminkanja/S2430/initialize?prefCd=07&kikanCd=0752001346&kikanKbn=5", "url2": "http://www.ainj.co.jp/", "内容": "アイン薬局　福島石川店【5:薬局】福島県石川郡石川町字立ケ岡５０－１１" }, "geometry": { "type": "Point", "coordinates": [ 140.445503, 37.140728 ] } },
{ "type": "Feature", "properties": { "ID": 750752001347, "正式名称": "さくら薬局　会津山鹿店", "機関区分": 5, "都道府県コード": 7, "市区町村コード": 202, "所在地": "福島県会津若松市山鹿町４番８号", "緯度": 37.491308, "経度": 139.922594, "url": "https://www.iryou.teikyouseido.mhlw.go.jp/znk-web/juminkanja/S2430/initialize?prefCd=07&kikanCd=0752001347&kikanKbn=5", "url2": "http://www.kraft-net.co.jp/sakura/store/3903/", "内容": "さくら薬局　会津山鹿店【5:薬局】福島県会津若松市山鹿町４番８号" }, "geometry": { "type": "Point", "coordinates": [ 139.922594, 37.491308 ] } },
{ "type": "Feature", "properties": { "ID": 750752001348, "正式名称": "カワチ薬局　須賀川店", "機関区分": 5, "都道府県コード": 7, "市区町村コード": 207, "所在地": "福島県須賀川市陣場町１", "緯度": 37.298519, "経度": 140.366731, "url": "https://www.iryou.teikyouseido.mhlw.go.jp/znk-web/juminkanja/S2430/initialize?prefCd=07&kikanCd=0752001348&kikanKbn=5", "url2": "https://www.cawachi.co.jp", "内容": "カワチ薬局　須賀川店【5:薬局】福島県須賀川市陣場町１" }, "geometry": { "type": "Point", "coordinates": [ 140.366731, 37.298519 ] } },
{ "type": "Feature", "properties": { "ID": 750752001349, "正式名称": "ウエルシア薬局　喜多方常盤台店", "機関区分": 5, "都道府県コード": 7, "市区町村コード": 208, "所在地": "福島県喜多方市字常盤台４６番１", "緯度": 37.667608, "経度": 139.872131, "url": "https://www.iryou.teikyouseido.mhlw.go.jp/znk-web/juminkanja/S2430/initialize?prefCd=07&kikanCd=0752001349&kikanKbn=5", "url2": "http://www.welcia-yakkyoku.co.jp/", "内容": "ウエルシア薬局　喜多方常盤台店【5:薬局】福島県喜多方市字常盤台４６番１" }, "geometry": { "type": "Point", "coordinates": [ 139.872131, 37.667608 ] } },
{ "type": "Feature", "properties": { "ID": 750752001350, "正式名称": "アイン薬局　西ノ内店", "機関区分": 5, "都道府県コード": 7, "市区町村コード": 203, "所在地": "福島県郡山市西ノ内２丁目１０－３２", "緯度": 37.407642, "経度": 140.366606, "url": "https://www.iryou.teikyouseido.mhlw.go.jp/znk-web/juminkanja/S2430/initialize?prefCd=07&kikanCd=0752001350&kikanKbn=5", "url2": "http://www.ainj.co.jp/", "内容": "アイン薬局　西ノ内店【5:薬局】福島県郡山市西ノ内２丁目１０－３２" }, "geometry": { "type": "Point", "coordinates": [ 140.366606, 37.407642 ] } },
{ "type": "Feature", "properties": { "ID": 750752001351, "正式名称": "アイン薬局　郡山名倉店", "機関区分": 5, "都道府県コード": 7, "市区町村コード": 203, "所在地": "福島県郡山市字名倉２３－２", "緯度": 37.376772, "経度": 140.365067, "url": "https://www.iryou.teikyouseido.mhlw.go.jp/znk-web/juminkanja/S2430/initialize?prefCd=07&kikanCd=0752001351&kikanKbn=5", "url2": "http://www.ainj.co.jp/", "内容": "アイン薬局　郡山名倉店【5:薬局】福島県郡山市字名倉２３－２" }, "geometry": { "type": "Point", "coordinates": [ 140.365067, 37.376772 ] } },
{ "type": "Feature", "properties": { "ID": 750752001353, "正式名称": "雄飛堂薬局郡山富田店", "機関区分": 5, "都道府県コード": 7, "市区町村コード": 203, "所在地": "福島県郡山市富田西二丁目１７５", "緯度": 37.421158, "経度": 140.336142, "url": "https://www.iryou.teikyouseido.mhlw.go.jp/znk-web/juminkanja/S2430/initialize?prefCd=07&kikanCd=0752001353&kikanKbn=5", "url2": "https://yuhido.com/stores/%e9%9b%84%e9%a3%9b%e5%a0%82%e8%96%ac%e5%b1%80%e3%80%80%e9%83%a1%e5%b1%b1%e5%af%8c%e7%94%b0%e5%ba%97/", "内容": "雄飛堂薬局郡山富田店【5:薬局】福島県郡山市富田西二丁目１７５" }, "geometry": { "type": "Point", "coordinates": [ 140.336142, 37.421158 ] } },
{ "type": "Feature", "properties": { "ID": 750752001354, "正式名称": "カワチ薬局　大槻店", "機関区分": 5, "都道府県コード": 7, "市区町村コード": 203, "所在地": "福島県郡山市御前南１－１９", "緯度": 37.385989, "経度": 140.333544, "url": "https://www.iryou.teikyouseido.mhlw.go.jp/znk-web/juminkanja/S2430/initialize?prefCd=07&kikanCd=0752001354&kikanKbn=5", "url2": "https://www.cawachi.co.jp", "内容": "カワチ薬局　大槻店【5:薬局】福島県郡山市御前南１－１９" }, "geometry": { "type": "Point", "coordinates": [ 140.333544, 37.385989 ] } },
{ "type": "Feature", "properties": { "ID": 750752001358, "正式名称": "調剤薬局ツルハドラッグ平窪店", "機関区分": 5, "都道府県コード": 7, "市区町村コード": 204, "所在地": "福島県いわき市平下平窪山土内町１－１", "緯度": 37.084, "経度": 140.877756, "url": "https://www.iryou.teikyouseido.mhlw.go.jp/znk-web/juminkanja/S2430/initialize?prefCd=07&kikanCd=0752001358&kikanKbn=5", "url2": "http://www.tsuruha.co.jp/shop/?cm=v&id=525", "内容": "調剤薬局ツルハドラッグ平窪店【5:薬局】福島県いわき市平下平窪山土内町１－１" }, "geometry": { "type": "Point", "coordinates": [ 140.877756, 37.084 ] } },
{ "type": "Feature", "properties": { "ID": 750752001360, "正式名称": "ウエルシア薬局　伊達新梁川店", "機関区分": 5, "都道府県コード": 7, "市区町村コード": 213, "所在地": "福島県伊達市梁川町広瀬町４３番地", "緯度": 37.848819, "経度": 140.602667, "url": "https://www.iryou.teikyouseido.mhlw.go.jp/znk-web/juminkanja/S2430/initialize?prefCd=07&kikanCd=0752001360&kikanKbn=5", "url2": "http://welcia-yakkyoku.co.jp/", "内容": "ウエルシア薬局　伊達新梁川店【5:薬局】福島県伊達市梁川町広瀬町４３番地" }, "geometry": { "type": "Point", "coordinates": [ 140.602667, 37.848819 ] } },
{ "type": "Feature", "properties": { "ID": 750752001363, "正式名称": "共創未来　相馬塚田薬局", "機関区分": 5, "都道府県コード": 7, "市区町村コード": 209, "所在地": "福島県相馬市中村字塚田５２－１　プレシャス桜ヶ丘１Ｆ", "緯度": 37.804328, "経度": 140.912006, "url": "https://www.iryou.teikyouseido.mhlw.go.jp/znk-web/juminkanja/S2430/initialize?prefCd=07&kikanCd=0752001363&kikanKbn=5", "url2": null, "内容": "共創未来　相馬塚田薬局【5:薬局】福島県相馬市中村字塚田５２－１　プレシャス桜ヶ丘１Ｆ" }, "geometry": { "type": "Point", "coordinates": [ 140.912006, 37.804328 ] } },
{ "type": "Feature", "properties": { "ID": 750752001364, "正式名称": "ウエルシア薬局　福島鎌田店", "機関区分": 5, "都道府県コード": 7, "市区町村コード": 201, "所在地": "福島県福島市鎌田字西５番地の１", "緯度": 37.79145, "経度": 140.484122, "url": "https://www.iryou.teikyouseido.mhlw.go.jp/znk-web/juminkanja/S2430/initialize?prefCd=07&kikanCd=0752001364&kikanKbn=5", "url2": "https://www.welcia-yakkyoku.co.jp/", "内容": "ウエルシア薬局　福島鎌田店【5:薬局】福島県福島市鎌田字西５番地の１" }, "geometry": { "type": "Point", "coordinates": [ 140.484122, 37.79145 ] } },
{ "type": "Feature", "properties": { "ID": 750752001366, "正式名称": "ファーマライズ薬局　飯盛店", "機関区分": 5, "都道府県コード": 7, "市区町村コード": 202, "所在地": "福島県会津若松市中島町６－１", "緯度": 37.510264, "経度": 139.950161, "url": "https://www.iryou.teikyouseido.mhlw.go.jp/znk-web/juminkanja/S2430/initialize?prefCd=07&kikanCd=0752001366&kikanKbn=5", "url2": "http://www.pharmarise.com", "内容": "ファーマライズ薬局　飯盛店【5:薬局】福島県会津若松市中島町６－１" }, "geometry": { "type": "Point", "coordinates": [ 139.950161, 37.510264 ] } },
{ "type": "Feature", "properties": { "ID": 750752001367, "正式名称": "トリム薬局　山鹿店", "機関区分": 5, "都道府県コード": 7, "市区町村コード": 202, "所在地": "福島県会津若松市本町１番３５号", "緯度": 37.492194, "経度": 139.921703, "url": "https://www.iryou.teikyouseido.mhlw.go.jp/znk-web/juminkanja/S2430/initialize?prefCd=07&kikanCd=0752001367&kikanKbn=5", "url2": "http://www.pharmarise.com", "内容": "トリム薬局　山鹿店【5:薬局】福島県会津若松市本町１番３５号" }, "geometry": { "type": "Point", "coordinates": [ 139.921703, 37.492194 ] } },
{ "type": "Feature", "properties": { "ID": 750752001368, "正式名称": "ファーマライズ薬局　内郷店", "機関区分": 5, "都道府県コード": 7, "市区町村コード": 204, "所在地": "福島県いわき市内郷内町立町８３－２", "緯度": 37.037194, "経度": 140.849853, "url": "https://www.iryou.teikyouseido.mhlw.go.jp/znk-web/juminkanja/S2430/initialize?prefCd=07&kikanCd=0752001368&kikanKbn=5", "url2": "http://www.pharmarise.com/company/store/index.html", "内容": "ファーマライズ薬局　内郷店【5:薬局】福島県いわき市内郷内町立町８３－２" }, "geometry": { "type": "Point", "coordinates": [ 140.849853, 37.037194 ] } },
{ "type": "Feature", "properties": { "ID": 750752001369, "正式名称": "アイン薬局いわき富岡店", "機関区分": 5, "都道府県コード": 7, "市区町村コード": 204, "所在地": "福島県いわき市小名浜南富岡字富士前４８ー２", "緯度": 36.960361, "経度": 140.881744, "url": "https://www.iryou.teikyouseido.mhlw.go.jp/znk-web/juminkanja/S2430/initialize?prefCd=07&kikanCd=0752001369&kikanKbn=5", "url2": null, "内容": "アイン薬局いわき富岡店【5:薬局】福島県いわき市小名浜南富岡字富士前４８ー２" }, "geometry": { "type": "Point", "coordinates": [ 140.881744, 36.960361 ] } },
{ "type": "Feature", "properties": { "ID": 750752001370, "正式名称": "フジ薬局　本店", "機関区分": 5, "都道府県コード": 7, "市区町村コード": 203, "所在地": "福島県郡山市備前舘１丁目１４８番地", "緯度": 37.415236, "経度": 140.367006, "url": "https://www.iryou.teikyouseido.mhlw.go.jp/znk-web/juminkanja/S2430/initialize?prefCd=07&kikanCd=0752001370&kikanKbn=5", "url2": "http://fuji-pharm.jp", "内容": "フジ薬局　本店【5:薬局】福島県郡山市備前舘１丁目１４８番地" }, "geometry": { "type": "Point", "coordinates": [ 140.367006, 37.415236 ] } },
{ "type": "Feature", "properties": { "ID": 750752001372, "正式名称": "さくら薬局　南相馬原町店", "機関区分": 5, "都道府県コード": 7, "市区町村コード": 212, "所在地": "福島県南相馬市原町区南町四丁目２６番地の３", "緯度": 37.629642, "経度": 140.958536, "url": "https://www.iryou.teikyouseido.mhlw.go.jp/znk-web/juminkanja/S2430/initialize?prefCd=07&kikanCd=0752001372&kikanKbn=5", "url2": "https://www.kraft-net.co.jp/sakura/store/3958/", "内容": "さくら薬局　南相馬原町店【5:薬局】福島県南相馬市原町区南町四丁目２６番地の３" }, "geometry": { "type": "Point", "coordinates": [ 140.958536, 37.629642 ] } },
{ "type": "Feature", "properties": { "ID": 750752001373, "正式名称": "コスモ調剤薬局山崎店", "機関区分": 5, "都道府県コード": 7, "市区町村コード": 203, "所在地": "福島県郡山市山崎３０５－６", "緯度": 37.382597, "経度": 140.360628, "url": "https://www.iryou.teikyouseido.mhlw.go.jp/znk-web/juminkanja/S2430/initialize?prefCd=07&kikanCd=0752001373&kikanKbn=5", "url2": "http://www.cosmo-ph.co.jp/", "内容": "コスモ調剤薬局山崎店【5:薬局】福島県郡山市山崎３０５－６" }, "geometry": { "type": "Point", "coordinates": [ 140.360628, 37.382597 ] } },
{ "type": "Feature", "properties": { "ID": 750752001374, "正式名称": "すず薬局　かおりやま店", "機関区分": 5, "都道府県コード": 7, "市区町村コード": 203, "所在地": "福島県郡山市長者２－１２－５", "緯度": 37.401697, "経度": 140.370469, "url": "https://www.iryou.teikyouseido.mhlw.go.jp/znk-web/juminkanja/S2430/initialize?prefCd=07&kikanCd=0752001374&kikanKbn=5", "url2": "pharmacy-suzu.com", "内容": "すず薬局　かおりやま店【5:薬局】福島県郡山市長者２－１２－５" }, "geometry": { "type": "Point", "coordinates": [ 140.370469, 37.401697 ] } },
{ "type": "Feature", "properties": { "ID": 750752001375, "正式名称": "アイセイ薬局　郡山久留米店", "機関区分": 5, "都道府県コード": 7, "市区町村コード": 203, "所在地": "福島県郡山市久留米三丁目１２４－１", "緯度": 37.750469, "経度": 140.467547, "url": "https://www.iryou.teikyouseido.mhlw.go.jp/znk-web/juminkanja/S2430/initialize?prefCd=07&kikanCd=0752001375&kikanKbn=5", "url2": "https://www.aisei.co.jp/", "内容": "アイセイ薬局　郡山久留米店【5:薬局】福島県郡山市久留米三丁目１２４－１" }, "geometry": { "type": "Point", "coordinates": [ 140.467547, 37.750469 ] } },
{ "type": "Feature", "properties": { "ID": 750752001376, "正式名称": "カワチ薬局　白河店", "機関区分": 5, "都道府県コード": 7, "市区町村コード": 205, "所在地": "福島県白河市昭和町１８８", "緯度": 37.128875, "経度": 140.201886, "url": "https://www.iryou.teikyouseido.mhlw.go.jp/znk-web/juminkanja/S2430/initialize?prefCd=07&kikanCd=0752001376&kikanKbn=5", "url2": "https://www.cawachi.co.jp", "内容": "カワチ薬局　白河店【5:薬局】福島県白河市昭和町１８８" }, "geometry": { "type": "Point", "coordinates": [ 140.201886, 37.128875 ] } },
{ "type": "Feature", "properties": { "ID": 750752001377, "正式名称": "ウエルシア薬局　西白河西郷店", "機関区分": 5, "都道府県コード": 7, "市区町村コード": 461, "所在地": "福島県西白河郡西郷村大字米字中山前８４－１０", "緯度": 37.131308, "経度": 140.189681, "url": "https://www.iryou.teikyouseido.mhlw.go.jp/znk-web/juminkanja/S2430/initialize?prefCd=07&kikanCd=0752001377&kikanKbn=5", "url2": "https://www.welcia-yakkyoku.co.jp/", "内容": "ウエルシア薬局　西白河西郷店【5:薬局】福島県西白河郡西郷村大字米字中山前８４－１０" }, "geometry": { "type": "Point", "coordinates": [ 140.189681, 37.131308 ] } },
{ "type": "Feature", "properties": { "ID": 750752001378, "正式名称": "ウエルシア薬局　福島玉川店", "機関区分": 5, "都道府県コード": 7, "市区町村コード": 502, "所在地": "福島県石川郡玉川村大字小高稲荷畷２４－１", "緯度": 37.212322, "経度": 140.406542, "url": "https://www.iryou.teikyouseido.mhlw.go.jp/znk-web/juminkanja/S2430/initialize?prefCd=07&kikanCd=0752001378&kikanKbn=5", "url2": "https://store.welcia.co.jp/welcia/spot/detail?code=6293D", "内容": "ウエルシア薬局　福島玉川店【5:薬局】福島県石川郡玉川村大字小高稲荷畷２４－１" }, "geometry": { "type": "Point", "coordinates": [ 140.406542, 37.212322 ] } },
{ "type": "Feature", "properties": { "ID": 750752001379, "正式名称": "カワチ薬局　笹谷店", "機関区分": 5, "都道府県コード": 7, "市区町村コード": 201, "所在地": "福島県福島市笹谷字中谷地１１－１", "緯度": 37.794675, "経度": 140.441581, "url": "https://www.iryou.teikyouseido.mhlw.go.jp/znk-web/juminkanja/S2430/initialize?prefCd=07&kikanCd=0752001379&kikanKbn=5", "url2": "http://www.cawachi.co.jp", "内容": "カワチ薬局　笹谷店【5:薬局】福島県福島市笹谷字中谷地１１－１" }, "geometry": { "type": "Point", "coordinates": [ 140.441581, 37.794675 ] } },
{ "type": "Feature", "properties": { "ID": 750752001380, "正式名称": "あゆみ調剤薬局　滝八幡店", "機関区分": 5, "都道府県コード": 7, "市区町村コード": 466, "所在地": "福島県西白河郡矢吹町滝八幡１６０－１", "緯度": 37.214289, "経度": 140.320411, "url": "https://www.iryou.teikyouseido.mhlw.go.jp/znk-web/juminkanja/S2430/initialize?prefCd=07&kikanCd=0752001380&kikanKbn=5", "url2": null, "内容": "あゆみ調剤薬局　滝八幡店【5:薬局】福島県西白河郡矢吹町滝八幡１６０－１" }, "geometry": { "type": "Point", "coordinates": [ 140.320411, 37.214289 ] } },
{ "type": "Feature", "properties": { "ID": 750752001381, "正式名称": "ウエルシア薬局　会津美里店", "機関区分": 5, "都道府県コード": 7, "市区町村コード": 447, "所在地": "福島県大沼郡会津美里町字思堀２５番地", "緯度": 37.457267, "経度": 139.894886, "url": "https://www.iryou.teikyouseido.mhlw.go.jp/znk-web/juminkanja/S2430/initialize?prefCd=07&kikanCd=0752001381&kikanKbn=5", "url2": "http://www.welcia-yakkyoku.co.jp/", "内容": "ウエルシア薬局　会津美里店【5:薬局】福島県大沼郡会津美里町字思堀２５番地" }, "geometry": { "type": "Point", "coordinates": [ 139.894886, 37.457267 ] } },
{ "type": "Feature", "properties": { "ID": 750752001382, "正式名称": "ウエルシア薬局　福島早稲店", "機関区分": 5, "都道府県コード": 7, "市区町村コード": 201, "所在地": "福島県福島市早稲町８－２２　一番丁キャッスル１Ｆ", "緯度": 37.7512, "経度": 140.463697, "url": "https://www.iryou.teikyouseido.mhlw.go.jp/znk-web/juminkanja/S2430/initialize?prefCd=07&kikanCd=0752001382&kikanKbn=5", "url2": "http://www.welcia-yakkyoku.co.jp/", "内容": "ウエルシア薬局　福島早稲店【5:薬局】福島県福島市早稲町８－２２　一番丁キャッスル１Ｆ" }, "geometry": { "type": "Point", "coordinates": [ 140.463697, 37.7512 ] } },
{ "type": "Feature", "properties": { "ID": 750752001383, "正式名称": "アイン薬局　原町店", "機関区分": 5, "都道府県コード": 7, "市区町村コード": 212, "所在地": "福島県南相馬市原町区日の出町５４１番５", "緯度": 37.629925, "経度": 140.990694, "url": "https://www.iryou.teikyouseido.mhlw.go.jp/znk-web/juminkanja/S2430/initialize?prefCd=07&kikanCd=0752001383&kikanKbn=5", "url2": "https://store.ainj.co.jp/detail/1100991/", "内容": "アイン薬局　原町店【5:薬局】福島県南相馬市原町区日の出町５４１番５" }, "geometry": { "type": "Point", "coordinates": [ 140.990694, 37.629925 ] } },
{ "type": "Feature", "properties": { "ID": 750752001384, "正式名称": "アップル薬局　長橋店", "機関区分": 5, "都道府県コード": 7, "市区町村コード": 204, "所在地": "福島県いわき市平字長橋町５２番地", "緯度": 37.052844, "経度": 140.8826, "url": "https://www.iryou.teikyouseido.mhlw.go.jp/znk-web/juminkanja/S2430/initialize?prefCd=07&kikanCd=0752001384&kikanKbn=5", "url2": "http://www.applecarenet.jp", "内容": "アップル薬局　長橋店【5:薬局】福島県いわき市平字長橋町５２番地" }, "geometry": { "type": "Point", "coordinates": [ 140.8826, 37.052844 ] } },
{ "type": "Feature", "properties": { "ID": 750752001385, "正式名称": "奥羽調剤薬局　鳴神店", "機関区分": 5, "都道府県コード": 7, "市区町村コード": 203, "所在地": "福島県郡山市鳴神１－１－２", "緯度": 37.398244, "経度": 140.3408, "url": "https://www.iryou.teikyouseido.mhlw.go.jp/znk-web/juminkanja/S2430/initialize?prefCd=07&kikanCd=0752001385&kikanKbn=5", "url2": "https://www.ouuchouzai.jp/", "内容": "奥羽調剤薬局　鳴神店【5:薬局】福島県郡山市鳴神１－１－２" }, "geometry": { "type": "Point", "coordinates": [ 140.3408, 37.398244 ] } },
{ "type": "Feature", "properties": { "ID": 750752001388, "正式名称": "ハル薬局", "機関区分": 5, "都道府県コード": 7, "市区町村コード": 204, "所在地": "福島県いわき市平字五町目１８－１", "緯度": 37.05675, "経度": 140.89515, "url": "https://www.iryou.teikyouseido.mhlw.go.jp/znk-web/juminkanja/S2430/initialize?prefCd=07&kikanCd=0752001388&kikanKbn=5", "url2": "https://haru-p.com", "内容": "ハル薬局【5:薬局】福島県いわき市平字五町目１８－１" }, "geometry": { "type": "Point", "coordinates": [ 140.89515, 37.05675 ] } },
{ "type": "Feature", "properties": { "ID": 750752001389, "正式名称": "アップル薬局小名浜店", "機関区分": 5, "都道府県コード": 7, "市区町村コード": 204, "所在地": "福島県いわき市小名浜大原字丁新地９番地５", "緯度": 36.957631, "経度": 140.889267, "url": "https://www.iryou.teikyouseido.mhlw.go.jp/znk-web/juminkanja/S2430/initialize?prefCd=07&kikanCd=0752001389&kikanKbn=5", "url2": "http://www.applecarenet.jp/", "内容": "アップル薬局小名浜店【5:薬局】福島県いわき市小名浜大原字丁新地９番地５" }, "geometry": { "type": "Point", "coordinates": [ 140.889267, 36.957631 ] } },
{ "type": "Feature", "properties": { "ID": 750752001391, "正式名称": "郡山調剤薬局", "機関区分": 5, "都道府県コード": 7, "市区町村コード": 203, "所在地": "福島県郡山市並木２－１２－１２", "緯度": 37.413214, "経度": 140.363981, "url": "https://www.iryou.teikyouseido.mhlw.go.jp/znk-web/juminkanja/S2430/initialize?prefCd=07&kikanCd=0752001391&kikanKbn=5", "url2": "http://www17.plala.or.jp/k-tyouzai/index.html", "内容": "郡山調剤薬局【5:薬局】福島県郡山市並木２－１２－１２" }, "geometry": { "type": "Point", "coordinates": [ 140.363981, 37.413214 ] } },
{ "type": "Feature", "properties": { "ID": 750752001392, "正式名称": "廣美薬局", "機関区分": 5, "都道府県コード": 7, "市区町村コード": 204, "所在地": "福島県いわき市平字菱川町７－１４", "緯度": 37.05025, "経度": 140.890906, "url": "https://www.iryou.teikyouseido.mhlw.go.jp/znk-web/juminkanja/S2430/initialize?prefCd=07&kikanCd=0752001392&kikanKbn=5", "url2": "https://www.takedapha28.com/", "内容": "廣美薬局【5:薬局】福島県いわき市平字菱川町７－１４" }, "geometry": { "type": "Point", "coordinates": [ 140.890906, 37.05025 ] } },
{ "type": "Feature", "properties": { "ID": 750752001393, "正式名称": "株式会社くすりのマルト調剤薬局　遠野店", "機関区分": 5, "都道府県コード": 7, "市区町村コード": 204, "所在地": "福島県いわき市遠野町上遠野字本町６７－２", "緯度": 37.008364, "経度": 140.747528, "url": "https://www.iryou.teikyouseido.mhlw.go.jp/znk-web/juminkanja/S2430/initialize?prefCd=07&kikanCd=0752001393&kikanKbn=5", "url2": null, "内容": "株式会社くすりのマルト調剤薬局　遠野店【5:薬局】福島県いわき市遠野町上遠野字本町６７－２" }, "geometry": { "type": "Point", "coordinates": [ 140.747528, 37.008364 ] } },
{ "type": "Feature", "properties": { "ID": 750752001394, "正式名称": "調剤薬局ツルハドラッグ郡山さくら通り店", "機関区分": 5, "都道府県コード": 7, "市区町村コード": 203, "所在地": "福島県郡山市虎丸町２－１", "緯度": 37.399756, "経度": 140.372364, "url": "https://www.iryou.teikyouseido.mhlw.go.jp/znk-web/juminkanja/S2430/initialize?prefCd=07&kikanCd=0752001394&kikanKbn=5", "url2": "http://www.tsuruha.co.jp", "内容": "調剤薬局ツルハドラッグ郡山さくら通り店【5:薬局】福島県郡山市虎丸町２－１" }, "geometry": { "type": "Point", "coordinates": [ 140.372364, 37.399756 ] } },
{ "type": "Feature", "properties": { "ID": 750752001395, "正式名称": "オザキ薬局", "機関区分": 5, "都道府県コード": 7, "市区町村コード": 205, "所在地": "福島県白河市中町４９", "緯度": 37.127683, "経度": 140.214272, "url": "https://www.iryou.teikyouseido.mhlw.go.jp/znk-web/juminkanja/S2430/initialize?prefCd=07&kikanCd=0752001395&kikanKbn=5", "url2": null, "内容": "オザキ薬局【5:薬局】福島県白河市中町４９" }, "geometry": { "type": "Point", "coordinates": [ 140.214272, 37.127683 ] } },
{ "type": "Feature", "properties": { "ID": 750752001397, "正式名称": "ベース薬局　北町店", "機関区分": 5, "都道府県コード": 7, "市区町村コード": 201, "所在地": "福島県福島市北町３－３８", "緯度": 37.754553, "経度": 140.471022, "url": "https://www.iryou.teikyouseido.mhlw.go.jp/znk-web/juminkanja/S2430/initialize?prefCd=07&kikanCd=0752001397&kikanKbn=5", "url2": "http://base-ph.co.jp", "内容": "ベース薬局　北町店【5:薬局】福島県福島市北町３－３８" }, "geometry": { "type": "Point", "coordinates": [ 140.471022, 37.754553 ] } },
{ "type": "Feature", "properties": { "ID": 750752001398, "正式名称": "ウエルシア薬局伊達国見店", "機関区分": 5, "都道府県コード": 7, "市区町村コード": 303, "所在地": "福島県伊達郡国見町大字藤田字中沢一１０番地１", "緯度": 37.750472, "経度": 140.46755, "url": "https://www.iryou.teikyouseido.mhlw.go.jp/znk-web/juminkanja/S2430/initialize?prefCd=07&kikanCd=0752001398&kikanKbn=5", "url2": "https://store.welcia.co.jp/welcia/spot/detail?code=6362D", "内容": "ウエルシア薬局伊達国見店【5:薬局】福島県伊達郡国見町大字藤田字中沢一１０番地１" }, "geometry": { "type": "Point", "coordinates": [ 140.46755, 37.750472 ] } },
{ "type": "Feature", "properties": { "ID": 750752001399, "正式名称": "アイル薬局　南矢野目店", "機関区分": 5, "都道府県コード": 7, "市区町村コード": 201, "所在地": "福島県福島市南矢野目字上戸ノ内６－６", "緯度": 37.788917, "経度": 140.477361, "url": "https://www.iryou.teikyouseido.mhlw.go.jp/znk-web/juminkanja/S2430/initialize?prefCd=07&kikanCd=0752001399&kikanKbn=5", "url2": "http://www.be-g.sakura.ne.jp/home/tenpo/", "内容": "アイル薬局　南矢野目店【5:薬局】福島県福島市南矢野目字上戸ノ内６－６" }, "geometry": { "type": "Point", "coordinates": [ 140.477361, 37.788917 ] } },
{ "type": "Feature", "properties": { "ID": 750752001400, "正式名称": "めぐみ薬局", "機関区分": 5, "都道府県コード": 7, "市区町村コード": 203, "所在地": "福島県郡山市安積町長久保一丁目１６－１４", "緯度": 37.360794, "経度": 140.360167, "url": "https://www.iryou.teikyouseido.mhlw.go.jp/znk-web/juminkanja/S2430/initialize?prefCd=07&kikanCd=0752001400&kikanKbn=5", "url2": null, "内容": "めぐみ薬局【5:薬局】福島県郡山市安積町長久保一丁目１６－１４" }, "geometry": { "type": "Point", "coordinates": [ 140.360167, 37.360794 ] } },
{ "type": "Feature", "properties": { "ID": 750752001401, "正式名称": "アイン薬局　本陣前店", "機関区分": 5, "都道府県コード": 7, "市区町村コード": 212, "所在地": "福島県南相馬市原町区本陣前１丁目８２番地", "緯度": 37.626342, "経度": 140.956844, "url": "https://www.iryou.teikyouseido.mhlw.go.jp/znk-web/juminkanja/S2430/initialize?prefCd=07&kikanCd=0752001401&kikanKbn=5", "url2": "http://www.ainj.co.jp/network/ainpharmaciez/ap0608.html", "内容": "アイン薬局　本陣前店【5:薬局】福島県南相馬市原町区本陣前１丁目８２番地" }, "geometry": { "type": "Point", "coordinates": [ 140.956844, 37.626342 ] } },
{ "type": "Feature", "properties": { "ID": 750752001403, "正式名称": "くすのき薬局", "機関区分": 5, "都道府県コード": 7, "市区町村コード": 204, "所在地": "福島県いわき市草木台５丁目１番地８", "緯度": 37.018658, "経度": 140.873839, "url": "https://www.iryou.teikyouseido.mhlw.go.jp/znk-web/juminkanja/S2430/initialize?prefCd=07&kikanCd=0752001403&kikanKbn=5", "url2": null, "内容": "くすのき薬局【5:薬局】福島県いわき市草木台５丁目１番地８" }, "geometry": { "type": "Point", "coordinates": [ 140.873839, 37.018658 ] } },
{ "type": "Feature", "properties": { "ID": 750752001405, "正式名称": "共創未来　南相馬ひまわり薬局", "機関区分": 5, "都道府県コード": 7, "市区町村コード": 212, "所在地": "福島県南相馬市原町区本町二丁目１２３番地", "緯度": 37.641447, "経度": 140.960194, "url": "https://www.iryou.teikyouseido.mhlw.go.jp/znk-web/juminkanja/S2430/initialize?prefCd=07&kikanCd=0752001405&kikanKbn=5", "url2": "http://www.phmirai.co.jp/", "内容": "共創未来　南相馬ひまわり薬局【5:薬局】福島県南相馬市原町区本町二丁目１２３番地" }, "geometry": { "type": "Point", "coordinates": [ 140.960194, 37.641447 ] } },
{ "type": "Feature", "properties": { "ID": 750752001406, "正式名称": "会津調剤薬局", "機関区分": 5, "都道府県コード": 7, "市区町村コード": 202, "所在地": "福島県会津若松市白虎二丁目４番地の２", "緯度": 37.507358, "経度": 139.937539, "url": "https://www.iryou.teikyouseido.mhlw.go.jp/znk-web/juminkanja/S2430/initialize?prefCd=07&kikanCd=0752001406&kikanKbn=5", "url2": "https://yamasho-aizu.jp/", "内容": "会津調剤薬局【5:薬局】福島県会津若松市白虎二丁目４番地の２" }, "geometry": { "type": "Point", "coordinates": [ 139.937539, 37.507358 ] } },
{ "type": "Feature", "properties": { "ID": 750752001407, "正式名称": "山口薬局本町店", "機関区分": 5, "都道府県コード": 7, "市区町村コード": 203, "所在地": "福島県郡山市本町一丁目１４番１９号", "緯度": 37.393703, "経度": 140.383481, "url": "https://www.iryou.teikyouseido.mhlw.go.jp/znk-web/juminkanja/S2430/initialize?prefCd=07&kikanCd=0752001407&kikanKbn=5", "url2": "https://www.yamayaku.com/", "内容": "山口薬局本町店【5:薬局】福島県郡山市本町一丁目１４番１９号" }, "geometry": { "type": "Point", "coordinates": [ 140.383481, 37.393703 ] } },
{ "type": "Feature", "properties": { "ID": 750752001409, "正式名称": "ウエルシア薬局　岩瀬鏡石店", "機関区分": 5, "都道府県コード": 7, "市区町村コード": 342, "所在地": "福島県岩瀬郡鏡石町不時沼２０５番地", "緯度": 37.256014, "経度": 140.346769, "url": "https://www.iryou.teikyouseido.mhlw.go.jp/znk-web/juminkanja/S2430/initialize?prefCd=07&kikanCd=0752001409&kikanKbn=5", "url2": "https://www.welcia-yakkyoku.co.jp/", "内容": "ウエルシア薬局　岩瀬鏡石店【5:薬局】福島県岩瀬郡鏡石町不時沼２０５番地" }, "geometry": { "type": "Point", "coordinates": [ 140.346769, 37.256014 ] } },
{ "type": "Feature", "properties": { "ID": 750752001410, "正式名称": "さくら薬局横町店", "機関区分": 5, "都道府県コード": 7, "市区町村コード": 205, "所在地": "福島県白河市横町５－２", "緯度": 37.126144, "経度": 140.219111, "url": "https://www.iryou.teikyouseido.mhlw.go.jp/znk-web/juminkanja/S2430/initialize?prefCd=07&kikanCd=0752001410&kikanKbn=5", "url2": null, "内容": "さくら薬局横町店【5:薬局】福島県白河市横町５－２" }, "geometry": { "type": "Point", "coordinates": [ 140.219111, 37.126144 ] } },
{ "type": "Feature", "properties": { "ID": 750752001411, "正式名称": "ウエルシア薬局　西白河中島店", "機関区分": 5, "都道府県コード": 7, "市区町村コード": 465, "所在地": "福島県西白河郡中島村大字二子塚字浦山３２－１６", "緯度": 37.750472, "経度": 140.46755, "url": "https://www.iryou.teikyouseido.mhlw.go.jp/znk-web/juminkanja/S2430/initialize?prefCd=07&kikanCd=0752001411&kikanKbn=5", "url2": "http://www.welcia-yakkyoku.co.jp", "内容": "ウエルシア薬局　西白河中島店【5:薬局】福島県西白河郡中島村大字二子塚字浦山３２－１６" }, "geometry": { "type": "Point", "coordinates": [ 140.46755, 37.750472 ] } },
{ "type": "Feature", "properties": { "ID": 750752001412, "正式名称": "昭和調剤薬局", "機関区分": 5, "都道府県コード": 7, "市区町村コード": 446, "所在地": "福島県大沼郡昭和村大字小中津川字石仏１８４２番", "緯度": 37.331817, "経度": 139.618664, "url": "https://www.iryou.teikyouseido.mhlw.go.jp/znk-web/juminkanja/S2430/initialize?prefCd=07&kikanCd=0752001412&kikanKbn=5", "url2": null, "内容": "昭和調剤薬局【5:薬局】福島県大沼郡昭和村大字小中津川字石仏１８４２番" }, "geometry": { "type": "Point", "coordinates": [ 139.618664, 37.331817 ] } },
{ "type": "Feature", "properties": { "ID": 750752001415, "正式名称": "ウエルシア薬局　伊達保原店", "機関区分": 5, "都道府県コード": 7, "市区町村コード": 213, "所在地": "福島県伊達市保原町字前田町２７－２", "緯度": 37.814328, "経度": 140.551486, "url": "https://www.iryou.teikyouseido.mhlw.go.jp/znk-web/juminkanja/S2430/initialize?prefCd=07&kikanCd=0752001415&kikanKbn=5", "url2": "http://www.welcia-yakkyoku.co.jp/", "内容": "ウエルシア薬局　伊達保原店【5:薬局】福島県伊達市保原町字前田町２７－２" }, "geometry": { "type": "Point", "coordinates": [ 140.551486, 37.814328 ] } },
{ "type": "Feature", "properties": { "ID": 750752001417, "正式名称": "たまち薬局", "機関区分": 5, "都道府県コード": 7, "市区町村コード": 204, "所在地": "福島県いわき市平字田町７５番地５", "緯度": 37.057025, "経度": 140.888992, "url": "https://www.iryou.teikyouseido.mhlw.go.jp/znk-web/juminkanja/S2430/initialize?prefCd=07&kikanCd=0752001417&kikanKbn=5", "url2": "https://www.yamayaku.com", "内容": "たまち薬局【5:薬局】福島県いわき市平字田町７５番地５" }, "geometry": { "type": "Point", "coordinates": [ 140.888992, 37.057025 ] } },
{ "type": "Feature", "properties": { "ID": 750752001420, "正式名称": "アイン薬局　福島店", "機関区分": 5, "都道府県コード": 7, "市区町村コード": 201, "所在地": "福島県福島市上町５番６号　上町テラス１Ｆ", "緯度": 37.753428, "経度": 140.468214, "url": "https://www.iryou.teikyouseido.mhlw.go.jp/znk-web/juminkanja/S2430/initialize?prefCd=07&kikanCd=0752001420&kikanKbn=5", "url2": "http://www.ainj.co.jp/", "内容": "アイン薬局　福島店【5:薬局】福島県福島市上町５番６号　上町テラス１Ｆ" }, "geometry": { "type": "Point", "coordinates": [ 140.468214, 37.753428 ] } },
{ "type": "Feature", "properties": { "ID": 750752001421, "正式名称": "コスモ調剤薬局　大町店", "機関区分": 5, "都道府県コード": 7, "市区町村コード": 201, "所在地": "福島県福島市大町８番１９号", "緯度": 37.753514, "経度": 140.467867, "url": "https://www.iryou.teikyouseido.mhlw.go.jp/znk-web/juminkanja/S2430/initialize?prefCd=07&kikanCd=0752001421&kikanKbn=5", "url2": "http://www.cosmo-ph.co.jp/", "内容": "コスモ調剤薬局　大町店【5:薬局】福島県福島市大町８番１９号" }, "geometry": { "type": "Point", "coordinates": [ 140.467867, 37.753514 ] } },
{ "type": "Feature", "properties": { "ID": 750752001423, "正式名称": "みはる調剤薬局　ときわ店", "機関区分": 5, "都道府県コード": 7, "市区町村コード": 211, "所在地": "福島県田村市常葉町常葉字中町７３", "緯度": 37.438836, "経度": 140.641972, "url": "https://www.iryou.teikyouseido.mhlw.go.jp/znk-web/juminkanja/S2430/initialize?prefCd=07&kikanCd=0752001423&kikanKbn=5", "url2": "https://miharu-chozai.com/", "内容": "みはる調剤薬局　ときわ店【5:薬局】福島県田村市常葉町常葉字中町７３" }, "geometry": { "type": "Point", "coordinates": [ 140.641972, 37.438836 ] } },
{ "type": "Feature", "properties": { "ID": 750752001425, "正式名称": "ハート薬局", "機関区分": 5, "都道府県コード": 7, "市区町村コード": 201, "所在地": "福島県福島市森合字蒲原１８－４７", "緯度": 37.771236, "経度": 140.4412, "url": "https://www.iryou.teikyouseido.mhlw.go.jp/znk-web/juminkanja/S2430/initialize?prefCd=07&kikanCd=0752001425&kikanKbn=5", "url2": null, "内容": "ハート薬局【5:薬局】福島県福島市森合字蒲原１８－４７" }, "geometry": { "type": "Point", "coordinates": [ 140.4412, 37.771236 ] } },
{ "type": "Feature", "properties": { "ID": 750752001426, "正式名称": "みどり調剤薬局", "機関区分": 5, "都道府県コード": 7, "市区町村コード": 203, "所在地": "福島県郡山市緑町２－２", "緯度": 37.400533, "経度": 140.363556, "url": "https://www.iryou.teikyouseido.mhlw.go.jp/znk-web/juminkanja/S2430/initialize?prefCd=07&kikanCd=0752001426&kikanKbn=5", "url2": "https://ship-ph.co.jp", "内容": "みどり調剤薬局【5:薬局】福島県郡山市緑町２－２" }, "geometry": { "type": "Point", "coordinates": [ 140.363556, 37.400533 ] } },
{ "type": "Feature", "properties": { "ID": 750752001429, "正式名称": "株式会社くすりのマルト調剤薬局　君ヶ塚店", "機関区分": 5, "都道府県コード": 7, "市区町村コード": 204, "所在地": "福島県いわき市小名浜大原字下小滝１５８－２", "緯度": 37.750472, "経度": 140.46755, "url": "https://www.iryou.teikyouseido.mhlw.go.jp/znk-web/juminkanja/S2430/initialize?prefCd=07&kikanCd=0752001429&kikanKbn=5", "url2": "https://drug-maruto.jp/shopinfo/store_c_kimigatuka", "内容": "株式会社くすりのマルト調剤薬局　君ヶ塚店【5:薬局】福島県いわき市小名浜大原字下小滝１５８－２" }, "geometry": { "type": "Point", "coordinates": [ 140.46755, 37.750472 ] } },
{ "type": "Feature", "properties": { "ID": 750752001430, "正式名称": "八丁目薬局", "機関区分": 5, "都道府県コード": 7, "市区町村コード": 201, "所在地": "福島県福島市松川町字鼓ヶ岡３６－３", "緯度": 37.656417, "経度": 140.460489, "url": "https://www.iryou.teikyouseido.mhlw.go.jp/znk-web/juminkanja/S2430/initialize?prefCd=07&kikanCd=0752001430&kikanKbn=5", "url2": null, "内容": "八丁目薬局【5:薬局】福島県福島市松川町字鼓ヶ岡３６－３" }, "geometry": { "type": "Point", "coordinates": [ 140.460489, 37.656417 ] } },
{ "type": "Feature", "properties": { "ID": 750752001432, "正式名称": "ウエルシア薬局　いわき錦店", "機関区分": 5, "都道府県コード": 7, "市区町村コード": 204, "所在地": "福島県いわき市錦町花ノ井３０番地の１", "緯度": 36.911236, "経度": 140.777014, "url": "https://www.iryou.teikyouseido.mhlw.go.jp/znk-web/juminkanja/S2430/initialize?prefCd=07&kikanCd=0752001432&kikanKbn=5", "url2": "http://www.welcia-yakkyoku.co.jp", "内容": "ウエルシア薬局　いわき錦店【5:薬局】福島県いわき市錦町花ノ井３０番地の１" }, "geometry": { "type": "Point", "coordinates": [ 140.777014, 36.911236 ] } },
{ "type": "Feature", "properties": { "ID": 750752001433, "正式名称": "さくら薬局四倉店", "機関区分": 5, "都道府県コード": 7, "市区町村コード": 204, "所在地": "福島県いわき市四倉町西四丁目２番地１", "緯度": 37.107961, "経度": 140.988603, "url": "https://www.iryou.teikyouseido.mhlw.go.jp/znk-web/juminkanja/S2430/initialize?prefCd=07&kikanCd=0752001433&kikanKbn=5", "url2": "http://www.cosmo-ph.co.jp/", "内容": "さくら薬局四倉店【5:薬局】福島県いわき市四倉町西四丁目２番地１" }, "geometry": { "type": "Point", "coordinates": [ 140.988603, 37.107961 ] } },
{ "type": "Feature", "properties": { "ID": 750752001435, "正式名称": "なでし調剤薬局", "機関区分": 5, "都道府県コード": 7, "市区町村コード": 203, "所在地": "福島県郡山市島１丁目１７－５", "緯度": 37.398853, "経度": 140.347022, "url": "https://www.iryou.teikyouseido.mhlw.go.jp/znk-web/juminkanja/S2430/initialize?prefCd=07&kikanCd=0752001435&kikanKbn=5", "url2": null, "内容": "なでし調剤薬局【5:薬局】福島県郡山市島１丁目１７－５" }, "geometry": { "type": "Point", "coordinates": [ 140.347022, 37.398853 ] } },
{ "type": "Feature", "properties": { "ID": 750752001436, "正式名称": "なの花薬局鶴見坦店", "機関区分": 5, "都道府県コード": 7, "市区町村コード": 203, "所在地": "福島県郡山市鶴見坦１丁目９－１０", "緯度": 37.750472, "経度": 140.46755, "url": "https://www.iryou.teikyouseido.mhlw.go.jp/znk-web/juminkanja/S2430/initialize?prefCd=07&kikanCd=0752001436&kikanKbn=5", "url2": "http://www.nanohana-ph.jp", "内容": "なの花薬局鶴見坦店【5:薬局】福島県郡山市鶴見坦１丁目９－１０" }, "geometry": { "type": "Point", "coordinates": [ 140.46755, 37.750472 ] } },
{ "type": "Feature", "properties": { "ID": 750752001437, "正式名称": "なの花薬局北ノ林店", "機関区分": 5, "都道府県コード": 7, "市区町村コード": 203, "所在地": "福島県郡山市大槻町字北ノ林２７番１３の１", "緯度": 37.391803, "経度": 140.334994, "url": "https://www.iryou.teikyouseido.mhlw.go.jp/znk-web/juminkanja/S2430/initialize?prefCd=07&kikanCd=0752001437&kikanKbn=5", "url2": "https://www.nanohana-ph.jp/shop/touhoku/fukushima/koriyama/oshidori-kitanohayashi.php", "内容": "なの花薬局北ノ林店【5:薬局】福島県郡山市大槻町字北ノ林２７番１３の１" }, "geometry": { "type": "Point", "coordinates": [ 140.334994, 37.391803 ] } },
{ "type": "Feature", "properties": { "ID": 750752001438, "正式名称": "すわん薬局", "機関区分": 5, "都道府県コード": 7, "市区町村コード": 212, "所在地": "福島県南相馬市原町区東町一丁目７１番４", "緯度": 37.642181, "経度": 140.961783, "url": "https://www.iryou.teikyouseido.mhlw.go.jp/znk-web/juminkanja/S2430/initialize?prefCd=07&kikanCd=0752001438&kikanKbn=5", "url2": null, "内容": "すわん薬局【5:薬局】福島県南相馬市原町区東町一丁目７１番４" }, "geometry": { "type": "Point", "coordinates": [ 140.961783, 37.642181 ] } },
{ "type": "Feature", "properties": { "ID": 750752001439, "正式名称": "白河薬局", "機関区分": 5, "都道府県コード": 7, "市区町村コード": 205, "所在地": "福島県白河市豊地砂田７４－３", "緯度": 37.145469, "経度": 140.213389, "url": "https://www.iryou.teikyouseido.mhlw.go.jp/znk-web/juminkanja/S2430/initialize?prefCd=07&kikanCd=0752001439&kikanKbn=5", "url2": null, "内容": "白河薬局【5:薬局】福島県白河市豊地砂田７４－３" }, "geometry": { "type": "Point", "coordinates": [ 140.213389, 37.145469 ] } },
{ "type": "Feature", "properties": { "ID": 750752001440, "正式名称": "うさぎ薬局　保原店", "機関区分": 5, "都道府県コード": 7, "市区町村コード": 213, "所在地": "福島県伊達市保原町大泉字大地内１１４－１", "緯度": 37.820758, "経度": 140.562919, "url": "https://www.iryou.teikyouseido.mhlw.go.jp/znk-web/juminkanja/S2430/initialize?prefCd=07&kikanCd=0752001440&kikanKbn=5", "url2": "https://www.usagi-pharmacy.jp/", "内容": "うさぎ薬局　保原店【5:薬局】福島県伊達市保原町大泉字大地内１１４－１" }, "geometry": { "type": "Point", "coordinates": [ 140.562919, 37.820758 ] } },
{ "type": "Feature", "properties": { "ID": 750752001441, "正式名称": "しゃくなげ薬局", "機関区分": 5, "都道府県コード": 7, "市区町村コード": 203, "所在地": "福島県郡山市八山田六丁目３５番地　サンプロテクトビル２階", "緯度": 37.423764, "経度": 140.378639, "url": "https://www.iryou.teikyouseido.mhlw.go.jp/znk-web/juminkanja/S2430/initialize?prefCd=07&kikanCd=0752001441&kikanKbn=5", "url2": null, "内容": "しゃくなげ薬局【5:薬局】福島県郡山市八山田六丁目３５番地　サンプロテクトビル２階" }, "geometry": { "type": "Point", "coordinates": [ 140.378639, 37.423764 ] } },
{ "type": "Feature", "properties": { "ID": 750752001442, "正式名称": "だて薬局", "機関区分": 5, "都道府県コード": 7, "市区町村コード": 213, "所在地": "福島県伊達市坂ノ上１０－１", "緯度": 37.817214, "経度": 140.503031, "url": "https://www.iryou.teikyouseido.mhlw.go.jp/znk-web/juminkanja/S2430/initialize?prefCd=07&kikanCd=0752001442&kikanKbn=5", "url2": "http://www.mediluck.com", "内容": "だて薬局【5:薬局】福島県伊達市坂ノ上１０－１" }, "geometry": { "type": "Point", "coordinates": [ 140.503031, 37.817214 ] } },
{ "type": "Feature", "properties": { "ID": 750752001443, "正式名称": "アクト調剤薬局　上保原店", "機関区分": 5, "都道府県コード": 7, "市区町村コード": 213, "所在地": "福島県伊達市保原町上保原字大木田２３－４", "緯度": 37.810917, "経度": 140.5451, "url": "https://www.iryou.teikyouseido.mhlw.go.jp/znk-web/juminkanja/S2430/initialize?prefCd=07&kikanCd=0752001443&kikanKbn=5", "url2": "http://www.act-medical.com", "内容": "アクト調剤薬局　上保原店【5:薬局】福島県伊達市保原町上保原字大木田２３－４" }, "geometry": { "type": "Point", "coordinates": [ 140.5451, 37.810917 ] } },
{ "type": "Feature", "properties": { "ID": 750752001444, "正式名称": "サンキュー薬局鏡石店", "機関区分": 5, "都道府県コード": 7, "市区町村コード": 342, "所在地": "福島県岩瀬郡鏡石町中町２３０", "緯度": 37.249361, "経度": 140.341722, "url": "https://www.iryou.teikyouseido.mhlw.go.jp/znk-web/juminkanja/S2430/initialize?prefCd=07&kikanCd=0752001444&kikanKbn=5", "url2": "https://www.3q1139.com/", "内容": "サンキュー薬局鏡石店【5:薬局】福島県岩瀬郡鏡石町中町２３０" }, "geometry": { "type": "Point", "coordinates": [ 140.341722, 37.249361 ] } },
{ "type": "Feature", "properties": { "ID": 750752001445, "正式名称": "武田薬局", "機関区分": 5, "都道府県コード": 7, "市区町村コード": 204, "所在地": "福島県いわき市平字田町６５－６", "緯度": 37.057333, "経度": 140.889361, "url": "https://www.iryou.teikyouseido.mhlw.go.jp/znk-web/juminkanja/S2430/initialize?prefCd=07&kikanCd=0752001445&kikanKbn=5", "url2": "https://www.takedapha28.com", "内容": "武田薬局【5:薬局】福島県いわき市平字田町６５－６" }, "geometry": { "type": "Point", "coordinates": [ 140.889361, 37.057333 ] } },
{ "type": "Feature", "properties": { "ID": 750752001446, "正式名称": "ラブリー薬局　小名浜店", "機関区分": 5, "都道府県コード": 7, "市区町村コード": 204, "所在地": "福島県いわき市小名浜大原小滝町８－２", "緯度": 36.964814, "経度": 140.894142, "url": "https://www.iryou.teikyouseido.mhlw.go.jp/znk-web/juminkanja/S2430/initialize?prefCd=07&kikanCd=0752001446&kikanKbn=5", "url2": null, "内容": "ラブリー薬局　小名浜店【5:薬局】福島県いわき市小名浜大原小滝町８－２" }, "geometry": { "type": "Point", "coordinates": [ 140.894142, 36.964814 ] } },
{ "type": "Feature", "properties": { "ID": 750752001447, "正式名称": "日本調剤　福島薬局", "機関区分": 5, "都道府県コード": 7, "市区町村コード": 201, "所在地": "福島県福島市八島町２－２２", "緯度": 37.769403, "経度": 140.482917, "url": "https://www.iryou.teikyouseido.mhlw.go.jp/znk-web/juminkanja/S2430/initialize?prefCd=07&kikanCd=0752001447&kikanKbn=5", "url2": "https://www.nicho.co.jp/tenpo/fukushima/", "内容": "日本調剤　福島薬局【5:薬局】福島県福島市八島町２－２２" }, "geometry": { "type": "Point", "coordinates": [ 140.482917, 37.769403 ] } },
{ "type": "Feature", "properties": { "ID": 750752001449, "正式名称": "ファーマライズ薬局入江店", "機関区分": 5, "都道府県コード": 7, "市区町村コード": 201, "所在地": "福島県福島市入江町１５－１２", "緯度": 37.769972, "経度": 140.481908, "url": "https://www.iryou.teikyouseido.mhlw.go.jp/znk-web/juminkanja/S2430/initialize?prefCd=07&kikanCd=0752001449&kikanKbn=5", "url2": null, "内容": "ファーマライズ薬局入江店【5:薬局】福島県福島市入江町１５－１２" }, "geometry": { "type": "Point", "coordinates": [ 140.481908, 37.769972 ] } },
{ "type": "Feature", "properties": { "ID": 750752001450, "正式名称": "コスモ調剤薬局　八島町店", "機関区分": 5, "都道府県コード": 7, "市区町村コード": 201, "所在地": "福島県福島市八島町３番３５号", "緯度": 37.769978, "経度": 140.483019, "url": "https://www.iryou.teikyouseido.mhlw.go.jp/znk-web/juminkanja/S2430/initialize?prefCd=07&kikanCd=0752001450&kikanKbn=5", "url2": "http://www.cosmo-ph.co.jp", "内容": "コスモ調剤薬局　八島町店【5:薬局】福島県福島市八島町３番３５号" }, "geometry": { "type": "Point", "coordinates": [ 140.483019, 37.769978 ] } },
{ "type": "Feature", "properties": { "ID": 750752001451, "正式名称": "りんごの木薬局", "機関区分": 5, "都道府県コード": 7, "市区町村コード": 201, "所在地": "福島県福島市八島町２番８号", "緯度": 37.769833, "経度": 140.482403, "url": "https://www.iryou.teikyouseido.mhlw.go.jp/znk-web/juminkanja/S2430/initialize?prefCd=07&kikanCd=0752001451&kikanKbn=5", "url2": null, "内容": "りんごの木薬局【5:薬局】福島県福島市八島町２番８号" }, "geometry": { "type": "Point", "coordinates": [ 140.482403, 37.769833 ] } },
{ "type": "Feature", "properties": { "ID": 750752001452, "正式名称": "ことぶき調剤薬局", "機関区分": 5, "都道府県コード": 7, "市区町村コード": 201, "所在地": "福島県福島市八島町１－２０", "緯度": 37.768814, "経度": 140.482775, "url": "https://www.iryou.teikyouseido.mhlw.go.jp/znk-web/juminkanja/S2430/initialize?prefCd=07&kikanCd=0752001452&kikanKbn=5", "url2": null, "内容": "ことぶき調剤薬局【5:薬局】福島県福島市八島町１－２０" }, "geometry": { "type": "Point", "coordinates": [ 140.482775, 37.768814 ] } },
{ "type": "Feature", "properties": { "ID": 750752001454, "正式名称": "マルスミ薬局", "機関区分": 5, "都道府県コード": 7, "市区町村コード": 203, "所在地": "福島県郡山市台新１－３０－１２", "緯度": 37.391642, "経度": 140.342808, "url": "https://www.iryou.teikyouseido.mhlw.go.jp/znk-web/juminkanja/S2430/initialize?prefCd=07&kikanCd=0752001454&kikanKbn=5", "url2": null, "内容": "マルスミ薬局【5:薬局】福島県郡山市台新１－３０－１２" }, "geometry": { "type": "Point", "coordinates": [ 140.342808, 37.391642 ] } },
{ "type": "Feature", "properties": { "ID": 750752001455, "正式名称": "未来堂薬局やまざき店", "機関区分": 5, "都道府県コード": 7, "市区町村コード": 203, "所在地": "福島県郡山市山崎１３５－５", "緯度": 37.378153, "経度": 140.368825, "url": "https://www.iryou.teikyouseido.mhlw.go.jp/znk-web/juminkanja/S2430/initialize?prefCd=07&kikanCd=0752001455&kikanKbn=5", "url2": "https://www.miraidou-pharmacy.com/", "内容": "未来堂薬局やまざき店【5:薬局】福島県郡山市山崎１３５－５" }, "geometry": { "type": "Point", "coordinates": [ 140.368825, 37.378153 ] } },
{ "type": "Feature", "properties": { "ID": 750752001456, "正式名称": "とことこ薬局　郡山富田店", "機関区分": 5, "都道府県コード": 7, "市区町村コード": 203, "所在地": "福島県郡山市富田東５丁目２０番地", "緯度": 37.420914, "経度": 140.369828, "url": "https://www.iryou.teikyouseido.mhlw.go.jp/znk-web/juminkanja/S2430/initialize?prefCd=07&kikanCd=0752001456&kikanKbn=5", "url2": "https://mt-h.co.jp/", "内容": "とことこ薬局　郡山富田店【5:薬局】福島県郡山市富田東５丁目２０番地" }, "geometry": { "type": "Point", "coordinates": [ 140.369828, 37.420914 ] } },
{ "type": "Feature", "properties": { "ID": 750752001457, "正式名称": "ウイン調剤薬局南相馬店", "機関区分": 5, "都道府県コード": 7, "市区町村コード": 212, "所在地": "福島県南相馬市原町区上町三丁目１２－１", "緯度": 37.629794, "経度": 140.949389, "url": "https://www.iryou.teikyouseido.mhlw.go.jp/znk-web/juminkanja/S2430/initialize?prefCd=07&kikanCd=0752001457&kikanKbn=5", "url2": null, "内容": "ウイン調剤薬局南相馬店【5:薬局】福島県南相馬市原町区上町三丁目１２－１" }, "geometry": { "type": "Point", "coordinates": [ 140.949389, 37.629794 ] } },
{ "type": "Feature", "properties": { "ID": 750752001458, "正式名称": "薬局　マミー調剤", "機関区分": 5, "都道府県コード": 7, "市区町村コード": 207, "所在地": "福島県須賀川市森宿字横見根１３－８６", "緯度": 37.316536, "経度": 140.371919, "url": "https://www.iryou.teikyouseido.mhlw.go.jp/znk-web/juminkanja/S2430/initialize?prefCd=07&kikanCd=0752001458&kikanKbn=5", "url2": null, "内容": "薬局　マミー調剤【5:薬局】福島県須賀川市森宿字横見根１３－８６" }, "geometry": { "type": "Point", "coordinates": [ 140.371919, 37.316536 ] } },
{ "type": "Feature", "properties": { "ID": 750752001459, "正式名称": "カワチ薬局　安積店", "機関区分": 5, "都道府県コード": 7, "市区町村コード": 203, "所在地": "福島県郡山市安積町荒井字雁股８－１０１", "緯度": 37.374933, "経度": 140.354708, "url": "https://www.iryou.teikyouseido.mhlw.go.jp/znk-web/juminkanja/S2430/initialize?prefCd=07&kikanCd=0752001459&kikanKbn=5", "url2": "https://www.cawachi.co.jp", "内容": "カワチ薬局　安積店【5:薬局】福島県郡山市安積町荒井字雁股８－１０１" }, "geometry": { "type": "Point", "coordinates": [ 140.354708, 37.374933 ] } },
{ "type": "Feature", "properties": { "ID": 750752001461, "正式名称": "アイランド薬局　北真舟店", "機関区分": 5, "都道府県コード": 7, "市区町村コード": 205, "所在地": "福島県白河市北真舟２５番地２　パークシティ１０４ビル１階", "緯度": 37.131386, "経度": 140.192861, "url": "https://www.iryou.teikyouseido.mhlw.go.jp/znk-web/juminkanja/S2430/initialize?prefCd=07&kikanCd=0752001461&kikanKbn=5", "url2": "https://www.apocreat.co.jp/", "内容": "アイランド薬局　北真舟店【5:薬局】福島県白河市北真舟２５番地２　パークシティ１０４ビル１階" }, "geometry": { "type": "Point", "coordinates": [ 140.192861, 37.131386 ] } },
{ "type": "Feature", "properties": { "ID": 750752001462, "正式名称": "有限会社しみず薬局南中央店", "機関区分": 5, "都道府県コード": 7, "市区町村コード": 201, "所在地": "福島県福島市南中央１丁目６５－５　ラフィーネ１０１号室", "緯度": 37.760167, "経度": 140.439583, "url": "https://www.iryou.teikyouseido.mhlw.go.jp/znk-web/juminkanja/S2430/initialize?prefCd=07&kikanCd=0752001462&kikanKbn=5", "url2": null, "内容": "有限会社しみず薬局南中央店【5:薬局】福島県福島市南中央１丁目６５－５　ラフィーネ１０１号室" }, "geometry": { "type": "Point", "coordinates": [ 140.439583, 37.760167 ] } },
{ "type": "Feature", "properties": { "ID": 750752001463, "正式名称": "寺島薬局　おやま店", "機関区分": 5, "都道府県コード": 7, "市区町村コード": 201, "所在地": "福島県福島市御山字稲荷田５３－１", "緯度": 37.774467, "経度": 140.463761, "url": "https://www.iryou.teikyouseido.mhlw.go.jp/znk-web/juminkanja/S2430/initialize?prefCd=07&kikanCd=0752001463&kikanKbn=5", "url2": null, "内容": "寺島薬局　おやま店【5:薬局】福島県福島市御山字稲荷田５３－１" }, "geometry": { "type": "Point", "coordinates": [ 140.463761, 37.774467 ] } },
{ "type": "Feature", "properties": { "ID": 750752001465, "正式名称": "ベース薬局富久山店", "機関区分": 5, "都道府県コード": 7, "市区町村コード": 203, "所在地": "福島県郡山市富久山町久保田字上野１９－４", "緯度": 37.413942, "経度": 140.389617, "url": "https://www.iryou.teikyouseido.mhlw.go.jp/znk-web/juminkanja/S2430/initialize?prefCd=07&kikanCd=0752001465&kikanKbn=5", "url2": "http://base-ph.co.jp", "内容": "ベース薬局富久山店【5:薬局】福島県郡山市富久山町久保田字上野１９－４" }, "geometry": { "type": "Point", "coordinates": [ 140.389617, 37.413942 ] } },
{ "type": "Feature", "properties": { "ID": 750752001466, "正式名称": "クスリのアオキ城西町薬局", "機関区分": 5, "都道府県コード": 7, "市区町村コード": 202, "所在地": "福島県会津若松市城西町８番１２号", "緯度": 37.485181, "経度": 139.916314, "url": "https://www.iryou.teikyouseido.mhlw.go.jp/znk-web/juminkanja/S2430/initialize?prefCd=07&kikanCd=0752001466&kikanKbn=5", "url2": "https://www.kusuri-aoki.co.jp", "内容": "クスリのアオキ城西町薬局【5:薬局】福島県会津若松市城西町８番１２号" }, "geometry": { "type": "Point", "coordinates": [ 139.916314, 37.485181 ] } },
{ "type": "Feature", "properties": { "ID": 750752001467, "正式名称": "アイン薬局　福島鎌田店", "機関区分": 5, "都道府県コード": 7, "市区町村コード": 201, "所在地": "福島県福島市鎌田字舟戸前９－１", "緯度": 37.791508, "経度": 140.489881, "url": "https://www.iryou.teikyouseido.mhlw.go.jp/znk-web/juminkanja/S2430/initialize?prefCd=07&kikanCd=0752001467&kikanKbn=5", "url2": "https://www.ainj.co.jp/", "内容": "アイン薬局　福島鎌田店【5:薬局】福島県福島市鎌田字舟戸前９－１" }, "geometry": { "type": "Point", "coordinates": [ 140.489881, 37.791508 ] } },
{ "type": "Feature", "properties": { "ID": 750752001469, "正式名称": "アイン薬局　ラヴィバレ店", "機関区分": 5, "都道府県コード": 7, "市区町村コード": 201, "所在地": "福島県福島市早稲町４－１６　ラヴィバレ一番丁　１Ｆ", "緯度": 37.751283, "経度": 140.462106, "url": "https://www.iryou.teikyouseido.mhlw.go.jp/znk-web/juminkanja/S2430/initialize?prefCd=07&kikanCd=0752001469&kikanKbn=5", "url2": "https://www.ainj.co.jp", "内容": "アイン薬局　ラヴィバレ店【5:薬局】福島県福島市早稲町４－１６　ラヴィバレ一番丁　１Ｆ" }, "geometry": { "type": "Point", "coordinates": [ 140.462106, 37.751283 ] } },
{ "type": "Feature", "properties": { "ID": 750752001470, "正式名称": "アイン薬局　二本松店", "機関区分": 5, "都道府県コード": 7, "市区町村コード": 210, "所在地": "福島県二本松市成田町１丁目８１２－３", "緯度": 37.58975, "経度": 140.422353, "url": "https://www.iryou.teikyouseido.mhlw.go.jp/znk-web/juminkanja/S2430/initialize?prefCd=07&kikanCd=0752001470&kikanKbn=5", "url2": "https://www.ainj.co.jp/", "内容": "アイン薬局　二本松店【5:薬局】福島県二本松市成田町１丁目８１２－３" }, "geometry": { "type": "Point", "coordinates": [ 140.422353, 37.58975 ] } },
{ "type": "Feature", "properties": { "ID": 750752001471, "正式名称": "クスリのアオキ小名浜リスポ薬局", "機関区分": 5, "都道府県コード": 7, "市区町村コード": 204, "所在地": "福島県いわき市小名浜字蛭川南５番地６", "緯度": 36.951139, "経度": 140.904153, "url": "https://www.iryou.teikyouseido.mhlw.go.jp/znk-web/juminkanja/S2430/initialize?prefCd=07&kikanCd=0752001471&kikanKbn=5", "url2": "https://www.kusuri-aoki.co.jp", "内容": "クスリのアオキ小名浜リスポ薬局【5:薬局】福島県いわき市小名浜字蛭川南５番地６" }, "geometry": { "type": "Point", "coordinates": [ 140.904153, 36.951139 ] } },
{ "type": "Feature", "properties": { "ID": 750752001472, "正式名称": "山口薬局　長久保店", "機関区分": 5, "都道府県コード": 7, "市区町村コード": 203, "所在地": "福島県郡山市安積町長久保１丁目４－４", "緯度": 37.359358, "経度": 140.362667, "url": "https://www.iryou.teikyouseido.mhlw.go.jp/znk-web/juminkanja/S2430/initialize?prefCd=07&kikanCd=0752001472&kikanKbn=5", "url2": "https://www.yamayaku.com/", "内容": "山口薬局　長久保店【5:薬局】福島県郡山市安積町長久保１丁目４－４" }, "geometry": { "type": "Point", "coordinates": [ 140.362667, 37.359358 ] } },
{ "type": "Feature", "properties": { "ID": 750752001473, "正式名称": "ケイ薬局", "機関区分": 5, "都道府県コード": 7, "市区町村コード": 204, "所在地": "福島県いわき市小名浜林城塚前５４－６", "緯度": 36.985525, "経度": 140.894753, "url": "https://www.iryou.teikyouseido.mhlw.go.jp/znk-web/juminkanja/S2430/initialize?prefCd=07&kikanCd=0752001473&kikanKbn=5", "url2": "https://deiasibi.jp/", "内容": "ケイ薬局【5:薬局】福島県いわき市小名浜林城塚前５４－６" }, "geometry": { "type": "Point", "coordinates": [ 140.894753, 36.985525 ] } },
{ "type": "Feature", "properties": { "ID": 750752001474, "正式名称": "船戸薬局", "機関区分": 5, "都道府県コード": 7, "市区町村コード": 204, "所在地": "福島県いわき市鹿島町船戸字沼田１－２１", "緯度": 36.984753, "経度": 140.9019, "url": "https://www.iryou.teikyouseido.mhlw.go.jp/znk-web/juminkanja/S2430/initialize?prefCd=07&kikanCd=0752001474&kikanKbn=5", "url2": "https://meron-net.shop/ds/funado", "内容": "船戸薬局【5:薬局】福島県いわき市鹿島町船戸字沼田１－２１" }, "geometry": { "type": "Point", "coordinates": [ 140.9019, 36.984753 ] } },
{ "type": "Feature", "properties": { "ID": 750752001475, "正式名称": "ベース薬局　山見町店", "機関区分": 5, "都道府県コード": 7, "市区町村コード": 202, "所在地": "福島県会津若松市山見二丁目８番地の１４", "緯度": 37.509939, "経度": 139.939481, "url": "https://www.iryou.teikyouseido.mhlw.go.jp/znk-web/juminkanja/S2430/initialize?prefCd=07&kikanCd=0752001475&kikanKbn=5", "url2": "http://base-ph.co.jp/", "内容": "ベース薬局　山見町店【5:薬局】福島県会津若松市山見二丁目８番地の１４" }, "geometry": { "type": "Point", "coordinates": [ 139.939481, 37.509939 ] } },
{ "type": "Feature", "properties": { "ID": 750752001476, "正式名称": "アイン薬局いわき植田店", "機関区分": 5, "都道府県コード": 7, "市区町村コード": 204, "所在地": "福島県いわき市植田町本町２－７－８", "緯度": 36.917733, "経度": 140.79975, "url": "https://www.iryou.teikyouseido.mhlw.go.jp/znk-web/juminkanja/S2430/initialize?prefCd=07&kikanCd=0752001476&kikanKbn=5", "url2": "ainj.co.jp", "内容": "アイン薬局いわき植田店【5:薬局】福島県いわき市植田町本町２－７－８" }, "geometry": { "type": "Point", "coordinates": [ 140.79975, 36.917733 ] } },
{ "type": "Feature", "properties": { "ID": 750752001477, "正式名称": "ぴよぴよ薬局", "機関区分": 5, "都道府県コード": 7, "市区町村コード": 204, "所在地": "福島県いわき市草木台５－１６－１", "緯度": 37.01825, "経度": 140.873531, "url": "https://www.iryou.teikyouseido.mhlw.go.jp/znk-web/juminkanja/S2430/initialize?prefCd=07&kikanCd=0752001477&kikanKbn=5", "url2": null, "内容": "ぴよぴよ薬局【5:薬局】福島県いわき市草木台５－１６－１" }, "geometry": { "type": "Point", "coordinates": [ 140.873531, 37.01825 ] } },
{ "type": "Feature", "properties": { "ID": 750752001478, "正式名称": "コスモ調剤薬局　麓山店", "機関区分": 5, "都道府県コード": 7, "市区町村コード": 203, "所在地": "福島県郡山市麓山二丁目５番１８号", "緯度": 37.395483, "経度": 140.371353, "url": "https://www.iryou.teikyouseido.mhlw.go.jp/znk-web/juminkanja/S2430/initialize?prefCd=07&kikanCd=0752001478&kikanKbn=5", "url2": "http://www.cosmo-ph.co.jp", "内容": "コスモ調剤薬局　麓山店【5:薬局】福島県郡山市麓山二丁目５番１８号" }, "geometry": { "type": "Point", "coordinates": [ 140.371353, 37.395483 ] } },
{ "type": "Feature", "properties": { "ID": 750752001479, "正式名称": "エール薬局　中島店", "機関区分": 5, "都道府県コード": 7, "市区町村コード": 465, "所在地": "福島県西白河郡中島村大字滑津字二ツ山３７番１１", "緯度": 37.149483, "経度": 140.3482, "url": "https://www.iryou.teikyouseido.mhlw.go.jp/znk-web/juminkanja/S2430/initialize?prefCd=07&kikanCd=0752001479&kikanKbn=5", "url2": null, "内容": "エール薬局　中島店【5:薬局】福島県西白河郡中島村大字滑津字二ツ山３７番１１" }, "geometry": { "type": "Point", "coordinates": [ 140.3482, 37.149483 ] } },
{ "type": "Feature", "properties": { "ID": 750752001480, "正式名称": "エール薬局日和田店", "機関区分": 5, "都道府県コード": 7, "市区町村コード": 203, "所在地": "福島県郡山市日和田町字南原２－３５０", "緯度": 37.439519, "経度": 140.384583, "url": "https://www.iryou.teikyouseido.mhlw.go.jp/znk-web/juminkanja/S2430/initialize?prefCd=07&kikanCd=0752001480&kikanKbn=5", "url2": null, "内容": "エール薬局日和田店【5:薬局】福島県郡山市日和田町字南原２－３５０" }, "geometry": { "type": "Point", "coordinates": [ 140.384583, 37.439519 ] } },
{ "type": "Feature", "properties": { "ID": 750752001481, "正式名称": "須賀川スカイ薬局", "機関区分": 5, "都道府県コード": 7, "市区町村コード": 207, "所在地": "福島県須賀川市森宿字狐石１２９番４５", "緯度": 37.305617, "経度": 140.3591, "url": "https://www.iryou.teikyouseido.mhlw.go.jp/znk-web/juminkanja/S2430/initialize?prefCd=07&kikanCd=0752001481&kikanKbn=5", "url2": "http://www.cosmo-ph.co.jp/", "内容": "須賀川スカイ薬局【5:薬局】福島県須賀川市森宿字狐石１２９番４５" }, "geometry": { "type": "Point", "coordinates": [ 140.3591, 37.305617 ] } },
{ "type": "Feature", "properties": { "ID": 750752001482, "正式名称": "エール薬局伊達店", "機関区分": 5, "都道府県コード": 7, "市区町村コード": 213, "所在地": "福島県伊達市岡前２０番４", "緯度": 37.821906, "経度": 140.504994, "url": "https://www.iryou.teikyouseido.mhlw.go.jp/znk-web/juminkanja/S2430/initialize?prefCd=07&kikanCd=0752001482&kikanKbn=5", "url2": null, "内容": "エール薬局伊達店【5:薬局】福島県伊達市岡前２０番４" }, "geometry": { "type": "Point", "coordinates": [ 140.504994, 37.821906 ] } },
{ "type": "Feature", "properties": { "ID": 750752001483, "正式名称": "エール薬局高木店", "機関区分": 5, "都道府県コード": 7, "市区町村コード": 214, "所在地": "福島県本宮市高木字平内７４－１", "緯度": 37.516922, "経度": 140.409086, "url": "https://www.iryou.teikyouseido.mhlw.go.jp/znk-web/juminkanja/S2430/initialize?prefCd=07&kikanCd=0752001483&kikanKbn=5", "url2": null, "内容": "エール薬局高木店【5:薬局】福島県本宮市高木字平内７４－１" }, "geometry": { "type": "Point", "coordinates": [ 140.409086, 37.516922 ] } },
{ "type": "Feature", "properties": { "ID": 750752001484, "正式名称": "エール薬局中町境店", "機関区分": 5, "都道府県コード": 7, "市区町村コード": 204, "所在地": "福島県いわき市小名浜中町境１７－１２", "緯度": 36.955072, "経度": 140.897133, "url": "https://www.iryou.teikyouseido.mhlw.go.jp/znk-web/juminkanja/S2430/initialize?prefCd=07&kikanCd=0752001484&kikanKbn=5", "url2": null, "内容": "エール薬局中町境店【5:薬局】福島県いわき市小名浜中町境１７－１２" }, "geometry": { "type": "Point", "coordinates": [ 140.897133, 36.955072 ] } },
{ "type": "Feature", "properties": { "ID": 750752001485, "正式名称": "エール薬局小名浜店", "機関区分": 5, "都道府県コード": 7, "市区町村コード": 204, "所在地": "福島県いわき市小名浜岡小名二丁目９－４", "緯度": 36.960389, "経度": 140.908872, "url": "https://www.iryou.teikyouseido.mhlw.go.jp/znk-web/juminkanja/S2430/initialize?prefCd=07&kikanCd=0752001485&kikanKbn=5", "url2": null, "内容": "エール薬局小名浜店【5:薬局】福島県いわき市小名浜岡小名二丁目９－４" }, "geometry": { "type": "Point", "coordinates": [ 140.908872, 36.960389 ] } },
{ "type": "Feature", "properties": { "ID": 750752001486, "正式名称": "コスモ調剤薬局喜多方西店", "機関区分": 5, "都道府県コード": 7, "市区町村コード": 208, "所在地": "福島県喜多方市字経壇４３番", "緯度": 37.658797, "経度": 139.869367, "url": "https://www.iryou.teikyouseido.mhlw.go.jp/znk-web/juminkanja/S2430/initialize?prefCd=07&kikanCd=0752001486&kikanKbn=5", "url2": null, "内容": "コスモ調剤薬局喜多方西店【5:薬局】福島県喜多方市字経壇４３番" }, "geometry": { "type": "Point", "coordinates": [ 139.869367, 37.658797 ] } },
{ "type": "Feature", "properties": { "ID": 750752001487, "正式名称": "方木田薬局", "機関区分": 5, "都道府県コード": 7, "市区町村コード": 201, "所在地": "福島県福島市方木田字中屋敷１－２９", "緯度": 37.739425, "経度": 140.453717, "url": "https://www.iryou.teikyouseido.mhlw.go.jp/znk-web/juminkanja/S2430/initialize?prefCd=07&kikanCd=0752001487&kikanKbn=5", "url2": "https://mediluck.com/tenpolist/houkida/", "内容": "方木田薬局【5:薬局】福島県福島市方木田字中屋敷１－２９" }, "geometry": { "type": "Point", "coordinates": [ 140.453717, 37.739425 ] } },
{ "type": "Feature", "properties": { "ID": 750752001488, "正式名称": "なの花薬局　北矢野目店", "機関区分": 5, "都道府県コード": 7, "市区町村コード": 201, "所在地": "福島県福島市北矢野目字原田６７－１７", "緯度": 37.792939, "経度": 140.459594, "url": "https://www.iryou.teikyouseido.mhlw.go.jp/znk-web/juminkanja/S2430/initialize?prefCd=07&kikanCd=0752001488&kikanKbn=5", "url2": "http://www.nanohana-ph.jp", "内容": "なの花薬局　北矢野目店【5:薬局】福島県福島市北矢野目字原田６７－１７" }, "geometry": { "type": "Point", "coordinates": [ 140.459594, 37.792939 ] } },
{ "type": "Feature", "properties": { "ID": 750752001489, "正式名称": "エール薬局栄町店", "機関区分": 5, "都道府県コード": 7, "市区町村コード": 201, "所在地": "福島県福島市栄町１－３１", "緯度": 37.757139, "経度": 140.460378, "url": "https://www.iryou.teikyouseido.mhlw.go.jp/znk-web/juminkanja/S2430/initialize?prefCd=07&kikanCd=0752001489&kikanKbn=5", "url2": "http://www.cosmo-ph.co.jp/", "内容": "エール薬局栄町店【5:薬局】福島県福島市栄町１－３１" }, "geometry": { "type": "Point", "coordinates": [ 140.460378, 37.757139 ] } },
{ "type": "Feature", "properties": { "ID": 750752001492, "正式名称": "スマイリー薬局天神町店", "機関区分": 5, "都道府県コード": 7, "市区町村コード": 201, "所在地": "福島県福島市天神町１５番１２号", "緯度": 37.761431, "経度": 140.464553, "url": "https://www.iryou.teikyouseido.mhlw.go.jp/znk-web/juminkanja/S2430/initialize?prefCd=07&kikanCd=0752001492&kikanKbn=5", "url2": null, "内容": "スマイリー薬局天神町店【5:薬局】福島県福島市天神町１５番１２号" }, "geometry": { "type": "Point", "coordinates": [ 140.464553, 37.761431 ] } },
{ "type": "Feature", "properties": { "ID": 750752001493, "正式名称": "エール薬局南矢野目店", "機関区分": 5, "都道府県コード": 7, "市区町村コード": 201, "所在地": "福島県福島市南矢野目字上戸ノ内１０－１５", "緯度": 37.78975, "経度": 140.479608, "url": "https://www.iryou.teikyouseido.mhlw.go.jp/znk-web/juminkanja/S2430/initialize?prefCd=07&kikanCd=0752001493&kikanKbn=5", "url2": "https://www.cosmo-ph.co.jp/pharmacy/shop/detail/50.html", "内容": "エール薬局南矢野目店【5:薬局】福島県福島市南矢野目字上戸ノ内１０－１５" }, "geometry": { "type": "Point", "coordinates": [ 140.479608, 37.78975 ] } },
{ "type": "Feature", "properties": { "ID": 750752001494, "正式名称": "エール薬局北五老内店", "機関区分": 5, "都道府県コード": 7, "市区町村コード": 201, "所在地": "福島県福島市北五老内町６番１４号", "緯度": 37.763244, "経度": 140.476094, "url": "https://www.iryou.teikyouseido.mhlw.go.jp/znk-web/juminkanja/S2430/initialize?prefCd=07&kikanCd=0752001494&kikanKbn=5", "url2": null, "内容": "エール薬局北五老内店【5:薬局】福島県福島市北五老内町６番１４号" }, "geometry": { "type": "Point", "coordinates": [ 140.476094, 37.763244 ] } },
{ "type": "Feature", "properties": { "ID": 750752001495, "正式名称": "エール薬局笹谷東店", "機関区分": 5, "都道府県コード": 7, "市区町村コード": 201, "所在地": "福島県福島市南矢野目字道下３５－１０", "緯度": 37.792611, "経度": 140.450725, "url": "https://www.iryou.teikyouseido.mhlw.go.jp/znk-web/juminkanja/S2430/initialize?prefCd=07&kikanCd=0752001495&kikanKbn=5", "url2": null, "内容": "エール薬局笹谷東店【5:薬局】福島県福島市南矢野目字道下３５－１０" }, "geometry": { "type": "Point", "coordinates": [ 140.450725, 37.792611 ] } },
{ "type": "Feature", "properties": { "ID": 750752001496, "正式名称": "アクト調剤薬局　笹谷店", "機関区分": 5, "都道府県コード": 7, "市区町村コード": 201, "所在地": "福島県福島市笹谷字寺町１４－５", "緯度": 37.796242, "経度": 140.423281, "url": "https://www.iryou.teikyouseido.mhlw.go.jp/znk-web/juminkanja/S2430/initialize?prefCd=07&kikanCd=0752001496&kikanKbn=5", "url2": null, "内容": "アクト調剤薬局　笹谷店【5:薬局】福島県福島市笹谷字寺町１４－５" }, "geometry": { "type": "Point", "coordinates": [ 140.423281, 37.796242 ] } },
{ "type": "Feature", "properties": { "ID": 750752001497, "正式名称": "ウエルシア薬局会津若松湯川店", "機関区分": 5, "都道府県コード": 7, "市区町村コード": 202, "所在地": "福島県会津若松市湯川町４番１０号", "緯度": 37.487886, "経度": 139.920178, "url": "https://www.iryou.teikyouseido.mhlw.go.jp/znk-web/juminkanja/S2430/initialize?prefCd=07&kikanCd=0752001497&kikanKbn=5", "url2": "https://www.welcia-yakkyoku.co.jp/", "内容": "ウエルシア薬局会津若松湯川店【5:薬局】福島県会津若松市湯川町４番１０号" }, "geometry": { "type": "Point", "coordinates": [ 139.920178, 37.487886 ] } },
{ "type": "Feature", "properties": { "ID": 750752001498, "正式名称": "ほばら薬局鎌田店", "機関区分": 5, "都道府県コード": 7, "市区町村コード": 201, "所在地": "福島県福島市鎌田字町東２番５", "緯度": 37.790228, "経度": 140.487594, "url": "https://www.iryou.teikyouseido.mhlw.go.jp/znk-web/juminkanja/S2430/initialize?prefCd=07&kikanCd=0752001498&kikanKbn=5", "url2": "https://fukushima-ms.com", "内容": "ほばら薬局鎌田店【5:薬局】福島県福島市鎌田字町東２番５" }, "geometry": { "type": "Point", "coordinates": [ 140.487594, 37.790228 ] } },
{ "type": "Feature", "properties": { "ID": 750752001499, "正式名称": "ウエルシア薬局東白川棚倉店", "機関区分": 5, "都道府県コード": 7, "市区町村コード": 481, "所在地": "福島県東白川郡棚倉町大字流字餅田１６－１", "緯度": 37.015278, "経度": 140.391322, "url": "https://www.iryou.teikyouseido.mhlw.go.jp/znk-web/juminkanja/S2430/initialize?prefCd=07&kikanCd=0752001499&kikanKbn=5", "url2": null, "内容": "ウエルシア薬局東白川棚倉店【5:薬局】福島県東白川郡棚倉町大字流字餅田１６－１" }, "geometry": { "type": "Point", "coordinates": [ 140.391322, 37.015278 ] } },
{ "type": "Feature", "properties": { "ID": 750752001501, "正式名称": "ウエルシア薬局いわき中央台東店", "機関区分": 5, "都道府県コード": 7, "市区町村コード": 204, "所在地": "福島県いわき市中央台高久二丁目２５番地の１", "緯度": 37.009281, "経度": 140.929214, "url": "https://www.iryou.teikyouseido.mhlw.go.jp/znk-web/juminkanja/S2430/initialize?prefCd=07&kikanCd=0752001501&kikanKbn=5", "url2": "https://stores.welcia.co.jp/6393D", "内容": "ウエルシア薬局いわき中央台東店【5:薬局】福島県いわき市中央台高久二丁目２５番地の１" }, "geometry": { "type": "Point", "coordinates": [ 140.929214, 37.009281 ] } },
{ "type": "Feature", "properties": { "ID": 750752001503, "正式名称": "自然薬房きくち薬局", "機関区分": 5, "都道府県コード": 7, "市区町村コード": 204, "所在地": "福島県いわき市内郷御厩町４－１０９", "緯度": 37.0500836, "経度": 140.8743953, "url": "https://www.iryou.teikyouseido.mhlw.go.jp/znk-web/juminkanja/S2430/initialize?prefCd=07&kikanCd=0752001503&kikanKbn=5", "url2": "http://kanpou-kikuchi.com", "内容": "自然薬房きくち薬局【5:薬局】福島県いわき市内郷御厩町４－１０９" }, "geometry": { "type": "Point", "coordinates": [ 140.8743953, 37.0500836 ] } },
{ "type": "Feature", "properties": { "ID": 750752001504, "正式名称": "株式会社ユモト薬局白鳥店", "機関区分": 5, "都道府県コード": 7, "市区町村コード": 204, "所在地": "福島県いわき市常磐白鳥町壱丁田３８番１２", "緯度": 36.985878, "経度": 140.846269, "url": "https://www.iryou.teikyouseido.mhlw.go.jp/znk-web/juminkanja/S2430/initialize?prefCd=07&kikanCd=0752001504&kikanKbn=5", "url2": "https://www.marinegroup.jp/", "内容": "株式会社ユモト薬局白鳥店【5:薬局】福島県いわき市常磐白鳥町壱丁田３８番１２" }, "geometry": { "type": "Point", "coordinates": [ 140.846269, 36.985878 ] } },
{ "type": "Feature", "properties": { "ID": 750752001505, "正式名称": "アイン薬局会津美里店", "機関区分": 5, "都道府県コード": 7, "市区町村コード": 447, "所在地": "福島県大沼郡会津美里町字高田甲２９６９番地５", "緯度": 37.464525, "経度": 139.841292, "url": "https://www.iryou.teikyouseido.mhlw.go.jp/znk-web/juminkanja/S2430/initialize?prefCd=07&kikanCd=0752001505&kikanKbn=5", "url2": "https://www.ainj.co.jp/", "内容": "アイン薬局会津美里店【5:薬局】福島県大沼郡会津美里町字高田甲２９６９番地５" }, "geometry": { "type": "Point", "coordinates": [ 139.841292, 37.464525 ] } },
{ "type": "Feature", "properties": { "ID": 750752001506, "正式名称": "クスリのアオキ桑野大島薬局", "機関区分": 5, "都道府県コード": 7, "市区町村コード": 203, "所在地": "福島県郡山市桑野四丁目５番地の２０", "緯度": 37.408764, "経度": 140.355272, "url": "https://www.iryou.teikyouseido.mhlw.go.jp/znk-web/juminkanja/S2430/initialize?prefCd=07&kikanCd=0752001506&kikanKbn=5", "url2": "https://www.kusuri-aoki.co.jp/", "内容": "クスリのアオキ桑野大島薬局【5:薬局】福島県郡山市桑野四丁目５番地の２０" }, "geometry": { "type": "Point", "coordinates": [ 140.355272, 37.408764 ] } },
{ "type": "Feature", "properties": { "ID": 750752001507, "正式名称": "ファミリー薬局", "機関区分": 5, "都道府県コード": 7, "市区町村コード": 301, "所在地": "福島県伊達郡桑折町字堰合２１番地９号", "緯度": 37.850414, "経度": 140.521333, "url": "https://www.iryou.teikyouseido.mhlw.go.jp/znk-web/juminkanja/S2430/initialize?prefCd=07&kikanCd=0752001507&kikanKbn=5", "url2": null, "内容": "ファミリー薬局【5:薬局】福島県伊達郡桑折町字堰合２１番地９号" }, "geometry": { "type": "Point", "coordinates": [ 140.521333, 37.850414 ] } },
{ "type": "Feature", "properties": { "ID": 750752001508, "正式名称": "アイン薬局　福島大森店", "機関区分": 5, "都道府県コード": 7, "市区町村コード": 201, "所在地": "福島県福島市大森字街道下７１－４", "緯度": 37.735706, "経度": 140.451739, "url": "https://www.iryou.teikyouseido.mhlw.go.jp/znk-web/juminkanja/S2430/initialize?prefCd=07&kikanCd=0752001508&kikanKbn=5", "url2": "https://www.ainj.co.jp", "内容": "アイン薬局　福島大森店【5:薬局】福島県福島市大森字街道下７１－４" }, "geometry": { "type": "Point", "coordinates": [ 140.451739, 37.735706 ] } },
{ "type": "Feature", "properties": { "ID": 750752001509, "正式名称": "のだ東中央オレンジ薬局", "機関区分": 5, "都道府県コード": 7, "市区町村コード": 201, "所在地": "福島県福島市東中央３－７－２", "緯度": 37.762317, "経度": 140.436583, "url": "https://www.iryou.teikyouseido.mhlw.go.jp/znk-web/juminkanja/S2430/initialize?prefCd=07&kikanCd=0752001509&kikanKbn=5", "url2": "http://www.imai-medicalsupport.jp/", "内容": "のだ東中央オレンジ薬局【5:薬局】福島県福島市東中央３－７－２" }, "geometry": { "type": "Point", "coordinates": [ 140.436583, 37.762317 ] } },
{ "type": "Feature", "properties": { "ID": 750752001510, "正式名称": "すず薬局　郷野目店", "機関区分": 5, "都道府県コード": 7, "市区町村コード": 201, "所在地": "福島県福島市郷野目字仲１２", "緯度": 37.737758, "経度": 140.461319, "url": "https://www.iryou.teikyouseido.mhlw.go.jp/znk-web/juminkanja/S2430/initialize?prefCd=07&kikanCd=0752001510&kikanKbn=5", "url2": "https://pharmacy-suzu.com/pharmacy/164/", "内容": "すず薬局　郷野目店【5:薬局】福島県福島市郷野目字仲１２" }, "geometry": { "type": "Point", "coordinates": [ 140.461319, 37.737758 ] } },
{ "type": "Feature", "properties": { "ID": 750752001511, "正式名称": "調剤薬局ツルハドラッグ郡山安積店", "機関区分": 5, "都道府県コード": 7, "市区町村コード": 203, "所在地": "福島県郡山市安積４丁目２０３番", "緯度": 37.352816, "経度": 140.363425, "url": "https://www.iryou.teikyouseido.mhlw.go.jp/znk-web/juminkanja/S2430/initialize?prefCd=07&kikanCd=0752001511&kikanKbn=5", "url2": "https://shop.tsuruha-g.com/0612c", "内容": "調剤薬局ツルハドラッグ郡山安積店【5:薬局】福島県郡山市安積４丁目２０３番" }, "geometry": { "type": "Point", "coordinates": [ 140.363425, 37.352816 ] } },
{ "type": "Feature", "properties": { "ID": 750752001512, "正式名称": "クスリのアオキ白虎町薬局", "機関区分": 5, "都道府県コード": 7, "市区町村コード": 202, "所在地": "福島県会津若松市白虎町３３５番地", "緯度": 37.509931, "経度": 139.931994, "url": "https://www.iryou.teikyouseido.mhlw.go.jp/znk-web/juminkanja/S2430/initialize?prefCd=07&kikanCd=0752001512&kikanKbn=5", "url2": "https://www.kusuri-aoki.co.jp/", "内容": "クスリのアオキ白虎町薬局【5:薬局】福島県会津若松市白虎町３３５番地" }, "geometry": { "type": "Point", "coordinates": [ 139.931994, 37.509931 ] } },
{ "type": "Feature", "properties": { "ID": 750752001513, "正式名称": "せとまち薬局", "機関区分": 5, "都道府県コード": 7, "市区町村コード": 447, "所在地": "福島県大沼郡会津美里町字瀬戸町甲３２６９－２", "緯度": 37.453022, "経度": 139.890922, "url": "https://www.iryou.teikyouseido.mhlw.go.jp/znk-web/juminkanja/S2430/initialize?prefCd=07&kikanCd=0752001513&kikanKbn=5", "url2": null, "内容": "せとまち薬局【5:薬局】福島県大沼郡会津美里町字瀬戸町甲３２６９－２" }, "geometry": { "type": "Point", "coordinates": [ 139.890922, 37.453022 ] } },
{ "type": "Feature", "properties": { "ID": 750752001514, "正式名称": "のぞみ薬局　会津若松店", "機関区分": 5, "都道府県コード": 7, "市区町村コード": 202, "所在地": "福島県会津若松市湯川町１番６２号", "緯度": 37.490486, "経度": 139.921061, "url": "https://www.iryou.teikyouseido.mhlw.go.jp/znk-web/juminkanja/S2430/initialize?prefCd=07&kikanCd=0752001514&kikanKbn=5", "url2": null, "内容": "のぞみ薬局　会津若松店【5:薬局】福島県会津若松市湯川町１番６２号" }, "geometry": { "type": "Point", "coordinates": [ 139.921061, 37.490486 ] } },
{ "type": "Feature", "properties": { "ID": 750752001516, "正式名称": "のぞみ薬局　相馬店", "機関区分": 5, "都道府県コード": 7, "市区町村コード": 209, "所在地": "福島県相馬市新沼字坪ヶ迫１３５－８", "緯度": 37.811647, "経度": 140.921997, "url": "https://www.iryou.teikyouseido.mhlw.go.jp/znk-web/juminkanja/S2430/initialize?prefCd=07&kikanCd=0752001516&kikanKbn=5", "url2": null, "内容": "のぞみ薬局　相馬店【5:薬局】福島県相馬市新沼字坪ヶ迫１３５－８" }, "geometry": { "type": "Point", "coordinates": [ 140.921997, 37.811647 ] } },
{ "type": "Feature", "properties": { "ID": 750752001517, "正式名称": "ならは薬局", "機関区分": 5, "都道府県コード": 7, "市区町村コード": 542, "所在地": "福島県双葉郡楢葉町大字北田字中満２８９－４", "緯度": 37.276911, "経度": 140.995339, "url": "https://www.iryou.teikyouseido.mhlw.go.jp/znk-web/juminkanja/S2430/initialize?prefCd=07&kikanCd=0752001517&kikanKbn=5", "url2": null, "内容": "ならは薬局【5:薬局】福島県双葉郡楢葉町大字北田字中満２８９－４" }, "geometry": { "type": "Point", "coordinates": [ 140.995339, 37.276911 ] } },
{ "type": "Feature", "properties": { "ID": 750752001519, "正式名称": "カワチ薬局　桑野店", "機関区分": 5, "都道府県コード": 7, "市区町村コード": 203, "所在地": "福島県郡山市桑野１－６－１０", "緯度": 37.401622, "経度": 140.357181, "url": "https://www.iryou.teikyouseido.mhlw.go.jp/znk-web/juminkanja/S2430/initialize?prefCd=07&kikanCd=0752001519&kikanKbn=5", "url2": "https://www.cawachi.co.jp", "内容": "カワチ薬局　桑野店【5:薬局】福島県郡山市桑野１－６－１０" }, "geometry": { "type": "Point", "coordinates": [ 140.357181, 37.401622 ] } },
{ "type": "Feature", "properties": { "ID": 750752001520, "正式名称": "コスモヘルスケア薬局", "機関区分": 5, "都道府県コード": 7, "市区町村コード": 203, "所在地": "福島県郡山市桑野三丁目１１番３号", "緯度": 37.405639, "経度": 140.356831, "url": "https://www.iryou.teikyouseido.mhlw.go.jp/znk-web/juminkanja/S2430/initialize?prefCd=07&kikanCd=0752001520&kikanKbn=5", "url2": "http://www.cosmo-ph.co.jp", "内容": "コスモヘルスケア薬局【5:薬局】福島県郡山市桑野三丁目１１番３号" }, "geometry": { "type": "Point", "coordinates": [ 140.356831, 37.405639 ] } },
{ "type": "Feature", "properties": { "ID": 750752001523, "正式名称": "ウエルシア薬局　郡山長者店", "機関区分": 5, "都道府県コード": 7, "市区町村コード": 203, "所在地": "福島県郡山市長者１丁目６番２０号", "緯度": 37.399111, "経度": 140.367056, "url": "https://www.iryou.teikyouseido.mhlw.go.jp/znk-web/juminkanja/S2430/initialize?prefCd=07&kikanCd=0752001523&kikanKbn=5", "url2": "https://stores.welcia.co.jp/1347D", "内容": "ウエルシア薬局　郡山長者店【5:薬局】福島県郡山市長者１丁目６番２０号" }, "geometry": { "type": "Point", "coordinates": [ 140.367056, 37.399111 ] } },
{ "type": "Feature", "properties": { "ID": 750752001524, "正式名称": "ウイン調剤薬局西郷店", "機関区分": 5, "都道府県コード": 7, "市区町村コード": 461, "所在地": "福島県西白河郡西郷村大字熊倉字折口原４３番８", "緯度": 37.141203, "経度": 140.156194, "url": "https://www.iryou.teikyouseido.mhlw.go.jp/znk-web/juminkanja/S2430/initialize?prefCd=07&kikanCd=0752001524&kikanKbn=5", "url2": "https://win-ohana.jp/", "内容": "ウイン調剤薬局西郷店【5:薬局】福島県西白河郡西郷村大字熊倉字折口原４３番８" }, "geometry": { "type": "Point", "coordinates": [ 140.156194, 37.141203 ] } },
{ "type": "Feature", "properties": { "ID": 750752001525, "正式名称": "さくら薬局　郡山島店", "機関区分": 5, "都道府県コード": 7, "市区町村コード": 203, "所在地": "福島県郡山市島二丁目２２番１号", "緯度": 37.396889, "経度": 140.345694, "url": "https://www.iryou.teikyouseido.mhlw.go.jp/znk-web/juminkanja/S2430/initialize?prefCd=07&kikanCd=0752001525&kikanKbn=5", "url2": "http://www.kraft-net.co.jp/search/4329/", "内容": "さくら薬局　郡山島店【5:薬局】福島県郡山市島二丁目２２番１号" }, "geometry": { "type": "Point", "coordinates": [ 140.345694, 37.396889 ] } },
{ "type": "Feature", "properties": { "ID": 750752001527, "正式名称": "ウエルシア薬局南相馬原ノ町駅前店", "機関区分": 5, "都道府県コード": 7, "市区町村コード": 212, "所在地": "福島県南相馬市原町区旭町二丁目５２番地の１", "緯度": 37.637675, "経度": 140.968667, "url": "https://www.iryou.teikyouseido.mhlw.go.jp/znk-web/juminkanja/S2430/initialize?prefCd=07&kikanCd=0752001527&kikanKbn=5", "url2": "https://store.welcia.co.jp/welcia/spot/detail?code=1351D", "内容": "ウエルシア薬局南相馬原ノ町駅前店【5:薬局】福島県南相馬市原町区旭町二丁目５２番地の１" }, "geometry": { "type": "Point", "coordinates": [ 140.968667, 37.637675 ] } },
{ "type": "Feature", "properties": { "ID": 750752001528, "正式名称": "あすなろ調剤薬局　開成店", "機関区分": 5, "都道府県コード": 7, "市区町村コード": 203, "所在地": "福島県郡山市開成５丁目１２番３１号", "緯度": 37.388556, "経度": 140.3548, "url": "https://www.iryou.teikyouseido.mhlw.go.jp/znk-web/juminkanja/S2430/initialize?prefCd=07&kikanCd=0752001528&kikanKbn=5", "url2": null, "内容": "あすなろ調剤薬局　開成店【5:薬局】福島県郡山市開成５丁目１２番３１号" }, "geometry": { "type": "Point", "coordinates": [ 140.3548, 37.388556 ] } },
{ "type": "Feature", "properties": { "ID": 750752001529, "正式名称": "未来堂薬局　さかぶた店", "機関区分": 5, "都道府県コード": 7, "市区町村コード": 203, "所在地": "福島県郡山市鶴見坦２丁目２－２", "緯度": 37.393258, "経度": 140.367972, "url": "https://www.iryou.teikyouseido.mhlw.go.jp/znk-web/juminkanja/S2430/initialize?prefCd=07&kikanCd=0752001529&kikanKbn=5", "url2": "https://www.miraidou-pharmacy.com/", "内容": "未来堂薬局　さかぶた店【5:薬局】福島県郡山市鶴見坦２丁目２－２" }, "geometry": { "type": "Point", "coordinates": [ 140.367972, 37.393258 ] } },
{ "type": "Feature", "properties": { "ID": 750752001530, "正式名称": "アップル薬局　湯本店", "機関区分": 5, "都道府県コード": 7, "市区町村コード": 204, "所在地": "福島県いわき市常磐上湯長谷町堀ノ内７０番地１", "緯度": 37.001194, "経度": 140.842667, "url": "https://www.iryou.teikyouseido.mhlw.go.jp/znk-web/juminkanja/S2430/initialize?prefCd=07&kikanCd=0752001530&kikanKbn=5", "url2": null, "内容": "アップル薬局　湯本店【5:薬局】福島県いわき市常磐上湯長谷町堀ノ内７０番地１" }, "geometry": { "type": "Point", "coordinates": [ 140.842667, 37.001194 ] } },
{ "type": "Feature", "properties": { "ID": 750752001533, "正式名称": "ウエルシア薬局福島大森店", "機関区分": 5, "都道府県コード": 7, "市区町村コード": 201, "所在地": "福島県福島市大森字堂ノ裏６２", "緯度": 37.731742, "経度": 140.443203, "url": "https://www.iryou.teikyouseido.mhlw.go.jp/znk-web/juminkanja/S2430/initialize?prefCd=07&kikanCd=0752001533&kikanKbn=5", "url2": "https://store.welcia.co.jp/welcia/spot/detail?code=6305D", "内容": "ウエルシア薬局福島大森店【5:薬局】福島県福島市大森字堂ノ裏６２" }, "geometry": { "type": "Point", "coordinates": [ 140.443203, 37.731742 ] } },
{ "type": "Feature", "properties": { "ID": 750752001534, "正式名称": "西口駅前薬局", "機関区分": 5, "都道府県コード": 7, "市区町村コード": 201, "所在地": "福島県福島市太田町８－１６", "緯度": 37.753758, "経度": 140.457919, "url": "https://www.iryou.teikyouseido.mhlw.go.jp/znk-web/juminkanja/S2430/initialize?prefCd=07&kikanCd=0752001534&kikanKbn=5", "url2": null, "内容": "西口駅前薬局【5:薬局】福島県福島市太田町８－１６" }, "geometry": { "type": "Point", "coordinates": [ 140.457919, 37.753758 ] } },
{ "type": "Feature", "properties": { "ID": 750752001535, "正式名称": "柴宮調剤薬局", "機関区分": 5, "都道府県コード": 7, "市区町村コード": 203, "所在地": "福島県郡山市久留米６－１６３－１", "緯度": 37.377428, "経度": 140.343506, "url": "https://www.iryou.teikyouseido.mhlw.go.jp/znk-web/juminkanja/S2430/initialize?prefCd=07&kikanCd=0752001535&kikanKbn=5", "url2": null, "内容": "柴宮調剤薬局【5:薬局】福島県郡山市久留米６－１６３－１" }, "geometry": { "type": "Point", "coordinates": [ 140.343506, 37.377428 ] } },
{ "type": "Feature", "properties": { "ID": 750752001536, "正式名称": "すず薬局　船引店", "機関区分": 5, "都道府県コード": 7, "市区町村コード": 211, "所在地": "福島県田村市船引町船引字下大平１０１－１", "緯度": 37.445203, "経度": 140.569375, "url": "https://www.iryou.teikyouseido.mhlw.go.jp/znk-web/juminkanja/S2430/initialize?prefCd=07&kikanCd=0752001536&kikanKbn=5", "url2": "http://pharmacy-suzu.com/", "内容": "すず薬局　船引店【5:薬局】福島県田村市船引町船引字下大平１０１－１" }, "geometry": { "type": "Point", "coordinates": [ 140.569375, 37.445203 ] } },
{ "type": "Feature", "properties": { "ID": 750752001537, "正式名称": "クスリのアオキ天寧寺薬局", "機関区分": 5, "都道府県コード": 7, "市区町村コード": 202, "所在地": "福島県会津若松市天寧寺町２番２０号", "緯度": 37.487397, "経度": 139.948856, "url": "https://www.iryou.teikyouseido.mhlw.go.jp/znk-web/juminkanja/S2430/initialize?prefCd=07&kikanCd=0752001537&kikanKbn=5", "url2": "https://www.kusuri-aoki.co.jp/", "内容": "クスリのアオキ天寧寺薬局【5:薬局】福島県会津若松市天寧寺町２番２０号" }, "geometry": { "type": "Point", "coordinates": [ 139.948856, 37.487397 ] } },
{ "type": "Feature", "properties": { "ID": 750752001538, "正式名称": "ウエルシア薬局伊達桑折店", "機関区分": 5, "都道府県コード": 7, "市区町村コード": 301, "所在地": "福島県伊達郡桑折町字北町５０－１", "緯度": 37.849094, "経度": 140.517669, "url": "https://www.iryou.teikyouseido.mhlw.go.jp/znk-web/juminkanja/S2430/initialize?prefCd=07&kikanCd=0752001538&kikanKbn=5", "url2": "https://stores.welcia.co.jp/6314D", "内容": "ウエルシア薬局伊達桑折店【5:薬局】福島県伊達郡桑折町字北町５０－１" }, "geometry": { "type": "Point", "coordinates": [ 140.517669, 37.849094 ] } },
{ "type": "Feature", "properties": { "ID": 750752001539, "正式名称": "アイランド薬局　大玉店", "機関区分": 5, "都道府県コード": 7, "市区町村コード": 322, "所在地": "福島県安達郡大玉村大山字玉貫１０６－１", "緯度": 37.5398, "経度": 140.395061, "url": "https://www.iryou.teikyouseido.mhlw.go.jp/znk-web/juminkanja/S2430/initialize?prefCd=07&kikanCd=0752001539&kikanKbn=5", "url2": null, "内容": "アイランド薬局　大玉店【5:薬局】福島県安達郡大玉村大山字玉貫１０６－１" }, "geometry": { "type": "Point", "coordinates": [ 140.395061, 37.5398 ] } },
{ "type": "Feature", "properties": { "ID": 750752001540, "正式名称": "ハシドラッグ南福島薬局", "機関区分": 5, "都道府県コード": 7, "市区町村コード": 201, "所在地": "福島県福島市太平寺児子塚５２－１", "緯度": 37.728031, "経度": 140.451372, "url": "https://www.iryou.teikyouseido.mhlw.go.jp/znk-web/juminkanja/S2430/initialize?prefCd=07&kikanCd=0752001540&kikanKbn=5", "url2": null, "内容": "ハシドラッグ南福島薬局【5:薬局】福島県福島市太平寺児子塚５２－１" }, "geometry": { "type": "Point", "coordinates": [ 140.451372, 37.728031 ] } },
{ "type": "Feature", "properties": { "ID": 750752001542, "正式名称": "株式会社くすりのマルト調剤薬局　平尼子店", "機関区分": 5, "都道府県コード": 7, "市区町村コード": 204, "所在地": "福島県いわき市平字尼子町３－１－２", "緯度": 37.051458, "経度": 140.884656, "url": "https://www.iryou.teikyouseido.mhlw.go.jp/znk-web/juminkanja/S2430/initialize?prefCd=07&kikanCd=0752001542&kikanKbn=5", "url2": "http://www.drug-maruto.co.jp/", "内容": "株式会社くすりのマルト調剤薬局　平尼子店【5:薬局】福島県いわき市平字尼子町３－１－２" }, "geometry": { "type": "Point", "coordinates": [ 140.884656, 37.051458 ] } },
{ "type": "Feature", "properties": { "ID": 750752001543, "正式名称": "武田薬局幕ノ内店", "機関区分": 5, "都道府県コード": 7, "市区町村コード": 204, "所在地": "福島県いわき市平幕ノ内字五反田９－９", "緯度": 37.067319, "経度": 140.899958, "url": "https://www.iryou.teikyouseido.mhlw.go.jp/znk-web/juminkanja/S2430/initialize?prefCd=07&kikanCd=0752001543&kikanKbn=5", "url2": "https://www.takedapha28.com/", "内容": "武田薬局幕ノ内店【5:薬局】福島県いわき市平幕ノ内字五反田９－９" }, "geometry": { "type": "Point", "coordinates": [ 140.899958, 37.067319 ] } },
{ "type": "Feature", "properties": { "ID": 750752001544, "正式名称": "みなと薬局", "機関区分": 5, "都道府県コード": 7, "市区町村コード": 204, "所在地": "福島県いわき市小名浜字橋本３番地", "緯度": 36.949625, "経度": 140.908669, "url": "https://www.iryou.teikyouseido.mhlw.go.jp/znk-web/juminkanja/S2430/initialize?prefCd=07&kikanCd=0752001544&kikanKbn=5", "url2": "https://kmt-ph.co.jp", "内容": "みなと薬局【5:薬局】福島県いわき市小名浜字橋本３番地" }, "geometry": { "type": "Point", "coordinates": [ 140.908669, 36.949625 ] } },
{ "type": "Feature", "properties": { "ID": 750752001545, "正式名称": "クスリのアオキ福島野田薬局", "機関区分": 5, "都道府県コード": 7, "市区町村コード": 201, "所在地": "福島県福島市野田町四丁目１１番３号", "緯度": 37.763014, "経度": 140.444044, "url": "https://www.iryou.teikyouseido.mhlw.go.jp/znk-web/juminkanja/S2430/initialize?prefCd=07&kikanCd=0752001545&kikanKbn=5", "url2": "https://www.kusuri-aoki.co.jp/", "内容": "クスリのアオキ福島野田薬局【5:薬局】福島県福島市野田町四丁目１１番３号" }, "geometry": { "type": "Point", "coordinates": [ 140.444044, 37.763014 ] } },
{ "type": "Feature", "properties": { "ID": 750752001546, "正式名称": "クスリのアオキ太平寺薬局", "機関区分": 5, "都道府県コード": 7, "市区町村コード": 201, "所在地": "福島県福島市太平寺字沖高５５番地", "緯度": 37.730233, "経度": 140.4595, "url": "https://www.iryou.teikyouseido.mhlw.go.jp/znk-web/juminkanja/S2430/initialize?prefCd=07&kikanCd=0752001546&kikanKbn=5", "url2": "https://www.kusuri-aoki.co.jp/", "内容": "クスリのアオキ太平寺薬局【5:薬局】福島県福島市太平寺字沖高５５番地" }, "geometry": { "type": "Point", "coordinates": [ 140.4595, 37.730233 ] } },
{ "type": "Feature", "properties": { "ID": 750752001548, "正式名称": "ウエルシア薬局郡山駅東口店", "機関区分": 5, "都道府県コード": 7, "市区町村コード": 203, "所在地": "福島県郡山市谷島町６－１８", "緯度": 37.396361, "経度": 140.395078, "url": "https://www.iryou.teikyouseido.mhlw.go.jp/znk-web/juminkanja/S2430/initialize?prefCd=07&kikanCd=0752001548&kikanKbn=5", "url2": "https://store.welcia.co.jp/welcia/spot/detail?code=6332D", "内容": "ウエルシア薬局郡山駅東口店【5:薬局】福島県郡山市谷島町６－１８" }, "geometry": { "type": "Point", "coordinates": [ 140.395078, 37.396361 ] } },
{ "type": "Feature", "properties": { "ID": 750752001549, "正式名称": "ウエルシア薬局福島八島田店", "機関区分": 5, "都道府県コード": 7, "市区町村コード": 201, "所在地": "福島県福島市八島田８番地の１", "緯度": 37.770783, "経度": 140.431431, "url": "https://www.iryou.teikyouseido.mhlw.go.jp/znk-web/juminkanja/S2430/initialize?prefCd=07&kikanCd=0752001549&kikanKbn=5", "url2": "https://www.welcia-yakkyoku.co.jp", "内容": "ウエルシア薬局福島八島田店【5:薬局】福島県福島市八島田８番地の１" }, "geometry": { "type": "Point", "coordinates": [ 140.431431, 37.770783 ] } },
{ "type": "Feature", "properties": { "ID": 750752001550, "正式名称": "コロ薬局　泉滝尻店", "機関区分": 5, "都道府県コード": 7, "市区町村コード": 204, "所在地": "福島県いわき市泉町滝尻字南坪５３番１", "緯度": 36.953781, "経度": 140.866286, "url": "https://www.iryou.teikyouseido.mhlw.go.jp/znk-web/juminkanja/S2430/initialize?prefCd=07&kikanCd=0752001550&kikanKbn=5", "url2": "https://kmt-ph.co.jp", "内容": "コロ薬局　泉滝尻店【5:薬局】福島県いわき市泉町滝尻字南坪５３番１" }, "geometry": { "type": "Point", "coordinates": [ 140.866286, 36.953781 ] } },
{ "type": "Feature", "properties": { "ID": 750752001551, "正式名称": "スマイル薬局　小高店", "機関区分": 5, "都道府県コード": 7, "市区町村コード": 212, "所在地": "福島県南相馬市小高区上町２－３９－１", "緯度": 37.565794, "経度": 140.986575, "url": "https://www.iryou.teikyouseido.mhlw.go.jp/znk-web/juminkanja/S2430/initialize?prefCd=07&kikanCd=0752001551&kikanKbn=5", "url2": null, "内容": "スマイル薬局　小高店【5:薬局】福島県南相馬市小高区上町２－３９－１" }, "geometry": { "type": "Point", "coordinates": [ 140.986575, 37.565794 ] } },
{ "type": "Feature", "properties": { "ID": 750752001552, "正式名称": "ひがしはま薬局", "機関区分": 5, "都道府県コード": 7, "市区町村コード": 201, "所在地": "福島県福島市東浜町１０－１６", "緯度": 37.763189, "経度": 140.486753, "url": "https://www.iryou.teikyouseido.mhlw.go.jp/znk-web/juminkanja/S2430/initialize?prefCd=07&kikanCd=0752001552&kikanKbn=5", "url2": null, "内容": "ひがしはま薬局【5:薬局】福島県福島市東浜町１０－１６" }, "geometry": { "type": "Point", "coordinates": [ 140.486753, 37.763189 ] } },
{ "type": "Feature", "properties": { "ID": 750752001553, "正式名称": "エール薬局　福島中央店", "機関区分": 5, "都道府県コード": 7, "市区町村コード": 201, "所在地": "福島県福島市南中央一丁目７４番地", "緯度": 37.760894, "経度": 140.440372, "url": "https://www.iryou.teikyouseido.mhlw.go.jp/znk-web/juminkanja/S2430/initialize?prefCd=07&kikanCd=0752001553&kikanKbn=5", "url2": "http://www.cosmo-ph.co.jp", "内容": "エール薬局　福島中央店【5:薬局】福島県福島市南中央一丁目７４番地" }, "geometry": { "type": "Point", "coordinates": [ 140.440372, 37.760894 ] } },
{ "type": "Feature", "properties": { "ID": 750752001554, "正式名称": "にほんまつアイ薬局", "機関区分": 5, "都道府県コード": 7, "市区町村コード": 210, "所在地": "福島県二本松市正法寺町１９９－１", "緯度": 37.581278, "経度": 140.420194, "url": "https://www.iryou.teikyouseido.mhlw.go.jp/znk-web/juminkanja/S2430/initialize?prefCd=07&kikanCd=0752001554&kikanKbn=5", "url2": "https://www.nihonmatsu-ai.net/", "内容": "にほんまつアイ薬局【5:薬局】福島県二本松市正法寺町１９９－１" }, "geometry": { "type": "Point", "coordinates": [ 140.420194, 37.581278 ] } },
{ "type": "Feature", "properties": { "ID": 750752001555, "正式名称": "イオン薬局いわき店", "機関区分": 5, "都道府県コード": 7, "市区町村コード": 204, "所在地": "福島県いわき市平字三倉６８－１", "緯度": 37.050775, "経度": 140.899008, "url": "https://www.iryou.teikyouseido.mhlw.go.jp/znk-web/juminkanja/S2430/initialize?prefCd=07&kikanCd=0752001555&kikanKbn=5", "url2": null, "内容": "イオン薬局いわき店【5:薬局】福島県いわき市平字三倉６８－１" }, "geometry": { "type": "Point", "coordinates": [ 140.899008, 37.050775 ] } },
{ "type": "Feature", "properties": { "ID": 750752001556, "正式名称": "イオン薬局イオンスタイルいわき小名浜", "機関区分": 5, "都道府県コード": 7, "市区町村コード": 204, "所在地": "福島県　いわき市　小名浜　字辰巳町　７９番地", "緯度": 36.946694, "経度": 140.902297, "url": "https://www.iryou.teikyouseido.mhlw.go.jp/znk-web/juminkanja/S2430/initialize?prefCd=07&kikanCd=0752001556&kikanKbn=5", "url2": null, "内容": "イオン薬局イオンスタイルいわき小名浜【5:薬局】福島県　いわき市　小名浜　字辰巳町　７９番地" }, "geometry": { "type": "Point", "coordinates": [ 140.902297, 36.946694 ] } },
{ "type": "Feature", "properties": { "ID": 750752001558, "正式名称": "イオン薬局福島店", "機関区分": 5, "都道府県コード": 7, "市区町村コード": 201, "所在地": "福島県福島市南矢野目字西荒田５０番地１７", "緯度": 37.788458, "経度": 140.457461, "url": "https://www.iryou.teikyouseido.mhlw.go.jp/znk-web/juminkanja/S2430/initialize?prefCd=07&kikanCd=0752001558&kikanKbn=5", "url2": null, "内容": "イオン薬局福島店【5:薬局】福島県福島市南矢野目字西荒田５０番地１７" }, "geometry": { "type": "Point", "coordinates": [ 140.457461, 37.788458 ] } },
{ "type": "Feature", "properties": { "ID": 750752001559, "正式名称": "すず薬局　本内店", "機関区分": 5, "都道府県コード": 7, "市区町村コード": 201, "所在地": "福島県福島市本内字東町５－３", "緯度": 37.783111, "経度": 140.486386, "url": "https://www.iryou.teikyouseido.mhlw.go.jp/znk-web/juminkanja/S2430/initialize?prefCd=07&kikanCd=0752001559&kikanKbn=5", "url2": null, "内容": "すず薬局　本内店【5:薬局】福島県福島市本内字東町５－３" }, "geometry": { "type": "Point", "coordinates": [ 140.486386, 37.783111 ] } },
{ "type": "Feature", "properties": { "ID": 750752001560, "正式名称": "中之作薬局", "機関区分": 5, "都道府県コード": 7, "市区町村コード": 204, "所在地": "福島県いわき市中之作字川岸３５番地の１", "緯度": 36.960678, "経度": 140.948786, "url": "https://www.iryou.teikyouseido.mhlw.go.jp/znk-web/juminkanja/S2430/initialize?prefCd=07&kikanCd=0752001560&kikanKbn=5", "url2": "https://www.minori-phkashima.com/", "内容": "中之作薬局【5:薬局】福島県いわき市中之作字川岸３５番地の１" }, "geometry": { "type": "Point", "coordinates": [ 140.948786, 36.960678 ] } },
{ "type": "Feature", "properties": { "ID": 750752001562, "正式名称": "有限会社しみず薬局", "機関区分": 5, "都道府県コード": 7, "市区町村コード": 201, "所在地": "福島県福島市大森字舘ノ内７４－１", "緯度": 37.732556, "経度": 140.447142, "url": "https://www.iryou.teikyouseido.mhlw.go.jp/znk-web/juminkanja/S2430/initialize?prefCd=07&kikanCd=0752001562&kikanKbn=5", "url2": null, "内容": "有限会社しみず薬局【5:薬局】福島県福島市大森字舘ノ内７４－１" }, "geometry": { "type": "Point", "coordinates": [ 140.447142, 37.732556 ] } },
{ "type": "Feature", "properties": { "ID": 750752001563, "正式名称": "カワチ薬局　富久山店", "機関区分": 5, "都道府県コード": 7, "市区町村コード": 203, "所在地": "福島県郡山市富久山町久保田字太郎殿前１８５", "緯度": 37.405106, "経度": 140.397181, "url": "https://www.iryou.teikyouseido.mhlw.go.jp/znk-web/juminkanja/S2430/initialize?prefCd=07&kikanCd=0752001563&kikanKbn=5", "url2": "https://www.cawachi.co.jp", "内容": "カワチ薬局　富久山店【5:薬局】福島県郡山市富久山町久保田字太郎殿前１８５" }, "geometry": { "type": "Point", "coordinates": [ 140.397181, 37.405106 ] } },
{ "type": "Feature", "properties": { "ID": 750752001564, "正式名称": "ウエルシア薬局　郡山富田店", "機関区分": 5, "都道府県コード": 7, "市区町村コード": 203, "所在地": "福島県郡山市名郷田二丁目４８番地", "緯度": 37.419053, "経度": 140.359658, "url": "https://www.iryou.teikyouseido.mhlw.go.jp/znk-web/juminkanja/S2430/initialize?prefCd=07&kikanCd=0752001564&kikanKbn=5", "url2": "https://stores.welcia.co.jp/1373D", "内容": "ウエルシア薬局　郡山富田店【5:薬局】福島県郡山市名郷田二丁目４８番地" }, "geometry": { "type": "Point", "coordinates": [ 140.359658, 37.419053 ] } },
{ "type": "Feature", "properties": { "ID": 750752001565, "正式名称": "ハシドラッグ川俣薬局", "機関区分": 5, "都道府県コード": 7, "市区町村コード": 308, "所在地": "福島県伊達郡川俣町大字鶴沢字社前８７", "緯度": 37.672889, "経度": 140.5663, "url": "https://www.iryou.teikyouseido.mhlw.go.jp/znk-web/juminkanja/S2430/initialize?prefCd=07&kikanCd=0752001565&kikanKbn=5", "url2": "https://www.hashi-drug.co.jp/pharmacy-k/", "内容": "ハシドラッグ川俣薬局【5:薬局】福島県伊達郡川俣町大字鶴沢字社前８７" }, "geometry": { "type": "Point", "coordinates": [ 140.5663, 37.672889 ] } },
{ "type": "Feature", "properties": { "ID": 750752001566, "正式名称": "クスリのアオキ松川薬局", "機関区分": 5, "都道府県コード": 7, "市区町村コード": 201, "所在地": "福島県福島市松川町字鼓ケ岡３番地の２", "緯度": 37.655881, "経度": 140.459917, "url": "https://www.iryou.teikyouseido.mhlw.go.jp/znk-web/juminkanja/S2430/initialize?prefCd=07&kikanCd=0752001566&kikanKbn=5", "url2": "https://www.kusuri-aoki.co.jp/", "内容": "クスリのアオキ松川薬局【5:薬局】福島県福島市松川町字鼓ケ岡３番地の２" }, "geometry": { "type": "Point", "coordinates": [ 140.459917, 37.655881 ] } },
{ "type": "Feature", "properties": { "ID": 750752001567, "正式名称": "ひかり薬局麓山", "機関区分": 5, "都道府県コード": 7, "市区町村コード": 203, "所在地": "福島県郡山市細沼町４番１号", "緯度": 37.397008, "経度": 140.373106, "url": "https://www.iryou.teikyouseido.mhlw.go.jp/znk-web/juminkanja/S2430/initialize?prefCd=07&kikanCd=0752001567&kikanKbn=5", "url2": "http://www.hikari-pharmacy.co.jp", "内容": "ひかり薬局麓山【5:薬局】福島県郡山市細沼町４番１号" }, "geometry": { "type": "Point", "coordinates": [ 140.373106, 37.397008 ] } },
{ "type": "Feature", "properties": { "ID": 750752001568, "正式名称": "そうごう薬局遠野店", "機関区分": 5, "都道府県コード": 7, "市区町村コード": 204, "所在地": "福島県いわき市遠野町上遠野字太田２０－４", "緯度": 37.005808, "経度": 140.742869, "url": "https://www.iryou.teikyouseido.mhlw.go.jp/znk-web/juminkanja/S2430/initialize?prefCd=07&kikanCd=0752001568&kikanKbn=5", "url2": "https://www.sogo-pharmacy.jp/shop/view/809", "内容": "そうごう薬局遠野店【5:薬局】福島県いわき市遠野町上遠野字太田２０－４" }, "geometry": { "type": "Point", "coordinates": [ 140.742869, 37.005808 ] } },
{ "type": "Feature", "properties": { "ID": 750752001569, "正式名称": "そうごう薬局中岡店", "機関区分": 5, "都道府県コード": 7, "市区町村コード": 204, "所在地": "福島県いわき市中岡町４丁目７番地１１", "緯度": 36.921456, "経度": 140.781386, "url": "https://www.iryou.teikyouseido.mhlw.go.jp/znk-web/juminkanja/S2430/initialize?prefCd=07&kikanCd=0752001569&kikanKbn=5", "url2": null, "内容": "そうごう薬局中岡店【5:薬局】福島県いわき市中岡町４丁目７番地１１" }, "geometry": { "type": "Point", "coordinates": [ 140.781386, 36.921456 ] } },
{ "type": "Feature", "properties": { "ID": 750752001570, "正式名称": "そうごう薬局明治団地店", "機関区分": 5, "都道府県コード": 7, "市区町村コード": 204, "所在地": "福島県いわき市明治団地８３－２８０", "緯度": 37.038572, "経度": 140.888017, "url": "https://www.iryou.teikyouseido.mhlw.go.jp/znk-web/juminkanja/S2430/initialize?prefCd=07&kikanCd=0752001570&kikanKbn=5", "url2": "https://shop.sogo-pharmacy.jp/detail/807/", "内容": "そうごう薬局明治団地店【5:薬局】福島県いわき市明治団地８３－２８０" }, "geometry": { "type": "Point", "coordinates": [ 140.888017, 37.038572 ] } },
{ "type": "Feature", "properties": { "ID": 750752001571, "正式名称": "そうごう薬局上荒川店", "機関区分": 5, "都道府県コード": 7, "市区町村コード": 204, "所在地": "福島県いわき市平上荒川字安草１５－４", "緯度": 37.037253, "経度": 140.894528, "url": "https://www.iryou.teikyouseido.mhlw.go.jp/znk-web/juminkanja/S2430/initialize?prefCd=07&kikanCd=0752001571&kikanKbn=5", "url2": null, "内容": "そうごう薬局上荒川店【5:薬局】福島県いわき市平上荒川字安草１５－４" }, "geometry": { "type": "Point", "coordinates": [ 140.894528, 37.037253 ] } },
{ "type": "Feature", "properties": { "ID": 750752001572, "正式名称": "小原田調剤薬局", "機関区分": 5, "都道府県コード": 7, "市区町村コード": 203, "所在地": "福島県郡山市小原田２丁目１８－１８", "緯度": 37.381631, "経度": 140.387661, "url": "https://www.iryou.teikyouseido.mhlw.go.jp/znk-web/juminkanja/S2430/initialize?prefCd=07&kikanCd=0752001572&kikanKbn=5", "url2": "https://miraisia.co.jp/pharmacy/koharada/", "内容": "小原田調剤薬局【5:薬局】福島県郡山市小原田２丁目１８－１８" }, "geometry": { "type": "Point", "coordinates": [ 140.387661, 37.381631 ] } },
{ "type": "Feature", "properties": { "ID": 750752001574, "正式名称": "アリビオ薬局　八山田店", "機関区分": 5, "都道府県コード": 7, "市区町村コード": 203, "所在地": "福島県郡山市八山田５－７７", "緯度": 37.426097, "経度": 140.378539, "url": "https://www.iryou.teikyouseido.mhlw.go.jp/znk-web/juminkanja/S2430/initialize?prefCd=07&kikanCd=0752001574&kikanKbn=5", "url2": "https://prossimo-medi.co.jp", "内容": "アリビオ薬局　八山田店【5:薬局】福島県郡山市八山田５－７７" }, "geometry": { "type": "Point", "coordinates": [ 140.378539, 37.426097 ] } },
{ "type": "Feature", "properties": { "ID": 750752001575, "正式名称": "矢祭薬局", "機関区分": 5, "都道府県コード": 7, "市区町村コード": 482, "所在地": "福島県東白川郡矢祭町戸塚山崎１１７－１", "緯度": 36.891, "経度": 140.419481, "url": "https://www.iryou.teikyouseido.mhlw.go.jp/znk-web/juminkanja/S2430/initialize?prefCd=07&kikanCd=0752001575&kikanKbn=5", "url2": "https://phstr.co.jp/store/531/", "内容": "矢祭薬局【5:薬局】福島県東白川郡矢祭町戸塚山崎１１７－１" }, "geometry": { "type": "Point", "coordinates": [ 140.419481, 36.891 ] } },
{ "type": "Feature", "properties": { "ID": 750752001576, "正式名称": "モトマチ薬局", "機関区分": 5, "都道府県コード": 7, "市区町村コード": 201, "所在地": "福島県福島市瀬上町字本町２２番地", "緯度": 37.803514, "経度": 140.491258, "url": "https://www.iryou.teikyouseido.mhlw.go.jp/znk-web/juminkanja/S2430/initialize?prefCd=07&kikanCd=0752001576&kikanKbn=5", "url2": "https://www.kusurinomadoguchi.com/fukushima/s88819", "内容": "モトマチ薬局【5:薬局】福島県福島市瀬上町字本町２２番地" }, "geometry": { "type": "Point", "coordinates": [ 140.491258, 37.803514 ] } },
{ "type": "Feature", "properties": { "ID": 750752001577, "正式名称": "松川天王原薬局", "機関区分": 5, "都道府県コード": 7, "市区町村コード": 201, "所在地": "福島県福島市松川町字天王原９４番地", "緯度": 37.655497, "経度": 140.4865, "url": "https://www.iryou.teikyouseido.mhlw.go.jp/znk-web/juminkanja/S2430/initialize?prefCd=07&kikanCd=0752001577&kikanKbn=5", "url2": null, "内容": "松川天王原薬局【5:薬局】福島県福島市松川町字天王原９４番地" }, "geometry": { "type": "Point", "coordinates": [ 140.4865, 37.655497 ] } },
{ "type": "Feature", "properties": { "ID": 750752001578, "正式名称": "カワチ薬局　福島さくら店", "機関区分": 5, "都道府県コード": 7, "市区町村コード": 201, "所在地": "福島県福島市さくら３－７－３", "緯度": 37.725981, "経度": 140.385442, "url": "https://www.iryou.teikyouseido.mhlw.go.jp/znk-web/juminkanja/S2430/initialize?prefCd=07&kikanCd=0752001578&kikanKbn=5", "url2": "http://www.cawachi.co.jp", "内容": "カワチ薬局　福島さくら店【5:薬局】福島県福島市さくら３－７－３" }, "geometry": { "type": "Point", "coordinates": [ 140.385442, 37.725981 ] } },
{ "type": "Feature", "properties": { "ID": 750752001579, "正式名称": "ニュータウン薬局", "機関区分": 5, "都道府県コード": 7, "市区町村コード": 204, "所在地": "福島県いわき市中央台鹿島三丁目５３番地の７", "緯度": 37.004333, "経度": 140.924427, "url": "https://www.iryou.teikyouseido.mhlw.go.jp/znk-web/juminkanja/S2430/initialize?prefCd=07&kikanCd=0752001579&kikanKbn=5", "url2": "http://www.gurutto-iwaki.com/detail/2172/index.html", "内容": "ニュータウン薬局【5:薬局】福島県いわき市中央台鹿島三丁目５３番地の７" }, "geometry": { "type": "Point", "coordinates": [ 140.924427, 37.004333 ] } },
{ "type": "Feature", "properties": { "ID": 750752001580, "正式名称": "四倉調剤薬局", "機関区分": 5, "都道府県コード": 7, "市区町村コード": 204, "所在地": "福島県いわき市四倉町字東１丁目５２番地", "緯度": 37.100472, "経度": 140.985464, "url": "https://www.iryou.teikyouseido.mhlw.go.jp/znk-web/juminkanja/S2430/initialize?prefCd=07&kikanCd=0752001580&kikanKbn=5", "url2": "https://kmt-ph.co.jp", "内容": "四倉調剤薬局【5:薬局】福島県いわき市四倉町字東１丁目５２番地" }, "geometry": { "type": "Point", "coordinates": [ 140.985464, 37.100472 ] } },
{ "type": "Feature", "properties": { "ID": 750752001581, "正式名称": "カワチ薬局　原町店", "機関区分": 5, "都道府県コード": 7, "市区町村コード": 212, "所在地": "福島県南相馬市原町区北町２９３", "緯度": 37.646569, "経度": 140.951011, "url": "https://www.iryou.teikyouseido.mhlw.go.jp/znk-web/juminkanja/S2430/initialize?prefCd=07&kikanCd=0752001581&kikanKbn=5", "url2": "https://www.cawachi.co.jp", "内容": "カワチ薬局　原町店【5:薬局】福島県南相馬市原町区北町２９３" }, "geometry": { "type": "Point", "coordinates": [ 140.951011, 37.646569 ] } },
{ "type": "Feature", "properties": { "ID": 750752001582, "正式名称": "加藤薬局", "機関区分": 5, "都道府県コード": 7, "市区町村コード": 204, "所在地": "福島県いわき市泉玉露五丁目６番地の３０", "緯度": 36.959781, "経度": 140.854308, "url": "https://www.iryou.teikyouseido.mhlw.go.jp/znk-web/juminkanja/S2430/initialize?prefCd=07&kikanCd=0752001582&kikanKbn=5", "url2": null, "内容": "加藤薬局【5:薬局】福島県いわき市泉玉露五丁目６番地の３０" }, "geometry": { "type": "Point", "coordinates": [ 140.854308, 36.959781 ] } },
{ "type": "Feature", "properties": { "ID": 750752001583, "正式名称": "カワチ薬局　相馬店", "機関区分": 5, "都道府県コード": 7, "市区町村コード": 209, "所在地": "福島県相馬市中野字寺前３７７－１", "緯度": 37.790586, "経度": 140.928869, "url": "https://www.iryou.teikyouseido.mhlw.go.jp/znk-web/juminkanja/S2430/initialize?prefCd=07&kikanCd=0752001583&kikanKbn=5", "url2": "https://www.cawachi.co.jp", "内容": "カワチ薬局　相馬店【5:薬局】福島県相馬市中野字寺前３７７－１" }, "geometry": { "type": "Point", "coordinates": [ 140.928869, 37.790586 ] } },
{ "type": "Feature", "properties": { "ID": 750752001584, "正式名称": "カワチ薬局　福島西店", "機関区分": 5, "都道府県コード": 7, "市区町村コード": 201, "所在地": "福島県福島市泉字下鎌２９－１", "緯度": 37.779389, "経度": 140.452411, "url": "https://www.iryou.teikyouseido.mhlw.go.jp/znk-web/juminkanja/S2430/initialize?prefCd=07&kikanCd=0752001584&kikanKbn=5", "url2": "http://www.cawachi.co.jp", "内容": "カワチ薬局　福島西店【5:薬局】福島県福島市泉字下鎌２９－１" }, "geometry": { "type": "Point", "coordinates": [ 140.452411, 37.779389 ] } },
{ "type": "Feature", "properties": { "ID": 750752001585, "正式名称": "奥羽調剤薬局ＪＲ福島駅店", "機関区分": 5, "都道府県コード": 7, "市区町村コード": 201, "所在地": "福島県福島市栄町１－１", "緯度": 37.7538, "経度": 140.459, "url": "https://www.iryou.teikyouseido.mhlw.go.jp/znk-web/juminkanja/S2430/initialize?prefCd=07&kikanCd=0752001585&kikanKbn=5", "url2": null, "内容": "奥羽調剤薬局ＪＲ福島駅店【5:薬局】福島県福島市栄町１－１" }, "geometry": { "type": "Point", "coordinates": [ 140.459, 37.7538 ] } },
{ "type": "Feature", "properties": { "ID": 750752001586, "正式名称": "コスモ調剤薬局あたご町店", "機関区分": 5, "都道府県コード": 7, "市区町村コード": 204, "所在地": "福島県いわき市小名浜愛宕町１５－３", "緯度": 36.951047, "経度": 140.894028, "url": "https://www.iryou.teikyouseido.mhlw.go.jp/znk-web/juminkanja/S2430/initialize?prefCd=07&kikanCd=0752001586&kikanKbn=5", "url2": "http://www.cosmo-ph.co.jp/", "内容": "コスモ調剤薬局あたご町店【5:薬局】福島県いわき市小名浜愛宕町１５－３" }, "geometry": { "type": "Point", "coordinates": [ 140.894028, 36.951047 ] } },
{ "type": "Feature", "properties": { "ID": 750752001587, "正式名称": "Ａｍａｚｉｎｇ　Ｐｈａｒｍａｃｙ　日の出通り薬局", "機関区分": 5, "都道府県コード": 7, "市区町村コード": 203, "所在地": "福島県郡山市駅前２丁目６番７号　ウィンザービル２０２号", "緯度": 37.399536, "経度": 140.386831, "url": "https://www.iryou.teikyouseido.mhlw.go.jp/znk-web/juminkanja/S2430/initialize?prefCd=07&kikanCd=0752001587&kikanKbn=5", "url2": "https://www.gurutto-koriyama.com/detail/1283/index.html", "内容": "Ａｍａｚｉｎｇ　Ｐｈａｒｍａｃｙ　日の出通り薬局【5:薬局】福島県郡山市駅前２丁目６番７号　ウィンザービル２０２号" }, "geometry": { "type": "Point", "coordinates": [ 140.386831, 37.399536 ] } },
{ "type": "Feature", "properties": { "ID": 750752001588, "正式名称": "すげのさく薬局", "機関区分": 5, "都道府県コード": 7, "市区町村コード": 204, "所在地": "福島県いわき市中央台鹿島３－３９－４", "緯度": 37.005483, "経度": 140.923083, "url": "https://www.iryou.teikyouseido.mhlw.go.jp/znk-web/juminkanja/S2430/initialize?prefCd=07&kikanCd=0752001588&kikanKbn=5", "url2": null, "内容": "すげのさく薬局【5:薬局】福島県いわき市中央台鹿島３－３９－４" }, "geometry": { "type": "Point", "coordinates": [ 140.923083, 37.005483 ] } },
{ "type": "Feature", "properties": { "ID": 750752001590, "正式名称": "株式会社くすりのマルト調剤薬局　下平窪店", "機関区分": 5, "都道府県コード": 7, "市区町村コード": 204, "所在地": "福島県いわき市平下平窪字四左エ門内２９－２", "緯度": 37.07365, "経度": 140.881917, "url": "https://www.iryou.teikyouseido.mhlw.go.jp/znk-web/juminkanja/S2430/initialize?prefCd=07&kikanCd=0752001590&kikanKbn=5", "url2": "http://www.drug-maruto.co.jp/", "内容": "株式会社くすりのマルト調剤薬局　下平窪店【5:薬局】福島県いわき市平下平窪字四左エ門内２９－２" }, "geometry": { "type": "Point", "coordinates": [ 140.881917, 37.07365 ] } },
{ "type": "Feature", "properties": { "ID": 750752001591, "正式名称": "かすみ薬局", "機関区分": 5, "都道府県コード": 7, "市区町村コード": 210, "所在地": "福島県二本松市成田町一丁目８１７－１－１", "緯度": 37.589847, "経度": 140.423008, "url": "https://www.iryou.teikyouseido.mhlw.go.jp/znk-web/juminkanja/S2430/initialize?prefCd=07&kikanCd=0752001591&kikanKbn=5", "url2": null, "内容": "かすみ薬局【5:薬局】福島県二本松市成田町一丁目８１７－１－１" }, "geometry": { "type": "Point", "coordinates": [ 140.423008, 37.589847 ] } },
{ "type": "Feature", "properties": { "ID": 750752001592, "正式名称": "パルム薬局　いわき店", "機関区分": 5, "都道府県コード": 7, "市区町村コード": 204, "所在地": "福島県いわき市内郷御厩町久世原２４２", "緯度": 37.042072, "経度": 140.867028, "url": "https://www.iryou.teikyouseido.mhlw.go.jp/znk-web/juminkanja/S2430/initialize?prefCd=07&kikanCd=0752001592&kikanKbn=5", "url2": "https://www.parumu.net/", "内容": "パルム薬局　いわき店【5:薬局】福島県いわき市内郷御厩町久世原２４２" }, "geometry": { "type": "Point", "coordinates": [ 140.867028, 37.042072 ] } },
{ "type": "Feature", "properties": { "ID": 750752001593, "正式名称": "パルム薬局　みまや店", "機関区分": 5, "都道府県コード": 7, "市区町村コード": 204, "所在地": "福島県いわき市内郷御厩町３丁目８６－２", "緯度": 37.049344, "経度": 140.870903, "url": "https://www.iryou.teikyouseido.mhlw.go.jp/znk-web/juminkanja/S2430/initialize?prefCd=07&kikanCd=0752001593&kikanKbn=5", "url2": "https://www.parumu.net/", "内容": "パルム薬局　みまや店【5:薬局】福島県いわき市内郷御厩町３丁目８６－２" }, "geometry": { "type": "Point", "coordinates": [ 140.870903, 37.049344 ] } },
{ "type": "Feature", "properties": { "ID": 750752001594, "正式名称": "パルム薬局　つづら店", "機関区分": 5, "都道府県コード": 7, "市区町村コード": 204, "所在地": "福島県いわき市内郷綴町大木下２２－４", "緯度": 37.036236, "経度": 140.860261, "url": "https://www.iryou.teikyouseido.mhlw.go.jp/znk-web/juminkanja/S2430/initialize?prefCd=07&kikanCd=0752001594&kikanKbn=5", "url2": "https://www.parumu.net/", "内容": "パルム薬局　つづら店【5:薬局】福島県いわき市内郷綴町大木下２２－４" }, "geometry": { "type": "Point", "coordinates": [ 140.860261, 37.036236 ] } },
{ "type": "Feature", "properties": { "ID": 750752001595, "正式名称": "グレイス薬局", "機関区分": 5, "都道府県コード": 7, "市区町村コード": 204, "所在地": "福島県いわき市平字紺屋町１番地", "緯度": 37.055181, "経度": 140.884925, "url": "https://www.iryou.teikyouseido.mhlw.go.jp/znk-web/juminkanja/S2430/initialize?prefCd=07&kikanCd=0752001595&kikanKbn=5", "url2": "https://www.parumu.net/", "内容": "グレイス薬局【5:薬局】福島県いわき市平字紺屋町１番地" }, "geometry": { "type": "Point", "coordinates": [ 140.884925, 37.055181 ] } },
{ "type": "Feature", "properties": { "ID": 750752001596, "正式名称": "クスリのアオキ東年貢薬局", "機関区分": 5, "都道府県コード": 7, "市区町村コード": 202, "所在地": "福島県会津若松市東年貢一丁目１番１２号", "緯度": 37.475192, "経度": 139.924875, "url": "https://www.iryou.teikyouseido.mhlw.go.jp/znk-web/juminkanja/S2430/initialize?prefCd=07&kikanCd=0752001596&kikanKbn=5", "url2": "https://www.kusuri-aoki.co.jp/", "内容": "クスリのアオキ東年貢薬局【5:薬局】福島県会津若松市東年貢一丁目１番１２号" }, "geometry": { "type": "Point", "coordinates": [ 139.924875, 37.475192 ] } },
{ "type": "Feature", "properties": { "ID": 750752001597, "正式名称": "クスリのアオキ喜多方西薬局", "機関区分": 5, "都道府県コード": 7, "市区町村コード": 208, "所在地": "福島県喜多方市字町西９０３９番地１", "緯度": 37.647344, "経度": 139.863794, "url": "https://www.iryou.teikyouseido.mhlw.go.jp/znk-web/juminkanja/S2430/initialize?prefCd=07&kikanCd=0752001597&kikanKbn=5", "url2": "https://www.kusuri-aoki.co.jp/", "内容": "クスリのアオキ喜多方西薬局【5:薬局】福島県喜多方市字町西９０３９番地１" }, "geometry": { "type": "Point", "coordinates": [ 139.863794, 37.647344 ] } },
{ "type": "Feature", "properties": { "ID": 750752001598, "正式名称": "くろいわ薬局", "機関区分": 5, "都道府県コード": 7, "市区町村コード": 201, "所在地": "福島県福島市黒岩字中島４", "緯度": 37.727344, "経度": 140.46785, "url": "https://www.iryou.teikyouseido.mhlw.go.jp/znk-web/juminkanja/S2430/initialize?prefCd=07&kikanCd=0752001598&kikanKbn=5", "url2": null, "内容": "くろいわ薬局【5:薬局】福島県福島市黒岩字中島４" }, "geometry": { "type": "Point", "coordinates": [ 140.46785, 37.727344 ] } },
{ "type": "Feature", "properties": { "ID": 750752001599, "正式名称": "株式会社くすりのマルト調剤薬局　岡小名店", "機関区分": 5, "都道府県コード": 7, "市区町村コード": 204, "所在地": "福島県いわき市小名浜岡小名字高田１０－１", "緯度": 36.958444, "経度": 140.904139, "url": "https://www.iryou.teikyouseido.mhlw.go.jp/znk-web/juminkanja/S2430/initialize?prefCd=07&kikanCd=0752001599&kikanKbn=5", "url2": "http://www.drug-maruto.co.jp", "内容": "株式会社くすりのマルト調剤薬局　岡小名店【5:薬局】福島県いわき市小名浜岡小名字高田１０－１" }, "geometry": { "type": "Point", "coordinates": [ 140.904139, 36.958444 ] } },
{ "type": "Feature", "properties": { "ID": 750752001600, "正式名称": "ウエルシア薬局　二本松安達店", "機関区分": 5, "都道府県コード": 7, "市区町村コード": 210, "所在地": "福島県二本松市油井字濡石２７番地１", "緯度": 37.608472, "経度": 140.460981, "url": "https://www.iryou.teikyouseido.mhlw.go.jp/znk-web/juminkanja/S2430/initialize?prefCd=07&kikanCd=0752001600&kikanKbn=5", "url2": "https://stores.welcia.co.jp/6329D", "内容": "ウエルシア薬局　二本松安達店【5:薬局】福島県二本松市油井字濡石２７番地１" }, "geometry": { "type": "Point", "coordinates": [ 140.460981, 37.608472 ] } },
{ "type": "Feature", "properties": { "ID": 750752001603, "正式名称": "調剤薬局ツルハドラッグ会津本町店", "機関区分": 5, "都道府県コード": 7, "市区町村コード": 202, "所在地": "福島県会津若松市本町１０番１号", "緯度": 37.493808, "経度": 139.922278, "url": "https://www.iryou.teikyouseido.mhlw.go.jp/znk-web/juminkanja/S2430/initialize?prefCd=07&kikanCd=0752001603&kikanKbn=5", "url2": "http://www.tsuruha.co.jp", "内容": "調剤薬局ツルハドラッグ会津本町店【5:薬局】福島県会津若松市本町１０番１号" }, "geometry": { "type": "Point", "coordinates": [ 139.922278, 37.493808 ] } },
{ "type": "Feature", "properties": { "ID": 750752001604, "正式名称": "クスリのアオキ平薬局", "機関区分": 5, "都道府県コード": 7, "市区町村コード": 204, "所在地": "福島県いわき市平字月見町３３番地の５", "緯度": 37.051461, "経度": 140.897378, "url": "https://www.iryou.teikyouseido.mhlw.go.jp/znk-web/juminkanja/S2430/initialize?prefCd=07&kikanCd=0752001604&kikanKbn=5", "url2": "https://www.kusuri-aoki.co.jp/", "内容": "クスリのアオキ平薬局【5:薬局】福島県いわき市平字月見町３３番地の５" }, "geometry": { "type": "Point", "coordinates": [ 140.897378, 37.051461 ] } },
{ "type": "Feature", "properties": { "ID": 750752001605, "正式名称": "調剤薬局ツルハドラッグいわき三倉店", "機関区分": 5, "都道府県コード": 7, "市区町村コード": 204, "所在地": "福島県いわき市平字三倉６６番５", "緯度": 37.050497, "経度": 140.900611, "url": "https://www.iryou.teikyouseido.mhlw.go.jp/znk-web/juminkanja/S2430/initialize?prefCd=07&kikanCd=0752001605&kikanKbn=5", "url2": "https://shop.tsuruha-g.com/0785", "内容": "調剤薬局ツルハドラッグいわき三倉店【5:薬局】福島県いわき市平字三倉６６番５" }, "geometry": { "type": "Point", "coordinates": [ 140.900611, 37.050497 ] } },
{ "type": "Feature", "properties": { "ID": 750752001606, "正式名称": "カワチ薬局　富田店", "機関区分": 5, "都道府県コード": 7, "市区町村コード": 203, "所在地": "福島県郡山市富田西１－３", "緯度": 37.419472, "経度": 140.342833, "url": "https://www.iryou.teikyouseido.mhlw.go.jp/znk-web/juminkanja/S2430/initialize?prefCd=07&kikanCd=0752001606&kikanKbn=5", "url2": "https://www.cawachi.co.jp", "内容": "カワチ薬局　富田店【5:薬局】福島県郡山市富田西１－３" }, "geometry": { "type": "Point", "coordinates": [ 140.342833, 37.419472 ] } },
{ "type": "Feature", "properties": { "ID": 750752001607, "正式名称": "あやめ調剤薬局　鏡石店", "機関区分": 5, "都道府県コード": 7, "市区町村コード": 342, "所在地": "福島県岩瀬郡鏡石町鏡沼１８８", "緯度": 37.260942, "経度": 140.351036, "url": "https://www.iryou.teikyouseido.mhlw.go.jp/znk-web/juminkanja/S2430/initialize?prefCd=07&kikanCd=0752001607&kikanKbn=5", "url2": null, "内容": "あやめ調剤薬局　鏡石店【5:薬局】福島県岩瀬郡鏡石町鏡沼１８８" }, "geometry": { "type": "Point", "coordinates": [ 140.351036, 37.260942 ] } },
{ "type": "Feature", "properties": { "ID": 750752001608, "正式名称": "あおぞら薬局　ＭＡＸふくしま店", "機関区分": 5, "都道府県コード": 7, "市区町村コード": 201, "所在地": "福島県福島市曾根田町１－１８　ＭＡＸふくしま１階", "緯度": 37.758858, "経度": 140.460178, "url": "https://www.iryou.teikyouseido.mhlw.go.jp/znk-web/juminkanja/S2430/initialize?prefCd=07&kikanCd=0752001608&kikanKbn=5", "url2": "http://www.sig.co.jp/aozora/", "内容": "あおぞら薬局　ＭＡＸふくしま店【5:薬局】福島県福島市曾根田町１－１８　ＭＡＸふくしま１階" }, "geometry": { "type": "Point", "coordinates": [ 140.460178, 37.758858 ] } },
{ "type": "Feature", "properties": { "ID": 750752001609, "正式名称": "アイランド薬局　福島渡利店", "機関区分": 5, "都道府県コード": 7, "市区町村コード": 201, "所在地": "福島県福島市渡利字舟場４－２", "緯度": 37.748086, "経度": 140.47305, "url": "https://www.iryou.teikyouseido.mhlw.go.jp/znk-web/juminkanja/S2430/initialize?prefCd=07&kikanCd=0752001609&kikanKbn=5", "url2": "https://www.apocreat.co.jp/", "内容": "アイランド薬局　福島渡利店【5:薬局】福島県福島市渡利字舟場４－２" }, "geometry": { "type": "Point", "coordinates": [ 140.47305, 37.748086 ] } },
{ "type": "Feature", "properties": { "ID": 750752001610, "正式名称": "アイン薬局　常磐病院店", "機関区分": 5, "都道府県コード": 7, "市区町村コード": 204, "所在地": "福島県いわき市常磐上湯長谷町上ノ台５７", "緯度": 37.003811, "経度": 140.839247, "url": "https://www.iryou.teikyouseido.mhlw.go.jp/znk-web/juminkanja/S2430/initialize?prefCd=07&kikanCd=0752001610&kikanKbn=5", "url2": "https://www.ainj.co.jp", "内容": "アイン薬局　常磐病院店【5:薬局】福島県いわき市常磐上湯長谷町上ノ台５７" }, "geometry": { "type": "Point", "coordinates": [ 140.839247, 37.003811 ] } },
{ "type": "Feature", "properties": { "ID": 750752001611, "正式名称": "ウエルシア薬局会津坂下東店", "機関区分": 5, "都道府県コード": 7, "市区町村コード": 421, "所在地": "福島県河沼郡会津坂下町字小川原９４５番地", "緯度": 37.557283, "経度": 139.829261, "url": "https://www.iryou.teikyouseido.mhlw.go.jp/znk-web/juminkanja/S2430/initialize?prefCd=07&kikanCd=0752001611&kikanKbn=5", "url2": "https://www.welcia-yakkyoku.co.jp/", "内容": "ウエルシア薬局会津坂下東店【5:薬局】福島県河沼郡会津坂下町字小川原９４５番地" }, "geometry": { "type": "Point", "coordinates": [ 139.829261, 37.557283 ] } },
{ "type": "Feature", "properties": { "ID": 750752001612, "正式名称": "ぷらんたん薬局いいの", "機関区分": 5, "都道府県コード": 7, "市区町村コード": 201, "所在地": "福島県福島市飯野町字後川２６－３１", "緯度": 37.655717, "経度": 140.533158, "url": "https://www.iryou.teikyouseido.mhlw.go.jp/znk-web/juminkanja/S2430/initialize?prefCd=07&kikanCd=0752001612&kikanKbn=5", "url2": "http://purantan.net", "内容": "ぷらんたん薬局いいの【5:薬局】福島県福島市飯野町字後川２６－３１" }, "geometry": { "type": "Point", "coordinates": [ 140.533158, 37.655717 ] } },
{ "type": "Feature", "properties": { "ID": 750752001613, "正式名称": "プラチナ薬局　福島店", "機関区分": 5, "都道府県コード": 7, "市区町村コード": 201, "所在地": "福島県福島市瀬上町字行人堂９－１", "緯度": 37.807583, "経度": 140.495167, "url": "https://www.iryou.teikyouseido.mhlw.go.jp/znk-web/juminkanja/S2430/initialize?prefCd=07&kikanCd=0752001613&kikanKbn=5", "url2": null, "内容": "プラチナ薬局　福島店【5:薬局】福島県福島市瀬上町字行人堂９－１" }, "geometry": { "type": "Point", "coordinates": [ 140.495167, 37.807583 ] } },
{ "type": "Feature", "properties": { "ID": 750752001614, "正式名称": "いずみ調剤薬局", "機関区分": 5, "都道府県コード": 7, "市区町村コード": 203, "所在地": "福島県郡山市朝日２－１９－１４", "緯度": 37.403922, "経度": 140.358728, "url": "https://www.iryou.teikyouseido.mhlw.go.jp/znk-web/juminkanja/S2430/initialize?prefCd=07&kikanCd=0752001614&kikanKbn=5", "url2": null, "内容": "いずみ調剤薬局【5:薬局】福島県郡山市朝日２－１９－１４" }, "geometry": { "type": "Point", "coordinates": [ 140.358728, 37.403922 ] } },
{ "type": "Feature", "properties": { "ID": 750752001615, "正式名称": "調剤薬局ゼネファーム　南町店", "機関区分": 5, "都道府県コード": 7, "市区町村コード": 207, "所在地": "福島県須賀川市南町３１７－１", "緯度": 37.281781, "経度": 140.373919, "url": "https://www.iryou.teikyouseido.mhlw.go.jp/znk-web/juminkanja/S2430/initialize?prefCd=07&kikanCd=0752001615&kikanKbn=5", "url2": null, "内容": "調剤薬局ゼネファーム　南町店【5:薬局】福島県須賀川市南町３１７－１" }, "geometry": { "type": "Point", "coordinates": [ 140.373919, 37.281781 ] } },
{ "type": "Feature", "properties": { "ID": 750752001616, "正式名称": "カケル薬局石川店", "機関区分": 5, "都道府県コード": 7, "市区町村コード": 501, "所在地": "福島県石川郡石川町双里白坂下７５－５", "緯度": 37.147972, "経度": 140.470369, "url": "https://www.iryou.teikyouseido.mhlw.go.jp/znk-web/juminkanja/S2430/initialize?prefCd=07&kikanCd=0752001616&kikanKbn=5", "url2": null, "内容": "カケル薬局石川店【5:薬局】福島県石川郡石川町双里白坂下７５－５" }, "geometry": { "type": "Point", "coordinates": [ 140.470369, 37.147972 ] } },
{ "type": "Feature", "properties": { "ID": 750752001617, "正式名称": "二本松本町薬局", "機関区分": 5, "都道府県コード": 7, "市区町村コード": 210, "所在地": "福島県二本松市本町１丁目７１番地", "緯度": 37.591172, "経度": 140.434025, "url": "https://www.iryou.teikyouseido.mhlw.go.jp/znk-web/juminkanja/S2430/initialize?prefCd=07&kikanCd=0752001617&kikanKbn=5", "url2": null, "内容": "二本松本町薬局【5:薬局】福島県二本松市本町１丁目７１番地" }, "geometry": { "type": "Point", "coordinates": [ 140.434025, 37.591172 ] } },
{ "type": "Feature", "properties": { "ID": 750752001619, "正式名称": "二本松小浜薬局", "機関区分": 5, "都道府県コード": 7, "市区町村コード": 210, "所在地": "福島県二本松市小浜字新町１９", "緯度": 37.561336, "経度": 140.508, "url": "https://www.iryou.teikyouseido.mhlw.go.jp/znk-web/juminkanja/S2430/initialize?prefCd=07&kikanCd=0752001619&kikanKbn=5", "url2": null, "内容": "二本松小浜薬局【5:薬局】福島県二本松市小浜字新町１９" }, "geometry": { "type": "Point", "coordinates": [ 140.508, 37.561336 ] } },
{ "type": "Feature", "properties": { "ID": 750752001620, "正式名称": "調剤薬局ツルハドラッグ郡山島店", "機関区分": 5, "都道府県コード": 7, "市区町村コード": 203, "所在地": "福島県郡山市島二丁目４４番２９号", "緯度": 37.397939, "経度": 140.347041, "url": "https://www.iryou.teikyouseido.mhlw.go.jp/znk-web/juminkanja/S2430/initialize?prefCd=07&kikanCd=0752001620&kikanKbn=5", "url2": "http://www.tsuruha.co.jp", "内容": "調剤薬局ツルハドラッグ郡山島店【5:薬局】福島県郡山市島二丁目４４番２９号" }, "geometry": { "type": "Point", "coordinates": [ 140.347041, 37.397939 ] } },
{ "type": "Feature", "properties": { "ID": 750752001621, "正式名称": "永井川薬局", "機関区分": 5, "都道府県コード": 7, "市区町村コード": 201, "所在地": "福島県福島市永井川字北谷地７－１", "緯度": 37.724597, "経度": 140.446931, "url": "https://www.iryou.teikyouseido.mhlw.go.jp/znk-web/juminkanja/S2430/initialize?prefCd=07&kikanCd=0752001621&kikanKbn=5", "url2": "https://www.phstr.co.jp/company", "内容": "永井川薬局【5:薬局】福島県福島市永井川字北谷地７－１" }, "geometry": { "type": "Point", "coordinates": [ 140.446931, 37.724597 ] } },
{ "type": "Feature", "properties": { "ID": 750752001622, "正式名称": "黒岩東薬局", "機関区分": 5, "都道府県コード": 7, "市区町村コード": 201, "所在地": "福島県福島市黒岩字榎平６６－４", "緯度": 37.724583, "経度": 140.468472, "url": "https://www.iryou.teikyouseido.mhlw.go.jp/znk-web/juminkanja/S2430/initialize?prefCd=07&kikanCd=0752001622&kikanKbn=5", "url2": null, "内容": "黒岩東薬局【5:薬局】福島県福島市黒岩字榎平６６－４" }, "geometry": { "type": "Point", "coordinates": [ 140.468472, 37.724583 ] } },
{ "type": "Feature", "properties": { "ID": 750752001623, "正式名称": "南福島薬局", "機関区分": 5, "都道府県コード": 7, "市区町村コード": 201, "所在地": "福島県福島市黒岩字素利町１７番地", "緯度": 37.727253, "経度": 140.459569, "url": "https://www.iryou.teikyouseido.mhlw.go.jp/znk-web/juminkanja/S2430/initialize?prefCd=07&kikanCd=0752001623&kikanKbn=5", "url2": "https://phstr.co.jp/store/546/", "内容": "南福島薬局【5:薬局】福島県福島市黒岩字素利町１７番地" }, "geometry": { "type": "Point", "coordinates": [ 140.459569, 37.727253 ] } },
{ "type": "Feature", "properties": { "ID": 750752001626, "正式名称": "みはる薬局おやま店", "機関区分": 5, "都道府県コード": 7, "市区町村コード": 201, "所在地": "福島県福島市御山字検田８３－４", "緯度": 37.776358, "経度": 140.466569, "url": "https://www.iryou.teikyouseido.mhlw.go.jp/znk-web/juminkanja/S2430/initialize?prefCd=07&kikanCd=0752001626&kikanKbn=5", "url2": "https://meron-net.shop/ds/miharuoyama/", "内容": "みはる薬局おやま店【5:薬局】福島県福島市御山字検田８３－４" }, "geometry": { "type": "Point", "coordinates": [ 140.466569, 37.776358 ] } },
{ "type": "Feature", "properties": { "ID": 750752001627, "正式名称": "アイン薬局　国見店", "機関区分": 5, "都道府県コード": 7, "市区町村コード": 303, "所在地": "福島県伊達郡国見町大字塚野目字三本木１４－１", "緯度": 37.871931, "経度": 140.541311, "url": "https://www.iryou.teikyouseido.mhlw.go.jp/znk-web/juminkanja/S2430/initialize?prefCd=07&kikanCd=0752001627&kikanKbn=5", "url2": "https://www.ainj.co.jp/", "内容": "アイン薬局　国見店【5:薬局】福島県伊達郡国見町大字塚野目字三本木１４－１" }, "geometry": { "type": "Point", "coordinates": [ 140.541311, 37.871931 ] } },
{ "type": "Feature", "properties": { "ID": 750752001628, "正式名称": "ハレノヒ薬局", "機関区分": 5, "都道府県コード": 7, "市区町村コード": 214, "所在地": "福島県本宮市本宮字万世１３８番地１", "緯度": 37.514028, "経度": 140.396231, "url": "https://www.iryou.teikyouseido.mhlw.go.jp/znk-web/juminkanja/S2430/initialize?prefCd=07&kikanCd=0752001628&kikanKbn=5", "url2": null, "内容": "ハレノヒ薬局【5:薬局】福島県本宮市本宮字万世１３８番地１" }, "geometry": { "type": "Point", "coordinates": [ 140.396231, 37.514028 ] } },
{ "type": "Feature", "properties": { "ID": 750752001629, "正式名称": "ハシドラッグ信陵薬局", "機関区分": 5, "都道府県コード": 7, "市区町村コード": 201, "所在地": "福島県福島市笹谷字出水頭１－２", "緯度": 37.796947, "経度": 140.428418, "url": "https://www.iryou.teikyouseido.mhlw.go.jp/znk-web/juminkanja/S2430/initialize?prefCd=07&kikanCd=0752001629&kikanKbn=5", "url2": "https://www.hashi-drug.co.jp/", "内容": "ハシドラッグ信陵薬局【5:薬局】福島県福島市笹谷字出水頭１－２" }, "geometry": { "type": "Point", "coordinates": [ 140.428418, 37.796947 ] } },
{ "type": "Feature", "properties": { "ID": 750752001630, "正式名称": "つるが薬局　松長店", "機関区分": 5, "都道府県コード": 7, "市区町村コード": 202, "所在地": "福島県会津若松市一箕町大字松長１丁目１７－８", "緯度": 37.531292, "経度": 139.956644, "url": "https://www.iryou.teikyouseido.mhlw.go.jp/znk-web/juminkanja/S2430/initialize?prefCd=07&kikanCd=0752001630&kikanKbn=5", "url2": "https://www.iken-pharmacy.com/", "内容": "つるが薬局　松長店【5:薬局】福島県会津若松市一箕町大字松長１丁目１７－８" }, "geometry": { "type": "Point", "coordinates": [ 139.956644, 37.531292 ] } },
{ "type": "Feature", "properties": { "ID": 750752001631, "正式名称": "アイン薬局会津坂下町店", "機関区分": 5, "都道府県コード": 7, "市区町村コード": 421, "所在地": "福島県河沼郡会津坂下町小川原１０６８番地２", "緯度": 37.557445, "経度": 139.826059, "url": "https://www.iryou.teikyouseido.mhlw.go.jp/znk-web/juminkanja/S2430/initialize?prefCd=07&kikanCd=0752001631&kikanKbn=5", "url2": "https://www.ainj.co.jp", "内容": "アイン薬局会津坂下町店【5:薬局】福島県河沼郡会津坂下町小川原１０６８番地２" }, "geometry": { "type": "Point", "coordinates": [ 139.826059, 37.557445 ] } },
{ "type": "Feature", "properties": { "ID": 750752001632, "正式名称": "かめだ調剤薬局", "機関区分": 5, "都道府県コード": 7, "市区町村コード": 203, "所在地": "福島県郡山市富田町字下亀田１－４１", "緯度": 37.412531, "経度": 140.350517, "url": "https://www.iryou.teikyouseido.mhlw.go.jp/znk-web/juminkanja/S2430/initialize?prefCd=07&kikanCd=0752001632&kikanKbn=5", "url2": "https://www.bellis-pharma.com/", "内容": "かめだ調剤薬局【5:薬局】福島県郡山市富田町字下亀田１－４１" }, "geometry": { "type": "Point", "coordinates": [ 140.350517, 37.412531 ] } },
{ "type": "Feature", "properties": { "ID": 750752001633, "正式名称": "オレンジファーマシー", "機関区分": 5, "都道府県コード": 7, "市区町村コード": 212, "所在地": "福島県南相馬市原町区栄町３丁目１７７", "緯度": 37.635536, "経度": 140.96765, "url": "https://www.iryou.teikyouseido.mhlw.go.jp/znk-web/juminkanja/S2430/initialize?prefCd=07&kikanCd=0752001633&kikanKbn=5", "url2": null, "内容": "オレンジファーマシー【5:薬局】福島県南相馬市原町区栄町３丁目１７７" }, "geometry": { "type": "Point", "coordinates": [ 140.96765, 37.635536 ] } },
{ "type": "Feature", "properties": { "ID": 750752001634, "正式名称": "株式会社くすりのマルト調剤薬局草野国道沿い店", "機関区分": 5, "都道府県コード": 7, "市区町村コード": 204, "所在地": "福島県いわき市平下神谷字仲田２４", "緯度": 37.073846, "経度": 140.954459, "url": "https://www.iryou.teikyouseido.mhlw.go.jp/znk-web/juminkanja/S2430/initialize?prefCd=07&kikanCd=0752001634&kikanKbn=5", "url2": "https://drug-maruto.jp", "内容": "株式会社くすりのマルト調剤薬局草野国道沿い店【5:薬局】福島県いわき市平下神谷字仲田２４" }, "geometry": { "type": "Point", "coordinates": [ 140.954459, 37.073846 ] } },
{ "type": "Feature", "properties": { "ID": 750752001635, "正式名称": "なの花薬局　エスパルいわき店", "機関区分": 5, "都道府県コード": 7, "市区町村コード": 204, "所在地": "福島県いわき市平字田町３８－１６　Ｓ－ＰＡＬいわき１階", "緯度": 37.05788, "経度": 140.891972, "url": "https://www.iryou.teikyouseido.mhlw.go.jp/znk-web/juminkanja/S2430/initialize?prefCd=07&kikanCd=0752001635&kikanKbn=5", "url2": "https://www.nanohana-ph.jp/shop/touhoku/fukushima/iwaki/S-PALiwaki.php", "内容": "なの花薬局　エスパルいわき店【5:薬局】福島県いわき市平字田町３８－１６　Ｓ－ＰＡＬいわき１階" }, "geometry": { "type": "Point", "coordinates": [ 140.891972, 37.05788 ] } },
{ "type": "Feature", "properties": { "ID": 750752001637, "正式名称": "調剤薬局ツルハドラッグいわき泉店", "機関区分": 5, "都道府県コード": 7, "市区町村コード": 204, "所在地": "福島県いわき市泉町滝尻字御前田４６番", "緯度": 36.947724, "経度": 140.859891, "url": "https://www.iryou.teikyouseido.mhlw.go.jp/znk-web/juminkanja/S2430/initialize?prefCd=07&kikanCd=0752001637&kikanKbn=5", "url2": "https://shop.tsuruha-g.com/1189", "内容": "調剤薬局ツルハドラッグいわき泉店【5:薬局】福島県いわき市泉町滝尻字御前田４６番" }, "geometry": { "type": "Point", "coordinates": [ 140.859891, 36.947724 ] } },
{ "type": "Feature", "properties": { "ID": 750752001638, "正式名称": "ひまわり薬局", "機関区分": 5, "都道府県コード": 7, "市区町村コード": 204, "所在地": "福島県いわき市平藤間字千ヶ久保２３－１", "緯度": 37.0363349, "経度": 140.9651346, "url": "https://www.iryou.teikyouseido.mhlw.go.jp/znk-web/juminkanja/S2430/initialize?prefCd=07&kikanCd=0752001638&kikanKbn=5", "url2": "https://himawaripharmacy.info", "内容": "ひまわり薬局【5:薬局】福島県いわき市平藤間字千ヶ久保２３－１" }, "geometry": { "type": "Point", "coordinates": [ 140.9651346, 37.0363349 ] } },
{ "type": "Feature", "properties": { "ID": 750752001639, "正式名称": "すばる薬局勿来店", "機関区分": 5, "都道府県コード": 7, "市区町村コード": 204, "所在地": "福島県いわき市勿来町窪田町通４丁目１番地", "緯度": 36.892185, "経度": 140.76047, "url": "https://www.iryou.teikyouseido.mhlw.go.jp/znk-web/juminkanja/S2430/initialize?prefCd=07&kikanCd=0752001639&kikanKbn=5", "url2": "https://www.parumu.net/", "内容": "すばる薬局勿来店【5:薬局】福島県いわき市勿来町窪田町通４丁目１番地" }, "geometry": { "type": "Point", "coordinates": [ 140.76047, 36.892185 ] } },
{ "type": "Feature", "properties": { "ID": 750752001641, "正式名称": "アイランド薬局富田店", "機関区分": 5, "都道府県コード": 7, "市区町村コード": 203, "所在地": "福島県郡山市富田町字稲川原２３", "緯度": 37.415601, "経度": 140.368468, "url": "https://www.iryou.teikyouseido.mhlw.go.jp/znk-web/juminkanja/S2430/initialize?prefCd=07&kikanCd=0752001641&kikanKbn=5", "url2": "https://www.apocreat.co.jp/", "内容": "アイランド薬局富田店【5:薬局】福島県郡山市富田町字稲川原２３" }, "geometry": { "type": "Point", "coordinates": [ 140.368468, 37.415601 ] } },
{ "type": "Feature", "properties": { "ID": 750752001642, "正式名称": "コスモ調剤薬局白河高山店", "機関区分": 5, "都道府県コード": 7, "市区町村コード": 205, "所在地": "福島県白河市高山４－７", "緯度": 37.116599, "経度": 140.186253, "url": "https://www.iryou.teikyouseido.mhlw.go.jp/znk-web/juminkanja/S2430/initialize?prefCd=07&kikanCd=0752001642&kikanKbn=5", "url2": "http://www.cosmo-ph.co.jp/", "内容": "コスモ調剤薬局白河高山店【5:薬局】福島県白河市高山４－７" }, "geometry": { "type": "Point", "coordinates": [ 140.186253, 37.116599 ] } },
{ "type": "Feature", "properties": { "ID": 750752001644, "正式名称": "なみえ調剤薬局", "機関区分": 5, "都道府県コード": 7, "市区町村コード": 547, "所在地": "福島県双葉郡浪江町幾世橋字六反田７－６", "緯度": 37.495364, "経度": 140.999715, "url": "https://www.iryou.teikyouseido.mhlw.go.jp/znk-web/juminkanja/S2430/initialize?prefCd=07&kikanCd=0752001644&kikanKbn=5", "url2": "https://izumi-ph.jp/", "内容": "なみえ調剤薬局【5:薬局】福島県双葉郡浪江町幾世橋字六反田７－６" }, "geometry": { "type": "Point", "coordinates": [ 140.999715, 37.495364 ] } },
{ "type": "Feature", "properties": { "ID": 750752001645, "正式名称": "クスリのアオキ白河西郷薬局", "機関区分": 5, "都道府県コード": 7, "市区町村コード": 461, "所在地": "福島県西白河郡西郷村大字米字西原１４番地１", "緯度": 37.139717, "経度": 140.1881, "url": "https://www.iryou.teikyouseido.mhlw.go.jp/znk-web/juminkanja/S2430/initialize?prefCd=07&kikanCd=0752001645&kikanKbn=5", "url2": "https://www.kusuri-aoki.co.jp/", "内容": "クスリのアオキ白河西郷薬局【5:薬局】福島県西白河郡西郷村大字米字西原１４番地１" }, "geometry": { "type": "Point", "coordinates": [ 140.1881, 37.139717 ] } },
{ "type": "Feature", "properties": { "ID": 750752001648, "正式名称": "ウエルシア薬局郡山朝日２丁目店", "機関区分": 5, "都道府県コード": 7, "市区町村コード": 203, "所在地": "福島県郡山市朝日２－５－１６", "緯度": 37.40582, "経度": 140.361706, "url": "https://www.iryou.teikyouseido.mhlw.go.jp/znk-web/juminkanja/S2430/initialize?prefCd=07&kikanCd=0752001648&kikanKbn=5", "url2": "https://store.welcia.co.jp/welcia/spot/detail?code=1413D", "内容": "ウエルシア薬局郡山朝日２丁目店【5:薬局】福島県郡山市朝日２－５－１６" }, "geometry": { "type": "Point", "coordinates": [ 140.361706, 37.40582 ] } },
{ "type": "Feature", "properties": { "ID": 750752100001, "正式名称": "クスリのアオキ二本松薬局", "機関区分": 5, "都道府県コード": 7, "市区町村コード": 210, "所在地": "福島県二本松市油井字内走石２０番地１", "緯度": 37.600047, "経度": 140.453914, "url": "https://www.iryou.teikyouseido.mhlw.go.jp/znk-web/juminkanja/S2430/initialize?prefCd=07&kikanCd=0752100001&kikanKbn=5", "url2": "https://www.kusuri-aoki.co.jp/", "内容": "クスリのアオキ二本松薬局【5:薬局】福島県二本松市油井字内走石２０番地１" }, "geometry": { "type": "Point", "coordinates": [ 140.453914, 37.600047 ] } },
{ "type": "Feature", "properties": { "ID": 750752100002, "正式名称": "クスリのアオキ岩根薬局", "機関区分": 5, "都道府県コード": 7, "市区町村コード": 214, "所在地": "福島県本宮市岩根字北原田６８番地１", "緯度": 37.481176, "経度": 140.352821, "url": "https://www.iryou.teikyouseido.mhlw.go.jp/znk-web/juminkanja/S2430/initialize?prefCd=07&kikanCd=0752100002&kikanKbn=5", "url2": "https://www.kusuri-aoki.co.jp/", "内容": "クスリのアオキ岩根薬局【5:薬局】福島県本宮市岩根字北原田６８番地１" }, "geometry": { "type": "Point", "coordinates": [ 140.352821, 37.481176 ] } },
{ "type": "Feature", "properties": { "ID": 750752100003, "正式名称": "カワチ薬局　本宮店", "機関区分": 5, "都道府県コード": 7, "市区町村コード": 214, "所在地": "福島県本宮市本宮舘町１９８－１", "緯度": 37.51949, "経度": 140.39772, "url": "https://www.iryou.teikyouseido.mhlw.go.jp/znk-web/juminkanja/S2430/initialize?prefCd=07&kikanCd=0752100003&kikanKbn=5", "url2": "https://www.cawachi.co.jp", "内容": "カワチ薬局　本宮店【5:薬局】福島県本宮市本宮舘町１９８－１" }, "geometry": { "type": "Point", "coordinates": [ 140.39772, 37.51949 ] } },
{ "type": "Feature", "properties": { "ID": 750752100004, "正式名称": "コスモ調剤薬局あだたら店", "機関区分": 5, "都道府県コード": 7, "市区町村コード": 210, "所在地": "福島県二本松市油井字石倉７６－３", "緯度": 37.614377, "経度": 140.459982, "url": "https://www.iryou.teikyouseido.mhlw.go.jp/znk-web/juminkanja/S2430/initialize?prefCd=07&kikanCd=0752100004&kikanKbn=5", "url2": "http://www.cosmo-ph.co.jp/", "内容": "コスモ調剤薬局あだたら店【5:薬局】福島県二本松市油井字石倉７６－３" }, "geometry": { "type": "Point", "coordinates": [ 140.459982, 37.614377 ] } },
{ "type": "Feature", "properties": { "ID": 750752100008, "正式名称": "ほばら薬局桑折本町店", "機関区分": 5, "都道府県コード": 7, "市区町村コード": 301, "所在地": "福島県伊達郡桑折町字沢３４番４", "緯度": 37.844563, "経度": 140.520083, "url": "https://www.iryou.teikyouseido.mhlw.go.jp/znk-web/juminkanja/S2430/initialize?prefCd=07&kikanCd=0752100008&kikanKbn=5", "url2": "https://fukushima-ms.com/", "内容": "ほばら薬局桑折本町店【5:薬局】福島県伊達郡桑折町字沢３４番４" }, "geometry": { "type": "Point", "coordinates": [ 140.520083, 37.844563 ] } },
{ "type": "Feature", "properties": { "ID": 750752200001, "正式名称": "クスリのアオキ鏡石薬局", "機関区分": 5, "都道府県コード": 7, "市区町村コード": 342, "所在地": "福島県岩瀬郡鏡石町中町１０５番地１", "緯度": 37.253197, "経度": 140.34213, "url": "https://www.iryou.teikyouseido.mhlw.go.jp/znk-web/juminkanja/S2430/initialize?prefCd=07&kikanCd=0752200001&kikanKbn=5", "url2": "https://www.kusuri-aoki.co.jp/", "内容": "クスリのアオキ鏡石薬局【5:薬局】福島県岩瀬郡鏡石町中町１０５番地１" }, "geometry": { "type": "Point", "coordinates": [ 140.34213, 37.253197 ] } },
{ "type": "Feature", "properties": { "ID": 750752200002, "正式名称": "クスリのアオキ福島玉川薬局", "機関区分": 5, "都道府県コード": 7, "市区町村コード": 502, "所在地": "福島県石川郡玉川村小高字北畷３５番地の１", "緯度": 37.210256, "経度": 140.406436, "url": "https://www.iryou.teikyouseido.mhlw.go.jp/znk-web/juminkanja/S2430/initialize?prefCd=07&kikanCd=0752200002&kikanKbn=5", "url2": "https://www.kusuri-aoki.co.jp/", "内容": "クスリのアオキ福島玉川薬局【5:薬局】福島県石川郡玉川村小高字北畷３５番地の１" }, "geometry": { "type": "Point", "coordinates": [ 140.406436, 37.210256 ] } },
{ "type": "Feature", "properties": { "ID": 750752200003, "正式名称": "なないろ薬局", "機関区分": 5, "都道府県コード": 7, "市区町村コード": 342, "所在地": "福島県岩瀬郡鏡石町中町４２９番", "緯度": 37.249024, "経度": 140.343871, "url": "https://www.iryou.teikyouseido.mhlw.go.jp/znk-web/juminkanja/S2430/initialize?prefCd=07&kikanCd=0752200003&kikanKbn=5", "url2": "http://www.nanairopharma.com", "内容": "なないろ薬局【5:薬局】福島県岩瀬郡鏡石町中町４２９番" }, "geometry": { "type": "Point", "coordinates": [ 140.343871, 37.249024 ] } },
{ "type": "Feature", "properties": { "ID": 750752200004, "正式名称": "ノート薬局　大越店", "機関区分": 5, "都道府県コード": 7, "市区町村コード": 211, "所在地": "福島県田村市大越町下大越字上田５４－１", "緯度": 37.399474, "経度": 140.620706, "url": "https://www.iryou.teikyouseido.mhlw.go.jp/znk-web/juminkanja/S2430/initialize?prefCd=07&kikanCd=0752200004&kikanKbn=5", "url2": null, "内容": "ノート薬局　大越店【5:薬局】福島県田村市大越町下大越字上田５４－１" }, "geometry": { "type": "Point", "coordinates": [ 140.620706, 37.399474 ] } },
{ "type": "Feature", "properties": { "ID": 750752200006, "正式名称": "調剤薬局ツルハドラッグ須賀川西店", "機関区分": 5, "都道府県コード": 7, "市区町村コード": 207, "所在地": "福島県須賀川市岡東町１９３番地", "緯度": 37.297253, "経度": 140.3619, "url": "https://www.iryou.teikyouseido.mhlw.go.jp/znk-web/juminkanja/S2430/initialize?prefCd=07&kikanCd=0752200006&kikanKbn=5", "url2": "http://www.tsuruha.co.jp/shop/detail_per.php?a1=7&a2=128&a3=325&a4=439&a5=1101", "内容": "調剤薬局ツルハドラッグ須賀川西店【5:薬局】福島県須賀川市岡東町１９３番地" }, "geometry": { "type": "Point", "coordinates": [ 140.3619, 37.297253 ] } },
{ "type": "Feature", "properties": { "ID": 750752300001, "正式名称": "東風乃堂薬局", "機関区分": 5, "都道府県コード": 7, "市区町村コード": 205, "所在地": "福島県白河市東釜子字枇杷山６６－１７", "緯度": 37.111645, "経度": 140.349594, "url": "https://www.iryou.teikyouseido.mhlw.go.jp/znk-web/juminkanja/S2430/initialize?prefCd=07&kikanCd=0752300001&kikanKbn=5", "url2": "https://miharu-chozai.com/", "内容": "東風乃堂薬局【5:薬局】福島県白河市東釜子字枇杷山６６－１７" }, "geometry": { "type": "Point", "coordinates": [ 140.349594, 37.111645 ] } },
{ "type": "Feature", "properties": { "ID": 750752300002, "正式名称": "日本調剤塙薬局", "機関区分": 5, "都道府県コード": 7, "市区町村コード": 483, "所在地": "福島県東白川郡塙町塙字大町一丁目７番", "緯度": 36.957947, "経度": 140.41121, "url": "https://www.iryou.teikyouseido.mhlw.go.jp/znk-web/juminkanja/S2430/initialize?prefCd=07&kikanCd=0752300002&kikanKbn=5", "url2": "https://www.nicho.co.jp/tenpo/hanawa/", "内容": "日本調剤塙薬局【5:薬局】福島県東白川郡塙町塙字大町一丁目７番" }, "geometry": { "type": "Point", "coordinates": [ 140.41121, 36.957947 ] } },
{ "type": "Feature", "properties": { "ID": 750752300004, "正式名称": "すず薬局西郷店", "機関区分": 5, "都道府県コード": 7, "市区町村コード": 461, "所在地": "福島県西白河郡西郷村小田倉山神裏１５－２", "緯度": 37.124848, "経度": 140.166914, "url": "https://www.iryou.teikyouseido.mhlw.go.jp/znk-web/juminkanja/S2430/initialize?prefCd=07&kikanCd=0752300004&kikanKbn=5", "url2": "https://pharmacy-suzu.com/", "内容": "すず薬局西郷店【5:薬局】福島県西白河郡西郷村小田倉山神裏１５－２" }, "geometry": { "type": "Point", "coordinates": [ 140.166914, 37.124848 ] } },
{ "type": "Feature", "properties": { "ID": 750752400001, "正式名称": "アイランド薬局　会津坂下店", "機関区分": 5, "都道府県コード": 7, "市区町村コード": 421, "所在地": "福島県河沼郡会津坂下町気多宮字柳田９８２番地", "緯度": 37.568572, "経度": 139.807196, "url": "https://www.iryou.teikyouseido.mhlw.go.jp/znk-web/juminkanja/S2430/initialize?prefCd=07&kikanCd=0752400001&kikanKbn=5", "url2": "https://www.apocreat.co.jp/", "内容": "アイランド薬局　会津坂下店【5:薬局】福島県河沼郡会津坂下町気多宮字柳田９８２番地" }, "geometry": { "type": "Point", "coordinates": [ 139.807196, 37.568572 ] } },
{ "type": "Feature", "properties": { "ID": 750752400002, "正式名称": "宝山堂薬局おうぎ町店", "機関区分": 5, "都道府県コード": 7, "市区町村コード": 202, "所在地": "福島県会津若松市扇町３ー１７－７", "緯度": 37.515313, "経度": 139.933695, "url": "https://www.iryou.teikyouseido.mhlw.go.jp/znk-web/juminkanja/S2430/initialize?prefCd=07&kikanCd=0752400002&kikanKbn=5", "url2": null, "内容": "宝山堂薬局おうぎ町店【5:薬局】福島県会津若松市扇町３ー１７－７" }, "geometry": { "type": "Point", "coordinates": [ 139.933695, 37.515313 ] } },
{ "type": "Feature", "properties": { "ID": 750752400003, "正式名称": "みさと薬局", "機関区分": 5, "都道府県コード": 7, "市区町村コード": 447, "所在地": "福島県大沼郡会津美里町高田道上２８４０番１", "緯度": 37.46484, "経度": 139.844309, "url": "https://www.iryou.teikyouseido.mhlw.go.jp/znk-web/juminkanja/S2430/initialize?prefCd=07&kikanCd=0752400003&kikanKbn=5", "url2": null, "内容": "みさと薬局【5:薬局】福島県大沼郡会津美里町高田道上２８４０番１" }, "geometry": { "type": "Point", "coordinates": [ 139.844309, 37.46484 ] } },
{ "type": "Feature", "properties": { "ID": 750752600001, "正式名称": "ホープ薬局　南相馬店", "機関区分": 5, "都道府県コード": 7, "市区町村コード": 212, "所在地": "福島県南相馬市原町区日の出町１５５－２", "緯度": 37.631927, "経度": 140.980859, "url": "https://www.iryou.teikyouseido.mhlw.go.jp/znk-web/juminkanja/S2430/initialize?prefCd=07&kikanCd=0752600001&kikanKbn=5", "url2": null, "内容": "ホープ薬局　南相馬店【5:薬局】福島県南相馬市原町区日の出町１５５－２" }, "geometry": { "type": "Point", "coordinates": [ 140.980859, 37.631927 ] } },
{ "type": "Feature", "properties": { "ID": 750752600002, "正式名称": "西町調剤薬局", "機関区分": 5, "都道府県コード": 7, "市区町村コード": 212, "所在地": "福島県南相馬市原町区西町一丁目６７番地", "緯度": 37.63825, "経度": 140.952358, "url": "https://www.iryou.teikyouseido.mhlw.go.jp/znk-web/juminkanja/S2430/initialize?prefCd=07&kikanCd=0752600002&kikanKbn=5", "url2": null, "内容": "西町調剤薬局【5:薬局】福島県南相馬市原町区西町一丁目６７番地" }, "geometry": { "type": "Point", "coordinates": [ 140.952358, 37.63825 ] } },
{ "type": "Feature", "properties": { "ID": 750752600003, "正式名称": "みどり薬局", "機関区分": 5, "都道府県コード": 7, "市区町村コード": 209, "所在地": "福島県相馬市中村字曲田１１４", "緯度": 37.802339, "経度": 140.922689, "url": "https://www.iryou.teikyouseido.mhlw.go.jp/znk-web/juminkanja/S2430/initialize?prefCd=07&kikanCd=0752600003&kikanKbn=5", "url2": null, "内容": "みどり薬局【5:薬局】福島県相馬市中村字曲田１１４" }, "geometry": { "type": "Point", "coordinates": [ 140.922689, 37.802339 ] } },
{ "type": "Feature", "properties": { "ID": 750752700001, "正式名称": "青州堂漢方薬局", "機関区分": 5, "都道府県コード": 7, "市区町村コード": 201, "所在地": "福島県福島市置賜町５－２６", "緯度": 37.7551, "経度": 140.46396, "url": "https://www.iryou.teikyouseido.mhlw.go.jp/znk-web/juminkanja/S2430/initialize?prefCd=07&kikanCd=0752700001&kikanKbn=5", "url2": "https://seishudo.jp/", "内容": "青州堂漢方薬局【5:薬局】福島県福島市置賜町５－２６" }, "geometry": { "type": "Point", "coordinates": [ 140.46396, 37.7551 ] } },
{ "type": "Feature", "properties": { "ID": 750752700002, "正式名称": "ハート薬局　南沢又店", "機関区分": 5, "都道府県コード": 7, "市区町村コード": 201, "所在地": "福島県福島市南沢又字舘ノ内９５", "緯度": 37.773672, "経度": 140.43581, "url": "https://www.iryou.teikyouseido.mhlw.go.jp/znk-web/juminkanja/S2430/initialize?prefCd=07&kikanCd=0752700002&kikanKbn=5", "url2": null, "内容": "ハート薬局　南沢又店【5:薬局】福島県福島市南沢又字舘ノ内９５" }, "geometry": { "type": "Point", "coordinates": [ 140.43581, 37.773672 ] } },
{ "type": "Feature", "properties": { "ID": 750752700003, "正式名称": "すず薬局　御山店", "機関区分": 5, "都道府県コード": 7, "市区町村コード": 201, "所在地": "福島県福島市御山字検田６０－２", "緯度": 37.776299, "経度": 140.465948, "url": "https://www.iryou.teikyouseido.mhlw.go.jp/znk-web/juminkanja/S2430/initialize?prefCd=07&kikanCd=0752700003&kikanKbn=5", "url2": "https://pharmacy-suzu.com/pharmacy/", "内容": "すず薬局　御山店【5:薬局】福島県福島市御山字検田６０－２" }, "geometry": { "type": "Point", "coordinates": [ 140.465948, 37.776299 ] } },
{ "type": "Feature", "properties": { "ID": 750752700004, "正式名称": "クスリのアオキ御山薬局", "機関区分": 5, "都道府県コード": 7, "市区町村コード": 201, "所在地": "福島県福島市御山字稲荷田９３番地の１", "緯度": 37.775327, "経度": 140.464028, "url": "https://www.iryou.teikyouseido.mhlw.go.jp/znk-web/juminkanja/S2430/initialize?prefCd=07&kikanCd=0752700004&kikanKbn=5", "url2": "https://www.kusuri-aoki.co.jp/", "内容": "クスリのアオキ御山薬局【5:薬局】福島県福島市御山字稲荷田９３番地の１" }, "geometry": { "type": "Point", "coordinates": [ 140.464028, 37.775327 ] } },
{ "type": "Feature", "properties": { "ID": 750752700005, "正式名称": "調剤薬局ツルハドラッグ福島丸子店", "機関区分": 5, "都道府県コード": 7, "市区町村コード": 201, "所在地": "福島県福島市丸子字富塚３番１号", "緯度": 37.785, "経度": 140.473043, "url": "https://www.iryou.teikyouseido.mhlw.go.jp/znk-web/juminkanja/S2430/initialize?prefCd=07&kikanCd=0752700005&kikanKbn=5", "url2": "https://shop.tsuruha-g.com/0957", "内容": "調剤薬局ツルハドラッグ福島丸子店【5:薬局】福島県福島市丸子字富塚３番１号" }, "geometry": { "type": "Point", "coordinates": [ 140.473043, 37.785 ] } },
{ "type": "Feature", "properties": { "ID": 750752700007, "正式名称": "保原薬局渡利店", "機関区分": 5, "都道府県コード": 7, "市区町村コード": 201, "所在地": "福島県福島市渡利字七社宮１０５番地の４０", "緯度": 37.749264, "経度": 140.474972, "url": "https://www.iryou.teikyouseido.mhlw.go.jp/znk-web/juminkanja/S2430/initialize?prefCd=07&kikanCd=0752700007&kikanKbn=5", "url2": "https://fukushima-ms.com", "内容": "保原薬局渡利店【5:薬局】福島県福島市渡利字七社宮１０５番地の４０" }, "geometry": { "type": "Point", "coordinates": [ 140.474972, 37.749264 ] } },
{ "type": "Feature", "properties": { "ID": 750752700008, "正式名称": "ばにら薬局　新浜町", "機関区分": 5, "都道府県コード": 7, "市区町村コード": 201, "所在地": "福島県福島市新浜町２－２２", "緯度": 37.759628, "経度": 140.4694, "url": "https://www.iryou.teikyouseido.mhlw.go.jp/znk-web/juminkanja/S2430/initialize?prefCd=07&kikanCd=0752700008&kikanKbn=5", "url2": "http://www.maroon.dti.ne.jp/vanilla-drugstore/index.html", "内容": "ばにら薬局　新浜町【5:薬局】福島県福島市新浜町２－２２" }, "geometry": { "type": "Point", "coordinates": [ 140.4694, 37.759628 ] } },
{ "type": "Feature", "properties": { "ID": 750752700009, "正式名称": "すず薬局　新浜町店", "機関区分": 5, "都道府県コード": 7, "市区町村コード": 201, "所在地": "福島県福島市新浜町２－１８", "緯度": 37.759665, "経度": 140.468964, "url": "https://www.iryou.teikyouseido.mhlw.go.jp/znk-web/juminkanja/S2430/initialize?prefCd=07&kikanCd=0752700009&kikanKbn=5", "url2": "https://pharmacy-suzu.com/", "内容": "すず薬局　新浜町店【5:薬局】福島県福島市新浜町２－１８" }, "geometry": { "type": "Point", "coordinates": [ 140.468964, 37.759665 ] } },
{ "type": "Feature", "properties": { "ID": 750752700010, "正式名称": "サンリツ薬局福島店", "機関区分": 5, "都道府県コード": 7, "市区町村コード": 201, "所在地": "福島県福島市方木田字辻ノ内３－１０", "緯度": 37.740081, "経度": 140.45488, "url": "https://www.iryou.teikyouseido.mhlw.go.jp/znk-web/juminkanja/S2430/initialize?prefCd=07&kikanCd=0752700010&kikanKbn=5", "url2": null, "内容": "サンリツ薬局福島店【5:薬局】福島県福島市方木田字辻ノ内３－１０" }, "geometry": { "type": "Point", "coordinates": [ 140.45488, 37.740081 ] } },
{ "type": "Feature", "properties": { "ID": 750752700012, "正式名称": "つくし薬局桜づつみ店", "機関区分": 5, "都道府県コード": 7, "市区町村コード": 201, "所在地": "福島県福島市仁井田字下川原４３－１５", "緯度": 37.753528, "経度": 140.438526, "url": "https://www.iryou.teikyouseido.mhlw.go.jp/znk-web/juminkanja/S2430/initialize?prefCd=07&kikanCd=0752700012&kikanKbn=5", "url2": "https://294ph.com/", "内容": "つくし薬局桜づつみ店【5:薬局】福島県福島市仁井田字下川原４３－１５" }, "geometry": { "type": "Point", "coordinates": [ 140.438526, 37.753528 ] } },
{ "type": "Feature", "properties": { "ID": 750752700013, "正式名称": "薬局マツモトキヨシ福島南店", "機関区分": 5, "都道府県コード": 7, "市区町村コード": 201, "所在地": "福島県福島市黒岩字浜井場３２", "緯度": 37.727725, "経度": 140.468244, "url": "https://www.iryou.teikyouseido.mhlw.go.jp/znk-web/juminkanja/S2430/initialize?prefCd=07&kikanCd=0752700013&kikanKbn=5", "url2": null, "内容": "薬局マツモトキヨシ福島南店【5:薬局】福島県福島市黒岩字浜井場３２" }, "geometry": { "type": "Point", "coordinates": [ 140.468244, 37.727725 ] } },
{ "type": "Feature", "properties": { "ID": 750752700014, "正式名称": "ふくしま薬局", "機関区分": 5, "都道府県コード": 7, "市区町村コード": 201, "所在地": "福島県福島市宮下町４－２０", "緯度": 37.761719, "経度": 140.465564, "url": "https://www.iryou.teikyouseido.mhlw.go.jp/znk-web/juminkanja/S2430/initialize?prefCd=07&kikanCd=0752700014&kikanKbn=5", "url2": null, "内容": "ふくしま薬局【5:薬局】福島県福島市宮下町４－２０" }, "geometry": { "type": "Point", "coordinates": [ 140.465564, 37.761719 ] } },
{ "type": "Feature", "properties": { "ID": 750752700015, "正式名称": "薬局いずみ調剤", "機関区分": 5, "都道府県コード": 7, "市区町村コード": 201, "所在地": "福島県福島市泉字大仏２９－２", "緯度": 37.775697, "経度": 140.448423, "url": "https://www.iryou.teikyouseido.mhlw.go.jp/znk-web/juminkanja/S2430/initialize?prefCd=07&kikanCd=0752700015&kikanKbn=5", "url2": "https://www.furu-cho.co.jp/storelist#fukusima", "内容": "薬局いずみ調剤【5:薬局】福島県福島市泉字大仏２９－２" }, "geometry": { "type": "Point", "coordinates": [ 140.448423, 37.775697 ] } },
{ "type": "Feature", "properties": { "ID": 750752700016, "正式名称": "Ｉ＆Ｈ福島光が丘薬局", "機関区分": 5, "都道府県コード": 7, "市区町村コード": 201, "所在地": "福島県福島市光が丘１番地　Ｉ＆Ｈ福島光が丘薬局館１Ｆ", "緯度": 37.6884938, "経度": 140.4719966, "url": "https://www.iryou.teikyouseido.mhlw.go.jp/znk-web/juminkanja/S2430/initialize?prefCd=07&kikanCd=0752700016&kikanKbn=5", "url2": null, "内容": "Ｉ＆Ｈ福島光が丘薬局【5:薬局】福島県福島市光が丘１番地　Ｉ＆Ｈ福島光が丘薬局館１Ｆ" }, "geometry": { "type": "Point", "coordinates": [ 140.471996600000011, 37.6884938 ] } },
{ "type": "Feature", "properties": { "ID": 750752700017, "正式名称": "コスモ調剤薬局福島鎌田店", "機関区分": 5, "都道府県コード": 7, "市区町村コード": 201, "所在地": "福島県福島市鎌田字原際７７", "緯度": 37.79755, "経度": 140.47859, "url": "https://www.iryou.teikyouseido.mhlw.go.jp/znk-web/juminkanja/S2430/initialize?prefCd=07&kikanCd=0752700017&kikanKbn=5", "url2": "http://www.cosmo-ph.co.jp/", "内容": "コスモ調剤薬局福島鎌田店【5:薬局】福島県福島市鎌田字原際７７" }, "geometry": { "type": "Point", "coordinates": [ 140.47859, 37.79755 ] } },
{ "type": "Feature", "properties": { "ID": 750752700018, "正式名称": "コスモ調剤薬局北沢又店", "機関区分": 5, "都道府県コード": 7, "市区町村コード": 201, "所在地": "福島県福島市北沢又字寺西１８番２", "緯度": 37.785556, "経度": 140.449823, "url": "https://www.iryou.teikyouseido.mhlw.go.jp/znk-web/juminkanja/S2430/initialize?prefCd=07&kikanCd=0752700018&kikanKbn=5", "url2": "http://www.cosmo-ph.co.jp", "内容": "コスモ調剤薬局北沢又店【5:薬局】福島県福島市北沢又字寺西１８番２" }, "geometry": { "type": "Point", "coordinates": [ 140.449823, 37.785556 ] } },
{ "type": "Feature", "properties": { "ID": 750752700019, "正式名称": "ささのは薬局", "機関区分": 5, "都道府県コード": 7, "市区町村コード": 201, "所在地": "福島県福島市笹谷字上道場７番１３", "緯度": 37.792948, "経度": 140.432697, "url": "https://www.iryou.teikyouseido.mhlw.go.jp/znk-web/juminkanja/S2430/initialize?prefCd=07&kikanCd=0752700019&kikanKbn=5", "url2": null, "内容": "ささのは薬局【5:薬局】福島県福島市笹谷字上道場７番１３" }, "geometry": { "type": "Point", "coordinates": [ 140.432697, 37.792948 ] } },
{ "type": "Feature", "properties": { "ID": 750752700020, "正式名称": "コスモ調剤薬局鳥谷野店", "機関区分": 5, "都道府県コード": 7, "市区町村コード": 201, "所在地": "福島県福島市鳥谷野字宮畑２３番３", "緯度": 37.733698, "経度": 140.467452, "url": "https://www.iryou.teikyouseido.mhlw.go.jp/znk-web/juminkanja/S2430/initialize?prefCd=07&kikanCd=0752700020&kikanKbn=5", "url2": "http://www.cosmo-ph.co.jp/", "内容": "コスモ調剤薬局鳥谷野店【5:薬局】福島県福島市鳥谷野字宮畑２３番３" }, "geometry": { "type": "Point", "coordinates": [ 140.467452, 37.733698 ] } },
{ "type": "Feature", "properties": { "ID": 750752800001, "正式名称": "にじいろ薬局富久山店", "機関区分": 5, "都道府県コード": 7, "市区町村コード": 203, "所在地": "福島県郡山市富久山町久保田字久保田２０３", "緯度": 37.416022, "経度": 140.390514, "url": "https://www.iryou.teikyouseido.mhlw.go.jp/znk-web/juminkanja/S2430/initialize?prefCd=07&kikanCd=0752800001&kikanKbn=5", "url2": null, "内容": "にじいろ薬局富久山店【5:薬局】福島県郡山市富久山町久保田字久保田２０３" }, "geometry": { "type": "Point", "coordinates": [ 140.390514, 37.416022 ] } },
{ "type": "Feature", "properties": { "ID": 750752800002, "正式名称": "調剤薬局ツルハドラッグ希望が丘店", "機関区分": 5, "都道府県コード": 7, "市区町村コード": 203, "所在地": "福島県郡山市富田町字大徳南６－１０", "緯度": 37.41416, "経度": 140.34453, "url": "https://www.iryou.teikyouseido.mhlw.go.jp/znk-web/juminkanja/S2430/initialize?prefCd=07&kikanCd=0752800002&kikanKbn=5", "url2": "https://shop.tsuruha-g.com/0710", "内容": "調剤薬局ツルハドラッグ希望が丘店【5:薬局】福島県郡山市富田町字大徳南６－１０" }, "geometry": { "type": "Point", "coordinates": [ 140.34453, 37.41416 ] } },
{ "type": "Feature", "properties": { "ID": 750752800003, "正式名称": "調剤薬局ツルハドラッグ富久山福原店", "機関区分": 5, "都道府県コード": 7, "市区町村コード": 203, "所在地": "福島県郡山市富久山町福原陣場１９３番２", "緯度": 37.419685, "経度": 140.39131, "url": "https://www.iryou.teikyouseido.mhlw.go.jp/znk-web/juminkanja/S2430/initialize?prefCd=07&kikanCd=0752800003&kikanKbn=5", "url2": "https://shop.tsuruha-g.com/1454", "内容": "調剤薬局ツルハドラッグ富久山福原店【5:薬局】福島県郡山市富久山町福原陣場１９３番２" }, "geometry": { "type": "Point", "coordinates": [ 140.39131, 37.419685 ] } },
{ "type": "Feature", "properties": { "ID": 750752800004, "正式名称": "コスモ調剤薬局西ノ内店", "機関区分": 5, "都道府県コード": 7, "市区町村コード": 203, "所在地": "福島県郡山市西ノ内二丁目１０―４", "緯度": 37.407713, "経度": 140.36627, "url": "https://www.iryou.teikyouseido.mhlw.go.jp/znk-web/juminkanja/S2430/initialize?prefCd=07&kikanCd=0752800004&kikanKbn=5", "url2": "http://www.cosmo-ph.co.jp/", "内容": "コスモ調剤薬局西ノ内店【5:薬局】福島県郡山市西ノ内二丁目１０―４" }, "geometry": { "type": "Point", "coordinates": [ 140.36627, 37.407713 ] } },
{ "type": "Feature", "properties": { "ID": 750752800005, "正式名称": "ウェルカム薬局", "機関区分": 5, "都道府県コード": 7, "市区町村コード": 203, "所在地": "福島県郡山市八山田西一丁目９３番地", "緯度": 37.426443, "経度": 140.362655, "url": "https://www.iryou.teikyouseido.mhlw.go.jp/znk-web/juminkanja/S2430/initialize?prefCd=07&kikanCd=0752800005&kikanKbn=5", "url2": "https://wellmind.jp", "内容": "ウェルカム薬局【5:薬局】福島県郡山市八山田西一丁目９３番地" }, "geometry": { "type": "Point", "coordinates": [ 140.362655, 37.426443 ] } },
{ "type": "Feature", "properties": { "ID": 750752800006, "正式名称": "すみれ調剤薬局", "機関区分": 5, "都道府県コード": 7, "市区町村コード": 203, "所在地": "福島県郡山市島２丁目７－７", "緯度": 37.396741, "経度": 140.347699, "url": "https://www.iryou.teikyouseido.mhlw.go.jp/znk-web/juminkanja/S2430/initialize?prefCd=07&kikanCd=0752800006&kikanKbn=5", "url2": "https://ship-ph.co.jp", "内容": "すみれ調剤薬局【5:薬局】福島県郡山市島２丁目７－７" }, "geometry": { "type": "Point", "coordinates": [ 140.347699, 37.396741 ] } },
{ "type": "Feature", "properties": { "ID": 750752800007, "正式名称": "よつば調剤薬局", "機関区分": 5, "都道府県コード": 7, "市区町村コード": 203, "所在地": "福島県郡山市西ノ内１－２５－５", "緯度": 37.40774, "経度": 140.367019, "url": "https://www.iryou.teikyouseido.mhlw.go.jp/znk-web/juminkanja/S2430/initialize?prefCd=07&kikanCd=0752800007&kikanKbn=5", "url2": null, "内容": "よつば調剤薬局【5:薬局】福島県郡山市西ノ内１－２５－５" }, "geometry": { "type": "Point", "coordinates": [ 140.367019, 37.40774 ] } },
{ "type": "Feature", "properties": { "ID": 750752800008, "正式名称": "クスリのアオキ磐城守山薬局", "機関区分": 5, "都道府県コード": 7, "市区町村コード": 203, "所在地": "福島県郡山市田村町守山字小性町１３９番地", "緯度": 37.33544, "経度": 140.40875, "url": "https://www.iryou.teikyouseido.mhlw.go.jp/znk-web/juminkanja/S2430/initialize?prefCd=07&kikanCd=0752800008&kikanKbn=5", "url2": "https://www.kusuri-aoki.co.jp/", "内容": "クスリのアオキ磐城守山薬局【5:薬局】福島県郡山市田村町守山字小性町１３９番地" }, "geometry": { "type": "Point", "coordinates": [ 140.40875, 37.33544 ] } },
{ "type": "Feature", "properties": { "ID": 750752800010, "正式名称": "調剤薬局ツルハドラッグ郡山日和田店", "機関区分": 5, "都道府県コード": 7, "市区町村コード": 203, "所在地": "福島県郡山市日和田町字財ノ木原１５－１", "緯度": 37.445174, "経度": 140.3840879, "url": "https://www.iryou.teikyouseido.mhlw.go.jp/znk-web/juminkanja/S2430/initialize?prefCd=07&kikanCd=0752800010&kikanKbn=5", "url2": "https://shop.tsuruha-g.com/0955", "内容": "調剤薬局ツルハドラッグ郡山日和田店【5:薬局】福島県郡山市日和田町字財ノ木原１５－１" }, "geometry": { "type": "Point", "coordinates": [ 140.3840879, 37.445174 ] } },
{ "type": "Feature", "properties": { "ID": 750752800011, "正式名称": "谷田川調剤薬局", "機関区分": 5, "都道府県コード": 7, "市区町村コード": 203, "所在地": "福島県郡山市田村町谷田川字表前７６－５", "緯度": 37.31307, "経度": 140.44008, "url": "https://www.iryou.teikyouseido.mhlw.go.jp/znk-web/juminkanja/S2430/initialize?prefCd=07&kikanCd=0752800011&kikanKbn=5", "url2": null, "内容": "谷田川調剤薬局【5:薬局】福島県郡山市田村町谷田川字表前７６－５" }, "geometry": { "type": "Point", "coordinates": [ 140.44008, 37.31307 ] } },
{ "type": "Feature", "properties": { "ID": 750752800012, "正式名称": "調剤薬局メディール", "機関区分": 5, "都道府県コード": 7, "市区町村コード": 203, "所在地": "福島県郡山市御前南一丁目４６番地", "緯度": 37.3830412, "経度": 140.3347772, "url": "https://www.iryou.teikyouseido.mhlw.go.jp/znk-web/juminkanja/S2430/initialize?prefCd=07&kikanCd=0752800012&kikanKbn=5", "url2": "https://medeal.co.jp/", "内容": "調剤薬局メディール【5:薬局】福島県郡山市御前南一丁目４６番地" }, "geometry": { "type": "Point", "coordinates": [ 140.3347772, 37.3830412 ] } },
{ "type": "Feature", "properties": { "ID": 750752800013, "正式名称": "調剤薬局ツルハドラッグ郡山荒井店", "機関区分": 5, "都道府県コード": 7, "市区町村コード": 203, "所在地": "福島県郡山市安積北井２丁目２９１番地", "緯度": 37.371781, "経度": 140.362359, "url": "https://www.iryou.teikyouseido.mhlw.go.jp/znk-web/juminkanja/S2430/initialize?prefCd=07&kikanCd=0752800013&kikanKbn=5", "url2": "https://shop.tsuruha-g.com/0866", "内容": "調剤薬局ツルハドラッグ郡山荒井店【5:薬局】福島県郡山市安積北井２丁目２９１番地" }, "geometry": { "type": "Point", "coordinates": [ 140.362359, 37.371781 ] } },
{ "type": "Feature", "properties": { "ID": 750752800014, "正式名称": "山口薬局台新店", "機関区分": 5, "都道府県コード": 7, "市区町村コード": 203, "所在地": "福島県郡山市台新一丁目３１－３１", "緯度": 37.3921199, "経度": 140.3424132, "url": "https://www.iryou.teikyouseido.mhlw.go.jp/znk-web/juminkanja/S2430/initialize?prefCd=07&kikanCd=0752800014&kikanKbn=5", "url2": "https://www.yamayaku.com/", "内容": "山口薬局台新店【5:薬局】福島県郡山市台新一丁目３１－３１" }, "geometry": { "type": "Point", "coordinates": [ 140.34241320000001, 37.3921199 ] } },
{ "type": "Feature", "properties": { "ID": 750752800015, "正式名称": "あさかのもり薬局", "機関区分": 5, "都道府県コード": 7, "市区町村コード": 203, "所在地": "福島県郡山市安積町成田字漆山５０", "緯度": 37.359355, "経度": 140.339864, "url": "https://www.iryou.teikyouseido.mhlw.go.jp/znk-web/juminkanja/S2430/initialize?prefCd=07&kikanCd=0752800015&kikanKbn=5", "url2": "https://www.yamayaku.com/", "内容": "あさかのもり薬局【5:薬局】福島県郡山市安積町成田字漆山５０" }, "geometry": { "type": "Point", "coordinates": [ 140.339864, 37.359355 ] } },
{ "type": "Feature", "properties": { "ID": 750752800016, "正式名称": "日本調剤　郡山センター薬局", "機関区分": 5, "都道府県コード": 7, "市区町村コード": 203, "所在地": "福島県郡山市向河原町４－４０　郡山駅東ショッピングセンター内", "緯度": 37.401763, "経度": 140.3944995, "url": "https://www.iryou.teikyouseido.mhlw.go.jp/znk-web/juminkanja/S2430/initialize?prefCd=07&kikanCd=0752800016&kikanKbn=5", "url2": "https://www.nicho.co.jp/tenpo/koriyamacenter/", "内容": "日本調剤　郡山センター薬局【5:薬局】福島県郡山市向河原町４－４０　郡山駅東ショッピングセンター内" }, "geometry": { "type": "Point", "coordinates": [ 140.3944995, 37.401763 ] } },
{ "type": "Feature", "properties": { "ID": 750752800017, "正式名称": "すず薬局富久山店", "機関区分": 5, "都道府県コード": 7, "市区町村コード": 203, "所在地": "福島県郡山市富久山町久保田字金堀田４４－１", "緯度": 37.410865, "経度": 140.385402, "url": "https://www.iryou.teikyouseido.mhlw.go.jp/znk-web/juminkanja/S2430/initialize?prefCd=07&kikanCd=0752800017&kikanKbn=5", "url2": "https://pharmacy-suzu.com/pharmacy/984/", "内容": "すず薬局富久山店【5:薬局】福島県郡山市富久山町久保田字金堀田４４－１" }, "geometry": { "type": "Point", "coordinates": [ 140.385402, 37.410865 ] } },
{ "type": "Feature", "properties": { "ID": 750752900001, "正式名称": "光栄薬局　川原田店", "機関区分": 5, "都道府県コード": 7, "市区町村コード": 204, "所在地": "福島県いわき市内郷綴町川原田１３０", "緯度": 37.037159, "経度": 140.859395, "url": "https://www.iryou.teikyouseido.mhlw.go.jp/znk-web/juminkanja/S2430/initialize?prefCd=07&kikanCd=0752900001&kikanKbn=5", "url2": "https://yuhido.com", "内容": "光栄薬局　川原田店【5:薬局】福島県いわき市内郷綴町川原田１３０" }, "geometry": { "type": "Point", "coordinates": [ 140.859395, 37.037159 ] } },
{ "type": "Feature", "properties": { "ID": 750752900002, "正式名称": "光栄薬局　上荒川店", "機関区分": 5, "都道府県コード": 7, "市区町村コード": 204, "所在地": "福島県いわき市平上荒川字長尾２８", "緯度": 37.03473, "経度": 140.890628, "url": "https://www.iryou.teikyouseido.mhlw.go.jp/znk-web/juminkanja/S2430/initialize?prefCd=07&kikanCd=0752900002&kikanKbn=5", "url2": "https://www.yuhido.com/", "内容": "光栄薬局　上荒川店【5:薬局】福島県いわき市平上荒川字長尾２８" }, "geometry": { "type": "Point", "coordinates": [ 140.890628, 37.03473 ] } },
{ "type": "Feature", "properties": { "ID": 750752900003, "正式名称": "光栄薬局　高坂店", "機関区分": 5, "都道府県コード": 7, "市区町村コード": 204, "所在地": "福島県いわき市内郷高坂町大町２６－７", "緯度": 37.045586, "経度": 140.862831, "url": "https://www.iryou.teikyouseido.mhlw.go.jp/znk-web/juminkanja/S2430/initialize?prefCd=07&kikanCd=0752900003&kikanKbn=5", "url2": null, "内容": "光栄薬局　高坂店【5:薬局】福島県いわき市内郷高坂町大町２６－７" }, "geometry": { "type": "Point", "coordinates": [ 140.862831, 37.045586 ] } },
{ "type": "Feature", "properties": { "ID": 750752900004, "正式名称": "クスリのアオキ好間薬局", "機関区分": 5, "都道府県コード": 7, "市区町村コード": 204, "所在地": "福島県いわき市好間町下好間字鬼越７４番地", "緯度": 37.058849, "経度": 140.870492, "url": "https://www.iryou.teikyouseido.mhlw.go.jp/znk-web/juminkanja/S2430/initialize?prefCd=07&kikanCd=0752900004&kikanKbn=5", "url2": "https://www.kusuri-aoki.co.jp/", "内容": "クスリのアオキ好間薬局【5:薬局】福島県いわき市好間町下好間字鬼越７４番地" }, "geometry": { "type": "Point", "coordinates": [ 140.870492, 37.058849 ] } },
{ "type": "Feature", "properties": { "ID": 750752900005, "正式名称": "クスリのアオキ平窪薬局", "機関区分": 5, "都道府県コード": 7, "市区町村コード": 204, "所在地": "福島県いわき市平下平窪字六角２９番地の１", "緯度": 37.0796, "経度": 140.880742, "url": "https://www.iryou.teikyouseido.mhlw.go.jp/znk-web/juminkanja/S2430/initialize?prefCd=07&kikanCd=0752900005&kikanKbn=5", "url2": "https://www.kusuri-aoki.co.jp/", "内容": "クスリのアオキ平窪薬局【5:薬局】福島県いわき市平下平窪字六角２９番地の１" }, "geometry": { "type": "Point", "coordinates": [ 140.880742, 37.0796 ] } },
{ "type": "Feature", "properties": { "ID": 750752900006, "正式名称": "いわき調剤薬局内郷店", "機関区分": 5, "都道府県コード": 7, "市区町村コード": 204, "所在地": "福島県いわき市内郷綴町金谷１１－６", "緯度": 37.036776, "経度": 140.86109, "url": "https://www.iryou.teikyouseido.mhlw.go.jp/znk-web/juminkanja/S2430/initialize?prefCd=07&kikanCd=0752900006&kikanKbn=5", "url2": "https://iwaki-chouzai.biz/", "内容": "いわき調剤薬局内郷店【5:薬局】福島県いわき市内郷綴町金谷１１－６" }, "geometry": { "type": "Point", "coordinates": [ 140.86109, 37.036776 ] } },
{ "type": "Feature", "properties": { "ID": 750752900007, "正式名称": "株式会社くすりのマルト調剤薬局アスカ", "機関区分": 5, "都道府県コード": 7, "市区町村コード": 204, "所在地": "福島県いわき市内郷宮町２５０－２", "緯度": 37.045866, "経度": 140.830027, "url": "https://www.iryou.teikyouseido.mhlw.go.jp/znk-web/juminkanja/S2430/initialize?prefCd=07&kikanCd=0752900007&kikanKbn=5", "url2": "https://drug-maruto.jp/", "内容": "株式会社くすりのマルト調剤薬局アスカ【5:薬局】福島県いわき市内郷宮町２５０－２" }, "geometry": { "type": "Point", "coordinates": [ 140.830027, 37.045866 ] } },
{ "type": "Feature", "properties": { "ID": 750752900008, "正式名称": "オレンジ薬局　錦店", "機関区分": 5, "都道府県コード": 7, "市区町村コード": 204, "所在地": "福島県いわき市錦町鈴鹿２４－１", "緯度": 36.914993, "経度": 140.770263, "url": "https://www.iryou.teikyouseido.mhlw.go.jp/znk-web/juminkanja/S2430/initialize?prefCd=07&kikanCd=0752900008&kikanKbn=5", "url2": "https://networktyouzai.com/", "内容": "オレンジ薬局　錦店【5:薬局】福島県いわき市錦町鈴鹿２４－１" }, "geometry": { "type": "Point", "coordinates": [ 140.770263, 36.914993 ] } },
{ "type": "Feature", "properties": { "ID": 750752900009, "正式名称": "まぼろし薬局", "機関区分": 5, "都道府県コード": 7, "市区町村コード": 204, "所在地": "福島県いわき市常磐西郷町岩崎１６－５", "緯度": 36.985786, "経度": 140.85951, "url": "https://www.iryou.teikyouseido.mhlw.go.jp/znk-web/juminkanja/S2430/initialize?prefCd=07&kikanCd=0752900009&kikanKbn=5", "url2": "https://networktyouzai.", "内容": "まぼろし薬局【5:薬局】福島県いわき市常磐西郷町岩崎１６－５" }, "geometry": { "type": "Point", "coordinates": [ 140.85951, 36.985786 ] } },
{ "type": "Feature", "properties": { "ID": 750752900010, "正式名称": "たいよう薬局", "機関区分": 5, "都道府県コード": 7, "市区町村コード": 204, "所在地": "福島県いわき市錦町竹ノ花６２－２", "緯度": 36.903705, "経度": 140.789003, "url": "https://www.iryou.teikyouseido.mhlw.go.jp/znk-web/juminkanja/S2430/initialize?prefCd=07&kikanCd=0752900010&kikanKbn=5", "url2": null, "内容": "たいよう薬局【5:薬局】福島県いわき市錦町竹ノ花６２－２" }, "geometry": { "type": "Point", "coordinates": [ 140.789003, 36.903705 ] } },
{ "type": "Feature", "properties": { "ID": 750752900011, "正式名称": "薬局タローファーマシー東本町店", "機関区分": 5, "都道府県コード": 7, "市区町村コード": 204, "所在地": "福島県いわき市四倉町字東二丁目９１", "緯度": 37.11023, "経度": 140.98953, "url": "https://www.iryou.teikyouseido.mhlw.go.jp/znk-web/juminkanja/S2430/initialize?prefCd=07&kikanCd=0752900011&kikanKbn=5", "url2": "https://taropha.com/", "内容": "薬局タローファーマシー東本町店【5:薬局】福島県いわき市四倉町字東二丁目９１" }, "geometry": { "type": "Point", "coordinates": [ 140.98953, 37.11023 ] } },
{ "type": "Feature", "properties": { "ID": 750752900012, "正式名称": "ゆめ薬局", "機関区分": 5, "都道府県コード": 7, "市区町村コード": 204, "所在地": "福島県いわき市四倉町字六丁目１６８番地", "緯度": 37.109989, "経度": 140.992993, "url": "https://www.iryou.teikyouseido.mhlw.go.jp/znk-web/juminkanja/S2430/initialize?prefCd=07&kikanCd=0752900012&kikanKbn=5", "url2": "https://www.yume-0412.com/", "内容": "ゆめ薬局【5:薬局】福島県いわき市四倉町字六丁目１６８番地" }, "geometry": { "type": "Point", "coordinates": [ 140.992993, 37.109989 ] } },
{ "type": "Feature", "properties": { "ID": 750752900013, "正式名称": "コスモス湯本調剤薬局", "機関区分": 5, "都道府県コード": 7, "市区町村コード": 204, "所在地": "福島県いわき市常磐湯本町台山５５番４", "緯度": 37.011018, "経度": 140.849333, "url": "https://www.iryou.teikyouseido.mhlw.go.jp/znk-web/juminkanja/S2430/initialize?prefCd=07&kikanCd=0752900013&kikanKbn=5", "url2": "https://www.yamayaku.com/", "内容": "コスモス湯本調剤薬局【5:薬局】福島県いわき市常磐湯本町台山５５番４" }, "geometry": { "type": "Point", "coordinates": [ 140.849333, 37.011018 ] } },
{ "type": "Feature", "properties": { "ID": 750752900014, "正式名称": "ウエルシア薬局ヨークタウンいわき泉玉露店", "機関区分": 5, "都道府県コード": 7, "市区町村コード": 204, "所在地": "福島県いわき市泉玉露二丁目１０番地の１ヨークタウン内", "緯度": 36.955463, "経度": 140.850226, "url": "https://www.iryou.teikyouseido.mhlw.go.jp/znk-web/juminkanja/S2430/initialize?prefCd=07&kikanCd=0752900014&kikanKbn=5", "url2": "https://www.welcia-yakkyoku.co.jp/", "内容": "ウエルシア薬局ヨークタウンいわき泉玉露店【5:薬局】福島県いわき市泉玉露二丁目１０番地の１ヨークタウン内" }, "geometry": { "type": "Point", "coordinates": [ 140.850226, 36.955463 ] } },
{ "type": "Feature", "properties": { "ID": 750752900015, "正式名称": "つつじ薬局", "機関区分": 5, "都道府県コード": 7, "市区町村コード": 204, "所在地": "福島県いわき市平字鎌田町４０", "緯度": 37.055857, "経度": 140.904051, "url": "https://www.iryou.teikyouseido.mhlw.go.jp/znk-web/juminkanja/S2430/initialize?prefCd=07&kikanCd=0752900015&kikanKbn=5", "url2": "https://www.allplan.co.jp/store/477/", "内容": "つつじ薬局【5:薬局】福島県いわき市平字鎌田町４０" }, "geometry": { "type": "Point", "coordinates": [ 140.904051, 37.055857 ] } },
{ "type": "Feature", "properties": { "ID": 750752900016, "正式名称": "髙木調剤薬局", "機関区分": 5, "都道府県コード": 7, "市区町村コード": 204, "所在地": "福島県いわき市小名浜字本町６２番地の２", "緯度": 36.949858, "経度": 140.904397, "url": "https://www.iryou.teikyouseido.mhlw.go.jp/znk-web/juminkanja/S2430/initialize?prefCd=07&kikanCd=0752900016&kikanKbn=5", "url2": "https://www.takagiph.com/", "内容": "髙木調剤薬局【5:薬局】福島県いわき市小名浜字本町６２番地の２" }, "geometry": { "type": "Point", "coordinates": [ 140.904397, 36.949858 ] } },
{ "type": "Feature", "properties": { "ID": 750752900017, "正式名称": "加藤薬局", "機関区分": 5, "都道府県コード": 7, "市区町村コード": 204, "所在地": "福島県いわき市植田町本町３－８－６", "緯度": 36.9157133, "経度": 140.8021314, "url": "https://www.iryou.teikyouseido.mhlw.go.jp/znk-web/juminkanja/S2430/initialize?prefCd=07&kikanCd=0752900017&kikanKbn=5", "url2": null, "内容": "加藤薬局【5:薬局】福島県いわき市植田町本町３－８－６" }, "geometry": { "type": "Point", "coordinates": [ 140.8021314, 36.9157133 ] } },
{ "type": "Feature", "properties": { "ID": 750752900018, "正式名称": "株式会社くすりのマルト調剤薬局　湯本店", "機関区分": 5, "都道府県コード": 7, "市区町村コード": 204, "所在地": "福島県いわき市常磐関船町１－１５－２３", "緯度": 36.999413, "経度": 140.857906, "url": "https://www.iryou.teikyouseido.mhlw.go.jp/znk-web/juminkanja/S2430/initialize?prefCd=07&kikanCd=0752900018&kikanKbn=5", "url2": "https://drug-maruto.jp/shopinfo/store_p_yumoto", "内容": "株式会社くすりのマルト調剤薬局　湯本店【5:薬局】福島県いわき市常磐関船町１－１５－２３" }, "geometry": { "type": "Point", "coordinates": [ 140.857906, 36.999413 ] } },
{ "type": "Feature", "properties": { "ID": 750752900019, "正式名称": "みんと薬局", "機関区分": 5, "都道府県コード": 7, "市区町村コード": 204, "所在地": "福島県いわき市小名浜字林ノ上１－５", "緯度": 36.948772, "経度": 140.885692, "url": "https://www.iryou.teikyouseido.mhlw.go.jp/znk-web/juminkanja/S2430/initialize?prefCd=07&kikanCd=0752900019&kikanKbn=5", "url2": "https://mintpharmacy.info", "内容": "みんと薬局【5:薬局】福島県いわき市小名浜字林ノ上１－５" }, "geometry": { "type": "Point", "coordinates": [ 140.885692, 36.948772 ] } },
{ "type": "Feature", "properties": { "ID": 750752900020, "正式名称": "ひわたし薬局", "機関区分": 5, "都道府県コード": 7, "市区町村コード": 204, "所在地": "福島県いわき市鹿島町米田字南内３９－２", "緯度": 36.994568, "経度": 140.90421, "url": "https://www.iryou.teikyouseido.mhlw.go.jp/znk-web/juminkanja/S2430/initialize?prefCd=07&kikanCd=0752900020&kikanKbn=5", "url2": "https://www.sea-pharma.com/home", "内容": "ひわたし薬局【5:薬局】福島県いわき市鹿島町米田字南内３９－２" }, "geometry": { "type": "Point", "coordinates": [ 140.90421, 36.994568 ] } },
{ "type": "Feature", "properties": { "ID": 75752800009, "正式名称": "山口薬局西ノ内店", "機関区分": 5, "都道府県コード": 7, "市区町村コード": 203, "所在地": "福島県郡山市西ノ内２丁目８－４", "緯度": 37.406915, "経度": 140.365201, "url": "https://www.iryou.teikyouseido.mhlw.go.jp/znk-web/juminkanja/S2430/initialize?prefCd=07&kikanCd=752800009&kikanKbn=5", "url2": "https://www.yamayaku.com/", "内容": "山口薬局西ノ内店【5:薬局】福島県郡山市西ノ内２丁目８－４" }, "geometry": { "type": "Point", "coordinates": [ 140.365201, 37.406915 ] } }
]
}
