{
  "type": "FeatureCollection",
  "features": [
    {
      "type": "Feature",
      "geometry": {
        "type": "Point",
        "coordinates": [
          140.3368568,
          37.0570805
        ]
      },
      "properties": {
        "内容": "バス停: 三森",
        "name": "三森",
        "operator": "事業者不明",
        "ref": "",
        "url": "",
        "url2": ""
      }
    },
    {
      "type": "Feature",
      "geometry": {
        "type": "Point",
        "coordinates": [
          139.9280671,
          37.4904405
        ]
      },
      "properties": {
        "内容": "バス停: 鶴ヶ城・合同庁舎前",
        "name": "鶴ヶ城・合同庁舎前",
        "operator": "事業者不明",
        "ref": "",
        "url": "",
        "url2": ""
      }
    },
    {
      "type": "Feature",
      "geometry": {
        "type": "Point",
        "coordinates": [
          140.0642472,
          37.6513209
        ]
      },
      "properties": {
        "内容": "バス停: 磐梯高原駅",
        "name": "磐梯高原駅",
        "operator": "事業者不明",
        "ref": "",
        "url": "",
        "url2": ""
      }
    },
    {
      "type": "Feature",
      "geometry": {
        "type": "Point",
        "coordinates": [
          140.0719061,
          37.6584094
        ]
      },
      "properties": {
        "内容": "バス停: 長峯舟付",
        "name": "長峯舟付",
        "operator": "事業者不明",
        "ref": "",
        "url": "",
        "url2": ""
      }
    },
    {
      "type": "Feature",
      "geometry": {
        "type": "Point",
        "coordinates": [
          140.0797058,
          37.6593814
        ]
      },
      "properties": {
        "内容": "バス停: 磐梯山噴火記念館前",
        "name": "磐梯山噴火記念館前",
        "operator": "事業者不明",
        "ref": "",
        "url": "",
        "url2": ""
      }
    },
    {
      "type": "Feature",
      "geometry": {
        "type": "Point",
        "coordinates": [
          140.0778826,
          37.6658535
        ]
      },
      "properties": {
        "内容": "バス停: 剣ヶ峰",
        "name": "剣ヶ峰",
        "operator": "事業者不明",
        "ref": "",
        "url": "",
        "url2": ""
      }
    },
    {
      "type": "Feature",
      "geometry": {
        "type": "Point",
        "coordinates": [
          140.0850923,
          37.6598879
        ]
      },
      "properties": {
        "内容": "バス停: 小野川湖入口",
        "name": "小野川湖入口",
        "operator": "事業者不明",
        "ref": "",
        "url": "",
        "url2": ""
      }
    },
    {
      "type": "Feature",
      "geometry": {
        "type": "Point",
        "coordinates": [
          140.093098,
          37.655142
        ]
      },
      "properties": {
        "内容": "バス停: 五色沼入口",
        "name": "五色沼入口",
        "operator": "事業者不明",
        "ref": "",
        "url": "",
        "url2": ""
      }
    },
    {
      "type": "Feature",
      "geometry": {
        "type": "Point",
        "coordinates": [
          140.1888223,
          37.1224682
        ]
      },
      "properties": {
        "内容": "バス停: 名称不明バス停",
        "name": "名称不明バス停",
        "operator": "事業者不明",
        "ref": "",
        "url": "",
        "url2": ""
      }
    },
    {
      "type": "Feature",
      "geometry": {
        "type": "Point",
        "coordinates": [
          140.8514804,
          36.9546502
        ]
      },
      "properties": {
        "内容": "バス停: 泉中入口",
        "name": "泉中入口",
        "operator": "事業者不明",
        "ref": "",
        "url": "",
        "url2": ""
      }
    },
    {
      "type": "Feature",
      "geometry": {
        "type": "Point",
        "coordinates": [
          140.8545811,
          36.9552098
        ]
      },
      "properties": {
        "内容": "バス停: 名称不明バス停",
        "name": "名称不明バス停",
        "operator": "事業者不明",
        "ref": "",
        "url": "",
        "url2": ""
      }
    },
    {
      "type": "Feature",
      "geometry": {
        "type": "Point",
        "coordinates": [
          140.8616416,
          36.9544727
        ]
      },
      "properties": {
        "内容": "バス停: 泉ショッピングセンター",
        "name": "泉ショッピングセンター",
        "operator": "事業者不明",
        "ref": "",
        "url": "",
        "url2": ""
      }
    },
    {
      "type": "Feature",
      "geometry": {
        "type": "Point",
        "coordinates": [
          140.8617879,
          36.9545347
        ]
      },
      "properties": {
        "内容": "バス停: 泉ショッピングセンター",
        "name": "泉ショッピングセンター",
        "operator": "事業者不明",
        "ref": "",
        "url": "",
        "url2": ""
      }
    },
    {
      "type": "Feature",
      "geometry": {
        "type": "Point",
        "coordinates": [
          140.8673115,
          36.9540266
        ]
      },
      "properties": {
        "内容": "バス停: 滝尻交差点",
        "name": "滝尻交差点",
        "operator": "事業者不明",
        "ref": "",
        "url": "",
        "url2": ""
      }
    },
    {
      "type": "Feature",
      "geometry": {
        "type": "Point",
        "coordinates": [
          140.868945,
          36.9538894
        ]
      },
      "properties": {
        "内容": "バス停: 滝尻",
        "name": "滝尻",
        "operator": "事業者不明",
        "ref": "",
        "url": "",
        "url2": ""
      }
    },
    {
      "type": "Feature",
      "geometry": {
        "type": "Point",
        "coordinates": [
          140.870211,
          36.9535508
        ]
      },
      "properties": {
        "内容": "バス停: 滝尻",
        "name": "滝尻",
        "operator": "事業者不明",
        "ref": "",
        "url": "",
        "url2": ""
      }
    },
    {
      "type": "Feature",
      "geometry": {
        "type": "Point",
        "coordinates": [
          140.8787565,
          36.9509679
        ]
      },
      "properties": {
        "内容": "バス停: 吉川橋",
        "name": "吉川橋",
        "operator": "事業者不明",
        "ref": "",
        "url": "",
        "url2": ""
      }
    },
    {
      "type": "Feature",
      "geometry": {
        "type": "Point",
        "coordinates": [
          140.8988325,
          36.9505106
        ]
      },
      "properties": {
        "内容": "バス停: 大東銀行",
        "name": "大東銀行",
        "operator": "事業者不明",
        "ref": "",
        "url": "",
        "url2": ""
      }
    },
    {
      "type": "Feature",
      "geometry": {
        "type": "Point",
        "coordinates": [
          140.8986806,
          36.9504248
        ]
      },
      "properties": {
        "内容": "バス停: 大東銀行",
        "name": "大東銀行",
        "operator": "事業者不明",
        "ref": "",
        "url": "",
        "url2": ""
      }
    },
    {
      "type": "Feature",
      "geometry": {
        "type": "Point",
        "coordinates": [
          140.9087624,
          36.9494589
        ]
      },
      "properties": {
        "内容": "バス停: 小名川橋",
        "name": "小名川橋",
        "operator": "事業者不明",
        "ref": "",
        "url": "",
        "url2": ""
      }
    },
    {
      "type": "Feature",
      "geometry": {
        "type": "Point",
        "coordinates": [
          140.402153,
          37.408546
        ]
      },
      "properties": {
        "内容": "バス停: 郷花",
        "name": "郷花",
        "operator": "事業者不明",
        "ref": "",
        "url": "",
        "url2": ""
      }
    },
    {
      "type": "Feature",
      "geometry": {
        "type": "Point",
        "coordinates": [
          140.8930329,
          37.0577907
        ]
      },
      "properties": {
        "内容": "バス停: いわき駅前",
        "name": "いわき駅前",
        "operator": "事業者不明",
        "ref": "",
        "url": "",
        "url2": ""
      }
    },
    {
      "type": "Feature",
      "geometry": {
        "type": "Point",
        "coordinates": [
          140.8927352,
          37.0577415
        ]
      },
      "properties": {
        "内容": "バス停: いわき駅前",
        "name": "いわき駅前",
        "operator": "事業者不明",
        "ref": "2",
        "url": "",
        "url2": ""
      }
    },
    {
      "type": "Feature",
      "geometry": {
        "type": "Point",
        "coordinates": [
          140.8926869,
          37.0578979
        ]
      },
      "properties": {
        "内容": "バス停: いわき駅前",
        "name": "いわき駅前",
        "operator": "事業者不明",
        "ref": "7",
        "url": "",
        "url2": ""
      }
    },
    {
      "type": "Feature",
      "geometry": {
        "type": "Point",
        "coordinates": [
          140.8925653,
          37.0577574
        ]
      },
      "properties": {
        "内容": "バス停: いわき駅前 (新常磐交通)",
        "name": "いわき駅前",
        "operator": "新常磐交通",
        "ref": "1",
        "url": "",
        "url2": ""
      }
    },
    {
      "type": "Feature",
      "geometry": {
        "type": "Point",
        "coordinates": [
          140.8932984,
          37.0578143
        ]
      },
      "properties": {
        "内容": "バス停: いわき駅前",
        "name": "いわき駅前",
        "operator": "事業者不明",
        "ref": "4",
        "url": "",
        "url2": ""
      }
    },
    {
      "type": "Feature",
      "geometry": {
        "type": "Point",
        "coordinates": [
          140.8931026,
          37.0579343
        ]
      },
      "properties": {
        "内容": "バス停: いわき駅前",
        "name": "いわき駅前",
        "operator": "事業者不明",
        "ref": "5",
        "url": "",
        "url2": ""
      }
    },
    {
      "type": "Feature",
      "geometry": {
        "type": "Point",
        "coordinates": [
          140.8930463,
          37.0576538
        ]
      },
      "properties": {
        "内容": "バス停: いわき駅前",
        "name": "いわき駅前",
        "operator": "事業者不明",
        "ref": "3",
        "url": "",
        "url2": ""
      }
    },
    {
      "type": "Feature",
      "geometry": {
        "type": "Point",
        "coordinates": [
          140.8929031,
          37.0579179
        ]
      },
      "properties": {
        "内容": "バス停: いわき駅前",
        "name": "いわき駅前",
        "operator": "事業者不明",
        "ref": "6",
        "url": "",
        "url2": ""
      }
    },
    {
      "type": "Feature",
      "geometry": {
        "type": "Point",
        "coordinates": [
          140.8905094,
          37.0572342
        ]
      },
      "properties": {
        "内容": "バス停: 田町",
        "name": "田町",
        "operator": "事業者不明",
        "ref": "",
        "url": "",
        "url2": ""
      }
    },
    {
      "type": "Feature",
      "geometry": {
        "type": "Point",
        "coordinates": [
          140.890745,
          37.0556397
        ]
      },
      "properties": {
        "内容": "バス停: 平二町目",
        "name": "平二町目",
        "operator": "事業者不明",
        "ref": "",
        "url": "",
        "url2": ""
      }
    },
    {
      "type": "Feature",
      "geometry": {
        "type": "Point",
        "coordinates": [
          140.8925116,
          37.0554926
        ]
      },
      "properties": {
        "内容": "バス停: 平三町目 (新常磐交通)",
        "name": "平三町目",
        "operator": "新常磐交通",
        "ref": "",
        "url": "",
        "url2": ""
      }
    },
    {
      "type": "Feature",
      "geometry": {
        "type": "Point",
        "coordinates": [
          140.8893947,
          37.0575651
        ]
      },
      "properties": {
        "内容": "バス停: 田町",
        "name": "田町",
        "operator": "事業者不明",
        "ref": "",
        "url": "",
        "url2": ""
      }
    },
    {
      "type": "Feature",
      "geometry": {
        "type": "Point",
        "coordinates": [
          140.9196661,
          37.8756195
        ]
      },
      "properties": {
        "内容": "バス停: 新地 (JR)",
        "name": "新地",
        "operator": "JR",
        "ref": "",
        "url": "",
        "url2": ""
      }
    },
    {
      "type": "Feature",
      "geometry": {
        "type": "Point",
        "coordinates": [
          139.9365165,
          37.5215196
        ]
      },
      "properties": {
        "内容": "バス停: 会津大学前",
        "name": "会津大学前",
        "operator": "事業者不明",
        "ref": "",
        "url": "",
        "url2": ""
      }
    },
    {
      "type": "Feature",
      "geometry": {
        "type": "Point",
        "coordinates": [
          139.9372546,
          37.5216046
        ]
      },
      "properties": {
        "内容": "バス停: 臨時",
        "name": "臨時",
        "operator": "事業者不明",
        "ref": "",
        "url": "",
        "url2": ""
      }
    },
    {
      "type": "Feature",
      "geometry": {
        "type": "Point",
        "coordinates": [
          139.9352298,
          37.5216195
        ]
      },
      "properties": {
        "内容": "バス停: 養護学校入口",
        "name": "養護学校入口",
        "operator": "事業者不明",
        "ref": "",
        "url": "",
        "url2": ""
      }
    },
    {
      "type": "Feature",
      "geometry": {
        "type": "Point",
        "coordinates": [
          139.9353877,
          37.5217028
        ]
      },
      "properties": {
        "内容": "バス停: 養護学校入口",
        "name": "養護学校入口",
        "operator": "事業者不明",
        "ref": "",
        "url": "",
        "url2": ""
      }
    },
    {
      "type": "Feature",
      "geometry": {
        "type": "Point",
        "coordinates": [
          139.9318318,
          37.5076203
        ]
      },
      "properties": {
        "内容": "バス停: 会津バスターミナル (会津乗合自動車株式会社)",
        "name": "会津バスターミナル",
        "operator": "会津乗合自動車株式会社",
        "ref": "",
        "url": "",
        "url2": ""
      }
    },
    {
      "type": "Feature",
      "geometry": {
        "type": "Point",
        "coordinates": [
          140.8926042,
          37.0549439
        ]
      },
      "properties": {
        "内容": "バス停: 平南町",
        "name": "平南町",
        "operator": "事業者不明",
        "ref": "",
        "url": "",
        "url2": ""
      }
    },
    {
      "type": "Feature",
      "geometry": {
        "type": "Point",
        "coordinates": [
          140.8894097,
          37.0555091
        ]
      },
      "properties": {
        "内容": "バス停: 平一町目",
        "name": "平一町目",
        "operator": "事業者不明",
        "ref": "",
        "url": "",
        "url2": ""
      }
    },
    {
      "type": "Feature",
      "geometry": {
        "type": "Point",
        "coordinates": [
          139.9553756,
          37.4834153
        ]
      },
      "properties": {
        "内容": "バス停: 名称不明バス停",
        "name": "名称不明バス停",
        "operator": "事業者不明",
        "ref": "",
        "url": "",
        "url2": ""
      }
    },
    {
      "type": "Feature",
      "geometry": {
        "type": "Point",
        "coordinates": [
          139.9530162,
          37.4850955
        ]
      },
      "properties": {
        "内容": "バス停: 名称不明バス停",
        "name": "名称不明バス停",
        "operator": "事業者不明",
        "ref": "",
        "url": "",
        "url2": ""
      }
    },
    {
      "type": "Feature",
      "geometry": {
        "type": "Point",
        "coordinates": [
          139.9380128,
          37.4893752
        ]
      },
      "properties": {
        "内容": "バス停: 小田垣局前",
        "name": "小田垣局前",
        "operator": "事業者不明",
        "ref": "",
        "url": "",
        "url2": ""
      }
    },
    {
      "type": "Feature",
      "geometry": {
        "type": "Point",
        "coordinates": [
          139.9391785,
          37.4873504
        ]
      },
      "properties": {
        "内容": "バス停: 会津風雅堂前",
        "name": "会津風雅堂前",
        "operator": "事業者不明",
        "ref": "",
        "url": "",
        "url2": ""
      }
    },
    {
      "type": "Feature",
      "geometry": {
        "type": "Point",
        "coordinates": [
          139.9385413,
          37.4869379
        ]
      },
      "properties": {
        "内容": "バス停: 会津風雅堂前",
        "name": "会津風雅堂前",
        "operator": "事業者不明",
        "ref": "",
        "url": "",
        "url2": ""
      }
    },
    {
      "type": "Feature",
      "geometry": {
        "type": "Point",
        "coordinates": [
          139.9357594,
          37.4843653
        ]
      },
      "properties": {
        "内容": "バス停: 文化センター入り口停留所",
        "name": "文化センター入り口停留所",
        "operator": "事業者不明",
        "ref": "",
        "url": "",
        "url2": ""
      }
    },
    {
      "type": "Feature",
      "geometry": {
        "type": "Point",
        "coordinates": [
          139.9371886,
          37.4818573
        ]
      },
      "properties": {
        "内容": "バス停: 建福寺前",
        "name": "建福寺前",
        "operator": "事業者不明",
        "ref": "",
        "url": "",
        "url2": ""
      }
    },
    {
      "type": "Feature",
      "geometry": {
        "type": "Point",
        "coordinates": [
          139.9350723,
          37.4789097
        ]
      },
      "properties": {
        "内容": "バス停: 青木",
        "name": "青木",
        "operator": "事業者不明",
        "ref": "",
        "url": "",
        "url2": ""
      }
    },
    {
      "type": "Feature",
      "geometry": {
        "type": "Point",
        "coordinates": [
          139.9369154,
          37.4819691
        ]
      },
      "properties": {
        "内容": "バス停: 建福寺前",
        "name": "建福寺前",
        "operator": "事業者不明",
        "ref": "",
        "url": "",
        "url2": ""
      }
    },
    {
      "type": "Feature",
      "geometry": {
        "type": "Point",
        "coordinates": [
          139.9260609,
          37.4784663
        ]
      },
      "properties": {
        "内容": "バス停: 年貢町東",
        "name": "年貢町東",
        "operator": "事業者不明",
        "ref": "",
        "url": "",
        "url2": ""
      }
    },
    {
      "type": "Feature",
      "geometry": {
        "type": "Point",
        "coordinates": [
          139.9310891,
          37.4778703
        ]
      },
      "properties": {
        "内容": "バス停: 城南消防署前",
        "name": "城南消防署前",
        "operator": "事業者不明",
        "ref": "",
        "url": "",
        "url2": ""
      }
    },
    {
      "type": "Feature",
      "geometry": {
        "type": "Point",
        "coordinates": [
          139.9297506,
          37.4778856
        ]
      },
      "properties": {
        "内容": "バス停: 城南消防署前",
        "name": "城南消防署前",
        "operator": "事業者不明",
        "ref": "",
        "url": "",
        "url2": ""
      }
    },
    {
      "type": "Feature",
      "geometry": {
        "type": "Point",
        "coordinates": [
          139.926123,
          37.4783705
        ]
      },
      "properties": {
        "内容": "バス停: 年貢町東",
        "name": "年貢町東",
        "operator": "事業者不明",
        "ref": "",
        "url": "",
        "url2": ""
      }
    },
    {
      "type": "Feature",
      "geometry": {
        "type": "Point",
        "coordinates": [
          139.9261256,
          37.4783649
        ]
      },
      "properties": {
        "内容": "バス停: 年貢町東",
        "name": "年貢町東",
        "operator": "事業者不明",
        "ref": "",
        "url": "",
        "url2": ""
      }
    },
    {
      "type": "Feature",
      "geometry": {
        "type": "Point",
        "coordinates": [
          139.9207662,
          37.4791027
        ]
      },
      "properties": {
        "内容": "バス停: 年貢団地入り口",
        "name": "年貢団地入り口",
        "operator": "事業者不明",
        "ref": "",
        "url": "",
        "url2": ""
      }
    },
    {
      "type": "Feature",
      "geometry": {
        "type": "Point",
        "coordinates": [
          139.9181364,
          37.4792979
        ]
      },
      "properties": {
        "内容": "バス停: 対馬館団地入り口",
        "name": "対馬館団地入り口",
        "operator": "事業者不明",
        "ref": "",
        "url": "",
        "url2": ""
      }
    },
    {
      "type": "Feature",
      "geometry": {
        "type": "Point",
        "coordinates": [
          139.9209766,
          37.4791921
        ]
      },
      "properties": {
        "内容": "バス停: 年貢団地入り口",
        "name": "年貢団地入り口",
        "operator": "事業者不明",
        "ref": "",
        "url": "",
        "url2": ""
      }
    },
    {
      "type": "Feature",
      "geometry": {
        "type": "Point",
        "coordinates": [
          139.928868,
          37.4987068
        ]
      },
      "properties": {
        "内容": "バス停: 郵便局前 (ピカリン号)",
        "name": "郵便局前",
        "operator": "ピカリン号",
        "ref": "",
        "url": "",
        "url2": ""
      }
    },
    {
      "type": "Feature",
      "geometry": {
        "type": "Point",
        "coordinates": [
          139.9291971,
          37.4994014
        ]
      },
      "properties": {
        "内容": "バス停: 会津バス停郵便局前",
        "name": "会津バス停郵便局前",
        "operator": "事業者不明",
        "ref": "",
        "url": "",
        "url2": ""
      }
    },
    {
      "type": "Feature",
      "geometry": {
        "type": "Point",
        "coordinates": [
          139.9506826,
          37.4875383
        ]
      },
      "properties": {
        "内容": "バス停: 奴郎ヶ前",
        "name": "奴郎ヶ前",
        "operator": "事業者不明",
        "ref": "",
        "url": "",
        "url2": ""
      }
    },
    {
      "type": "Feature",
      "geometry": {
        "type": "Point",
        "coordinates": [
          139.9603992,
          37.4787771
        ]
      },
      "properties": {
        "内容": "バス停: 東山温泉駅",
        "name": "東山温泉駅",
        "operator": "事業者不明",
        "ref": "",
        "url": "",
        "url2": ""
      }
    },
    {
      "type": "Feature",
      "geometry": {
        "type": "Point",
        "coordinates": [
          139.9579813,
          37.4816962
        ]
      },
      "properties": {
        "内容": "バス停: 東山温泉入口",
        "name": "東山温泉入口",
        "operator": "事業者不明",
        "ref": "",
        "url": "",
        "url2": ""
      }
    },
    {
      "type": "Feature",
      "geometry": {
        "type": "Point",
        "coordinates": [
          139.9477972,
          37.4902279
        ]
      },
      "properties": {
        "内容": "バス停: 慶山入口",
        "name": "慶山入口",
        "operator": "事業者不明",
        "ref": "",
        "url": "",
        "url2": ""
      }
    },
    {
      "type": "Feature",
      "geometry": {
        "type": "Point",
        "coordinates": [
          139.9253274,
          37.4956553
        ]
      },
      "properties": {
        "内容": "バス停: 栄町中三丁目",
        "name": "栄町中三丁目",
        "operator": "事業者不明",
        "ref": "",
        "url": "",
        "url2": ""
      }
    },
    {
      "type": "Feature",
      "geometry": {
        "type": "Point",
        "coordinates": [
          139.9242737,
          37.4956657
        ]
      },
      "properties": {
        "内容": "バス停: 栄町中三丁目",
        "name": "栄町中三丁目",
        "operator": "事業者不明",
        "ref": "",
        "url": "",
        "url2": ""
      }
    },
    {
      "type": "Feature",
      "geometry": {
        "type": "Point",
        "coordinates": [
          139.9197233,
          37.4939662
        ]
      },
      "properties": {
        "内容": "バス停: コープほんまち店",
        "name": "コープほんまち店",
        "operator": "事業者不明",
        "ref": "",
        "url": "",
        "url2": ""
      }
    },
    {
      "type": "Feature",
      "geometry": {
        "type": "Point",
        "coordinates": [
          139.9187293,
          37.4925108
        ]
      },
      "properties": {
        "内容": "バス停: ポケットパーク前",
        "name": "ポケットパーク前",
        "operator": "事業者不明",
        "ref": "",
        "url": "",
        "url2": ""
      }
    },
    {
      "type": "Feature",
      "geometry": {
        "type": "Point",
        "coordinates": [
          139.9385292,
          37.4892428
        ]
      },
      "properties": {
        "内容": "バス停: 小田垣局前",
        "name": "小田垣局前",
        "operator": "事業者不明",
        "ref": "",
        "url": "",
        "url2": ""
      }
    },
    {
      "type": "Feature",
      "geometry": {
        "type": "Point",
        "coordinates": [
          139.9400577,
          37.4919838
        ]
      },
      "properties": {
        "内容": "バス停: 徒の町",
        "name": "徒の町",
        "operator": "事業者不明",
        "ref": "",
        "url": "",
        "url2": ""
      }
    },
    {
      "type": "Feature",
      "geometry": {
        "type": "Point",
        "coordinates": [
          139.9424513,
          37.4952245
        ]
      },
      "properties": {
        "内容": "バス停: 千石中央",
        "name": "千石中央",
        "operator": "事業者不明",
        "ref": "",
        "url": "",
        "url2": ""
      }
    },
    {
      "type": "Feature",
      "geometry": {
        "type": "Point",
        "coordinates": [
          139.9397969,
          37.5032926
        ]
      },
      "properties": {
        "内容": "バス停: 蚕養町",
        "name": "蚕養町",
        "operator": "事業者不明",
        "ref": "",
        "url": "",
        "url2": ""
      }
    },
    {
      "type": "Feature",
      "geometry": {
        "type": "Point",
        "coordinates": [
          139.9227112,
          37.4938064
        ]
      },
      "properties": {
        "内容": "バス停: 桂林寺町",
        "name": "桂林寺町",
        "operator": "事業者不明",
        "ref": "",
        "url": "",
        "url2": ""
      }
    },
    {
      "type": "Feature",
      "geometry": {
        "type": "Point",
        "coordinates": [
          139.9225321,
          37.4938157
        ]
      },
      "properties": {
        "内容": "バス停: 桂林寺町",
        "name": "桂林寺町",
        "operator": "事業者不明",
        "ref": "",
        "url": "",
        "url2": ""
      }
    },
    {
      "type": "Feature",
      "geometry": {
        "type": "Point",
        "coordinates": [
          139.955628,
          37.483081
        ]
      },
      "properties": {
        "内容": "バス停: 名称不明バス停",
        "name": "名称不明バス停",
        "operator": "事業者不明",
        "ref": "",
        "url": "",
        "url2": ""
      }
    },
    {
      "type": "Feature",
      "geometry": {
        "type": "Point",
        "coordinates": [
          139.9079489,
          37.5525171
        ]
      },
      "properties": {
        "内容": "バス停: 名称不明バス停",
        "name": "名称不明バス停",
        "operator": "事業者不明",
        "ref": "",
        "url": "",
        "url2": ""
      }
    },
    {
      "type": "Feature",
      "geometry": {
        "type": "Point",
        "coordinates": [
          140.3135618,
          37.0516857
        ]
      },
      "properties": {
        "内容": "バス停: 梁森 (JRバス関東)",
        "name": "梁森",
        "operator": "JRバス関東",
        "ref": "",
        "url": "",
        "url2": ""
      }
    },
    {
      "type": "Feature",
      "geometry": {
        "type": "Point",
        "coordinates": [
          140.2719794,
          37.0758369
        ]
      },
      "properties": {
        "内容": "バス停: 谷中",
        "name": "谷中",
        "operator": "事業者不明",
        "ref": "",
        "url": "",
        "url2": ""
      }
    },
    {
      "type": "Feature",
      "geometry": {
        "type": "Point",
        "coordinates": [
          140.2543405,
          37.0925514
        ]
      },
      "properties": {
        "内容": "バス停: 関辺 (JRバス関東)",
        "name": "関辺",
        "operator": "JRバス関東",
        "ref": "",
        "url": "",
        "url2": ""
      }
    },
    {
      "type": "Feature",
      "geometry": {
        "type": "Point",
        "coordinates": [
          139.9692551,
          37.5648506
        ]
      },
      "properties": {
        "内容": "バス停: 名称不明バス停",
        "name": "名称不明バス停",
        "operator": "事業者不明",
        "ref": "",
        "url": "",
        "url2": ""
      }
    },
    {
      "type": "Feature",
      "geometry": {
        "type": "Point",
        "coordinates": [
          139.9522495,
          37.5047524
        ]
      },
      "properties": {
        "内容": "バス停: 飯盛山",
        "name": "飯盛山",
        "operator": "事業者不明",
        "ref": "",
        "url": "",
        "url2": ""
      }
    },
    {
      "type": "Feature",
      "geometry": {
        "type": "Point",
        "coordinates": [
          139.9521253,
          37.5048256
        ]
      },
      "properties": {
        "内容": "バス停: 飯盛山",
        "name": "飯盛山",
        "operator": "事業者不明",
        "ref": "",
        "url": "",
        "url2": ""
      }
    },
    {
      "type": "Feature",
      "geometry": {
        "type": "Point",
        "coordinates": [
          139.9513466,
          37.5042599
        ]
      },
      "properties": {
        "内容": "バス停: 飯森山下",
        "name": "飯森山下",
        "operator": "事業者不明",
        "ref": "",
        "url": "",
        "url2": ""
      }
    },
    {
      "type": "Feature",
      "geometry": {
        "type": "Point",
        "coordinates": [
          139.9517162,
          37.5041584
        ]
      },
      "properties": {
        "内容": "バス停: 飯盛山下",
        "name": "飯盛山下",
        "operator": "事業者不明",
        "ref": "",
        "url": "",
        "url2": ""
      }
    },
    {
      "type": "Feature",
      "geometry": {
        "type": "Point",
        "coordinates": [
          139.9498745,
          37.4977449
        ]
      },
      "properties": {
        "内容": "バス停: 和田",
        "name": "和田",
        "operator": "事業者不明",
        "ref": "",
        "url": "",
        "url2": ""
      }
    },
    {
      "type": "Feature",
      "geometry": {
        "type": "Point",
        "coordinates": [
          139.9500666,
          37.498115
        ]
      },
      "properties": {
        "内容": "バス停: 和田",
        "name": "和田",
        "operator": "事業者不明",
        "ref": "",
        "url": "",
        "url2": ""
      }
    },
    {
      "type": "Feature",
      "geometry": {
        "type": "Point",
        "coordinates": [
          139.9507743,
          37.5005255
        ]
      },
      "properties": {
        "内容": "バス停: 飯盛山団地",
        "name": "飯盛山団地",
        "operator": "事業者不明",
        "ref": "",
        "url": "",
        "url2": ""
      }
    },
    {
      "type": "Feature",
      "geometry": {
        "type": "Point",
        "coordinates": [
          139.9507799,
          37.5010411
        ]
      },
      "properties": {
        "内容": "バス停: 飯盛山団地",
        "name": "飯盛山団地",
        "operator": "事業者不明",
        "ref": "",
        "url": "",
        "url2": ""
      }
    },
    {
      "type": "Feature",
      "geometry": {
        "type": "Point",
        "coordinates": [
          139.9283037,
          37.4972179
        ]
      },
      "properties": {
        "内容": "バス停: 神明通り (会津バス)",
        "name": "神明通り",
        "operator": "会津バス",
        "ref": "",
        "url": "",
        "url2": ""
      }
    },
    {
      "type": "Feature",
      "geometry": {
        "type": "Point",
        "coordinates": [
          140.3484016,
          37.2569171
        ]
      },
      "properties": {
        "内容": "バス停: 名称不明バス停",
        "name": "名称不明バス停",
        "operator": "事業者不明",
        "ref": "",
        "url": "",
        "url2": ""
      }
    },
    {
      "type": "Feature",
      "geometry": {
        "type": "Point",
        "coordinates": [
          140.3490783,
          37.2578229
        ]
      },
      "properties": {
        "内容": "バス停: 名称不明バス停",
        "name": "名称不明バス停",
        "operator": "事業者不明",
        "ref": "",
        "url": "",
        "url2": ""
      }
    },
    {
      "type": "Feature",
      "geometry": {
        "type": "Point",
        "coordinates": [
          140.9698417,
          37.6376928
        ]
      },
      "properties": {
        "内容": "バス停: 南相馬高速バスターミナル (東北アクセス)",
        "name": "南相馬高速バスターミナル",
        "operator": "東北アクセス",
        "ref": "",
        "url": "",
        "url2": ""
      }
    },
    {
      "type": "Feature",
      "geometry": {
        "type": "Point",
        "coordinates": [
          140.0716241,
          37.6577263
        ]
      },
      "properties": {
        "内容": "バス停: 名称不明バス停",
        "name": "名称不明バス停",
        "operator": "事業者不明",
        "ref": "",
        "url": "",
        "url2": ""
      }
    },
    {
      "type": "Feature",
      "geometry": {
        "type": "Point",
        "coordinates": [
          140.083398,
          37.6598956
        ]
      },
      "properties": {
        "内容": "バス停: 小野川湖入口",
        "name": "小野川湖入口",
        "operator": "事業者不明",
        "ref": "",
        "url": "",
        "url2": ""
      }
    },
    {
      "type": "Feature",
      "geometry": {
        "type": "Point",
        "coordinates": [
          139.9312815,
          37.4902038
        ]
      },
      "properties": {
        "内容": "バス停: 鶴ヶ城入口",
        "name": "鶴ヶ城入口",
        "operator": "事業者不明",
        "ref": "",
        "url": "",
        "url2": ""
      }
    },
    {
      "type": "Feature",
      "geometry": {
        "type": "Point",
        "coordinates": [
          140.1036097,
          37.5361778
        ]
      },
      "properties": {
        "内容": "バス停: 名称不明バス停",
        "name": "名称不明バス停",
        "operator": "事業者不明",
        "ref": "",
        "url": "",
        "url2": ""
      }
    },
    {
      "type": "Feature",
      "geometry": {
        "type": "Point",
        "coordinates": [
          140.0463796,
          37.5227006
        ]
      },
      "properties": {
        "内容": "バス停: 長浜 (磐梯東都バス)",
        "name": "長浜",
        "operator": "磐梯東都バス",
        "ref": "",
        "url": "",
        "url2": ""
      }
    },
    {
      "type": "Feature",
      "geometry": {
        "type": "Point",
        "coordinates": [
          140.45497,
          37.799583
        ]
      },
      "properties": {
        "内容": "バス停: 名称不明バス停",
        "name": "名称不明バス停",
        "operator": "事業者不明",
        "ref": "",
        "url": "",
        "url2": ""
      }
    },
    {
      "type": "Feature",
      "geometry": {
        "type": "Point",
        "coordinates": [
          139.4365955,
          37.3941924
        ]
      },
      "properties": {
        "内容": "バス停: 上横田",
        "name": "上横田",
        "operator": "事業者不明",
        "ref": "",
        "url": "",
        "url2": ""
      }
    },
    {
      "type": "Feature",
      "geometry": {
        "type": "Point",
        "coordinates": [
          139.4367174,
          37.3942215
        ]
      },
      "properties": {
        "内容": "バス停: 会津横田駅(代行バス)",
        "name": "会津横田駅(代行バス)",
        "operator": "事業者不明",
        "ref": "",
        "url": "",
        "url2": ""
      }
    },
    {
      "type": "Feature",
      "geometry": {
        "type": "Point",
        "coordinates": [
          139.4684087,
          37.3991599
        ]
      },
      "properties": {
        "内容": "バス停: 会津越川駅(代行バス)",
        "name": "会津越川駅(代行バス)",
        "operator": "事業者不明",
        "ref": "",
        "url": "",
        "url2": ""
      }
    },
    {
      "type": "Feature",
      "geometry": {
        "type": "Point",
        "coordinates": [
          139.8614122,
          37.3320738
        ]
      },
      "properties": {
        "内容": "バス停: 大内宿下",
        "name": "大内宿下",
        "operator": "事業者不明",
        "ref": "",
        "url": "",
        "url2": ""
      }
    },
    {
      "type": "Feature",
      "geometry": {
        "type": "Point",
        "coordinates": [
          139.8614218,
          37.3320852
        ]
      },
      "properties": {
        "内容": "バス停: 大内宿入り口 (猿游号)",
        "name": "大内宿入り口",
        "operator": "猿游号",
        "ref": "",
        "url": "",
        "url2": ""
      }
    },
    {
      "type": "Feature",
      "geometry": {
        "type": "Point",
        "coordinates": [
          140.3544022,
          37.3995308
        ]
      },
      "properties": {
        "内容": "バス停: バス亭 郡山女子大学",
        "name": "バス亭 郡山女子大学",
        "operator": "事業者不明",
        "ref": "",
        "url": "",
        "url2": ""
      }
    },
    {
      "type": "Feature",
      "geometry": {
        "type": "Point",
        "coordinates": [
          140.3534473,
          37.406907
        ]
      },
      "properties": {
        "内容": "バス停: 桑野三丁目",
        "name": "桑野三丁目",
        "operator": "事業者不明",
        "ref": "",
        "url": "",
        "url2": ""
      }
    },
    {
      "type": "Feature",
      "geometry": {
        "type": "Point",
        "coordinates": [
          140.3064379,
          37.054837
        ]
      },
      "properties": {
        "内容": "バス停: 表郷庁舎前",
        "name": "表郷庁舎前",
        "operator": "事業者不明",
        "ref": "",
        "url": "",
        "url2": ""
      }
    },
    {
      "type": "Feature",
      "geometry": {
        "type": "Point",
        "coordinates": [
          140.2973177,
          37.056049
        ]
      },
      "properties": {
        "内容": "バス停: 磐城金山",
        "name": "磐城金山",
        "operator": "事業者不明",
        "ref": "",
        "url": "",
        "url2": ""
      }
    },
    {
      "type": "Feature",
      "geometry": {
        "type": "Point",
        "coordinates": [
          140.3220552,
          37.0534312
        ]
      },
      "properties": {
        "内容": "バス停: 高木 (JRバス関東)",
        "name": "高木",
        "operator": "JRバス関東",
        "ref": "",
        "url": "",
        "url2": ""
      }
    },
    {
      "type": "Feature",
      "geometry": {
        "type": "Point",
        "coordinates": [
          140.2543902,
          37.0925961
        ]
      },
      "properties": {
        "内容": "バス停: 関辺 (JRバス関東)",
        "name": "関辺",
        "operator": "JRバス関東",
        "ref": "",
        "url": "",
        "url2": ""
      }
    },
    {
      "type": "Feature",
      "geometry": {
        "type": "Point",
        "coordinates": [
          140.2643874,
          37.0869021
        ]
      },
      "properties": {
        "内容": "バス停: 古関 (JRバス関東)",
        "name": "古関",
        "operator": "JRバス関東",
        "ref": "",
        "url": "",
        "url2": ""
      }
    },
    {
      "type": "Feature",
      "geometry": {
        "type": "Point",
        "coordinates": [
          140.2710184,
          37.0788565
        ]
      },
      "properties": {
        "内容": "バス停: 白河東工業団地",
        "name": "白河東工業団地",
        "operator": "事業者不明",
        "ref": "",
        "url": "",
        "url2": ""
      }
    },
    {
      "type": "Feature",
      "geometry": {
        "type": "Point",
        "coordinates": [
          140.2731554,
          37.0720875
        ]
      },
      "properties": {
        "内容": "バス停: 温泉口",
        "name": "温泉口",
        "operator": "事業者不明",
        "ref": "",
        "url": "",
        "url2": ""
      }
    },
    {
      "type": "Feature",
      "geometry": {
        "type": "Point",
        "coordinates": [
          140.2814413,
          37.06469
        ]
      },
      "properties": {
        "内容": "バス停: 番沢 (JRバス関東)",
        "name": "番沢",
        "operator": "JRバス関東",
        "ref": "",
        "url": "",
        "url2": ""
      }
    },
    {
      "type": "Feature",
      "geometry": {
        "type": "Point",
        "coordinates": [
          140.2904807,
          37.0582145
        ]
      },
      "properties": {
        "内容": "バス停: 表郷幼稚園前（松上）",
        "name": "表郷幼稚園前（松上）",
        "operator": "事業者不明",
        "ref": "",
        "url": "",
        "url2": ""
      }
    },
    {
      "type": "Feature",
      "geometry": {
        "type": "Point",
        "coordinates": [
          139.9210545,
          37.4900565
        ]
      },
      "properties": {
        "内容": "バス停: 名称不明バス停",
        "name": "名称不明バス停",
        "operator": "事業者不明",
        "ref": "",
        "url": "",
        "url2": ""
      }
    },
    {
      "type": "Feature",
      "geometry": {
        "type": "Point",
        "coordinates": [
          139.9242236,
          37.4973785
        ]
      },
      "properties": {
        "内容": "バス停: 老町 (会津乗合自動車)",
        "name": "老町",
        "operator": "会津乗合自動車",
        "ref": "",
        "url": "",
        "url2": ""
      }
    },
    {
      "type": "Feature",
      "geometry": {
        "type": "Point",
        "coordinates": [
          140.9651142,
          37.6384275
        ]
      },
      "properties": {
        "内容": "バス停: 旭公園前",
        "name": "旭公園前",
        "operator": "事業者不明",
        "ref": "",
        "url": "",
        "url2": ""
      }
    },
    {
      "type": "Feature",
      "geometry": {
        "type": "Point",
        "coordinates": [
          140.9674323,
          37.6380083
        ]
      },
      "properties": {
        "内容": "バス停: 旭町一丁目",
        "name": "旭町一丁目",
        "operator": "事業者不明",
        "ref": "",
        "url": "",
        "url2": ""
      }
    },
    {
      "type": "Feature",
      "geometry": {
        "type": "Point",
        "coordinates": [
          140.9681146,
          37.6380602
        ]
      },
      "properties": {
        "内容": "バス停: 旭町一丁目",
        "name": "旭町一丁目",
        "operator": "事業者不明",
        "ref": "",
        "url": "",
        "url2": ""
      }
    },
    {
      "type": "Feature",
      "geometry": {
        "type": "Point",
        "coordinates": [
          140.9713264,
          37.6374093
        ]
      },
      "properties": {
        "内容": "バス停: 原ノ町駅 (東日本旅客鉄道株式会社)",
        "name": "原ノ町駅",
        "operator": "東日本旅客鉄道株式会社",
        "ref": "",
        "url": "",
        "url2": ""
      }
    },
    {
      "type": "Feature",
      "geometry": {
        "type": "Point",
        "coordinates": [
          140.969984,
          37.6376729
        ]
      },
      "properties": {
        "内容": "バス停: 原ノ町駅前 (はらまち旅行)",
        "name": "原ノ町駅前",
        "operator": "はらまち旅行",
        "ref": "",
        "url": "",
        "url2": ""
      }
    },
    {
      "type": "Feature",
      "geometry": {
        "type": "Point",
        "coordinates": [
          140.9650668,
          37.6383339
        ]
      },
      "properties": {
        "内容": "バス停: 旭公園前",
        "name": "旭公園前",
        "operator": "事業者不明",
        "ref": "",
        "url": "",
        "url2": ""
      }
    },
    {
      "type": "Feature",
      "geometry": {
        "type": "Point",
        "coordinates": [
          140.9699891,
          37.6377775
        ]
      },
      "properties": {
        "内容": "バス停: 原ノ町駅前 (東北アクセス)",
        "name": "原ノ町駅前",
        "operator": "東北アクセス",
        "ref": "",
        "url": "",
        "url2": ""
      }
    },
    {
      "type": "Feature",
      "geometry": {
        "type": "Point",
        "coordinates": [
          140.9927608,
          37.2821128
        ]
      },
      "properties": {
        "内容": "バス停: 楢葉町役場",
        "name": "楢葉町役場",
        "operator": "事業者不明",
        "ref": "",
        "url": "",
        "url2": ""
      }
    },
    {
      "type": "Feature",
      "geometry": {
        "type": "Point",
        "coordinates": [
          140.9946628,
          37.2092432
        ]
      },
      "properties": {
        "内容": "バス停: 下浅見川仮設",
        "name": "下浅見川仮設",
        "operator": "事業者不明",
        "ref": "",
        "url": "",
        "url2": ""
      }
    },
    {
      "type": "Feature",
      "geometry": {
        "type": "Point",
        "coordinates": [
          140.5007377,
          37.4068342
        ]
      },
      "properties": {
        "内容": "バス停: 滝桜",
        "name": "滝桜",
        "operator": "事業者不明",
        "ref": "",
        "url": "",
        "url2": ""
      }
    },
    {
      "type": "Feature",
      "geometry": {
        "type": "Point",
        "coordinates": [
          139.8688118,
          37.6440389
        ]
      },
      "properties": {
        "内容": "バス停: 喜多方駅前",
        "name": "喜多方駅前",
        "operator": "事業者不明",
        "ref": "",
        "url": "",
        "url2": ""
      }
    },
    {
      "type": "Feature",
      "geometry": {
        "type": "Point",
        "coordinates": [
          139.8686187,
          37.6440495
        ]
      },
      "properties": {
        "内容": "バス停: 喜多方駅前",
        "name": "喜多方駅前",
        "operator": "事業者不明",
        "ref": "",
        "url": "",
        "url2": ""
      }
    },
    {
      "type": "Feature",
      "geometry": {
        "type": "Point",
        "coordinates": [
          139.8707064,
          37.6449348
        ]
      },
      "properties": {
        "内容": "バス停: 駅中道",
        "name": "駅中道",
        "operator": "事業者不明",
        "ref": "",
        "url": "",
        "url2": ""
      }
    },
    {
      "type": "Feature",
      "geometry": {
        "type": "Point",
        "coordinates": [
          139.9370209,
          37.521748
        ]
      },
      "properties": {
        "内容": "バス停: 会津大学前",
        "name": "会津大学前",
        "operator": "事業者不明",
        "ref": "",
        "url": "",
        "url2": ""
      }
    },
    {
      "type": "Feature",
      "geometry": {
        "type": "Point",
        "coordinates": [
          140.227722,
          37.0470142
        ]
      },
      "properties": {
        "内容": "バス停: 名称不明バス停",
        "name": "名称不明バス停",
        "operator": "事業者不明",
        "ref": "",
        "url": "",
        "url2": ""
      }
    },
    {
      "type": "Feature",
      "geometry": {
        "type": "Point",
        "coordinates": [
          140.2276102,
          37.0471549
        ]
      },
      "properties": {
        "内容": "バス停: 名称不明バス停",
        "name": "名称不明バス停",
        "operator": "事業者不明",
        "ref": "",
        "url": "",
        "url2": ""
      }
    },
    {
      "type": "Feature",
      "geometry": {
        "type": "Point",
        "coordinates": [
          139.9339198,
          37.5207804
        ]
      },
      "properties": {
        "内容": "バス停: 扇町自動車学校前 (会津乗合自動車)",
        "name": "扇町自動車学校前",
        "operator": "会津乗合自動車",
        "ref": "",
        "url": "",
        "url2": ""
      }
    },
    {
      "type": "Feature",
      "geometry": {
        "type": "Point",
        "coordinates": [
          139.9339949,
          37.5206698
        ]
      },
      "properties": {
        "内容": "バス停: 扇町自動車学校前 (会津乗合自動車)",
        "name": "扇町自動車学校前",
        "operator": "会津乗合自動車",
        "ref": "",
        "url": "",
        "url2": ""
      }
    },
    {
      "type": "Feature",
      "geometry": {
        "type": "Point",
        "coordinates": [
          139.5178203,
          37.4559767
        ]
      },
      "properties": {
        "内容": "バス停: 川口車庫 (会津乗合自動車)",
        "name": "川口車庫",
        "operator": "会津乗合自動車",
        "ref": "",
        "url": "",
        "url2": ""
      }
    },
    {
      "type": "Feature",
      "geometry": {
        "type": "Point",
        "coordinates": [
          139.5236527,
          37.4548248
        ]
      },
      "properties": {
        "内容": "バス停: 会津川口駅前 (会津乗合自動車)",
        "name": "会津川口駅前",
        "operator": "会津乗合自動車",
        "ref": "",
        "url": "",
        "url2": ""
      }
    },
    {
      "type": "Feature",
      "geometry": {
        "type": "Point",
        "coordinates": [
          139.5519044,
          37.4053827
        ]
      },
      "properties": {
        "内容": "バス停: 川上 (会津乗合自動車)",
        "name": "川上",
        "operator": "会津乗合自動車",
        "ref": "",
        "url": "",
        "url2": ""
      }
    },
    {
      "type": "Feature",
      "geometry": {
        "type": "Point",
        "coordinates": [
          139.939686,
          37.4901285
        ]
      },
      "properties": {
        "内容": "バス停: 小田垣",
        "name": "小田垣",
        "operator": "事業者不明",
        "ref": "",
        "url": "",
        "url2": ""
      }
    },
    {
      "type": "Feature",
      "geometry": {
        "type": "Point",
        "coordinates": [
          139.9301549,
          37.4967444
        ]
      },
      "properties": {
        "内容": "バス停: 會津稽古堂",
        "name": "會津稽古堂",
        "operator": "事業者不明",
        "ref": "",
        "url": "",
        "url2": ""
      }
    },
    {
      "type": "Feature",
      "geometry": {
        "type": "Point",
        "coordinates": [
          139.9190439,
          37.501046
        ]
      },
      "properties": {
        "内容": "バス停: 七日町駅前（まちなか周遊バス） (会津乗合自動車)",
        "name": "七日町駅前（まちなか周遊バス）",
        "operator": "会津乗合自動車",
        "ref": "",
        "url": "",
        "url2": ""
      }
    },
    {
      "type": "Feature",
      "geometry": {
        "type": "Point",
        "coordinates": [
          139.9191351,
          37.5009226
        ]
      },
      "properties": {
        "内容": "バス停: 七日町駅前（坂下線）",
        "name": "七日町駅前（坂下線）",
        "operator": "事業者不明",
        "ref": "",
        "url": "",
        "url2": ""
      }
    },
    {
      "type": "Feature",
      "geometry": {
        "type": "Point",
        "coordinates": [
          139.9196635,
          37.5004204
        ]
      },
      "properties": {
        "内容": "バス停: 阿弥陀寺東",
        "name": "阿弥陀寺東",
        "operator": "事業者不明",
        "ref": "",
        "url": "",
        "url2": ""
      }
    },
    {
      "type": "Feature",
      "geometry": {
        "type": "Point",
        "coordinates": [
          139.9238692,
          37.4983563
        ]
      },
      "properties": {
        "内容": "バス停: 大和町",
        "name": "大和町",
        "operator": "事業者不明",
        "ref": "",
        "url": "",
        "url2": ""
      }
    },
    {
      "type": "Feature",
      "geometry": {
        "type": "Point",
        "coordinates": [
          139.9264441,
          37.4981392
        ]
      },
      "properties": {
        "内容": "バス停: 北小路田中稲荷神社前",
        "name": "北小路田中稲荷神社前",
        "operator": "事業者不明",
        "ref": "",
        "url": "",
        "url2": ""
      }
    },
    {
      "type": "Feature",
      "geometry": {
        "type": "Point",
        "coordinates": [
          140.96521,
          37.702006
        ]
      },
      "properties": {
        "内容": "バス停: 鹿島区役所付近（さくら観光） (さくら観光)",
        "name": "鹿島区役所付近（さくら観光）",
        "operator": "さくら観光",
        "ref": "",
        "url": "",
        "url2": ""
      }
    },
    {
      "type": "Feature",
      "geometry": {
        "type": "Point",
        "coordinates": [
          140.9266373,
          37.8037871
        ]
      },
      "properties": {
        "内容": "バス停: 相馬法務局（東北アクセス） (東北アクセス)",
        "name": "相馬法務局（東北アクセス）",
        "operator": "東北アクセス",
        "ref": "",
        "url": "",
        "url2": ""
      }
    },
    {
      "type": "Feature",
      "geometry": {
        "type": "Point",
        "coordinates": [
          140.9199177,
          37.7989968
        ]
      },
      "properties": {
        "内容": "バス停: 相馬市役所",
        "name": "相馬市役所",
        "operator": "事業者不明",
        "ref": "",
        "url": "",
        "url2": ""
      }
    },
    {
      "type": "Feature",
      "geometry": {
        "type": "Point",
        "coordinates": [
          140.8407767,
          37.07062
        ]
      },
      "properties": {
        "内容": "バス停: いわき中央高速バス停留所(下り) (新常磐交通)",
        "name": "いわき中央高速バス停留所(下り)",
        "operator": "新常磐交通",
        "ref": "",
        "url": "",
        "url2": ""
      }
    },
    {
      "type": "Feature",
      "geometry": {
        "type": "Point",
        "coordinates": [
          140.8928975,
          37.0507154
        ]
      },
      "properties": {
        "内容": "バス停: 菱川橋 (新常磐交通)",
        "name": "菱川橋",
        "operator": "新常磐交通",
        "ref": "1",
        "url": "",
        "url2": ""
      }
    },
    {
      "type": "Feature",
      "geometry": {
        "type": "Point",
        "coordinates": [
          140.8925768,
          37.0568388
        ]
      },
      "properties": {
        "内容": "バス停: 平南町 (新常磐交通)",
        "name": "平南町",
        "operator": "新常磐交通",
        "ref": "",
        "url": "",
        "url2": ""
      }
    },
    {
      "type": "Feature",
      "geometry": {
        "type": "Point",
        "coordinates": [
          140.8973835,
          37.0575712
        ]
      },
      "properties": {
        "内容": "バス停: ヨーカ堂前 (新常磐交通)",
        "name": "ヨーカ堂前",
        "operator": "新常磐交通",
        "ref": "",
        "url": "",
        "url2": ""
      }
    },
    {
      "type": "Feature",
      "geometry": {
        "type": "Point",
        "coordinates": [
          140.8268779,
          37.0741229
        ]
      },
      "properties": {
        "内容": "バス停: 好間平坑 (新常磐交通)",
        "name": "好間平坑",
        "operator": "新常磐交通",
        "ref": "",
        "url": "",
        "url2": ""
      }
    },
    {
      "type": "Feature",
      "geometry": {
        "type": "Point",
        "coordinates": [
          139.9416045,
          37.5068831
        ]
      },
      "properties": {
        "内容": "バス停: 名称不明バス停",
        "name": "名称不明バス停",
        "operator": "事業者不明",
        "ref": "",
        "url": "",
        "url2": ""
      }
    },
    {
      "type": "Feature",
      "geometry": {
        "type": "Point",
        "coordinates": [
          140.8964084,
          37.0568151
        ]
      },
      "properties": {
        "内容": "バス停: 平五町目 (常磐交通)",
        "name": "平五町目",
        "operator": "常磐交通",
        "ref": "",
        "url": "",
        "url2": ""
      }
    },
    {
      "type": "Feature",
      "geometry": {
        "type": "Point",
        "coordinates": [
          140.8965899,
          37.0560002
        ]
      },
      "properties": {
        "内容": "バス停: 平五町目 (新常磐交通)",
        "name": "平五町目",
        "operator": "新常磐交通",
        "ref": "",
        "url": "",
        "url2": ""
      }
    },
    {
      "type": "Feature",
      "geometry": {
        "type": "Point",
        "coordinates": [
          140.8925085,
          37.0578669
        ]
      },
      "properties": {
        "内容": "バス停: いわき駅前",
        "name": "いわき駅前",
        "operator": "事業者不明",
        "ref": "8",
        "url": "",
        "url2": ""
      }
    },
    {
      "type": "Feature",
      "geometry": {
        "type": "Point",
        "coordinates": [
          140.8928452,
          37.0575949
        ]
      },
      "properties": {
        "内容": "バス停: いわき駅前",
        "name": "いわき駅前",
        "operator": "事業者不明",
        "ref": "9",
        "url": "",
        "url2": ""
      }
    },
    {
      "type": "Feature",
      "geometry": {
        "type": "Point",
        "coordinates": [
          140.8925999,
          37.057579
        ]
      },
      "properties": {
        "内容": "バス停: いわき駅前",
        "name": "いわき駅前",
        "operator": "事業者不明",
        "ref": "10",
        "url": "",
        "url2": ""
      }
    },
    {
      "type": "Feature",
      "geometry": {
        "type": "Point",
        "coordinates": [
          141.0145107,
          37.26935
        ]
      },
      "properties": {
        "内容": "バス停: しおかぜ荘 (常磐交通)",
        "name": "しおかぜ荘",
        "operator": "常磐交通",
        "ref": "",
        "url": "",
        "url2": ""
      }
    },
    {
      "type": "Feature",
      "geometry": {
        "type": "Point",
        "coordinates": [
          140.8470726,
          37.0685363
        ]
      },
      "properties": {
        "内容": "バス停: 上好間 (新常磐交通)",
        "name": "上好間",
        "operator": "新常磐交通",
        "ref": "",
        "url": "",
        "url2": ""
      }
    },
    {
      "type": "Feature",
      "geometry": {
        "type": "Point",
        "coordinates": [
          140.8781045,
          37.061034
        ]
      },
      "properties": {
        "内容": "バス停: 七軒町入口 (常磐交通)",
        "name": "七軒町入口",
        "operator": "常磐交通",
        "ref": "",
        "url": "",
        "url2": ""
      }
    },
    {
      "type": "Feature",
      "geometry": {
        "type": "Point",
        "coordinates": [
          140.8800397,
          37.0601569
        ]
      },
      "properties": {
        "内容": "バス停: 磐高入口 (常磐交通)",
        "name": "磐高入口",
        "operator": "常磐交通",
        "ref": "",
        "url": "",
        "url2": ""
      }
    },
    {
      "type": "Feature",
      "geometry": {
        "type": "Point",
        "coordinates": [
          140.8829315,
          37.0597538
        ]
      },
      "properties": {
        "内容": "バス停: 八幡小路 (常磐交通)",
        "name": "八幡小路",
        "operator": "常磐交通",
        "ref": "",
        "url": "",
        "url2": ""
      }
    },
    {
      "type": "Feature",
      "geometry": {
        "type": "Point",
        "coordinates": [
          140.8808524,
          37.0594257
        ]
      },
      "properties": {
        "内容": "バス停: 放送局前 (常磐交通)",
        "name": "放送局前",
        "operator": "常磐交通",
        "ref": "",
        "url": "",
        "url2": ""
      }
    },
    {
      "type": "Feature",
      "geometry": {
        "type": "Point",
        "coordinates": [
          140.8925014,
          37.0587278
        ]
      },
      "properties": {
        "内容": "バス停: いわき駅北口",
        "name": "いわき駅北口",
        "operator": "事業者不明",
        "ref": "",
        "url": "",
        "url2": ""
      }
    },
    {
      "type": "Feature",
      "geometry": {
        "type": "Point",
        "coordinates": [
          140.9960932,
          37.5629953
        ]
      },
      "properties": {
        "内容": "バス停: 小高駅 (東日本旅客鉄道株式会社)",
        "name": "小高駅",
        "operator": "東日本旅客鉄道株式会社",
        "ref": "",
        "url": "",
        "url2": ""
      }
    },
    {
      "type": "Feature",
      "geometry": {
        "type": "Point",
        "coordinates": [
          140.972485,
          37.6387342
        ]
      },
      "properties": {
        "内容": "バス停: 原町駅東口",
        "name": "原町駅東口",
        "operator": "事業者不明",
        "ref": "",
        "url": "",
        "url2": ""
      }
    },
    {
      "type": "Feature",
      "geometry": {
        "type": "Point",
        "coordinates": [
          140.9699675,
          37.6376756
        ]
      },
      "properties": {
        "内容": "バス停: 原町駅前 (常磐交通)",
        "name": "原町駅前",
        "operator": "常磐交通",
        "ref": "",
        "url": "",
        "url2": ""
      }
    },
    {
      "type": "Feature",
      "geometry": {
        "type": "Point",
        "coordinates": [
          140.9725888,
          37.6386524
        ]
      },
      "properties": {
        "内容": "バス停: 原町駅東口",
        "name": "原町駅東口",
        "operator": "事業者不明",
        "ref": "",
        "url": "",
        "url2": ""
      }
    },
    {
      "type": "Feature",
      "geometry": {
        "type": "Point",
        "coordinates": [
          140.970007,
          37.6376688
        ]
      },
      "properties": {
        "内容": "バス停: 原町駅前 (福島交通)",
        "name": "原町駅前",
        "operator": "福島交通",
        "ref": "",
        "url": "",
        "url2": ""
      }
    },
    {
      "type": "Feature",
      "geometry": {
        "type": "Point",
        "coordinates": [
          140.9700143,
          37.6377706
        ]
      },
      "properties": {
        "内容": "バス停: 原町駅前 (福島交通)",
        "name": "原町駅前",
        "operator": "福島交通",
        "ref": "",
        "url": "",
        "url2": ""
      }
    },
    {
      "type": "Feature",
      "geometry": {
        "type": "Point",
        "coordinates": [
          140.4819175,
          37.747766
        ]
      },
      "properties": {
        "内容": "バス停: わたり病院前",
        "name": "わたり病院前",
        "operator": "事業者不明",
        "ref": "",
        "url": "",
        "url2": ""
      }
    },
    {
      "type": "Feature",
      "geometry": {
        "type": "Point",
        "coordinates": [
          140.4756196,
          37.7564963
        ]
      },
      "properties": {
        "内容": "バス停: 豊田町",
        "name": "豊田町",
        "operator": "事業者不明",
        "ref": "",
        "url": "",
        "url2": ""
      }
    },
    {
      "type": "Feature",
      "geometry": {
        "type": "Point",
        "coordinates": [
          140.6138537,
          37.6661735
        ]
      },
      "properties": {
        "内容": "バス停: 福島交通川俣営業所",
        "name": "福島交通川俣営業所",
        "operator": "事業者不明",
        "ref": "",
        "url": "",
        "url2": ""
      }
    },
    {
      "type": "Feature",
      "geometry": {
        "type": "Point",
        "coordinates": [
          140.4668408,
          37.7526021
        ]
      },
      "properties": {
        "内容": "バス停: 大原総合病院",
        "name": "大原総合病院",
        "operator": "事業者不明",
        "ref": "",
        "url": "",
        "url2": ""
      }
    },
    {
      "type": "Feature",
      "geometry": {
        "type": "Point",
        "coordinates": [
          140.4609212,
          37.7545063
        ]
      },
      "properties": {
        "内容": "バス停: 福島駅東口",
        "name": "福島駅東口",
        "operator": "事業者不明",
        "ref": "7",
        "url": "",
        "url2": ""
      }
    },
    {
      "type": "Feature",
      "geometry": {
        "type": "Point",
        "coordinates": [
          140.4581233,
          37.7556177
        ]
      },
      "properties": {
        "内容": "バス停: 福島駅西口",
        "name": "福島駅西口",
        "operator": "事業者不明",
        "ref": "24",
        "url": "",
        "url2": ""
      }
    },
    {
      "type": "Feature",
      "geometry": {
        "type": "Point",
        "coordinates": [
          140.4607401,
          37.7544287
        ]
      },
      "properties": {
        "内容": "バス停: 福島駅東口",
        "name": "福島駅東口",
        "operator": "事業者不明",
        "ref": "6",
        "url": "",
        "url2": ""
      }
    },
    {
      "type": "Feature",
      "geometry": {
        "type": "Point",
        "coordinates": [
          140.4577463,
          37.7554143
        ]
      },
      "properties": {
        "内容": "バス停: 福島駅西口",
        "name": "福島駅西口",
        "operator": "事業者不明",
        "ref": "",
        "url": "",
        "url2": ""
      }
    },
    {
      "type": "Feature",
      "geometry": {
        "type": "Point",
        "coordinates": [
          140.4606296,
          37.7548345
        ]
      },
      "properties": {
        "内容": "バス停: 福島駅東口",
        "name": "福島駅東口",
        "operator": "事業者不明",
        "ref": "2",
        "url": "",
        "url2": ""
      }
    },
    {
      "type": "Feature",
      "geometry": {
        "type": "Point",
        "coordinates": [
          140.4609362,
          37.7547181
        ]
      },
      "properties": {
        "内容": "バス停: 福島駅東口",
        "name": "福島駅東口",
        "operator": "事業者不明",
        "ref": "9",
        "url": "",
        "url2": ""
      }
    },
    {
      "type": "Feature",
      "geometry": {
        "type": "Point",
        "coordinates": [
          140.4583311,
          37.75534
        ]
      },
      "properties": {
        "内容": "バス停: 福島駅西口",
        "name": "福島駅西口",
        "operator": "事業者不明",
        "ref": "22",
        "url": "",
        "url2": ""
      }
    },
    {
      "type": "Feature",
      "geometry": {
        "type": "Point",
        "coordinates": [
          140.4609679,
          37.7543708
        ]
      },
      "properties": {
        "内容": "バス停: 福島駅東口",
        "name": "福島駅東口",
        "operator": "事業者不明",
        "ref": "",
        "url": "",
        "url2": ""
      }
    },
    {
      "type": "Feature",
      "geometry": {
        "type": "Point",
        "coordinates": [
          140.4579203,
          37.7556199
        ]
      },
      "properties": {
        "内容": "バス停: 福島駅西口",
        "name": "福島駅西口",
        "operator": "事業者不明",
        "ref": "",
        "url": "",
        "url2": ""
      }
    },
    {
      "type": "Feature",
      "geometry": {
        "type": "Point",
        "coordinates": [
          140.4576891,
          37.7556934
        ]
      },
      "properties": {
        "内容": "バス停: 福島駅西口 (ジャムジャムライナー)",
        "name": "福島駅西口",
        "operator": "ジャムジャムライナー",
        "ref": "",
        "url": "",
        "url2": ""
      }
    },
    {
      "type": "Feature",
      "geometry": {
        "type": "Point",
        "coordinates": [
          140.4579387,
          37.7552793
        ]
      },
      "properties": {
        "内容": "バス停: 福島駅西口",
        "name": "福島駅西口",
        "operator": "事業者不明",
        "ref": "",
        "url": "",
        "url2": ""
      }
    },
    {
      "type": "Feature",
      "geometry": {
        "type": "Point",
        "coordinates": [
          140.4606428,
          37.7545957
        ]
      },
      "properties": {
        "内容": "バス停: 福島駅東口",
        "name": "福島駅東口",
        "operator": "事業者不明",
        "ref": "5",
        "url": "",
        "url2": ""
      }
    },
    {
      "type": "Feature",
      "geometry": {
        "type": "Point",
        "coordinates": [
          140.4608877,
          37.754936
        ]
      },
      "properties": {
        "内容": "バス停: 福島駅東口",
        "name": "福島駅東口",
        "operator": "事業者不明",
        "ref": "11",
        "url": "",
        "url2": ""
      }
    },
    {
      "type": "Feature",
      "geometry": {
        "type": "Point",
        "coordinates": [
          140.4606145,
          37.7549859
        ]
      },
      "properties": {
        "内容": "バス停: 福島駅東口",
        "name": "福島駅東口",
        "operator": "事業者不明",
        "ref": "1",
        "url": "",
        "url2": ""
      }
    },
    {
      "type": "Feature",
      "geometry": {
        "type": "Point",
        "coordinates": [
          140.4609432,
          37.75461
        ]
      },
      "properties": {
        "内容": "バス停: 福島駅東口",
        "name": "福島駅東口",
        "operator": "事業者不明",
        "ref": "8",
        "url": "",
        "url2": ""
      }
    },
    {
      "type": "Feature",
      "geometry": {
        "type": "Point",
        "coordinates": [
          140.4583331,
          37.7551471
        ]
      },
      "properties": {
        "内容": "バス停: 福島駅西口",
        "name": "福島駅西口",
        "operator": "事業者不明",
        "ref": "21",
        "url": "",
        "url2": ""
      }
    },
    {
      "type": "Feature",
      "geometry": {
        "type": "Point",
        "coordinates": [
          140.4609503,
          37.7542531
        ]
      },
      "properties": {
        "内容": "バス停: 福島駅東口",
        "name": "福島駅東口",
        "operator": "事業者不明",
        "ref": "12",
        "url": "",
        "url2": ""
      }
    },
    {
      "type": "Feature",
      "geometry": {
        "type": "Point",
        "coordinates": [
          140.4577529,
          37.7555294
        ]
      },
      "properties": {
        "内容": "バス停: 福島駅西口",
        "name": "福島駅西口",
        "operator": "事業者不明",
        "ref": "",
        "url": "",
        "url2": ""
      }
    },
    {
      "type": "Feature",
      "geometry": {
        "type": "Point",
        "coordinates": [
          140.4581426,
          37.7552785
        ]
      },
      "properties": {
        "内容": "バス停: 福島駅西口",
        "name": "福島駅西口",
        "operator": "事業者不明",
        "ref": "",
        "url": "",
        "url2": ""
      }
    },
    {
      "type": "Feature",
      "geometry": {
        "type": "Point",
        "coordinates": [
          140.4606351,
          37.754702
        ]
      },
      "properties": {
        "内容": "バス停: 福島駅東口",
        "name": "福島駅東口",
        "operator": "事業者不明",
        "ref": "3",
        "url": "",
        "url2": ""
      }
    },
    {
      "type": "Feature",
      "geometry": {
        "type": "Point",
        "coordinates": [
          140.4609075,
          37.7548375
        ]
      },
      "properties": {
        "内容": "バス停: 福島駅東口",
        "name": "福島駅東口",
        "operator": "事業者不明",
        "ref": "10",
        "url": "",
        "url2": ""
      }
    },
    {
      "type": "Feature",
      "geometry": {
        "type": "Point",
        "coordinates": [
          140.458332,
          37.7555503
        ]
      },
      "properties": {
        "内容": "バス停: 福島駅西口",
        "name": "福島駅西口",
        "operator": "事業者不明",
        "ref": "23",
        "url": "",
        "url2": ""
      }
    },
    {
      "type": "Feature",
      "geometry": {
        "type": "Point",
        "coordinates": [
          140.9712564,
          37.6374908
        ]
      },
      "properties": {
        "内容": "バス停: 原ノ町駅 (南相馬市公共交通活性化協議会)",
        "name": "原ノ町駅",
        "operator": "南相馬市公共交通活性化協議会",
        "ref": "",
        "url": "",
        "url2": ""
      }
    },
    {
      "type": "Feature",
      "geometry": {
        "type": "Point",
        "coordinates": [
          140.9960539,
          37.5630229
        ]
      },
      "properties": {
        "内容": "バス停: 小高駅 (南相馬市公共交通活性化協議会)",
        "name": "小高駅",
        "operator": "南相馬市公共交通活性化協議会",
        "ref": "502",
        "url": "",
        "url2": ""
      }
    },
    {
      "type": "Feature",
      "geometry": {
        "type": "Point",
        "coordinates": [
          140.9646647,
          37.7057157
        ]
      },
      "properties": {
        "内容": "バス停: かしま福幸商店街 (応急仮設住宅巡回バス)",
        "name": "かしま福幸商店街",
        "operator": "応急仮設住宅巡回バス",
        "ref": "",
        "url": "",
        "url2": ""
      }
    },
    {
      "type": "Feature",
      "geometry": {
        "type": "Point",
        "coordinates": [
          140.9658983,
          37.7055317
        ]
      },
      "properties": {
        "内容": "バス停: 鹿島上町",
        "name": "鹿島上町",
        "operator": "事業者不明",
        "ref": "",
        "url": "",
        "url2": ""
      }
    },
    {
      "type": "Feature",
      "geometry": {
        "type": "Point",
        "coordinates": [
          140.9666737,
          37.7037361
        ]
      },
      "properties": {
        "内容": "バス停: 鹿島中町",
        "name": "鹿島中町",
        "operator": "事業者不明",
        "ref": "",
        "url": "",
        "url2": ""
      }
    },
    {
      "type": "Feature",
      "geometry": {
        "type": "Point",
        "coordinates": [
          140.9675694,
          37.7019649
        ]
      },
      "properties": {
        "内容": "バス停: 鹿島駅前",
        "name": "鹿島駅前",
        "operator": "事業者不明",
        "ref": "",
        "url": "",
        "url2": ""
      }
    },
    {
      "type": "Feature",
      "geometry": {
        "type": "Point",
        "coordinates": [
          140.96737,
          37.7022129
        ]
      },
      "properties": {
        "内容": "バス停: 鹿島駅前",
        "name": "鹿島駅前",
        "operator": "事業者不明",
        "ref": "",
        "url": "",
        "url2": ""
      }
    },
    {
      "type": "Feature",
      "geometry": {
        "type": "Point",
        "coordinates": [
          140.3416955,
          37.451378
        ]
      },
      "properties": {
        "内容": "バス停: 喜久田駅前（福島交通） (福島交通)",
        "name": "喜久田駅前（福島交通）",
        "operator": "福島交通",
        "ref": "",
        "url": "",
        "url2": ""
      }
    },
    {
      "type": "Feature",
      "geometry": {
        "type": "Point",
        "coordinates": [
          140.9244033,
          37.8036474
        ]
      },
      "properties": {
        "内容": "バス停: 福島交通 相馬営業所",
        "name": "福島交通 相馬営業所",
        "operator": "事業者不明",
        "ref": "",
        "url": "",
        "url2": ""
      }
    },
    {
      "type": "Feature",
      "geometry": {
        "type": "Point",
        "coordinates": [
          140.4953807,
          37.7713989
        ]
      },
      "properties": {
        "内容": "バス停: 岡部",
        "name": "岡部",
        "operator": "事業者不明",
        "ref": "",
        "url": "",
        "url2": ""
      }
    },
    {
      "type": "Feature",
      "geometry": {
        "type": "Point",
        "coordinates": [
          140.8801731,
          37.7779172
        ]
      },
      "properties": {
        "内容": "バス停: 山上学校前",
        "name": "山上学校前",
        "operator": "事業者不明",
        "ref": "",
        "url": "",
        "url2": ""
      }
    },
    {
      "type": "Feature",
      "geometry": {
        "type": "Point",
        "coordinates": [
          140.8801501,
          37.778074
        ]
      },
      "properties": {
        "内容": "バス停: 山上学校前",
        "name": "山上学校前",
        "operator": "事業者不明",
        "ref": "",
        "url": "",
        "url2": ""
      }
    },
    {
      "type": "Feature",
      "geometry": {
        "type": "Point",
        "coordinates": [
          140.4950318,
          37.7712595
        ]
      },
      "properties": {
        "内容": "バス停: 岡部",
        "name": "岡部",
        "operator": "事業者不明",
        "ref": "",
        "url": "",
        "url2": ""
      }
    },
    {
      "type": "Feature",
      "geometry": {
        "type": "Point",
        "coordinates": [
          140.4655141,
          37.7528525
        ]
      },
      "properties": {
        "内容": "バス停: 大町",
        "name": "大町",
        "operator": "事業者不明",
        "ref": "",
        "url": "",
        "url2": ""
      }
    },
    {
      "type": "Feature",
      "geometry": {
        "type": "Point",
        "coordinates": [
          140.4653976,
          37.7528509
        ]
      },
      "properties": {
        "内容": "バス停: 大町",
        "name": "大町",
        "operator": "事業者不明",
        "ref": "",
        "url": "",
        "url2": ""
      }
    },
    {
      "type": "Feature",
      "geometry": {
        "type": "Point",
        "coordinates": [
          140.4651828,
          37.7528604
        ]
      },
      "properties": {
        "内容": "バス停: 大町",
        "name": "大町",
        "operator": "事業者不明",
        "ref": "",
        "url": "",
        "url2": ""
      }
    },
    {
      "type": "Feature",
      "geometry": {
        "type": "Point",
        "coordinates": [
          140.4656283,
          37.752864
        ]
      },
      "properties": {
        "内容": "バス停: 大町",
        "name": "大町",
        "operator": "事業者不明",
        "ref": "",
        "url": "",
        "url2": ""
      }
    },
    {
      "type": "Feature",
      "geometry": {
        "type": "Point",
        "coordinates": [
          140.4607589,
          37.7527897
        ]
      },
      "properties": {
        "内容": "バス停: 福島駅東口",
        "name": "福島駅東口",
        "operator": "事業者不明",
        "ref": "",
        "url": "",
        "url2": ""
      }
    },
    {
      "type": "Feature",
      "geometry": {
        "type": "Point",
        "coordinates": [
          140.4670125,
          37.7525983
        ]
      },
      "properties": {
        "内容": "バス停: 大原総合病院",
        "name": "大原総合病院",
        "operator": "事業者不明",
        "ref": "",
        "url": "",
        "url2": ""
      }
    },
    {
      "type": "Feature",
      "geometry": {
        "type": "Point",
        "coordinates": [
          140.4607375,
          37.7529651
        ]
      },
      "properties": {
        "内容": "バス停: 福島駅東口",
        "name": "福島駅東口",
        "operator": "事業者不明",
        "ref": "",
        "url": "",
        "url2": ""
      }
    },
    {
      "type": "Feature",
      "geometry": {
        "type": "Point",
        "coordinates": [
          140.467168,
          37.7525957
        ]
      },
      "properties": {
        "内容": "バス停: 大原総合病院",
        "name": "大原総合病院",
        "operator": "事業者不明",
        "ref": "",
        "url": "",
        "url2": ""
      }
    },
    {
      "type": "Feature",
      "geometry": {
        "type": "Point",
        "coordinates": [
          140.4671343,
          37.7528922
        ]
      },
      "properties": {
        "内容": "バス停: 大町",
        "name": "大町",
        "operator": "事業者不明",
        "ref": "",
        "url": "",
        "url2": ""
      }
    },
    {
      "type": "Feature",
      "geometry": {
        "type": "Point",
        "coordinates": [
          140.4673345,
          37.7525938
        ]
      },
      "properties": {
        "内容": "バス停: 大原総合病院",
        "name": "大原総合病院",
        "operator": "事業者不明",
        "ref": "",
        "url": "",
        "url2": ""
      }
    },
    {
      "type": "Feature",
      "geometry": {
        "type": "Point",
        "coordinates": [
          140.2771366,
          37.4505065
        ]
      },
      "properties": {
        "内容": "バス停: 夏出(福島交通) (福島交通)",
        "name": "夏出(福島交通)",
        "operator": "福島交通",
        "ref": "",
        "url": "",
        "url2": ""
      }
    },
    {
      "type": "Feature",
      "geometry": {
        "type": "Point",
        "coordinates": [
          140.3153617,
          37.4554138
        ]
      },
      "properties": {
        "内容": "バス停: 下伊豆島西(福島交通) (福島交通)",
        "name": "下伊豆島西(福島交通)",
        "operator": "福島交通",
        "ref": "",
        "url": "",
        "url2": ""
      }
    },
    {
      "type": "Feature",
      "geometry": {
        "type": "Point",
        "coordinates": [
          140.3201907,
          37.4555822
        ]
      },
      "properties": {
        "内容": "バス停: 下伊豆島(福島交通)",
        "name": "下伊豆島(福島交通)",
        "operator": "事業者不明",
        "ref": "",
        "url": "",
        "url2": ""
      }
    },
    {
      "type": "Feature",
      "geometry": {
        "type": "Point",
        "coordinates": [
          140.3145531,
          37.4484392
        ]
      },
      "properties": {
        "内容": "バス停: 産総研(福島交通) (福島交通)",
        "name": "産総研(福島交通)",
        "operator": "福島交通",
        "ref": "",
        "url": "",
        "url2": ""
      }
    },
    {
      "type": "Feature",
      "geometry": {
        "type": "Point",
        "coordinates": [
          140.3139855,
          37.4492079
        ]
      },
      "properties": {
        "内容": "バス停: 産総研前(福島交通)",
        "name": "産総研前(福島交通)",
        "operator": "事業者不明",
        "ref": "",
        "url": "",
        "url2": ""
      }
    },
    {
      "type": "Feature",
      "geometry": {
        "type": "Point",
        "coordinates": [
          140.3356235,
          37.4559872
        ]
      },
      "properties": {
        "内容": "バス停: 喜久田(福島交通)",
        "name": "喜久田(福島交通)",
        "operator": "事業者不明",
        "ref": "",
        "url": "",
        "url2": ""
      }
    },
    {
      "type": "Feature",
      "geometry": {
        "type": "Point",
        "coordinates": [
          140.3405618,
          37.4550409
        ]
      },
      "properties": {
        "内容": "バス停: 喜久田中学校(福島交通)",
        "name": "喜久田中学校(福島交通)",
        "operator": "事業者不明",
        "ref": "",
        "url": "",
        "url2": ""
      }
    },
    {
      "type": "Feature",
      "geometry": {
        "type": "Point",
        "coordinates": [
          140.3129678,
          37.4553324
        ]
      },
      "properties": {
        "内容": "バス停: 四ツ谷入口(福島交通)",
        "name": "四ツ谷入口(福島交通)",
        "operator": "事業者不明",
        "ref": "",
        "url": "",
        "url2": ""
      }
    },
    {
      "type": "Feature",
      "geometry": {
        "type": "Point",
        "coordinates": [
          140.2951893,
          37.4535158
        ]
      },
      "properties": {
        "内容": "バス停: 上伊豆小学校前(福島交通)",
        "name": "上伊豆小学校前(福島交通)",
        "operator": "事業者不明",
        "ref": "",
        "url": "",
        "url2": ""
      }
    },
    {
      "type": "Feature",
      "geometry": {
        "type": "Point",
        "coordinates": [
          140.2998362,
          37.4542442
        ]
      },
      "properties": {
        "内容": "バス停: 鹿島神社前(福島交通)",
        "name": "鹿島神社前(福島交通)",
        "operator": "事業者不明",
        "ref": "",
        "url": "",
        "url2": ""
      }
    },
    {
      "type": "Feature",
      "geometry": {
        "type": "Point",
        "coordinates": [
          140.2897307,
          37.4526473
        ]
      },
      "properties": {
        "内容": "バス停: 反田橋(福島交通)",
        "name": "反田橋(福島交通)",
        "operator": "事業者不明",
        "ref": "",
        "url": "",
        "url2": ""
      }
    },
    {
      "type": "Feature",
      "geometry": {
        "type": "Point",
        "coordinates": [
          140.2873785,
          37.4510987
        ]
      },
      "properties": {
        "内容": "バス停: 舘屋敷(福島交通)",
        "name": "舘屋敷(福島交通)",
        "operator": "事業者不明",
        "ref": "",
        "url": "",
        "url2": ""
      }
    },
    {
      "type": "Feature",
      "geometry": {
        "type": "Point",
        "coordinates": [
          140.2826824,
          37.4511763
        ]
      },
      "properties": {
        "内容": "バス停: 植松(福島交通)",
        "name": "植松(福島交通)",
        "operator": "事業者不明",
        "ref": "",
        "url": "",
        "url2": ""
      }
    },
    {
      "type": "Feature",
      "geometry": {
        "type": "Point",
        "coordinates": [
          140.3414973,
          37.4519163
        ]
      },
      "properties": {
        "内容": "バス停: 喜久田駅前(福島交通)",
        "name": "喜久田駅前(福島交通)",
        "operator": "事業者不明",
        "ref": "",
        "url": "",
        "url2": ""
      }
    },
    {
      "type": "Feature",
      "geometry": {
        "type": "Point",
        "coordinates": [
          140.3397161,
          37.4416995
        ]
      },
      "properties": {
        "内容": "バス停: 卸センター(福島交通) (福島交通)",
        "name": "卸センター(福島交通)",
        "operator": "福島交通",
        "ref": "",
        "url": "",
        "url2": ""
      }
    },
    {
      "type": "Feature",
      "geometry": {
        "type": "Point",
        "coordinates": [
          140.3398626,
          37.4415017
        ]
      },
      "properties": {
        "内容": "バス停: 卸センター(福島交通)",
        "name": "卸センター(福島交通)",
        "operator": "事業者不明",
        "ref": "",
        "url": "",
        "url2": ""
      }
    },
    {
      "type": "Feature",
      "geometry": {
        "type": "Point",
        "coordinates": [
          140.3368963,
          37.4450791
        ]
      },
      "properties": {
        "内容": "バス停: 向原(福島交通)",
        "name": "向原(福島交通)",
        "operator": "事業者不明",
        "ref": "",
        "url": "",
        "url2": ""
      }
    },
    {
      "type": "Feature",
      "geometry": {
        "type": "Point",
        "coordinates": [
          140.3089994,
          37.4448025
        ]
      },
      "properties": {
        "内容": "バス停: ハイテクプラザ(福島交通) (福島交通)",
        "name": "ハイテクプラザ(福島交通)",
        "operator": "福島交通",
        "ref": "",
        "url": "",
        "url2": ""
      }
    },
    {
      "type": "Feature",
      "geometry": {
        "type": "Point",
        "coordinates": [
          140.3044618,
          37.4472752
        ]
      },
      "properties": {
        "内容": "バス停: 西部工業団地北 (福島交通)",
        "name": "西部工業団地北",
        "operator": "福島交通",
        "ref": "",
        "url": "",
        "url2": ""
      }
    },
    {
      "type": "Feature",
      "geometry": {
        "type": "Point",
        "coordinates": [
          140.305508,
          37.4424672
        ]
      },
      "properties": {
        "内容": "バス停: 西部工業団地南 (福島交通)",
        "name": "西部工業団地南",
        "operator": "福島交通",
        "ref": "",
        "url": "",
        "url2": ""
      }
    },
    {
      "type": "Feature",
      "geometry": {
        "type": "Point",
        "coordinates": [
          140.3118974,
          37.438042
        ]
      },
      "properties": {
        "内容": "バス停: 深谷(福島交通) (福島交通)",
        "name": "深谷(福島交通)",
        "operator": "福島交通",
        "ref": "",
        "url": "",
        "url2": ""
      }
    },
    {
      "type": "Feature",
      "geometry": {
        "type": "Point",
        "coordinates": [
          139.9132756,
          37.6022964
        ]
      },
      "properties": {
        "内容": "バス停: 竹屋 (会津バス)",
        "name": "竹屋",
        "operator": "会津バス",
        "ref": "",
        "url": "",
        "url2": ""
      }
    },
    {
      "type": "Feature",
      "geometry": {
        "type": "Point",
        "coordinates": [
          139.9336493,
          37.4884855
        ]
      },
      "properties": {
        "内容": "バス停: 鶴ケ城三の丸口",
        "name": "鶴ケ城三の丸口",
        "operator": "事業者不明",
        "ref": "",
        "url": "",
        "url2": ""
      }
    },
    {
      "type": "Feature",
      "geometry": {
        "type": "Point",
        "coordinates": [
          139.9313542,
          37.490083
        ]
      },
      "properties": {
        "内容": "バス停: 鶴ケ城入口",
        "name": "鶴ケ城入口",
        "operator": "事業者不明",
        "ref": "",
        "url": "",
        "url2": ""
      }
    },
    {
      "type": "Feature",
      "geometry": {
        "type": "Point",
        "coordinates": [
          139.9328521,
          37.489901
        ]
      },
      "properties": {
        "内容": "バス停: 鶴ケ城北口",
        "name": "鶴ケ城北口",
        "operator": "事業者不明",
        "ref": "",
        "url": "",
        "url2": ""
      }
    },
    {
      "type": "Feature",
      "geometry": {
        "type": "Point",
        "coordinates": [
          139.8891461,
          37.5920743
        ]
      },
      "properties": {
        "内容": "バス停: 塩川加賀屋前 (会津バス（会津乗合自動車）)",
        "name": "塩川加賀屋前",
        "operator": "会津バス（会津乗合自動車）",
        "ref": "",
        "url": "",
        "url2": ""
      }
    },
    {
      "type": "Feature",
      "geometry": {
        "type": "Point",
        "coordinates": [
          139.8892956,
          37.5921282
        ]
      },
      "properties": {
        "内容": "バス停: 塩川加賀屋前 (会津バス（会津乗合自動車）)",
        "name": "塩川加賀屋前",
        "operator": "会津バス（会津乗合自動車）",
        "ref": "",
        "url": "",
        "url2": ""
      }
    },
    {
      "type": "Feature",
      "geometry": {
        "type": "Point",
        "coordinates": [
          139.8958416,
          37.6482112
        ]
      },
      "properties": {
        "内容": "バス停: 上勝 (会津バス（会津乗合自動車）)",
        "name": "上勝",
        "operator": "会津バス（会津乗合自動車）",
        "ref": "",
        "url": "",
        "url2": ""
      }
    },
    {
      "type": "Feature",
      "geometry": {
        "type": "Point",
        "coordinates": [
          139.8576007,
          37.5407567
        ]
      },
      "properties": {
        "内容": "バス停: 名称不明バス停",
        "name": "名称不明バス停",
        "operator": "事業者不明",
        "ref": "",
        "url": "",
        "url2": ""
      }
    },
    {
      "type": "Feature",
      "geometry": {
        "type": "Point",
        "coordinates": [
          139.8680142,
          37.5042523
        ]
      },
      "properties": {
        "内容": "バス停: 下新井停留所",
        "name": "下新井停留所",
        "operator": "事業者不明",
        "ref": "",
        "url": "",
        "url2": ""
      }
    },
    {
      "type": "Feature",
      "geometry": {
        "type": "Point",
        "coordinates": [
          140.9252669,
          37.8793019
        ]
      },
      "properties": {
        "内容": "バス停: 名称不明バス停",
        "name": "名称不明バス停",
        "operator": "事業者不明",
        "ref": "",
        "url": "",
        "url2": ""
      }
    },
    {
      "type": "Feature",
      "geometry": {
        "type": "Point",
        "coordinates": [
          140.9252788,
          37.8791479
        ]
      },
      "properties": {
        "内容": "バス停: 名称不明バス停",
        "name": "名称不明バス停",
        "operator": "事業者不明",
        "ref": "",
        "url": "",
        "url2": ""
      }
    },
    {
      "type": "Feature",
      "geometry": {
        "type": "Point",
        "coordinates": [
          140.9633529,
          37.6383812
        ]
      },
      "properties": {
        "内容": "バス停: 栄町二丁目",
        "name": "栄町二丁目",
        "operator": "事業者不明",
        "ref": "",
        "url": "",
        "url2": ""
      }
    },
    {
      "type": "Feature",
      "geometry": {
        "type": "Point",
        "coordinates": [
          140.9605577,
          37.6383667
        ]
      },
      "properties": {
        "内容": "バス停: 栄町",
        "name": "栄町",
        "operator": "事業者不明",
        "ref": "",
        "url": "",
        "url2": ""
      }
    },
    {
      "type": "Feature",
      "geometry": {
        "type": "Point",
        "coordinates": [
          140.3328099,
          37.4579684
        ]
      },
      "properties": {
        "内容": "バス停: 釜場西(福島交通)",
        "name": "釜場西(福島交通)",
        "operator": "事業者不明",
        "ref": "",
        "url": "",
        "url2": ""
      }
    },
    {
      "type": "Feature",
      "geometry": {
        "type": "Point",
        "coordinates": [
          140.3310343,
          37.4571018
        ]
      },
      "properties": {
        "内容": "バス停: 松山池東",
        "name": "松山池東",
        "operator": "事業者不明",
        "ref": "",
        "url": "",
        "url2": ""
      }
    },
    {
      "type": "Feature",
      "geometry": {
        "type": "Point",
        "coordinates": [
          140.4177991,
          37.5903889
        ]
      },
      "properties": {
        "内容": "バス停: 二本松バスストップ (福島交通)",
        "name": "二本松バスストップ",
        "operator": "福島交通",
        "ref": "",
        "url": "",
        "url2": ""
      }
    },
    {
      "type": "Feature",
      "geometry": {
        "type": "Point",
        "coordinates": [
          140.4186654,
          37.5908416
        ]
      },
      "properties": {
        "内容": "バス停: 二本松バスストップ (福島交通)",
        "name": "二本松バスストップ",
        "operator": "福島交通",
        "ref": "",
        "url": "",
        "url2": ""
      }
    },
    {
      "type": "Feature",
      "geometry": {
        "type": "Point",
        "coordinates": [
          140.2712448,
          37.4811018
        ]
      },
      "properties": {
        "内容": "バス停: 熱海駅 (福島交通)",
        "name": "熱海駅",
        "operator": "福島交通",
        "ref": "",
        "url": "",
        "url2": ""
      }
    },
    {
      "type": "Feature",
      "geometry": {
        "type": "Point",
        "coordinates": [
          140.2740472,
          37.4818843
        ]
      },
      "properties": {
        "内容": "バス停: 熱海分署(福島交通)",
        "name": "熱海分署(福島交通)",
        "operator": "事業者不明",
        "ref": "",
        "url": "",
        "url2": ""
      }
    },
    {
      "type": "Feature",
      "geometry": {
        "type": "Point",
        "coordinates": [
          140.2770813,
          37.4818824
        ]
      },
      "properties": {
        "内容": "バス停: 郡山ユラックス(福島交通)",
        "name": "郡山ユラックス(福島交通)",
        "operator": "事業者不明",
        "ref": "",
        "url": "",
        "url2": ""
      }
    },
    {
      "type": "Feature",
      "geometry": {
        "type": "Point",
        "coordinates": [
          140.2803819,
          37.4824896
        ]
      },
      "properties": {
        "内容": "バス停: 熱海グランド前(福島交通)",
        "name": "熱海グランド前(福島交通)",
        "operator": "事業者不明",
        "ref": "",
        "url": "",
        "url2": ""
      }
    },
    {
      "type": "Feature",
      "geometry": {
        "type": "Point",
        "coordinates": [
          140.4226997,
          37.7386269
        ]
      },
      "properties": {
        "内容": "バス停: 名称不明バス停",
        "name": "名称不明バス停",
        "operator": "事業者不明",
        "ref": "",
        "url": "",
        "url2": ""
      }
    },
    {
      "type": "Feature",
      "geometry": {
        "type": "Point",
        "coordinates": [
          140.4231235,
          37.7385972
        ]
      },
      "properties": {
        "内容": "バス停: 名称不明バス停",
        "name": "名称不明バス停",
        "operator": "事業者不明",
        "ref": "",
        "url": "",
        "url2": ""
      }
    },
    {
      "type": "Feature",
      "geometry": {
        "type": "Point",
        "coordinates": [
          139.9491142,
          37.5185779
        ]
      },
      "properties": {
        "内容": "バス停: 居合中央商店街",
        "name": "居合中央商店街",
        "operator": "事業者不明",
        "ref": "",
        "url": "",
        "url2": ""
      }
    },
    {
      "type": "Feature",
      "geometry": {
        "type": "Point",
        "coordinates": [
          139.9492469,
          37.5184651
        ]
      },
      "properties": {
        "内容": "バス停: 居合中央商店街",
        "name": "居合中央商店街",
        "operator": "事業者不明",
        "ref": "",
        "url": "",
        "url2": ""
      }
    },
    {
      "type": "Feature",
      "geometry": {
        "type": "Point",
        "coordinates": [
          140.318276,
          37.3760314
        ]
      },
      "properties": {
        "内容": "バス停: 郡山運転免許センター (福島交通)",
        "name": "郡山運転免許センター",
        "operator": "福島交通",
        "ref": "",
        "url": "",
        "url2": ""
      }
    },
    {
      "type": "Feature",
      "geometry": {
        "type": "Point",
        "coordinates": [
          139.3917162,
          37.0284616
        ]
      },
      "properties": {
        "内容": "バス停: 駒ケ岳登山口",
        "name": "駒ケ岳登山口",
        "operator": "事業者不明",
        "ref": "",
        "url": "",
        "url2": ""
      }
    },
    {
      "type": "Feature",
      "geometry": {
        "type": "Point",
        "coordinates": [
          140.4547113,
          37.8024397
        ]
      },
      "properties": {
        "内容": "バス停: 名称不明バス停",
        "name": "名称不明バス停",
        "operator": "事業者不明",
        "ref": "",
        "url": "",
        "url2": ""
      }
    },
    {
      "type": "Feature",
      "geometry": {
        "type": "Point",
        "coordinates": [
          140.4555732,
          37.8031476
        ]
      },
      "properties": {
        "内容": "バス停: 名称不明バス停",
        "name": "名称不明バス停",
        "operator": "事業者不明",
        "ref": "",
        "url": "",
        "url2": ""
      }
    },
    {
      "type": "Feature",
      "geometry": {
        "type": "Point",
        "coordinates": [
          140.3175949,
          37.3756145
        ]
      },
      "properties": {
        "内容": "バス停: 郡山運転免許センター (福島交通)",
        "name": "郡山運転免許センター",
        "operator": "福島交通",
        "ref": "",
        "url": "",
        "url2": ""
      }
    },
    {
      "type": "Feature",
      "geometry": {
        "type": "Point",
        "coordinates": [
          140.4779615,
          37.7029814
        ]
      },
      "properties": {
        "内容": "バス停: 福島市蓬莱町",
        "name": "福島市蓬莱町",
        "operator": "事業者不明",
        "ref": "",
        "url": "",
        "url2": ""
      }
    },
    {
      "type": "Feature",
      "geometry": {
        "type": "Point",
        "coordinates": [
          140.3724348,
          37.4025785
        ]
      },
      "properties": {
        "内容": "バス停: 郡山市神明町",
        "name": "郡山市神明町",
        "operator": "事業者不明",
        "ref": "",
        "url": "",
        "url2": ""
      }
    },
    {
      "type": "Feature",
      "geometry": {
        "type": "Point",
        "coordinates": [
          139.8332405,
          37.5603655
        ]
      },
      "properties": {
        "内容": "バス停: 名称不明バス停",
        "name": "名称不明バス停",
        "operator": "事業者不明",
        "ref": "",
        "url": "",
        "url2": ""
      }
    },
    {
      "type": "Feature",
      "geometry": {
        "type": "Point",
        "coordinates": [
          139.3831868,
          37.0190542
        ]
      },
      "properties": {
        "内容": "バス停: 上の原",
        "name": "上の原",
        "operator": "事業者不明",
        "ref": "",
        "url": "",
        "url2": ""
      }
    },
    {
      "type": "Feature",
      "geometry": {
        "type": "Point",
        "coordinates": [
          139.3814099,
          37.0165582
        ]
      },
      "properties": {
        "内容": "バス停: 中土合公園前",
        "name": "中土合公園前",
        "operator": "事業者不明",
        "ref": "",
        "url": "",
        "url2": ""
      }
    },
    {
      "type": "Feature",
      "geometry": {
        "type": "Point",
        "coordinates": [
          139.3767723,
          37.0110946
        ]
      },
      "properties": {
        "内容": "バス停: ミニ尾瀬公園前",
        "name": "ミニ尾瀬公園前",
        "operator": "事業者不明",
        "ref": "",
        "url": "",
        "url2": ""
      }
    },
    {
      "type": "Feature",
      "geometry": {
        "type": "Point",
        "coordinates": [
          139.9279106,
          37.4943081
        ]
      },
      "properties": {
        "内容": "バス停: 市役所西口 (会津バス)",
        "name": "市役所西口",
        "operator": "会津バス",
        "ref": "",
        "url": "",
        "url2": ""
      }
    },
    {
      "type": "Feature",
      "geometry": {
        "type": "Point",
        "coordinates": [
          139.9273445,
          37.4922867
        ]
      },
      "properties": {
        "内容": "バス停: 三の丁 (会津バス)",
        "name": "三の丁",
        "operator": "会津バス",
        "ref": "",
        "url": "",
        "url2": ""
      }
    },
    {
      "type": "Feature",
      "geometry": {
        "type": "Point",
        "coordinates": [
          139.9280113,
          37.4905509
        ]
      },
      "properties": {
        "内容": "バス停: 鶴ヶ城・合同庁舎前",
        "name": "鶴ヶ城・合同庁舎前",
        "operator": "事業者不明",
        "ref": "",
        "url": "",
        "url2": ""
      }
    },
    {
      "type": "Feature",
      "geometry": {
        "type": "Point",
        "coordinates": [
          139.935774,
          37.4855109
        ]
      },
      "properties": {
        "内容": "バス停: 鶴ヶ城体育館",
        "name": "鶴ヶ城体育館",
        "operator": "事業者不明",
        "ref": "",
        "url": "",
        "url2": ""
      }
    },
    {
      "type": "Feature",
      "geometry": {
        "type": "Point",
        "coordinates": [
          139.9349252,
          37.4862616
        ]
      },
      "properties": {
        "内容": "バス停: 文化センター前",
        "name": "文化センター前",
        "operator": "事業者不明",
        "ref": "",
        "url": "",
        "url2": ""
      }
    },
    {
      "type": "Feature",
      "geometry": {
        "type": "Point",
        "coordinates": [
          139.9347563,
          37.4862221
        ]
      },
      "properties": {
        "内容": "バス停: 文化センター前",
        "name": "文化センター前",
        "operator": "事業者不明",
        "ref": "",
        "url": "",
        "url2": ""
      }
    },
    {
      "type": "Feature",
      "geometry": {
        "type": "Point",
        "coordinates": [
          139.9356583,
          37.4854264
        ]
      },
      "properties": {
        "内容": "バス停: 鶴ヶ城体育館",
        "name": "鶴ヶ城体育館",
        "operator": "事業者不明",
        "ref": "",
        "url": "",
        "url2": ""
      }
    },
    {
      "type": "Feature",
      "geometry": {
        "type": "Point",
        "coordinates": [
          139.9337181,
          37.488179
        ]
      },
      "properties": {
        "内容": "バス停: 鶴ケ城三の丸口",
        "name": "鶴ケ城三の丸口",
        "operator": "事業者不明",
        "ref": "",
        "url": "",
        "url2": ""
      }
    },
    {
      "type": "Feature",
      "geometry": {
        "type": "Point",
        "coordinates": [
          139.9322789,
          37.4900428
        ]
      },
      "properties": {
        "内容": "バス停: 鶴ケ城北口",
        "name": "鶴ケ城北口",
        "operator": "事業者不明",
        "ref": "",
        "url": "",
        "url2": ""
      }
    },
    {
      "type": "Feature",
      "geometry": {
        "type": "Point",
        "coordinates": [
          139.9306722,
          37.4918403
        ]
      },
      "properties": {
        "内容": "バス停: 北出丸大通り",
        "name": "北出丸大通り",
        "operator": "事業者不明",
        "ref": "",
        "url": "",
        "url2": ""
      }
    },
    {
      "type": "Feature",
      "geometry": {
        "type": "Point",
        "coordinates": [
          139.9295673,
          37.495134
        ]
      },
      "properties": {
        "内容": "バス停: 会津若松市役所前",
        "name": "会津若松市役所前",
        "operator": "事業者不明",
        "ref": "",
        "url": "",
        "url2": ""
      }
    },
    {
      "type": "Feature",
      "geometry": {
        "type": "Point",
        "coordinates": [
          139.9303709,
          37.495081
        ]
      },
      "properties": {
        "内容": "バス停: 会津若松市役所前",
        "name": "会津若松市役所前",
        "operator": "事業者不明",
        "ref": "",
        "url": "",
        "url2": ""
      }
    },
    {
      "type": "Feature",
      "geometry": {
        "type": "Point",
        "coordinates": [
          139.9306402,
          37.4920393
        ]
      },
      "properties": {
        "内容": "バス停: 北出丸大通り",
        "name": "北出丸大通り",
        "operator": "事業者不明",
        "ref": "",
        "url": "",
        "url2": ""
      }
    },
    {
      "type": "Feature",
      "geometry": {
        "type": "Point",
        "coordinates": [
          139.9182805,
          37.5204348
        ]
      },
      "properties": {
        "内容": "バス停: 会津アピオ入口 (会津バス)",
        "name": "会津アピオ入口",
        "operator": "会津バス",
        "ref": "",
        "url": "",
        "url2": ""
      }
    },
    {
      "type": "Feature",
      "geometry": {
        "type": "Point",
        "coordinates": [
          139.9180873,
          37.5204241
        ]
      },
      "properties": {
        "内容": "バス停: 会津アピオ入口 (会津バス)",
        "name": "会津アピオ入口",
        "operator": "会津バス",
        "ref": "",
        "url": "",
        "url2": ""
      }
    },
    {
      "type": "Feature",
      "geometry": {
        "type": "Point",
        "coordinates": [
          139.9300798,
          37.4960531
        ]
      },
      "properties": {
        "内容": "バス停: 會津稽古堂",
        "name": "會津稽古堂",
        "operator": "事業者不明",
        "ref": "",
        "url": "",
        "url2": ""
      }
    },
    {
      "type": "Feature",
      "geometry": {
        "type": "Point",
        "coordinates": [
          139.9499878,
          37.4890175
        ]
      },
      "properties": {
        "内容": "バス停: 名称不明バス停",
        "name": "名称不明バス停",
        "operator": "事業者不明",
        "ref": "",
        "url": "",
        "url2": ""
      }
    },
    {
      "type": "Feature",
      "geometry": {
        "type": "Point",
        "coordinates": [
          139.9321751,
          37.510544
        ]
      },
      "properties": {
        "内容": "バス停: 三菱マテリアル前",
        "name": "三菱マテリアル前",
        "operator": "事業者不明",
        "ref": "",
        "url": "",
        "url2": ""
      }
    },
    {
      "type": "Feature",
      "geometry": {
        "type": "Point",
        "coordinates": [
          139.932316,
          37.5106631
        ]
      },
      "properties": {
        "内容": "バス停: 三菱伸銅前",
        "name": "三菱伸銅前",
        "operator": "事業者不明",
        "ref": "",
        "url": "",
        "url2": ""
      }
    },
    {
      "type": "Feature",
      "geometry": {
        "type": "Point",
        "coordinates": [
          139.9315837,
          37.5053875
        ]
      },
      "properties": {
        "内容": "バス停: 大町二丁目",
        "name": "大町二丁目",
        "operator": "事業者不明",
        "ref": "",
        "url": "",
        "url2": ""
      }
    },
    {
      "type": "Feature",
      "geometry": {
        "type": "Point",
        "coordinates": [
          139.9318566,
          37.5054464
        ]
      },
      "properties": {
        "内容": "バス停: 大町二丁目",
        "name": "大町二丁目",
        "operator": "事業者不明",
        "ref": "",
        "url": "",
        "url2": ""
      }
    },
    {
      "type": "Feature",
      "geometry": {
        "type": "Point",
        "coordinates": [
          139.9335062,
          37.5068537
        ]
      },
      "properties": {
        "内容": "バス停: ワシントンホテル前",
        "name": "ワシントンホテル前",
        "operator": "事業者不明",
        "ref": "",
        "url": "",
        "url2": ""
      }
    },
    {
      "type": "Feature",
      "geometry": {
        "type": "Point",
        "coordinates": [
          140.4430323,
          37.7443782
        ]
      },
      "properties": {
        "内容": "バス停: 福島運輸支局",
        "name": "福島運輸支局",
        "operator": "事業者不明",
        "ref": "",
        "url": "",
        "url2": ""
      }
    },
    {
      "type": "Feature",
      "geometry": {
        "type": "Point",
        "coordinates": [
          140.4364194,
          37.7443099
        ]
      },
      "properties": {
        "内容": "バス停: 松木内",
        "name": "松木内",
        "operator": "事業者不明",
        "ref": "",
        "url": "",
        "url2": ""
      }
    },
    {
      "type": "Feature",
      "geometry": {
        "type": "Point",
        "coordinates": [
          140.448526,
          37.7442332
        ]
      },
      "properties": {
        "内容": "バス停: 福島ふそう前",
        "name": "福島ふそう前",
        "operator": "事業者不明",
        "ref": "",
        "url": "",
        "url2": ""
      }
    },
    {
      "type": "Feature",
      "geometry": {
        "type": "Point",
        "coordinates": [
          140.424449,
          37.739289
        ]
      },
      "properties": {
        "内容": "バス停: 福島西インターチェンジ",
        "name": "福島西インターチェンジ",
        "operator": "事業者不明",
        "ref": "",
        "url": "",
        "url2": ""
      }
    },
    {
      "type": "Feature",
      "geometry": {
        "type": "Point",
        "coordinates": [
          139.9263706,
          37.4860819
        ]
      },
      "properties": {
        "内容": "バス停: 米代二丁目",
        "name": "米代二丁目",
        "operator": "事業者不明",
        "ref": "",
        "url": "",
        "url2": ""
      }
    },
    {
      "type": "Feature",
      "geometry": {
        "type": "Point",
        "coordinates": [
          139.9268926,
          37.489875
        ]
      },
      "properties": {
        "内容": "バス停: 鶴ヶ城西口",
        "name": "鶴ヶ城西口",
        "operator": "事業者不明",
        "ref": "",
        "url": "",
        "url2": ""
      }
    },
    {
      "type": "Feature",
      "geometry": {
        "type": "Point",
        "coordinates": [
          139.9258087,
          37.4853316
        ]
      },
      "properties": {
        "内容": "バス停: 米代",
        "name": "米代",
        "operator": "事業者不明",
        "ref": "",
        "url": "",
        "url2": ""
      }
    },
    {
      "type": "Feature",
      "geometry": {
        "type": "Point",
        "coordinates": [
          139.9269194,
          37.4894942
        ]
      },
      "properties": {
        "内容": "バス停: 鶴ヶ城西口",
        "name": "鶴ヶ城西口",
        "operator": "事業者不明",
        "ref": "",
        "url": "",
        "url2": ""
      }
    },
    {
      "type": "Feature",
      "geometry": {
        "type": "Point",
        "coordinates": [
          139.9262365,
          37.4862037
        ]
      },
      "properties": {
        "内容": "バス停: 米代二丁目",
        "name": "米代二丁目",
        "operator": "事業者不明",
        "ref": "",
        "url": "",
        "url2": ""
      }
    },
    {
      "type": "Feature",
      "geometry": {
        "type": "Point",
        "coordinates": [
          139.9324453,
          37.5152925
        ]
      },
      "properties": {
        "内容": "バス停: 北柳原",
        "name": "北柳原",
        "operator": "事業者不明",
        "ref": "",
        "url": "",
        "url2": ""
      }
    },
    {
      "type": "Feature",
      "geometry": {
        "type": "Point",
        "coordinates": [
          139.928282,
          37.496253
        ]
      },
      "properties": {
        "内容": "バス停: 神明通り",
        "name": "神明通り",
        "operator": "事業者不明",
        "ref": "",
        "url": "",
        "url2": ""
      }
    },
    {
      "type": "Feature",
      "geometry": {
        "type": "Point",
        "coordinates": [
          139.9359293,
          37.5062486
        ]
      },
      "properties": {
        "内容": "バス停: 一中前",
        "name": "一中前",
        "operator": "事業者不明",
        "ref": "",
        "url": "",
        "url2": ""
      }
    },
    {
      "type": "Feature",
      "geometry": {
        "type": "Point",
        "coordinates": [
          139.9289913,
          37.4903634
        ]
      },
      "properties": {
        "内容": "バス停: 合同庁舎前",
        "name": "合同庁舎前",
        "operator": "事業者不明",
        "ref": "",
        "url": "",
        "url2": ""
      }
    },
    {
      "type": "Feature",
      "geometry": {
        "type": "Point",
        "coordinates": [
          139.927294,
          37.4912965
        ]
      },
      "properties": {
        "内容": "バス停: 三の丁 (会津バス)",
        "name": "三の丁",
        "operator": "会津バス",
        "ref": "",
        "url": "",
        "url2": ""
      }
    },
    {
      "type": "Feature",
      "geometry": {
        "type": "Point",
        "coordinates": [
          139.9268151,
          37.4965735
        ]
      },
      "properties": {
        "内容": "バス停: 野口英世青春広場前",
        "name": "野口英世青春広場前",
        "operator": "事業者不明",
        "ref": "H11",
        "url": "",
        "url2": ""
      }
    },
    {
      "type": "Feature",
      "geometry": {
        "type": "Point",
        "coordinates": [
          139.9322329,
          37.489732
        ]
      },
      "properties": {
        "内容": "バス停: 鶴ヶ城会館前",
        "name": "鶴ヶ城会館前",
        "operator": "事業者不明",
        "ref": "",
        "url": "",
        "url2": ""
      }
    },
    {
      "type": "Feature",
      "geometry": {
        "type": "Point",
        "coordinates": [
          139.9356799,
          37.5061865
        ]
      },
      "properties": {
        "内容": "バス停: 一中前 (会津バス)",
        "name": "一中前",
        "operator": "会津バス",
        "ref": "",
        "url": "",
        "url2": ""
      }
    },
    {
      "type": "Feature",
      "geometry": {
        "type": "Point",
        "coordinates": [
          139.9399901,
          37.5054637
        ]
      },
      "properties": {
        "内容": "バス停: 蚕養神社前",
        "name": "蚕養神社前",
        "operator": "事業者不明",
        "ref": "",
        "url": "",
        "url2": ""
      }
    },
    {
      "type": "Feature",
      "geometry": {
        "type": "Point",
        "coordinates": [
          139.94383,
          37.5048043
        ]
      },
      "properties": {
        "内容": "バス停: 会津短大南口",
        "name": "会津短大南口",
        "operator": "事業者不明",
        "ref": "",
        "url": "",
        "url2": ""
      }
    },
    {
      "type": "Feature",
      "geometry": {
        "type": "Point",
        "coordinates": [
          139.9299959,
          37.5013624
        ]
      },
      "properties": {
        "内容": "バス停: 大町一丁目",
        "name": "大町一丁目",
        "operator": "事業者不明",
        "ref": "",
        "url": "",
        "url2": ""
      }
    },
    {
      "type": "Feature",
      "geometry": {
        "type": "Point",
        "coordinates": [
          139.9316085,
          37.4949215
        ]
      },
      "properties": {
        "内容": "バス停: 栄町南",
        "name": "栄町南",
        "operator": "事業者不明",
        "ref": "",
        "url": "",
        "url2": ""
      }
    },
    {
      "type": "Feature",
      "geometry": {
        "type": "Point",
        "coordinates": [
          139.9319974,
          37.5075
        ]
      },
      "properties": {
        "内容": "バス停: 若松駅前バスターミナル",
        "name": "若松駅前バスターミナル",
        "operator": "事業者不明",
        "ref": "",
        "url": "",
        "url2": ""
      }
    },
    {
      "type": "Feature",
      "geometry": {
        "type": "Point",
        "coordinates": [
          139.9324141,
          37.4841941
        ]
      },
      "properties": {
        "内容": "バス停: 鶴ヶ城南口",
        "name": "鶴ヶ城南口",
        "operator": "事業者不明",
        "ref": "",
        "url": "",
        "url2": ""
      }
    },
    {
      "type": "Feature",
      "geometry": {
        "type": "Point",
        "coordinates": [
          139.9324319,
          37.4841206
        ]
      },
      "properties": {
        "内容": "バス停: 鶴ヶ城南口",
        "name": "鶴ヶ城南口",
        "operator": "事業者不明",
        "ref": "",
        "url": "",
        "url2": ""
      }
    },
    {
      "type": "Feature",
      "geometry": {
        "type": "Point",
        "coordinates": [
          139.943513,
          37.4918328
        ]
      },
      "properties": {
        "内容": "バス停: お薬園",
        "name": "お薬園",
        "operator": "事業者不明",
        "ref": "",
        "url": "",
        "url2": ""
      }
    },
    {
      "type": "Feature",
      "geometry": {
        "type": "Point",
        "coordinates": [
          139.953169,
          37.4851831
        ]
      },
      "properties": {
        "内容": "バス停: 会津武家屋敷前",
        "name": "会津武家屋敷前",
        "operator": "事業者不明",
        "ref": "",
        "url": "",
        "url2": ""
      }
    },
    {
      "type": "Feature",
      "geometry": {
        "type": "Point",
        "coordinates": [
          139.9504833,
          37.4875906
        ]
      },
      "properties": {
        "内容": "バス停: 奴郎け前",
        "name": "奴郎け前",
        "operator": "事業者不明",
        "ref": "",
        "url": "",
        "url2": ""
      }
    },
    {
      "type": "Feature",
      "geometry": {
        "type": "Point",
        "coordinates": [
          139.9226464,
          37.4999457
        ]
      },
      "properties": {
        "内容": "バス停: 七日町中央",
        "name": "七日町中央",
        "operator": "事業者不明",
        "ref": "",
        "url": "",
        "url2": ""
      }
    },
    {
      "type": "Feature",
      "geometry": {
        "type": "Point",
        "coordinates": [
          139.930799,
          37.4922499
        ]
      },
      "properties": {
        "内容": "バス停: 宮泉銘醸前",
        "name": "宮泉銘醸前",
        "operator": "事業者不明",
        "ref": "",
        "url": "",
        "url2": ""
      }
    },
    {
      "type": "Feature",
      "geometry": {
        "type": "Point",
        "coordinates": [
          139.9266254,
          37.4988415
        ]
      },
      "properties": {
        "内容": "バス停: 七日町白木屋前",
        "name": "七日町白木屋前",
        "operator": "事業者不明",
        "ref": "",
        "url": "",
        "url2": ""
      }
    },
    {
      "type": "Feature",
      "geometry": {
        "type": "Point",
        "coordinates": [
          139.9292665,
          37.5010864
        ]
      },
      "properties": {
        "内容": "バス停: まちなか伝承館",
        "name": "まちなか伝承館",
        "operator": "事業者不明",
        "ref": "",
        "url": "",
        "url2": ""
      }
    },
    {
      "type": "Feature",
      "geometry": {
        "type": "Point",
        "coordinates": [
          139.9271812,
          37.4976056
        ]
      },
      "properties": {
        "内容": "バス停: 野口英世青春館前",
        "name": "野口英世青春館前",
        "operator": "事業者不明",
        "ref": "",
        "url": "",
        "url2": ""
      }
    },
    {
      "type": "Feature",
      "geometry": {
        "type": "Point",
        "coordinates": [
          139.931779,
          37.4975932
        ]
      },
      "properties": {
        "内容": "バス停: 一の町",
        "name": "一の町",
        "operator": "事業者不明",
        "ref": "",
        "url": "",
        "url2": ""
      }
    },
    {
      "type": "Feature",
      "geometry": {
        "type": "Point",
        "coordinates": [
          139.9290365,
          37.4995908
        ]
      },
      "properties": {
        "内容": "バス停: 郵便局前",
        "name": "郵便局前",
        "operator": "事業者不明",
        "ref": "",
        "url": "",
        "url2": ""
      }
    },
    {
      "type": "Feature",
      "geometry": {
        "type": "Point",
        "coordinates": [
          139.9288519,
          37.5014068
        ]
      },
      "properties": {
        "内容": "バス停: 町方伝承館前",
        "name": "町方伝承館前",
        "operator": "事業者不明",
        "ref": "",
        "url": "",
        "url2": ""
      }
    },
    {
      "type": "Feature",
      "geometry": {
        "type": "Point",
        "coordinates": [
          139.9300396,
          37.5013618
        ]
      },
      "properties": {
        "内容": "バス停: 大町一丁目",
        "name": "大町一丁目",
        "operator": "事業者不明",
        "ref": "",
        "url": "",
        "url2": ""
      }
    },
    {
      "type": "Feature",
      "geometry": {
        "type": "Point",
        "coordinates": [
          139.9300574,
          37.5019182
        ]
      },
      "properties": {
        "内容": "バス停: 大町一丁目",
        "name": "大町一丁目",
        "operator": "事業者不明",
        "ref": "",
        "url": "",
        "url2": ""
      }
    },
    {
      "type": "Feature",
      "geometry": {
        "type": "Point",
        "coordinates": [
          139.9309928,
          37.5035277
        ]
      },
      "properties": {
        "内容": "バス停: 大町中央公園",
        "name": "大町中央公園",
        "operator": "事業者不明",
        "ref": "",
        "url": "",
        "url2": ""
      }
    },
    {
      "type": "Feature",
      "geometry": {
        "type": "Point",
        "coordinates": [
          139.9312356,
          37.4977946
        ]
      },
      "properties": {
        "内容": "バス停: 一の町",
        "name": "一の町",
        "operator": "事業者不明",
        "ref": "",
        "url": "",
        "url2": ""
      }
    },
    {
      "type": "Feature",
      "geometry": {
        "type": "Point",
        "coordinates": [
          139.9281419,
          37.4997745
        ]
      },
      "properties": {
        "内容": "バス停: 大町二之町",
        "name": "大町二之町",
        "operator": "事業者不明",
        "ref": "",
        "url": "",
        "url2": ""
      }
    },
    {
      "type": "Feature",
      "geometry": {
        "type": "Point",
        "coordinates": [
          139.9307225,
          37.5034112
        ]
      },
      "properties": {
        "内容": "バス停: 大町中央公園",
        "name": "大町中央公園",
        "operator": "事業者不明",
        "ref": "",
        "url": "",
        "url2": ""
      }
    },
    {
      "type": "Feature",
      "geometry": {
        "type": "Point",
        "coordinates": [
          139.926348,
          37.4990019
        ]
      },
      "properties": {
        "内容": "バス停: 七日町白木屋前",
        "name": "七日町白木屋前",
        "operator": "事業者不明",
        "ref": "",
        "url": "",
        "url2": ""
      }
    },
    {
      "type": "Feature",
      "geometry": {
        "type": "Point",
        "coordinates": [
          139.9255864,
          37.4955409
        ]
      },
      "properties": {
        "内容": "バス停: 栄町中三丁目",
        "name": "栄町中三丁目",
        "operator": "事業者不明",
        "ref": "",
        "url": "",
        "url2": ""
      }
    },
    {
      "type": "Feature",
      "geometry": {
        "type": "Point",
        "coordinates": [
          139.9324303,
          37.4971215
        ]
      },
      "properties": {
        "内容": "バス停: 栄町",
        "name": "栄町",
        "operator": "事業者不明",
        "ref": "",
        "url": "",
        "url2": ""
      }
    },
    {
      "type": "Feature",
      "geometry": {
        "type": "Point",
        "coordinates": [
          139.9331911,
          37.5080809
        ]
      },
      "properties": {
        "内容": "バス停: 若松駅前",
        "name": "若松駅前",
        "operator": "事業者不明",
        "ref": "",
        "url": "",
        "url2": ""
      }
    },
    {
      "type": "Feature",
      "geometry": {
        "type": "Point",
        "coordinates": [
          139.9349123,
          37.5087457
        ]
      },
      "properties": {
        "内容": "バス停: 白虎町",
        "name": "白虎町",
        "operator": "事業者不明",
        "ref": "",
        "url": "",
        "url2": ""
      }
    },
    {
      "type": "Feature",
      "geometry": {
        "type": "Point",
        "coordinates": [
          139.9349968,
          37.5086067
        ]
      },
      "properties": {
        "内容": "バス停: 白虎町",
        "name": "白虎町",
        "operator": "事業者不明",
        "ref": "",
        "url": "",
        "url2": ""
      }
    },
    {
      "type": "Feature",
      "geometry": {
        "type": "Point",
        "coordinates": [
          139.9370158,
          37.5105932
        ]
      },
      "properties": {
        "内容": "バス停: 扇町南",
        "name": "扇町南",
        "operator": "事業者不明",
        "ref": "",
        "url": "",
        "url2": ""
      }
    },
    {
      "type": "Feature",
      "geometry": {
        "type": "Point",
        "coordinates": [
          139.9368431,
          37.5140789
        ]
      },
      "properties": {
        "内容": "バス停: 扇町北",
        "name": "扇町北",
        "operator": "事業者不明",
        "ref": "",
        "url": "",
        "url2": ""
      }
    },
    {
      "type": "Feature",
      "geometry": {
        "type": "Point",
        "coordinates": [
          139.936714,
          37.5140479
        ]
      },
      "properties": {
        "内容": "バス停: 扇町北",
        "name": "扇町北",
        "operator": "事業者不明",
        "ref": "",
        "url": "",
        "url2": ""
      }
    },
    {
      "type": "Feature",
      "geometry": {
        "type": "Point",
        "coordinates": [
          139.9365909,
          37.5159706
        ]
      },
      "properties": {
        "内容": "バス停: 亀賀村前",
        "name": "亀賀村前",
        "operator": "事業者不明",
        "ref": "",
        "url": "",
        "url2": ""
      }
    },
    {
      "type": "Feature",
      "geometry": {
        "type": "Point",
        "coordinates": [
          139.9367451,
          37.515993
        ]
      },
      "properties": {
        "内容": "バス停: 亀賀村前",
        "name": "亀賀村前",
        "operator": "事業者不明",
        "ref": "",
        "url": "",
        "url2": ""
      }
    },
    {
      "type": "Feature",
      "geometry": {
        "type": "Point",
        "coordinates": [
          139.9326773,
          37.5162343
        ]
      },
      "properties": {
        "内容": "バス停: 北柳原",
        "name": "北柳原",
        "operator": "事業者不明",
        "ref": "",
        "url": "",
        "url2": ""
      }
    },
    {
      "type": "Feature",
      "geometry": {
        "type": "Point",
        "coordinates": [
          139.9371597,
          37.5106555
        ]
      },
      "properties": {
        "内容": "バス停: 扇町南",
        "name": "扇町南",
        "operator": "事業者不明",
        "ref": "",
        "url": "",
        "url2": ""
      }
    },
    {
      "type": "Feature",
      "geometry": {
        "type": "Point",
        "coordinates": [
          140.3900452,
          37.3955555
        ]
      },
      "properties": {
        "内容": "バス停: 郡山駅東口",
        "name": "郡山駅東口",
        "operator": "事業者不明",
        "ref": "",
        "url": "",
        "url2": ""
      }
    },
    {
      "type": "Feature",
      "geometry": {
        "type": "Point",
        "coordinates": [
          140.3895776,
          37.3953414
        ]
      },
      "properties": {
        "内容": "バス停: 郡山駅東口",
        "name": "郡山駅東口",
        "operator": "事業者不明",
        "ref": "",
        "url": "",
        "url2": ""
      }
    },
    {
      "type": "Feature",
      "geometry": {
        "type": "Point",
        "coordinates": [
          140.8514391,
          37.0658168
        ]
      },
      "properties": {
        "内容": "バス停: 好間一小高速バス停留所（下り） (新常磐交通)",
        "name": "好間一小高速バス停留所（下り）",
        "operator": "新常磐交通",
        "ref": "",
        "url": "",
        "url2": ""
      }
    },
    {
      "type": "Feature",
      "geometry": {
        "type": "Point",
        "coordinates": [
          140.8516584,
          37.0655492
        ]
      },
      "properties": {
        "内容": "バス停: 好間一小高速バス停留所（上り） (新常磐交通)",
        "name": "好間一小高速バス停留所（上り）",
        "operator": "新常磐交通",
        "ref": "",
        "url": "",
        "url2": ""
      }
    },
    {
      "type": "Feature",
      "geometry": {
        "type": "Point",
        "coordinates": [
          140.8514588,
          37.0658065
        ]
      },
      "properties": {
        "内容": "バス停: 好間 (新常磐交通)",
        "name": "好間",
        "operator": "新常磐交通",
        "ref": "",
        "url": "",
        "url2": ""
      }
    },
    {
      "type": "Feature",
      "geometry": {
        "type": "Point",
        "coordinates": [
          140.8516715,
          37.0655367
        ]
      },
      "properties": {
        "内容": "バス停: 好間 (新常磐交通)",
        "name": "好間",
        "operator": "新常磐交通",
        "ref": "",
        "url": "",
        "url2": ""
      }
    },
    {
      "type": "Feature",
      "geometry": {
        "type": "Point",
        "coordinates": [
          140.8893044,
          37.0534398
        ]
      },
      "properties": {
        "内容": "バス停: 平中町 (新常磐交通)",
        "name": "平中町",
        "operator": "新常磐交通",
        "ref": "",
        "url": "",
        "url2": ""
      }
    },
    {
      "type": "Feature",
      "geometry": {
        "type": "Point",
        "coordinates": [
          140.8887221,
          37.0535508
        ]
      },
      "properties": {
        "内容": "バス停: 平中町 (新常磐交通)",
        "name": "平中町",
        "operator": "新常磐交通",
        "ref": "",
        "url": "",
        "url2": ""
      }
    },
    {
      "type": "Feature",
      "geometry": {
        "type": "Point",
        "coordinates": [
          140.8640023,
          37.0588521
        ]
      },
      "properties": {
        "内容": "バス停: 叶田団地入口 (新常磐交通)",
        "name": "叶田団地入口",
        "operator": "新常磐交通",
        "ref": "",
        "url": "",
        "url2": ""
      }
    },
    {
      "type": "Feature",
      "geometry": {
        "type": "Point",
        "coordinates": [
          140.8636333,
          37.0589218
        ]
      },
      "properties": {
        "内容": "バス停: 叶田団地入口 (新常磐交通)",
        "name": "叶田団地入口",
        "operator": "新常磐交通",
        "ref": "",
        "url": "",
        "url2": ""
      }
    },
    {
      "type": "Feature",
      "geometry": {
        "type": "Point",
        "coordinates": [
          140.885405,
          37.0533567
        ]
      },
      "properties": {
        "内容": "バス停: 堂の前 (新常磐交通)",
        "name": "堂の前",
        "operator": "新常磐交通",
        "ref": "",
        "url": "",
        "url2": ""
      }
    },
    {
      "type": "Feature",
      "geometry": {
        "type": "Point",
        "coordinates": [
          140.8825355,
          37.0531964
        ]
      },
      "properties": {
        "内容": "バス停: 長橋町 (新常磐交通)",
        "name": "長橋町",
        "operator": "新常磐交通",
        "ref": "",
        "url": "",
        "url2": ""
      }
    },
    {
      "type": "Feature",
      "geometry": {
        "type": "Point",
        "coordinates": [
          140.8853061,
          37.0534936
        ]
      },
      "properties": {
        "内容": "バス停: 堂の前 (新常磐交通)",
        "name": "堂の前",
        "operator": "新常磐交通",
        "ref": "",
        "url": "",
        "url2": ""
      }
    },
    {
      "type": "Feature",
      "geometry": {
        "type": "Point",
        "coordinates": [
          140.883217,
          37.0533924
        ]
      },
      "properties": {
        "内容": "バス停: 長橋町 (新常磐交通)",
        "name": "長橋町",
        "operator": "新常磐交通",
        "ref": "",
        "url": "",
        "url2": ""
      }
    },
    {
      "type": "Feature",
      "geometry": {
        "type": "Point",
        "coordinates": [
          140.875638,
          37.0553866
        ]
      },
      "properties": {
        "内容": "バス停: 御台所入口 (新常磐交通)",
        "name": "御台所入口",
        "operator": "新常磐交通",
        "ref": "",
        "url": "",
        "url2": ""
      }
    },
    {
      "type": "Feature",
      "geometry": {
        "type": "Point",
        "coordinates": [
          140.8746873,
          37.0558085
        ]
      },
      "properties": {
        "内容": "バス停: 御台所入口 (新常磐交通)",
        "name": "御台所入口",
        "operator": "新常磐交通",
        "ref": "",
        "url": "",
        "url2": ""
      }
    },
    {
      "type": "Feature",
      "geometry": {
        "type": "Point",
        "coordinates": [
          140.8138028,
          37.0018983
        ]
      },
      "properties": {
        "内容": "バス停: いわき湯本インター (新常磐交通)",
        "name": "いわき湯本インター",
        "operator": "新常磐交通",
        "ref": "",
        "url": "",
        "url2": ""
      }
    },
    {
      "type": "Feature",
      "geometry": {
        "type": "Point",
        "coordinates": [
          140.7528193,
          36.9036885
        ]
      },
      "properties": {
        "内容": "バス停: いわき勿来インター (新常磐交通)",
        "name": "いわき勿来インター",
        "operator": "新常磐交通",
        "ref": "",
        "url": "",
        "url2": ""
      }
    },
    {
      "type": "Feature",
      "geometry": {
        "type": "Point",
        "coordinates": [
          140.9180329,
          37.0132631
        ]
      },
      "properties": {
        "内容": "バス停: ラパークいわき (新常磐交通)",
        "name": "ラパークいわき",
        "operator": "新常磐交通",
        "ref": "",
        "url": "",
        "url2": ""
      }
    },
    {
      "type": "Feature",
      "geometry": {
        "type": "Point",
        "coordinates": [
          140.9407012,
          37.0645689
        ]
      },
      "properties": {
        "内容": "バス停: JRバスいわき支店 (JRバス関東)",
        "name": "JRバスいわき支店",
        "operator": "JRバス関東",
        "ref": "",
        "url": "",
        "url2": ""
      }
    },
    {
      "type": "Feature",
      "geometry": {
        "type": "Point",
        "coordinates": [
          140.3879545,
          37.3993123
        ]
      },
      "properties": {
        "内容": "バス停: 郡山駅前",
        "name": "郡山駅前",
        "operator": "事業者不明",
        "ref": "",
        "url": "",
        "url2": ""
      }
    },
    {
      "type": "Feature",
      "geometry": {
        "type": "Point",
        "coordinates": [
          140.3880855,
          37.3992303
        ]
      },
      "properties": {
        "内容": "バス停: 郡山駅前",
        "name": "郡山駅前",
        "operator": "事業者不明",
        "ref": "",
        "url": "",
        "url2": ""
      }
    },
    {
      "type": "Feature",
      "geometry": {
        "type": "Point",
        "coordinates": [
          140.3881294,
          37.3990927
        ]
      },
      "properties": {
        "内容": "バス停: 郡山駅前",
        "name": "郡山駅前",
        "operator": "事業者不明",
        "ref": "",
        "url": "",
        "url2": ""
      }
    },
    {
      "type": "Feature",
      "geometry": {
        "type": "Point",
        "coordinates": [
          140.3879347,
          37.3988364
        ]
      },
      "properties": {
        "内容": "バス停: 郡山駅前",
        "name": "郡山駅前",
        "operator": "事業者不明",
        "ref": "",
        "url": "",
        "url2": ""
      }
    },
    {
      "type": "Feature",
      "geometry": {
        "type": "Point",
        "coordinates": [
          140.3880862,
          37.3989367
        ]
      },
      "properties": {
        "内容": "バス停: 郡山駅前",
        "name": "郡山駅前",
        "operator": "事業者不明",
        "ref": "",
        "url": "",
        "url2": ""
      }
    },
    {
      "type": "Feature",
      "geometry": {
        "type": "Point",
        "coordinates": [
          140.3878145,
          37.3986967
        ]
      },
      "properties": {
        "内容": "バス停: 郡山駅前",
        "name": "郡山駅前",
        "operator": "事業者不明",
        "ref": "",
        "url": "",
        "url2": ""
      }
    },
    {
      "type": "Feature",
      "geometry": {
        "type": "Point",
        "coordinates": [
          140.388223,
          37.3986999
        ]
      },
      "properties": {
        "内容": "バス停: 郡山駅前",
        "name": "郡山駅前",
        "operator": "事業者不明",
        "ref": "",
        "url": "",
        "url2": ""
      }
    },
    {
      "type": "Feature",
      "geometry": {
        "type": "Point",
        "coordinates": [
          140.3883074,
          37.3990612
        ]
      },
      "properties": {
        "内容": "バス停: 郡山駅前",
        "name": "郡山駅前",
        "operator": "事業者不明",
        "ref": "",
        "url": "",
        "url2": ""
      }
    },
    {
      "type": "Feature",
      "geometry": {
        "type": "Point",
        "coordinates": [
          140.3883317,
          37.3991782
        ]
      },
      "properties": {
        "内容": "バス停: 郡山駅前",
        "name": "郡山駅前",
        "operator": "事業者不明",
        "ref": "",
        "url": "",
        "url2": ""
      }
    },
    {
      "type": "Feature",
      "geometry": {
        "type": "Point",
        "coordinates": [
          140.3882764,
          37.3989371
        ]
      },
      "properties": {
        "内容": "バス停: 郡山駅前",
        "name": "郡山駅前",
        "operator": "事業者不明",
        "ref": "",
        "url": "",
        "url2": ""
      }
    },
    {
      "type": "Feature",
      "geometry": {
        "type": "Point",
        "coordinates": [
          140.3882788,
          37.3993324
        ]
      },
      "properties": {
        "内容": "バス停: 郡山駅前",
        "name": "郡山駅前",
        "operator": "事業者不明",
        "ref": "",
        "url": "",
        "url2": ""
      }
    },
    {
      "type": "Feature",
      "geometry": {
        "type": "Point",
        "coordinates": [
          140.8407384,
          36.9581797
        ]
      },
      "properties": {
        "内容": "バス停: 洞口",
        "name": "洞口",
        "operator": "事業者不明",
        "ref": "",
        "url": "",
        "url2": ""
      }
    },
    {
      "type": "Feature",
      "geometry": {
        "type": "Point",
        "coordinates": [
          140.3446822,
          37.4136988
        ]
      },
      "properties": {
        "内容": "バス停: 第六中学校",
        "name": "第六中学校",
        "operator": "事業者不明",
        "ref": "",
        "url": "",
        "url2": ""
      }
    },
    {
      "type": "Feature",
      "geometry": {
        "type": "Point",
        "coordinates": [
          140.3173713,
          37.4357957
        ]
      },
      "properties": {
        "内容": "バス停: 采女の里やすらぎ",
        "name": "采女の里やすらぎ",
        "operator": "事業者不明",
        "ref": "",
        "url": "",
        "url2": ""
      }
    },
    {
      "type": "Feature",
      "geometry": {
        "type": "Point",
        "coordinates": [
          140.343826,
          37.416498
        ]
      },
      "properties": {
        "内容": "バス停: 富田親水広場",
        "name": "富田親水広場",
        "operator": "事業者不明",
        "ref": "",
        "url": "",
        "url2": ""
      }
    },
    {
      "type": "Feature",
      "geometry": {
        "type": "Point",
        "coordinates": [
          140.3437796,
          37.4251738
        ]
      },
      "properties": {
        "内容": "バス停: コパル前",
        "name": "コパル前",
        "operator": "事業者不明",
        "ref": "",
        "url": "",
        "url2": ""
      }
    },
    {
      "type": "Feature",
      "geometry": {
        "type": "Point",
        "coordinates": [
          140.3585401,
          37.4012528
        ]
      },
      "properties": {
        "内容": "バス停: 総合福祉センター",
        "name": "総合福祉センター",
        "operator": "事業者不明",
        "ref": "",
        "url": "",
        "url2": ""
      }
    },
    {
      "type": "Feature",
      "geometry": {
        "type": "Point",
        "coordinates": [
          140.3807958,
          37.3994306
        ]
      },
      "properties": {
        "内容": "バス停: 清水台",
        "name": "清水台",
        "operator": "事業者不明",
        "ref": "",
        "url": "",
        "url2": ""
      }
    },
    {
      "type": "Feature",
      "geometry": {
        "type": "Point",
        "coordinates": [
          140.3417819,
          37.4336254
        ]
      },
      "properties": {
        "内容": "バス停: 西原入口",
        "name": "西原入口",
        "operator": "事業者不明",
        "ref": "",
        "url": "",
        "url2": ""
      }
    },
    {
      "type": "Feature",
      "geometry": {
        "type": "Point",
        "coordinates": [
          140.3564026,
          37.4075039
        ]
      },
      "properties": {
        "内容": "バス停: 福島放送前",
        "name": "福島放送前",
        "operator": "事業者不明",
        "ref": "",
        "url": "",
        "url2": ""
      }
    },
    {
      "type": "Feature",
      "geometry": {
        "type": "Point",
        "coordinates": [
          140.3767458,
          37.3993374
        ]
      },
      "properties": {
        "内容": "バス停: 虎丸",
        "name": "虎丸",
        "operator": "事業者不明",
        "ref": "",
        "url": "",
        "url2": ""
      }
    },
    {
      "type": "Feature",
      "geometry": {
        "type": "Point",
        "coordinates": [
          140.3490446,
          37.4104809
        ]
      },
      "properties": {
        "内容": "バス停: 下亀田",
        "name": "下亀田",
        "operator": "事業者不明",
        "ref": "",
        "url": "",
        "url2": ""
      }
    },
    {
      "type": "Feature",
      "geometry": {
        "type": "Point",
        "coordinates": [
          140.3699654,
          37.3993345
        ]
      },
      "properties": {
        "内容": "バス停: 安積黎明高校",
        "name": "安積黎明高校",
        "operator": "事業者不明",
        "ref": "",
        "url": "",
        "url2": ""
      }
    },
    {
      "type": "Feature",
      "geometry": {
        "type": "Point",
        "coordinates": [
          140.3851757,
          37.3980274
        ]
      },
      "properties": {
        "内容": "バス停: 中央大町",
        "name": "中央大町",
        "operator": "事業者不明",
        "ref": "",
        "url": "",
        "url2": ""
      }
    },
    {
      "type": "Feature",
      "geometry": {
        "type": "Point",
        "coordinates": [
          140.3328235,
          37.4342202
        ]
      },
      "properties": {
        "内容": "バス停: 瓜坪入口",
        "name": "瓜坪入口",
        "operator": "事業者不明",
        "ref": "",
        "url": "",
        "url2": ""
      }
    },
    {
      "type": "Feature",
      "geometry": {
        "type": "Point",
        "coordinates": [
          140.3607783,
          37.3996167
        ]
      },
      "properties": {
        "内容": "バス停: 郡山市役所",
        "name": "郡山市役所",
        "operator": "事業者不明",
        "ref": "",
        "url": "",
        "url2": ""
      }
    },
    {
      "type": "Feature",
      "geometry": {
        "type": "Point",
        "coordinates": [
          140.3202693,
          37.4359136
        ]
      },
      "properties": {
        "内容": "バス停: 星ヶ丘病院",
        "name": "星ヶ丘病院",
        "operator": "事業者不明",
        "ref": "",
        "url": "",
        "url2": ""
      }
    },
    {
      "type": "Feature",
      "geometry": {
        "type": "Point",
        "coordinates": [
          140.3435981,
          37.4165238
        ]
      },
      "properties": {
        "内容": "バス停: 富田親水広場",
        "name": "富田親水広場",
        "operator": "事業者不明",
        "ref": "",
        "url": "",
        "url2": ""
      }
    },
    {
      "type": "Feature",
      "geometry": {
        "type": "Point",
        "coordinates": [
          140.3441319,
          37.4198012
        ]
      },
      "properties": {
        "内容": "バス停: 富田",
        "name": "富田",
        "operator": "事業者不明",
        "ref": "",
        "url": "",
        "url2": ""
      }
    },
    {
      "type": "Feature",
      "geometry": {
        "type": "Point",
        "coordinates": [
          140.3584165,
          37.401221
        ]
      },
      "properties": {
        "内容": "バス停: 総合福祉センター",
        "name": "総合福祉センター",
        "operator": "事業者不明",
        "ref": "",
        "url": "",
        "url2": ""
      }
    },
    {
      "type": "Feature",
      "geometry": {
        "type": "Point",
        "coordinates": [
          140.3434452,
          37.4300059
        ]
      },
      "properties": {
        "内容": "バス停: 名称不明バス停",
        "name": "名称不明バス停",
        "operator": "事業者不明",
        "ref": "",
        "url": "",
        "url2": ""
      }
    },
    {
      "type": "Feature",
      "geometry": {
        "type": "Point",
        "coordinates": [
          140.3571082,
          37.4067312
        ]
      },
      "properties": {
        "内容": "バス停: 福島放送前",
        "name": "福島放送前",
        "operator": "事業者不明",
        "ref": "",
        "url": "",
        "url2": ""
      }
    },
    {
      "type": "Feature",
      "geometry": {
        "type": "Point",
        "coordinates": [
          140.3782891,
          37.3994178
        ]
      },
      "properties": {
        "内容": "バス停: 虎丸",
        "name": "虎丸",
        "operator": "事業者不明",
        "ref": "",
        "url": "",
        "url2": ""
      }
    },
    {
      "type": "Feature",
      "geometry": {
        "type": "Point",
        "coordinates": [
          140.341878,
          37.4376979
        ]
      },
      "properties": {
        "内容": "バス停: トラックセンター",
        "name": "トラックセンター",
        "operator": "事業者不明",
        "ref": "",
        "url": "",
        "url2": ""
      }
    },
    {
      "type": "Feature",
      "geometry": {
        "type": "Point",
        "coordinates": [
          140.3530616,
          37.4071246
        ]
      },
      "properties": {
        "内容": "バス停: 桑野三丁目",
        "name": "桑野三丁目",
        "operator": "事業者不明",
        "ref": "",
        "url": "",
        "url2": ""
      }
    },
    {
      "type": "Feature",
      "geometry": {
        "type": "Point",
        "coordinates": [
          140.372948,
          37.3994383
        ]
      },
      "properties": {
        "内容": "バス停: 第二中学校",
        "name": "第二中学校",
        "operator": "事業者不明",
        "ref": "",
        "url": "",
        "url2": ""
      }
    },
    {
      "type": "Feature",
      "geometry": {
        "type": "Point",
        "coordinates": [
          140.3350869,
          37.4367059
        ]
      },
      "properties": {
        "内容": "バス停: 菖蒲池",
        "name": "菖蒲池",
        "operator": "事業者不明",
        "ref": "",
        "url": "",
        "url2": ""
      }
    },
    {
      "type": "Feature",
      "geometry": {
        "type": "Point",
        "coordinates": [
          140.3642927,
          37.3995172
        ]
      },
      "properties": {
        "内容": "バス停: 一本松",
        "name": "一本松",
        "operator": "事業者不明",
        "ref": "",
        "url": "",
        "url2": ""
      }
    },
    {
      "type": "Feature",
      "geometry": {
        "type": "Point",
        "coordinates": [
          140.3238351,
          37.4368041
        ]
      },
      "properties": {
        "内容": "バス停: 瓜坪池",
        "name": "瓜坪池",
        "operator": "事業者不明",
        "ref": "",
        "url": "",
        "url2": ""
      }
    },
    {
      "type": "Feature",
      "geometry": {
        "type": "Point",
        "coordinates": [
          140.3449304,
          37.4137879
        ]
      },
      "properties": {
        "内容": "バス停: 第六中学校",
        "name": "第六中学校",
        "operator": "事業者不明",
        "ref": "",
        "url": "",
        "url2": ""
      }
    },
    {
      "type": "Feature",
      "geometry": {
        "type": "Point",
        "coordinates": [
          140.3594446,
          37.3997787
        ]
      },
      "properties": {
        "内容": "バス停: 郡山市役所",
        "name": "郡山市役所",
        "operator": "事業者不明",
        "ref": "",
        "url": "",
        "url2": ""
      }
    },
    {
      "type": "Feature",
      "geometry": {
        "type": "Point",
        "coordinates": [
          140.3438545,
          37.4198431
        ]
      },
      "properties": {
        "内容": "バス停: 富田",
        "name": "富田",
        "operator": "事業者不明",
        "ref": "",
        "url": "",
        "url2": ""
      }
    },
    {
      "type": "Feature",
      "geometry": {
        "type": "Point",
        "coordinates": [
          140.3438229,
          37.4263831
        ]
      },
      "properties": {
        "内容": "バス停: コパル前",
        "name": "コパル前",
        "operator": "事業者不明",
        "ref": "",
        "url": "",
        "url2": ""
      }
    },
    {
      "type": "Feature",
      "geometry": {
        "type": "Point",
        "coordinates": [
          140.3575592,
          37.4049758
        ]
      },
      "properties": {
        "内容": "バス停: 郡山郵便局",
        "name": "郡山郵便局",
        "operator": "事業者不明",
        "ref": "",
        "url": "",
        "url2": ""
      }
    },
    {
      "type": "Feature",
      "geometry": {
        "type": "Point",
        "coordinates": [
          140.3804926,
          37.3993195
        ]
      },
      "properties": {
        "内容": "バス停: 清水台",
        "name": "清水台",
        "operator": "事業者不明",
        "ref": "",
        "url": "",
        "url2": ""
      }
    },
    {
      "type": "Feature",
      "geometry": {
        "type": "Point",
        "coordinates": [
          140.3415548,
          37.4376265
        ]
      },
      "properties": {
        "内容": "バス停: トラックセンター",
        "name": "トラックセンター",
        "operator": "事業者不明",
        "ref": "",
        "url": "",
        "url2": ""
      }
    },
    {
      "type": "Feature",
      "geometry": {
        "type": "Point",
        "coordinates": [
          140.356225,
          37.4073203
        ]
      },
      "properties": {
        "内容": "バス停: 福島放送前",
        "name": "福島放送前",
        "operator": "事業者不明",
        "ref": "",
        "url": "",
        "url2": ""
      }
    },
    {
      "type": "Feature",
      "geometry": {
        "type": "Point",
        "coordinates": [
          140.3736511,
          37.3993414
        ]
      },
      "properties": {
        "内容": "バス停: 第二中学校",
        "name": "第二中学校",
        "operator": "事業者不明",
        "ref": "",
        "url": "",
        "url2": ""
      }
    },
    {
      "type": "Feature",
      "geometry": {
        "type": "Point",
        "coordinates": [
          140.3360388,
          37.439536
        ]
      },
      "properties": {
        "内容": "バス停: 南西原",
        "name": "南西原",
        "operator": "事業者不明",
        "ref": "",
        "url": "",
        "url2": ""
      }
    },
    {
      "type": "Feature",
      "geometry": {
        "type": "Point",
        "coordinates": [
          140.3486833,
          37.4110593
        ]
      },
      "properties": {
        "内容": "バス停: 下亀田",
        "name": "下亀田",
        "operator": "事業者不明",
        "ref": "",
        "url": "",
        "url2": ""
      }
    },
    {
      "type": "Feature",
      "geometry": {
        "type": "Point",
        "coordinates": [
          140.3704569,
          37.3994403
        ]
      },
      "properties": {
        "内容": "バス停: 安積黎明高校",
        "name": "安積黎明高校",
        "operator": "事業者不明",
        "ref": "",
        "url": "",
        "url2": ""
      }
    },
    {
      "type": "Feature",
      "geometry": {
        "type": "Point",
        "coordinates": [
          140.3842308,
          37.3984424
        ]
      },
      "properties": {
        "内容": "バス停: 中央大町",
        "name": "中央大町",
        "operator": "事業者不明",
        "ref": "",
        "url": "",
        "url2": ""
      }
    },
    {
      "type": "Feature",
      "geometry": {
        "type": "Point",
        "coordinates": [
          139.9025761,
          37.4800667
        ]
      },
      "properties": {
        "内容": "バス停: オリンパス前",
        "name": "オリンパス前",
        "operator": "事業者不明",
        "ref": "",
        "url": "",
        "url2": ""
      }
    },
    {
      "type": "Feature",
      "geometry": {
        "type": "Point",
        "coordinates": [
          139.9026788,
          37.4803156
        ]
      },
      "properties": {
        "内容": "バス停: オリンパス前",
        "name": "オリンパス前",
        "operator": "事業者不明",
        "ref": "",
        "url": "",
        "url2": ""
      }
    },
    {
      "type": "Feature",
      "geometry": {
        "type": "Point",
        "coordinates": [
          139.9560598,
          37.624101
        ]
      },
      "properties": {
        "内容": "バス停: 雄国萩平駐車場シャトルバス乗降場",
        "name": "雄国萩平駐車場シャトルバス乗降場",
        "operator": "事業者不明",
        "ref": "",
        "url": "",
        "url2": ""
      }
    },
    {
      "type": "Feature",
      "geometry": {
        "type": "Point",
        "coordinates": [
          141.0172409,
          37.3400269
        ]
      },
      "properties": {
        "内容": "バス停: 曲田住宅",
        "name": "曲田住宅",
        "operator": "事業者不明",
        "ref": "",
        "url": "",
        "url2": ""
      }
    },
    {
      "type": "Feature",
      "geometry": {
        "type": "Point",
        "coordinates": [
          141.0175896,
          37.3401207
        ]
      },
      "properties": {
        "内容": "バス停: 曲田住宅",
        "name": "曲田住宅",
        "operator": "事業者不明",
        "ref": "",
        "url": "",
        "url2": ""
      }
    },
    {
      "type": "Feature",
      "geometry": {
        "type": "Point",
        "coordinates": [
          141.0149945,
          37.3401863
        ]
      },
      "properties": {
        "内容": "バス停: さくらモール診療所前",
        "name": "さくらモール診療所前",
        "operator": "事業者不明",
        "ref": "",
        "url": "",
        "url2": ""
      }
    },
    {
      "type": "Feature",
      "geometry": {
        "type": "Point",
        "coordinates": [
          141.0149778,
          37.3403052
        ]
      },
      "properties": {
        "内容": "バス停: さくらモール診療所前",
        "name": "さくらモール診療所前",
        "operator": "事業者不明",
        "ref": "",
        "url": "",
        "url2": ""
      }
    },
    {
      "type": "Feature",
      "geometry": {
        "type": "Point",
        "coordinates": [
          140.4925898,
          37.7663703
        ]
      },
      "properties": {
        "内容": "バス停: 花見山臨時バス発着場",
        "name": "花見山臨時バス発着場",
        "operator": "事業者不明",
        "ref": "",
        "url": "",
        "url2": ""
      }
    },
    {
      "type": "Feature",
      "geometry": {
        "type": "Point",
        "coordinates": [
          140.354628,
          37.3966391
        ]
      },
      "properties": {
        "内容": "バス停: 名称不明バス停",
        "name": "名称不明バス停",
        "operator": "事業者不明",
        "ref": "",
        "url": "",
        "url2": ""
      }
    },
    {
      "type": "Feature",
      "geometry": {
        "type": "Point",
        "coordinates": [
          140.8500283,
          37.0061548
        ]
      },
      "properties": {
        "内容": "バス停: 名称不明バス停",
        "name": "名称不明バス停",
        "operator": "事業者不明",
        "ref": "",
        "url": "",
        "url2": ""
      }
    },
    {
      "type": "Feature",
      "geometry": {
        "type": "Point",
        "coordinates": [
          140.9763224,
          37.0013156
        ]
      },
      "properties": {
        "内容": "バス停: 名称不明バス停",
        "name": "名称不明バス停",
        "operator": "事業者不明",
        "ref": "",
        "url": "",
        "url2": ""
      }
    },
    {
      "type": "Feature",
      "geometry": {
        "type": "Point",
        "coordinates": [
          140.9972319,
          37.2500329
        ]
      },
      "properties": {
        "内容": "バス停: 道の駅ならは",
        "name": "道の駅ならは",
        "operator": "事業者不明",
        "ref": "",
        "url": "",
        "url2": ""
      }
    },
    {
      "type": "Feature",
      "geometry": {
        "type": "Point",
        "coordinates": [
          140.9355368,
          37.7924722
        ]
      },
      "properties": {
        "内容": "バス停: 神明前",
        "name": "神明前",
        "operator": "事業者不明",
        "ref": "",
        "url": "",
        "url2": ""
      }
    },
    {
      "type": "Feature",
      "geometry": {
        "type": "Point",
        "coordinates": [
          140.8996801,
          37.7843106
        ]
      },
      "properties": {
        "内容": "バス停: 相馬市バスターミナル",
        "name": "相馬市バスターミナル",
        "operator": "事業者不明",
        "ref": "",
        "url": "",
        "url2": ""
      }
    },
    {
      "type": "Feature",
      "geometry": {
        "type": "Point",
        "coordinates": [
          139.8711771,
          37.6487899
        ]
      },
      "properties": {
        "内容": "バス停: 名称不明バス停",
        "name": "名称不明バス停",
        "operator": "事業者不明",
        "ref": "",
        "url": "",
        "url2": ""
      }
    },
    {
      "type": "Feature",
      "geometry": {
        "type": "Point",
        "coordinates": [
          139.8717871,
          37.6518423
        ]
      },
      "properties": {
        "内容": "バス停: 名称不明バス停",
        "name": "名称不明バス停",
        "operator": "事業者不明",
        "ref": "",
        "url": "",
        "url2": ""
      }
    },
    {
      "type": "Feature",
      "geometry": {
        "type": "Point",
        "coordinates": [
          139.8705818,
          37.6504356
        ]
      },
      "properties": {
        "内容": "バス停: 名称不明バス停",
        "name": "名称不明バス停",
        "operator": "事業者不明",
        "ref": "",
        "url": "",
        "url2": ""
      }
    },
    {
      "type": "Feature",
      "geometry": {
        "type": "Point",
        "coordinates": [
          139.8705791,
          37.6503358
        ]
      },
      "properties": {
        "内容": "バス停: 名称不明バス停",
        "name": "名称不明バス停",
        "operator": "事業者不明",
        "ref": "",
        "url": "",
        "url2": ""
      }
    },
    {
      "type": "Feature",
      "geometry": {
        "type": "Point",
        "coordinates": [
          140.3756538,
          37.3954213
        ]
      },
      "properties": {
        "内容": "バス停: 裁判所前",
        "name": "裁判所前",
        "operator": "事業者不明",
        "ref": "",
        "url": "",
        "url2": ""
      }
    },
    {
      "type": "Feature",
      "geometry": {
        "type": "Point",
        "coordinates": [
          140.3743154,
          37.3955907
        ]
      },
      "properties": {
        "内容": "バス停: 名称不明バス停",
        "name": "名称不明バス停",
        "operator": "事業者不明",
        "ref": "",
        "url": "",
        "url2": ""
      }
    },
    {
      "type": "Feature",
      "geometry": {
        "type": "Point",
        "coordinates": [
          140.3714468,
          37.3956035
        ]
      },
      "properties": {
        "内容": "バス停: 麓山二丁目",
        "name": "麓山二丁目",
        "operator": "事業者不明",
        "ref": "",
        "url": "",
        "url2": ""
      }
    },
    {
      "type": "Feature",
      "geometry": {
        "type": "Point",
        "coordinates": [
          140.3683924,
          37.395636
        ]
      },
      "properties": {
        "内容": "バス停: 郡山市上下水道局",
        "name": "郡山市上下水道局",
        "operator": "事業者不明",
        "ref": "",
        "url": "",
        "url2": ""
      }
    },
    {
      "type": "Feature",
      "geometry": {
        "type": "Point",
        "coordinates": [
          140.3646259,
          37.3957143
        ]
      },
      "properties": {
        "内容": "バス停: 名称不明バス停",
        "name": "名称不明バス停",
        "operator": "事業者不明",
        "ref": "",
        "url": "",
        "url2": ""
      }
    },
    {
      "type": "Feature",
      "geometry": {
        "type": "Point",
        "coordinates": [
          140.3576025,
          37.3958081
        ]
      },
      "properties": {
        "内容": "バス停: 名称不明バス停",
        "name": "名称不明バス停",
        "operator": "事業者不明",
        "ref": "",
        "url": "",
        "url2": ""
      }
    },
    {
      "type": "Feature",
      "geometry": {
        "type": "Point",
        "coordinates": [
          140.4352797,
          37.5912124
        ]
      },
      "properties": {
        "内容": "バス停: Nihonmatsueki iriguchi",
        "name": "Nihonmatsueki iriguchi",
        "operator": "事業者不明",
        "ref": "",
        "url": "",
        "url2": ""
      }
    },
    {
      "type": "Feature",
      "geometry": {
        "type": "Point",
        "coordinates": [
          140.3660837,
          37.6382337
        ]
      },
      "properties": {
        "内容": "バス停: サファリパーク前",
        "name": "サファリパーク前",
        "operator": "事業者不明",
        "ref": "",
        "url": "",
        "url2": ""
      }
    },
    {
      "type": "Feature",
      "geometry": {
        "type": "Point",
        "coordinates": [
          140.3662667,
          37.6383367
        ]
      },
      "properties": {
        "内容": "バス停: サファリパーク前",
        "name": "サファリパーク前",
        "operator": "事業者不明",
        "ref": "",
        "url": "",
        "url2": ""
      }
    },
    {
      "type": "Feature",
      "geometry": {
        "type": "Point",
        "coordinates": [
          139.9497042,
          37.4922747
        ]
      },
      "properties": {
        "内容": "バス停: Keizan",
        "name": "Keizan",
        "operator": "事業者不明",
        "ref": "",
        "url": "",
        "url2": ""
      }
    },
    {
      "type": "Feature",
      "geometry": {
        "type": "Point",
        "coordinates": [
          140.1873666,
          37.1229836
        ]
      },
      "properties": {
        "内容": "バス停: 新白河駅高原口",
        "name": "新白河駅高原口",
        "operator": "事業者不明",
        "ref": "",
        "url": "",
        "url2": ""
      }
    },
    {
      "type": "Feature",
      "geometry": {
        "type": "Point",
        "coordinates": [
          139.9368558,
          37.5008998
        ]
      },
      "properties": {
        "内容": "バス停: 名称不明バス停",
        "name": "名称不明バス停",
        "operator": "事業者不明",
        "ref": "",
        "url": "",
        "url2": ""
      }
    },
    {
      "type": "Feature",
      "geometry": {
        "type": "Point",
        "coordinates": [
          139.9369309,
          37.5008774
        ]
      },
      "properties": {
        "内容": "バス停: 名称不明バス停",
        "name": "名称不明バス停",
        "operator": "事業者不明",
        "ref": "",
        "url": "",
        "url2": ""
      }
    },
    {
      "type": "Feature",
      "geometry": {
        "type": "Point",
        "coordinates": [
          140.3880604,
          37.3903496
        ]
      },
      "properties": {
        "内容": "バス停: イオンタウンイベント広場前",
        "name": "イオンタウンイベント広場前",
        "operator": "事業者不明",
        "ref": "",
        "url": "",
        "url2": ""
      }
    },
    {
      "type": "Feature",
      "geometry": {
        "type": "Point",
        "coordinates": [
          139.9356971,
          37.5061861
        ]
      },
      "properties": {
        "内容": "バス停: 一中前 (ハイカラさん)",
        "name": "一中前",
        "operator": "ハイカラさん",
        "ref": "H39",
        "url": "",
        "url2": ""
      }
    },
    {
      "type": "Feature",
      "geometry": {
        "type": "Point",
        "coordinates": [
          140.0939966,
          37.6552466
        ]
      },
      "properties": {
        "内容": "バス停: 名称不明バス停",
        "name": "名称不明バス停",
        "operator": "事業者不明",
        "ref": "",
        "url": "",
        "url2": ""
      }
    },
    {
      "type": "Feature",
      "geometry": {
        "type": "Point",
        "coordinates": [
          140.0954357,
          37.6526945
        ]
      },
      "properties": {
        "内容": "バス停: 名称不明バス停",
        "name": "名称不明バス停",
        "operator": "事業者不明",
        "ref": "",
        "url": "",
        "url2": ""
      }
    },
    {
      "type": "Feature",
      "geometry": {
        "type": "Point",
        "coordinates": [
          140.1034471,
          37.5465133
        ]
      },
      "properties": {
        "内容": "バス停: 名称不明バス停",
        "name": "名称不明バス停",
        "operator": "事業者不明",
        "ref": "",
        "url": "",
        "url2": ""
      }
    },
    {
      "type": "Feature",
      "geometry": {
        "type": "Point",
        "coordinates": [
          140.0955226,
          37.6529232
        ]
      },
      "properties": {
        "内容": "バス停: 名称不明バス停",
        "name": "名称不明バス停",
        "operator": "事業者不明",
        "ref": "",
        "url": "",
        "url2": ""
      }
    },
    {
      "type": "Feature",
      "geometry": {
        "type": "Point",
        "coordinates": [
          140.0908845,
          37.6562587
        ]
      },
      "properties": {
        "内容": "バス停: 五色沼入口",
        "name": "五色沼入口",
        "operator": "事業者不明",
        "ref": "",
        "url": "",
        "url2": ""
      }
    },
    {
      "type": "Feature",
      "geometry": {
        "type": "Point",
        "coordinates": [
          140.9012349,
          36.9460481
        ]
      },
      "properties": {
        "内容": "バス停: 小名浜",
        "name": "小名浜",
        "operator": "事業者不明",
        "ref": "",
        "url": "",
        "url2": ""
      }
    },
    {
      "type": "Feature",
      "geometry": {
        "type": "Point",
        "coordinates": [
          141.021936,
          37.3352285
        ]
      },
      "properties": {
        "内容": "バス停: 名称不明バス停",
        "name": "名称不明バス停",
        "operator": "事業者不明",
        "ref": "",
        "url": "",
        "url2": ""
      }
    },
    {
      "type": "Feature",
      "geometry": {
        "type": "Point",
        "coordinates": [
          139.9495273,
          37.4941022
        ]
      },
      "properties": {
        "内容": "バス停: Keizan",
        "name": "Keizan",
        "operator": "事業者不明",
        "ref": "",
        "url": "",
        "url2": ""
      }
    },
    {
      "type": "Feature",
      "geometry": {
        "type": "Point",
        "coordinates": [
          139.9495666,
          37.4941486
        ]
      },
      "properties": {
        "内容": "バス停: Keizan",
        "name": "Keizan",
        "operator": "事業者不明",
        "ref": "",
        "url": "",
        "url2": ""
      }
    },
    {
      "type": "Feature",
      "geometry": {
        "type": "Point",
        "coordinates": [
          140.9064834,
          37.7894396
        ]
      },
      "properties": {
        "内容": "バス停: 愛宕神社下",
        "name": "愛宕神社下",
        "operator": "事業者不明",
        "ref": "",
        "url": "",
        "url2": ""
      }
    },
    {
      "type": "Feature",
      "geometry": {
        "type": "Point",
        "coordinates": [
          140.9177171,
          37.7993264
        ]
      },
      "properties": {
        "内容": "バス停: 中央公民館",
        "name": "中央公民館",
        "operator": "事業者不明",
        "ref": "",
        "url": "",
        "url2": ""
      }
    },
    {
      "type": "Feature",
      "geometry": {
        "type": "Point",
        "coordinates": [
          140.5495578,
          37.7565546
        ]
      },
      "properties": {
        "内容": "バス停: 古内",
        "name": "古内",
        "operator": "事業者不明",
        "ref": "",
        "url": "",
        "url2": ""
      }
    },
    {
      "type": "Feature",
      "geometry": {
        "type": "Point",
        "coordinates": [
          140.5790992,
          37.7681607
        ]
      },
      "properties": {
        "内容": "バス停: 下小国",
        "name": "下小国",
        "operator": "事業者不明",
        "ref": "",
        "url": "",
        "url2": ""
      }
    },
    {
      "type": "Feature",
      "geometry": {
        "type": "Point",
        "coordinates": [
          140.5296712,
          37.7496707
        ]
      },
      "properties": {
        "内容": "バス停: 名称不明バス停",
        "name": "名称不明バス停",
        "operator": "事業者不明",
        "ref": "",
        "url": "",
        "url2": ""
      }
    },
    {
      "type": "Feature",
      "geometry": {
        "type": "Point",
        "coordinates": [
          140.5856569,
          37.7675545
        ]
      },
      "properties": {
        "内容": "バス停: 小国公民館前",
        "name": "小国公民館前",
        "operator": "事業者不明",
        "ref": "",
        "url": "",
        "url2": ""
      }
    },
    {
      "type": "Feature",
      "geometry": {
        "type": "Point",
        "coordinates": [
          140.5444034,
          37.7555522
        ]
      },
      "properties": {
        "内容": "バス停: 大波",
        "name": "大波",
        "operator": "事業者不明",
        "ref": "",
        "url": "",
        "url2": ""
      }
    },
    {
      "type": "Feature",
      "geometry": {
        "type": "Point",
        "coordinates": [
          140.5548009,
          37.7566297
        ]
      },
      "properties": {
        "内容": "バス停: 名称不明バス停",
        "name": "名称不明バス停",
        "operator": "事業者不明",
        "ref": "",
        "url": "",
        "url2": ""
      }
    },
    {
      "type": "Feature",
      "geometry": {
        "type": "Point",
        "coordinates": [
          140.5440581,
          37.7556265
        ]
      },
      "properties": {
        "内容": "バス停: 大波",
        "name": "大波",
        "operator": "事業者不明",
        "ref": "",
        "url": "",
        "url2": ""
      }
    },
    {
      "type": "Feature",
      "geometry": {
        "type": "Point",
        "coordinates": [
          140.5495026,
          37.7563908
        ]
      },
      "properties": {
        "内容": "バス停: 古内",
        "name": "古内",
        "operator": "事業者不明",
        "ref": "",
        "url": "",
        "url2": ""
      }
    },
    {
      "type": "Feature",
      "geometry": {
        "type": "Point",
        "coordinates": [
          140.5300757,
          37.7493376
        ]
      },
      "properties": {
        "内容": "バス停: 名称不明バス停",
        "name": "名称不明バス停",
        "operator": "事業者不明",
        "ref": "",
        "url": "",
        "url2": ""
      }
    },
    {
      "type": "Feature",
      "geometry": {
        "type": "Point",
        "coordinates": [
          140.4798525,
          37.7492361
        ]
      },
      "properties": {
        "内容": "バス停: 渡利小学校",
        "name": "渡利小学校",
        "operator": "事業者不明",
        "ref": "",
        "url": "",
        "url2": ""
      }
    },
    {
      "type": "Feature",
      "geometry": {
        "type": "Point",
        "coordinates": [
          140.9837763,
          37.4087416
        ]
      },
      "properties": {
        "内容": "バス停: 大野駅 (大熊町生活循環バス)",
        "name": "大野駅",
        "operator": "大熊町生活循環バス",
        "ref": "",
        "url": "",
        "url2": ""
      }
    },
    {
      "type": "Feature",
      "geometry": {
        "type": "Point",
        "coordinates": [
          141.0060252,
          37.4533604
        ]
      },
      "properties": {
        "内容": "バス停: 双葉駅前",
        "name": "双葉駅前",
        "operator": "事業者不明",
        "ref": "",
        "url": "",
        "url2": ""
      }
    },
    {
      "type": "Feature",
      "geometry": {
        "type": "Point",
        "coordinates": [
          140.4279596,
          36.86024
        ]
      },
      "properties": {
        "内容": "バス停: 小田川 (福島交通)",
        "name": "小田川",
        "operator": "福島交通",
        "ref": "",
        "url": "",
        "url2": ""
      }
    },
    {
      "type": "Feature",
      "geometry": {
        "type": "Point",
        "coordinates": [
          140.4248482,
          36.8682529
        ]
      },
      "properties": {
        "内容": "バス停: 矢祭小学校 (福島交通)",
        "name": "矢祭小学校",
        "operator": "福島交通",
        "ref": "",
        "url": "",
        "url2": ""
      }
    },
    {
      "type": "Feature",
      "geometry": {
        "type": "Point",
        "coordinates": [
          140.4237203,
          36.8702528
        ]
      },
      "properties": {
        "内容": "バス停: 東館駅 (福島交通)",
        "name": "東館駅",
        "operator": "福島交通",
        "ref": "",
        "url": "",
        "url2": ""
      }
    },
    {
      "type": "Feature",
      "geometry": {
        "type": "Point",
        "coordinates": [
          140.4244539,
          36.8710907
        ]
      },
      "properties": {
        "内容": "バス停: 矢祭町役場 (福島交通)",
        "name": "矢祭町役場",
        "operator": "福島交通",
        "ref": "",
        "url": "",
        "url2": ""
      }
    },
    {
      "type": "Feature",
      "geometry": {
        "type": "Point",
        "coordinates": [
          140.4241803,
          36.8735422
        ]
      },
      "properties": {
        "内容": "バス停: 東舘 (福島交通)",
        "name": "東舘",
        "operator": "福島交通",
        "ref": "",
        "url": "",
        "url2": ""
      }
    },
    {
      "type": "Feature",
      "geometry": {
        "type": "Point",
        "coordinates": [
          140.4238209,
          36.8754411
        ]
      },
      "properties": {
        "内容": "バス停: 舘本 (福島交通)",
        "name": "舘本",
        "operator": "福島交通",
        "ref": "",
        "url": "",
        "url2": ""
      }
    },
    {
      "type": "Feature",
      "geometry": {
        "type": "Point",
        "coordinates": [
          140.4229304,
          36.8777669
        ]
      },
      "properties": {
        "内容": "バス停: 中学校前 (福島交通)",
        "name": "中学校前",
        "operator": "福島交通",
        "ref": "",
        "url": "",
        "url2": ""
      }
    },
    {
      "type": "Feature",
      "geometry": {
        "type": "Point",
        "coordinates": [
          140.4233743,
          36.8781209
        ]
      },
      "properties": {
        "内容": "バス停: 中学校前 (福島交通)",
        "name": "中学校前",
        "operator": "福島交通",
        "ref": "",
        "url": "",
        "url2": ""
      }
    },
    {
      "type": "Feature",
      "geometry": {
        "type": "Point",
        "coordinates": [
          140.4729858,
          36.8000371
        ]
      },
      "properties": {
        "内容": "バス停: 大垬明神 (福島交通)",
        "name": "大垬明神",
        "operator": "福島交通",
        "ref": "",
        "url": "",
        "url2": ""
      }
    },
    {
      "type": "Feature",
      "geometry": {
        "type": "Point",
        "coordinates": [
          140.4698369,
          36.8048501
        ]
      },
      "properties": {
        "内容": "バス停: 大垬道清 (福島交通)",
        "name": "大垬道清",
        "operator": "福島交通",
        "ref": "",
        "url": "",
        "url2": ""
      }
    },
    {
      "type": "Feature",
      "geometry": {
        "type": "Point",
        "coordinates": [
          140.4672432,
          36.8084257
        ]
      },
      "properties": {
        "内容": "バス停: 大垬佐川屋 (福島交通)",
        "name": "大垬佐川屋",
        "operator": "福島交通",
        "ref": "",
        "url": "",
        "url2": ""
      }
    },
    {
      "type": "Feature",
      "geometry": {
        "type": "Point",
        "coordinates": [
          140.4646629,
          36.8103262
        ]
      },
      "properties": {
        "内容": "バス停: 大垬下 (福島交通)",
        "name": "大垬下",
        "operator": "福島交通",
        "ref": "",
        "url": "",
        "url2": ""
      }
    },
    {
      "type": "Feature",
      "geometry": {
        "type": "Point",
        "coordinates": [
          140.4592207,
          36.819171
        ]
      },
      "properties": {
        "内容": "バス停: 千本平 (福島交通)",
        "name": "千本平",
        "operator": "福島交通",
        "ref": "",
        "url": "",
        "url2": ""
      }
    },
    {
      "type": "Feature",
      "geometry": {
        "type": "Point",
        "coordinates": [
          140.4571393,
          36.8267223
        ]
      },
      "properties": {
        "内容": "バス停: 上関 (福島交通)",
        "name": "上関",
        "operator": "福島交通",
        "ref": "",
        "url": "",
        "url2": ""
      }
    },
    {
      "type": "Feature",
      "geometry": {
        "type": "Point",
        "coordinates": [
          140.454044,
          36.8325383
        ]
      },
      "properties": {
        "内容": "バス停: 仲町柏屋上関 (福島交通)",
        "name": "仲町柏屋上関",
        "operator": "福島交通",
        "ref": "",
        "url": "",
        "url2": ""
      }
    },
    {
      "type": "Feature",
      "geometry": {
        "type": "Point",
        "coordinates": [
          140.4523274,
          36.8341033
        ]
      },
      "properties": {
        "内容": "バス停: ふれあい館前 (福島交通)",
        "name": "ふれあい館前",
        "operator": "福島交通",
        "ref": "",
        "url": "",
        "url2": ""
      }
    },
    {
      "type": "Feature",
      "geometry": {
        "type": "Point",
        "coordinates": [
          140.449331,
          36.836392
        ]
      },
      "properties": {
        "内容": "バス停: 下関南 (福島交通)",
        "name": "下関南",
        "operator": "福島交通",
        "ref": "",
        "url": "",
        "url2": ""
      }
    },
    {
      "type": "Feature",
      "geometry": {
        "type": "Point",
        "coordinates": [
          140.4471454,
          36.8380275
        ]
      },
      "properties": {
        "内容": "バス停: 天神前 (福島交通)",
        "name": "天神前",
        "operator": "福島交通",
        "ref": "",
        "url": "",
        "url2": ""
      }
    },
    {
      "type": "Feature",
      "geometry": {
        "type": "Point",
        "coordinates": [
          140.4453456,
          36.8385233
        ]
      },
      "properties": {
        "内容": "バス停: 下関局前 (福島交通)",
        "name": "下関局前",
        "operator": "福島交通",
        "ref": "",
        "url": "",
        "url2": ""
      }
    },
    {
      "type": "Feature",
      "geometry": {
        "type": "Point",
        "coordinates": [
          140.4423013,
          36.8389462
        ]
      },
      "properties": {
        "内容": "バス停: 下関北 (福島交通)",
        "name": "下関北",
        "operator": "福島交通",
        "ref": "",
        "url": "",
        "url2": ""
      }
    },
    {
      "type": "Feature",
      "geometry": {
        "type": "Point",
        "coordinates": [
          140.4388869,
          36.8403265
        ]
      },
      "properties": {
        "内容": "バス停: 緑川 (福島交通)",
        "name": "緑川",
        "operator": "福島交通",
        "ref": "",
        "url": "",
        "url2": ""
      }
    },
    {
      "type": "Feature",
      "geometry": {
        "type": "Point",
        "coordinates": [
          140.4345927,
          36.8454589
        ]
      },
      "properties": {
        "内容": "バス停: 中山 (福島交通)",
        "name": "中山",
        "operator": "福島交通",
        "ref": "",
        "url": "",
        "url2": ""
      }
    },
    {
      "type": "Feature",
      "geometry": {
        "type": "Point",
        "coordinates": [
          140.4311974,
          36.8501419
        ]
      },
      "properties": {
        "内容": "バス停: 矢祭工業団地入口 (福島交通)",
        "name": "矢祭工業団地入口",
        "operator": "福島交通",
        "ref": "",
        "url": "",
        "url2": ""
      }
    },
    {
      "type": "Feature",
      "geometry": {
        "type": "Point",
        "coordinates": [
          140.4349869,
          36.8525096
        ]
      },
      "properties": {
        "内容": "バス停: 矢祭ニュータウン (福島交通)",
        "name": "矢祭ニュータウン",
        "operator": "福島交通",
        "ref": "",
        "url": "",
        "url2": ""
      }
    },
    {
      "type": "Feature",
      "geometry": {
        "type": "Point",
        "coordinates": [
          140.4302609,
          36.8538489
        ]
      },
      "properties": {
        "内容": "バス停: 矢祭ニュータウン前 (福島交通)",
        "name": "矢祭ニュータウン前",
        "operator": "福島交通",
        "ref": "",
        "url": "",
        "url2": ""
      }
    },
    {
      "type": "Feature",
      "geometry": {
        "type": "Point",
        "coordinates": [
          140.9177808,
          37.8017827
        ]
      },
      "properties": {
        "内容": "バス停: 桜ヶ丘",
        "name": "桜ヶ丘",
        "operator": "事業者不明",
        "ref": "",
        "url": "",
        "url2": ""
      }
    },
    {
      "type": "Feature",
      "geometry": {
        "type": "Point",
        "coordinates": [
          140.9208943,
          37.8021614
        ]
      },
      "properties": {
        "内容": "バス停: 荒井町",
        "name": "荒井町",
        "operator": "事業者不明",
        "ref": "",
        "url": "",
        "url2": ""
      }
    },
    {
      "type": "Feature",
      "geometry": {
        "type": "Point",
        "coordinates": [
          140.9204192,
          37.8022488
        ]
      },
      "properties": {
        "内容": "バス停: 荒井町",
        "name": "荒井町",
        "operator": "事業者不明",
        "ref": "",
        "url": "",
        "url2": ""
      }
    },
    {
      "type": "Feature",
      "geometry": {
        "type": "Point",
        "coordinates": [
          140.9224039,
          37.6611632
        ]
      },
      "properties": {
        "内容": "バス停: 南相馬バスターミナル",
        "name": "南相馬バスターミナル",
        "operator": "事業者不明",
        "ref": "",
        "url": "",
        "url2": ""
      }
    },
    {
      "type": "Feature",
      "geometry": {
        "type": "Point",
        "coordinates": [
          140.175803,
          37.1242296
        ]
      },
      "properties": {
        "内容": "バス停: 西郷BS",
        "name": "西郷BS",
        "operator": "事業者不明",
        "ref": "",
        "url": "",
        "url2": ""
      }
    },
    {
      "type": "Feature",
      "geometry": {
        "type": "Point",
        "coordinates": [
          140.1761142,
          37.1240257
        ]
      },
      "properties": {
        "内容": "バス停: 西郷BS",
        "name": "西郷BS",
        "operator": "事業者不明",
        "ref": "",
        "url": "",
        "url2": ""
      }
    },
    {
      "type": "Feature",
      "geometry": {
        "type": "Point",
        "coordinates": [
          140.2921917,
          37.1881101
        ]
      },
      "properties": {
        "内容": "バス停: 矢吹泉崎BS",
        "name": "矢吹泉崎BS",
        "operator": "事業者不明",
        "ref": "",
        "url": "",
        "url2": ""
      }
    },
    {
      "type": "Feature",
      "geometry": {
        "type": "Point",
        "coordinates": [
          140.2923797,
          37.1876952
        ]
      },
      "properties": {
        "内容": "バス停: 矢吹泉崎BS",
        "name": "矢吹泉崎BS",
        "operator": "事業者不明",
        "ref": "",
        "url": "",
        "url2": ""
      }
    },
    {
      "type": "Feature",
      "geometry": {
        "type": "Point",
        "coordinates": [
          140.4628419,
          37.7985767
        ]
      },
      "properties": {
        "内容": "バス停: 名称不明バス停",
        "name": "名称不明バス停",
        "operator": "事業者不明",
        "ref": "福島高速バスターミナル",
        "url": "",
        "url2": ""
      }
    },
    {
      "type": "Feature",
      "geometry": {
        "type": "Point",
        "coordinates": [
          140.4909691,
          37.771829
        ]
      },
      "properties": {
        "内容": "バス停: 堀河町",
        "name": "堀河町",
        "operator": "事業者不明",
        "ref": "",
        "url": "",
        "url2": ""
      }
    },
    {
      "type": "Feature",
      "geometry": {
        "type": "Point",
        "coordinates": [
          140.4892571,
          37.7719657
        ]
      },
      "properties": {
        "内容": "バス停: 堀河町",
        "name": "堀河町",
        "operator": "事業者不明",
        "ref": "",
        "url": "",
        "url2": ""
      }
    },
    {
      "type": "Feature",
      "geometry": {
        "type": "Point",
        "coordinates": [
          140.484133,
          37.7718256
        ]
      },
      "properties": {
        "内容": "バス停: 岩谷下",
        "name": "岩谷下",
        "operator": "事業者不明",
        "ref": "",
        "url": "",
        "url2": ""
      }
    },
    {
      "type": "Feature",
      "geometry": {
        "type": "Point",
        "coordinates": [
          140.4839694,
          37.7720441
        ]
      },
      "properties": {
        "内容": "バス停: 岩谷下",
        "name": "岩谷下",
        "operator": "事業者不明",
        "ref": "",
        "url": "",
        "url2": ""
      }
    },
    {
      "type": "Feature",
      "geometry": {
        "type": "Point",
        "coordinates": [
          140.4836653,
          37.7728616
        ]
      },
      "properties": {
        "内容": "バス停: 岩谷下",
        "name": "岩谷下",
        "operator": "事業者不明",
        "ref": "",
        "url": "",
        "url2": ""
      }
    },
    {
      "type": "Feature",
      "geometry": {
        "type": "Point",
        "coordinates": [
          140.483471,
          37.7730339
        ]
      },
      "properties": {
        "内容": "バス停: 岩谷下",
        "name": "岩谷下",
        "operator": "事業者不明",
        "ref": "",
        "url": "",
        "url2": ""
      }
    },
    {
      "type": "Feature",
      "geometry": {
        "type": "Point",
        "coordinates": [
          140.4847916,
          37.7762075
        ]
      },
      "properties": {
        "内容": "バス停: グランド前",
        "name": "グランド前",
        "operator": "事業者不明",
        "ref": "",
        "url": "",
        "url2": ""
      }
    },
    {
      "type": "Feature",
      "geometry": {
        "type": "Point",
        "coordinates": [
          140.4846116,
          37.776434
        ]
      },
      "properties": {
        "内容": "バス停: グランド前",
        "name": "グランド前",
        "operator": "事業者不明",
        "ref": "",
        "url": "",
        "url2": ""
      }
    },
    {
      "type": "Feature",
      "geometry": {
        "type": "Point",
        "coordinates": [
          140.4669611,
          37.7509341
        ]
      },
      "properties": {
        "内容": "バス停: 県庁前",
        "name": "県庁前",
        "operator": "事業者不明",
        "ref": "",
        "url": "",
        "url2": ""
      }
    },
    {
      "type": "Feature",
      "geometry": {
        "type": "Point",
        "coordinates": [
          140.4679752,
          37.7516346
        ]
      },
      "properties": {
        "内容": "バス停: 福島一小前",
        "name": "福島一小前",
        "operator": "事業者不明",
        "ref": "",
        "url": "",
        "url2": ""
      }
    },
    {
      "type": "Feature",
      "geometry": {
        "type": "Point",
        "coordinates": [
          140.4677404,
          37.7514156
        ]
      },
      "properties": {
        "内容": "バス停: 福島一小前",
        "name": "福島一小前",
        "operator": "事業者不明",
        "ref": "",
        "url": "",
        "url2": ""
      }
    },
    {
      "type": "Feature",
      "geometry": {
        "type": "Point",
        "coordinates": [
          140.4692398,
          37.752743
        ]
      },
      "properties": {
        "内容": "バス停: 大原総合病院",
        "name": "大原総合病院",
        "operator": "事業者不明",
        "ref": "",
        "url": "",
        "url2": ""
      }
    },
    {
      "type": "Feature",
      "geometry": {
        "type": "Point",
        "coordinates": [
          140.4690489,
          37.7527629
        ]
      },
      "properties": {
        "内容": "バス停: 大原総合病院",
        "name": "大原総合病院",
        "operator": "事業者不明",
        "ref": "",
        "url": "",
        "url2": ""
      }
    },
    {
      "type": "Feature",
      "geometry": {
        "type": "Point",
        "coordinates": [
          140.47159,
          37.7532264
        ]
      },
      "properties": {
        "内容": "バス停: 舟場町",
        "name": "舟場町",
        "operator": "事業者不明",
        "ref": "",
        "url": "",
        "url2": ""
      }
    },
    {
      "type": "Feature",
      "geometry": {
        "type": "Point",
        "coordinates": [
          140.4700132,
          37.7524025
        ]
      },
      "properties": {
        "内容": "バス停: 舟場町",
        "name": "舟場町",
        "operator": "事業者不明",
        "ref": "",
        "url": "",
        "url2": ""
      }
    },
    {
      "type": "Feature",
      "geometry": {
        "type": "Point",
        "coordinates": [
          140.4701392,
          37.7524045
        ]
      },
      "properties": {
        "内容": "バス停: 舟場町",
        "name": "舟場町",
        "operator": "事業者不明",
        "ref": "",
        "url": "",
        "url2": ""
      }
    },
    {
      "type": "Feature",
      "geometry": {
        "type": "Point",
        "coordinates": [
          140.4702815,
          37.7524009
        ]
      },
      "properties": {
        "内容": "バス停: 舟場町",
        "name": "舟場町",
        "operator": "事業者不明",
        "ref": "",
        "url": "",
        "url2": ""
      }
    },
    {
      "type": "Feature",
      "geometry": {
        "type": "Point",
        "coordinates": [
          140.4680283,
          37.7545473
        ]
      },
      "properties": {
        "内容": "バス停: 上町",
        "name": "上町",
        "operator": "事業者不明",
        "ref": "",
        "url": "",
        "url2": ""
      }
    },
    {
      "type": "Feature",
      "geometry": {
        "type": "Point",
        "coordinates": [
          140.4680838,
          37.7553536
        ]
      },
      "properties": {
        "内容": "バス停: 上町",
        "name": "上町",
        "operator": "事業者不明",
        "ref": "",
        "url": "",
        "url2": ""
      }
    },
    {
      "type": "Feature",
      "geometry": {
        "type": "Point",
        "coordinates": [
          140.4678352,
          37.7577967
        ]
      },
      "properties": {
        "内容": "バス停: 新浜公園",
        "name": "新浜公園",
        "operator": "事業者不明",
        "ref": "",
        "url": "",
        "url2": ""
      }
    },
    {
      "type": "Feature",
      "geometry": {
        "type": "Point",
        "coordinates": [
          140.467969,
          37.7579294
        ]
      },
      "properties": {
        "内容": "バス停: 新浜公園",
        "name": "新浜公園",
        "operator": "事業者不明",
        "ref": "",
        "url": "",
        "url2": ""
      }
    },
    {
      "type": "Feature",
      "geometry": {
        "type": "Point",
        "coordinates": [
          140.4679361,
          37.7591565
        ]
      },
      "properties": {
        "内容": "バス停: 宮下町",
        "name": "宮下町",
        "operator": "事業者不明",
        "ref": "",
        "url": "",
        "url2": ""
      }
    },
    {
      "type": "Feature",
      "geometry": {
        "type": "Point",
        "coordinates": [
          140.46803,
          37.759059
        ]
      },
      "properties": {
        "内容": "バス停: 宮下町",
        "name": "宮下町",
        "operator": "事業者不明",
        "ref": "",
        "url": "",
        "url2": ""
      }
    },
    {
      "type": "Feature",
      "geometry": {
        "type": "Point",
        "coordinates": [
          140.4689393,
          37.7614466
        ]
      },
      "properties": {
        "内容": "バス停: 付属小前",
        "name": "付属小前",
        "operator": "事業者不明",
        "ref": "",
        "url": "",
        "url2": ""
      }
    },
    {
      "type": "Feature",
      "geometry": {
        "type": "Point",
        "coordinates": [
          140.4693979,
          37.7613279
        ]
      },
      "properties": {
        "内容": "バス停: 付属小前",
        "name": "付属小前",
        "operator": "事業者不明",
        "ref": "",
        "url": "",
        "url2": ""
      }
    },
    {
      "type": "Feature",
      "geometry": {
        "type": "Point",
        "coordinates": [
          140.4735446,
          37.7613024
        ]
      },
      "properties": {
        "内容": "バス停: 福島市役所前",
        "name": "福島市役所前",
        "operator": "事業者不明",
        "ref": "",
        "url": "",
        "url2": ""
      }
    },
    {
      "type": "Feature",
      "geometry": {
        "type": "Point",
        "coordinates": [
          140.4736573,
          37.7611561
        ]
      },
      "properties": {
        "内容": "バス停: 福島市役所前",
        "name": "福島市役所前",
        "operator": "事業者不明",
        "ref": "",
        "url": "",
        "url2": ""
      }
    },
    {
      "type": "Feature",
      "geometry": {
        "type": "Point",
        "coordinates": [
          140.4743868,
          37.7630264
        ]
      },
      "properties": {
        "内容": "バス停: 花園町",
        "name": "花園町",
        "operator": "事業者不明",
        "ref": "",
        "url": "",
        "url2": ""
      }
    },
    {
      "type": "Feature",
      "geometry": {
        "type": "Point",
        "coordinates": [
          140.475272,
          37.7630836
        ]
      },
      "properties": {
        "内容": "バス停: 花園町",
        "name": "花園町",
        "operator": "事業者不明",
        "ref": "",
        "url": "",
        "url2": ""
      }
    },
    {
      "type": "Feature",
      "geometry": {
        "type": "Point",
        "coordinates": [
          140.473768,
          37.7635972
        ]
      },
      "properties": {
        "内容": "バス停: 桜の聖母短期大学",
        "name": "桜の聖母短期大学",
        "operator": "事業者不明",
        "ref": "",
        "url": "",
        "url2": ""
      }
    },
    {
      "type": "Feature",
      "geometry": {
        "type": "Point",
        "coordinates": [
          140.473522,
          37.7635467
        ]
      },
      "properties": {
        "内容": "バス停: 桜の聖母短期大学",
        "name": "桜の聖母短期大学",
        "operator": "事業者不明",
        "ref": "",
        "url": "",
        "url2": ""
      }
    },
    {
      "type": "Feature",
      "geometry": {
        "type": "Point",
        "coordinates": [
          140.47145,
          37.763725
        ]
      },
      "properties": {
        "内容": "バス停: 霞町",
        "name": "霞町",
        "operator": "事業者不明",
        "ref": "",
        "url": "",
        "url2": ""
      }
    },
    {
      "type": "Feature",
      "geometry": {
        "type": "Point",
        "coordinates": [
          140.470377,
          37.7638555
        ]
      },
      "properties": {
        "内容": "バス停: 霞町",
        "name": "霞町",
        "operator": "事業者不明",
        "ref": "",
        "url": "",
        "url2": ""
      }
    },
    {
      "type": "Feature",
      "geometry": {
        "type": "Point",
        "coordinates": [
          140.4695689,
          37.7637875
        ]
      },
      "properties": {
        "内容": "バス停: ふくしまアリーナ",
        "name": "ふくしまアリーナ",
        "operator": "事業者不明",
        "ref": "",
        "url": "",
        "url2": ""
      }
    },
    {
      "type": "Feature",
      "geometry": {
        "type": "Point",
        "coordinates": [
          140.4684065,
          37.7638908
        ]
      },
      "properties": {
        "内容": "バス停: ふくしまアリーナ",
        "name": "ふくしまアリーナ",
        "operator": "事業者不明",
        "ref": "",
        "url": "",
        "url2": ""
      }
    },
    {
      "type": "Feature",
      "geometry": {
        "type": "Point",
        "coordinates": [
          140.4657617,
          37.7639924
        ]
      },
      "properties": {
        "内容": "バス停: 福島テレビ",
        "name": "福島テレビ",
        "operator": "事業者不明",
        "ref": "",
        "url": "",
        "url2": ""
      }
    },
    {
      "type": "Feature",
      "geometry": {
        "type": "Point",
        "coordinates": [
          140.465785,
          37.7639031
        ]
      },
      "properties": {
        "内容": "バス停: 福島テレビ",
        "name": "福島テレビ",
        "operator": "事業者不明",
        "ref": "",
        "url": "",
        "url2": ""
      }
    },
    {
      "type": "Feature",
      "geometry": {
        "type": "Point",
        "coordinates": [
          140.4642098,
          37.7625155
        ]
      },
      "properties": {
        "内容": "バス停: 福島中央郵便局",
        "name": "福島中央郵便局",
        "operator": "事業者不明",
        "ref": "",
        "url": "",
        "url2": ""
      }
    },
    {
      "type": "Feature",
      "geometry": {
        "type": "Point",
        "coordinates": [
          140.4644024,
          37.7629477
        ]
      },
      "properties": {
        "内容": "バス停: 福島中央郵便局",
        "name": "福島中央郵便局",
        "operator": "事業者不明",
        "ref": "",
        "url": "",
        "url2": ""
      }
    },
    {
      "type": "Feature",
      "geometry": {
        "type": "Point",
        "coordinates": [
          140.4629133,
          37.7627601
        ]
      },
      "properties": {
        "内容": "バス停: 保健福祉センター",
        "name": "保健福祉センター",
        "operator": "事業者不明",
        "ref": "",
        "url": "",
        "url2": ""
      }
    },
    {
      "type": "Feature",
      "geometry": {
        "type": "Point",
        "coordinates": [
          140.4623416,
          37.7640687
        ]
      },
      "properties": {
        "内容": "バス停: 福高前",
        "name": "福高前",
        "operator": "事業者不明",
        "ref": "",
        "url": "",
        "url2": ""
      }
    },
    {
      "type": "Feature",
      "geometry": {
        "type": "Point",
        "coordinates": [
          140.4620227,
          37.7641384
        ]
      },
      "properties": {
        "内容": "バス停: 福高前",
        "name": "福高前",
        "operator": "事業者不明",
        "ref": "",
        "url": "",
        "url2": ""
      }
    },
    {
      "type": "Feature",
      "geometry": {
        "type": "Point",
        "coordinates": [
          140.4589431,
          37.7645969
        ]
      },
      "properties": {
        "内容": "バス停: 森合緑地公園",
        "name": "森合緑地公園",
        "operator": "事業者不明",
        "ref": "",
        "url": "",
        "url2": ""
      }
    },
    {
      "type": "Feature",
      "geometry": {
        "type": "Point",
        "coordinates": [
          140.4590919,
          37.7646306
        ]
      },
      "properties": {
        "内容": "バス停: 森合緑地公園",
        "name": "森合緑地公園",
        "operator": "事業者不明",
        "ref": "",
        "url": "",
        "url2": ""
      }
    },
    {
      "type": "Feature",
      "geometry": {
        "type": "Point",
        "coordinates": [
          140.4574427,
          37.7650819
        ]
      },
      "properties": {
        "内容": "バス停: 県立美術館入口",
        "name": "県立美術館入口",
        "operator": "事業者不明",
        "ref": "",
        "url": "",
        "url2": ""
      }
    },
    {
      "type": "Feature",
      "geometry": {
        "type": "Point",
        "coordinates": [
          140.4569446,
          37.765298
        ]
      },
      "properties": {
        "内容": "バス停: 県立美術館入口",
        "name": "県立美術館入口",
        "operator": "事業者不明",
        "ref": "",
        "url": "",
        "url2": ""
      }
    },
    {
      "type": "Feature",
      "geometry": {
        "type": "Point",
        "coordinates": [
          140.4598242,
          37.7611569
        ]
      },
      "properties": {
        "内容": "バス停: 曽根田",
        "name": "曽根田",
        "operator": "事業者不明",
        "ref": "",
        "url": "",
        "url2": ""
      }
    },
    {
      "type": "Feature",
      "geometry": {
        "type": "Point",
        "coordinates": [
          140.4597588,
          37.7614342
        ]
      },
      "properties": {
        "内容": "バス停: 曽根田",
        "name": "曽根田",
        "operator": "事業者不明",
        "ref": "",
        "url": "",
        "url2": ""
      }
    },
    {
      "type": "Feature",
      "geometry": {
        "type": "Point",
        "coordinates": [
          140.4610993,
          37.7587138
        ]
      },
      "properties": {
        "内容": "バス停: MAXふくしま",
        "name": "MAXふくしま",
        "operator": "事業者不明",
        "ref": "",
        "url": "",
        "url2": ""
      }
    },
    {
      "type": "Feature",
      "geometry": {
        "type": "Point",
        "coordinates": [
          140.461306,
          37.7587184
        ]
      },
      "properties": {
        "内容": "バス停: MAXふくしま",
        "name": "MAXふくしま",
        "operator": "事業者不明",
        "ref": "",
        "url": "",
        "url2": ""
      }
    },
    {
      "type": "Feature",
      "geometry": {
        "type": "Point",
        "coordinates": [
          140.4610822,
          37.7570788
        ]
      },
      "properties": {
        "内容": "バス停: 西町",
        "name": "西町",
        "operator": "事業者不明",
        "ref": "",
        "url": "",
        "url2": ""
      }
    },
    {
      "type": "Feature",
      "geometry": {
        "type": "Point",
        "coordinates": [
          140.4612695,
          37.7568462
        ]
      },
      "properties": {
        "内容": "バス停: 西町",
        "name": "西町",
        "operator": "事業者不明",
        "ref": "",
        "url": "",
        "url2": ""
      }
    },
    {
      "type": "Feature",
      "geometry": {
        "type": "Point",
        "coordinates": [
          140.4615243,
          37.7519929
        ]
      },
      "properties": {
        "内容": "バス停: こむこむ館前",
        "name": "こむこむ館前",
        "operator": "事業者不明",
        "ref": "",
        "url": "",
        "url2": ""
      }
    },
    {
      "type": "Feature",
      "geometry": {
        "type": "Point",
        "coordinates": [
          140.4609986,
          37.7516893
        ]
      },
      "properties": {
        "内容": "バス停: こむこむ館前",
        "name": "こむこむ館前",
        "operator": "事業者不明",
        "ref": "",
        "url": "",
        "url2": ""
      }
    },
    {
      "type": "Feature",
      "geometry": {
        "type": "Point",
        "coordinates": [
          140.46319,
          37.75201
        ]
      },
      "properties": {
        "内容": "バス停: 早稲町",
        "name": "早稲町",
        "operator": "事業者不明",
        "ref": "",
        "url": "",
        "url2": ""
      }
    },
    {
      "type": "Feature",
      "geometry": {
        "type": "Point",
        "coordinates": [
          140.4629601,
          37.7509905
        ]
      },
      "properties": {
        "内容": "バス停: 一番町商店街",
        "name": "一番町商店街",
        "operator": "事業者不明",
        "ref": "",
        "url": "",
        "url2": ""
      }
    },
    {
      "type": "Feature",
      "geometry": {
        "type": "Point",
        "coordinates": [
          140.4638084,
          37.7556139
        ]
      },
      "properties": {
        "内容": "バス停: 置賜町",
        "name": "置賜町",
        "operator": "事業者不明",
        "ref": "",
        "url": "",
        "url2": ""
      }
    },
    {
      "type": "Feature",
      "geometry": {
        "type": "Point",
        "coordinates": [
          140.4640171,
          37.7547328
        ]
      },
      "properties": {
        "内容": "バス停: 置賜町",
        "name": "置賜町",
        "operator": "事業者不明",
        "ref": "",
        "url": "",
        "url2": ""
      }
    },
    {
      "type": "Feature",
      "geometry": {
        "type": "Point",
        "coordinates": [
          140.4643124,
          37.7596006
        ]
      },
      "properties": {
        "内容": "バス停: 福島四小前",
        "name": "福島四小前",
        "operator": "事業者不明",
        "ref": "",
        "url": "",
        "url2": ""
      }
    },
    {
      "type": "Feature",
      "geometry": {
        "type": "Point",
        "coordinates": [
          140.4641234,
          37.7596333
        ]
      },
      "properties": {
        "内容": "バス停: 福島四小前",
        "name": "福島四小前",
        "operator": "事業者不明",
        "ref": "",
        "url": "",
        "url2": ""
      }
    },
    {
      "type": "Feature",
      "geometry": {
        "type": "Point",
        "coordinates": [
          140.4714105,
          37.6887064
        ]
      },
      "properties": {
        "内容": "バス停: 医大病院",
        "name": "医大病院",
        "operator": "事業者不明",
        "ref": "",
        "url": "",
        "url2": ""
      }
    },
    {
      "type": "Feature",
      "geometry": {
        "type": "Point",
        "coordinates": [
          140.471359,
          37.6888219
        ]
      },
      "properties": {
        "内容": "バス停: 医大病院",
        "name": "医大病院",
        "operator": "事業者不明",
        "ref": "",
        "url": "",
        "url2": ""
      }
    },
    {
      "type": "Feature",
      "geometry": {
        "type": "Point",
        "coordinates": [
          140.468368,
          37.6883168
        ]
      },
      "properties": {
        "内容": "バス停: 医科大学前",
        "name": "医科大学前",
        "operator": "事業者不明",
        "ref": "",
        "url": "",
        "url2": ""
      }
    },
    {
      "type": "Feature",
      "geometry": {
        "type": "Point",
        "coordinates": [
          140.4682964,
          37.6881968
        ]
      },
      "properties": {
        "内容": "バス停: 医科大学前",
        "name": "医科大学前",
        "operator": "事業者不明",
        "ref": "",
        "url": "",
        "url2": ""
      }
    },
    {
      "type": "Feature",
      "geometry": {
        "type": "Point",
        "coordinates": [
          140.4730891,
          37.756093
        ]
      },
      "properties": {
        "内容": "バス停: 豊田町",
        "name": "豊田町",
        "operator": "事業者不明",
        "ref": "",
        "url": "",
        "url2": ""
      }
    },
    {
      "type": "Feature",
      "geometry": {
        "type": "Point",
        "coordinates": [
          140.473352,
          37.7560738
        ]
      },
      "properties": {
        "内容": "バス停: 豊田町",
        "name": "豊田町",
        "operator": "事業者不明",
        "ref": "",
        "url": "",
        "url2": ""
      }
    },
    {
      "type": "Feature",
      "geometry": {
        "type": "Point",
        "coordinates": [
          140.4748424,
          37.7566781
        ]
      },
      "properties": {
        "内容": "バス停: 豊田町",
        "name": "豊田町",
        "operator": "事業者不明",
        "ref": "",
        "url": "",
        "url2": ""
      }
    },
    {
      "type": "Feature",
      "geometry": {
        "type": "Point",
        "coordinates": [
          140.4745132,
          37.7585547
        ]
      },
      "properties": {
        "内容": "バス停: 東高校前",
        "name": "東高校前",
        "operator": "事業者不明",
        "ref": "",
        "url": "",
        "url2": ""
      }
    },
    {
      "type": "Feature",
      "geometry": {
        "type": "Point",
        "coordinates": [
          140.4751451,
          37.7591702
        ]
      },
      "properties": {
        "内容": "バス停: 東高校前",
        "name": "東高校前",
        "operator": "事業者不明",
        "ref": "",
        "url": "",
        "url2": ""
      }
    },
    {
      "type": "Feature",
      "geometry": {
        "type": "Point",
        "coordinates": [
          140.4756245,
          37.7605023
        ]
      },
      "properties": {
        "内容": "バス停: 福島市役所入口",
        "name": "福島市役所入口",
        "operator": "事業者不明",
        "ref": "",
        "url": "",
        "url2": ""
      }
    },
    {
      "type": "Feature",
      "geometry": {
        "type": "Point",
        "coordinates": [
          140.4763749,
          37.7614259
        ]
      },
      "properties": {
        "内容": "バス停: 福島市役所入口",
        "name": "福島市役所入口",
        "operator": "事業者不明",
        "ref": "",
        "url": "",
        "url2": ""
      }
    },
    {
      "type": "Feature",
      "geometry": {
        "type": "Point",
        "coordinates": [
          140.4773765,
          37.7635822
        ]
      },
      "properties": {
        "内容": "バス停: 年金事務所入口",
        "name": "年金事務所入口",
        "operator": "事業者不明",
        "ref": "",
        "url": "",
        "url2": ""
      }
    },
    {
      "type": "Feature",
      "geometry": {
        "type": "Point",
        "coordinates": [
          140.4772024,
          37.7627863
        ]
      },
      "properties": {
        "内容": "バス停: 年金事務所入口",
        "name": "年金事務所入口",
        "operator": "事業者不明",
        "ref": "",
        "url": "",
        "url2": ""
      }
    },
    {
      "type": "Feature",
      "geometry": {
        "type": "Point",
        "coordinates": [
          140.4790349,
          37.7662969
        ]
      },
      "properties": {
        "内容": "バス停: 競馬場前",
        "name": "競馬場前",
        "operator": "事業者不明",
        "ref": "",
        "url": "",
        "url2": ""
      }
    },
    {
      "type": "Feature",
      "geometry": {
        "type": "Point",
        "coordinates": [
          140.4797391,
          37.7669981
        ]
      },
      "properties": {
        "内容": "バス停: 競馬場前",
        "name": "競馬場前",
        "operator": "事業者不明",
        "ref": "",
        "url": "",
        "url2": ""
      }
    },
    {
      "type": "Feature",
      "geometry": {
        "type": "Point",
        "coordinates": [
          140.4814087,
          37.7694971
        ]
      },
      "properties": {
        "内容": "バス停: 日赤前",
        "name": "日赤前",
        "operator": "事業者不明",
        "ref": "",
        "url": "",
        "url2": ""
      }
    },
    {
      "type": "Feature",
      "geometry": {
        "type": "Point",
        "coordinates": [
          140.4811946,
          37.7695618
        ]
      },
      "properties": {
        "内容": "バス停: 日赤前",
        "name": "日赤前",
        "operator": "事業者不明",
        "ref": "",
        "url": "",
        "url2": ""
      }
    },
    {
      "type": "Feature",
      "geometry": {
        "type": "Point",
        "coordinates": [
          140.4860107,
          37.7807329
        ]
      },
      "properties": {
        "内容": "バス停: 上本内",
        "name": "上本内",
        "operator": "事業者不明",
        "ref": "",
        "url": "",
        "url2": ""
      }
    },
    {
      "type": "Feature",
      "geometry": {
        "type": "Point",
        "coordinates": [
          140.4863797,
          37.7811265
        ]
      },
      "properties": {
        "内容": "バス停: 上本内",
        "name": "上本内",
        "operator": "事業者不明",
        "ref": "",
        "url": "",
        "url2": ""
      }
    },
    {
      "type": "Feature",
      "geometry": {
        "type": "Point",
        "coordinates": [
          140.4870898,
          37.7865813
        ]
      },
      "properties": {
        "内容": "バス停: 本内",
        "name": "本内",
        "operator": "事業者不明",
        "ref": "",
        "url": "",
        "url2": ""
      }
    },
    {
      "type": "Feature",
      "geometry": {
        "type": "Point",
        "coordinates": [
          140.4873475,
          37.7865717
        ]
      },
      "properties": {
        "内容": "バス停: 本内",
        "name": "本内",
        "operator": "事業者不明",
        "ref": "",
        "url": "",
        "url2": ""
      }
    },
    {
      "type": "Feature",
      "geometry": {
        "type": "Point",
        "coordinates": [
          140.4857404,
          37.7869584
        ]
      },
      "properties": {
        "内容": "バス停: 本内局前",
        "name": "本内局前",
        "operator": "事業者不明",
        "ref": "",
        "url": "",
        "url2": ""
      }
    },
    {
      "type": "Feature",
      "geometry": {
        "type": "Point",
        "coordinates": [
          140.4858588,
          37.7869047
        ]
      },
      "properties": {
        "内容": "バス停: 本内局前",
        "name": "本内局前",
        "operator": "事業者不明",
        "ref": "",
        "url": "",
        "url2": ""
      }
    },
    {
      "type": "Feature",
      "geometry": {
        "type": "Point",
        "coordinates": [
          140.488453,
          37.7932895
        ]
      },
      "properties": {
        "内容": "バス停: 卸商団地入口",
        "name": "卸商団地入口",
        "operator": "事業者不明",
        "ref": "",
        "url": "",
        "url2": ""
      }
    },
    {
      "type": "Feature",
      "geometry": {
        "type": "Point",
        "coordinates": [
          140.4887113,
          37.7932708
        ]
      },
      "properties": {
        "内容": "バス停: 卸商団地入口",
        "name": "卸商団地入口",
        "operator": "事業者不明",
        "ref": "",
        "url": "",
        "url2": ""
      }
    },
    {
      "type": "Feature",
      "geometry": {
        "type": "Point",
        "coordinates": [
          140.4900425,
          37.798221
        ]
      },
      "properties": {
        "内容": "バス停: 福島学院前",
        "name": "福島学院前",
        "operator": "事業者不明",
        "ref": "",
        "url": "",
        "url2": ""
      }
    },
    {
      "type": "Feature",
      "geometry": {
        "type": "Point",
        "coordinates": [
          140.4898494,
          37.7983868
        ]
      },
      "properties": {
        "内容": "バス停: 福島学院前",
        "name": "福島学院前",
        "operator": "事業者不明",
        "ref": "",
        "url": "",
        "url2": ""
      }
    },
    {
      "type": "Feature",
      "geometry": {
        "type": "Point",
        "coordinates": [
          140.4914725,
          37.8014677
        ]
      },
      "properties": {
        "内容": "バス停: 瀬上本町",
        "name": "瀬上本町",
        "operator": "事業者不明",
        "ref": "",
        "url": "",
        "url2": ""
      }
    },
    {
      "type": "Feature",
      "geometry": {
        "type": "Point",
        "coordinates": [
          140.4919251,
          37.8025307
        ]
      },
      "properties": {
        "内容": "バス停: 瀬上本町",
        "name": "瀬上本町",
        "operator": "事業者不明",
        "ref": "",
        "url": "",
        "url2": ""
      }
    },
    {
      "type": "Feature",
      "geometry": {
        "type": "Point",
        "coordinates": [
          140.4937264,
          37.804563
        ]
      },
      "properties": {
        "内容": "バス停: 瀬上中央",
        "name": "瀬上中央",
        "operator": "事業者不明",
        "ref": "",
        "url": "",
        "url2": ""
      }
    },
    {
      "type": "Feature",
      "geometry": {
        "type": "Point",
        "coordinates": [
          140.4944923,
          37.8060449
        ]
      },
      "properties": {
        "内容": "バス停: 瀬上中央",
        "name": "瀬上中央",
        "operator": "事業者不明",
        "ref": "",
        "url": "",
        "url2": ""
      }
    },
    {
      "type": "Feature",
      "geometry": {
        "type": "Point",
        "coordinates": [
          140.4962668,
          37.8081399
        ]
      },
      "properties": {
        "内容": "バス停: 瀬上橋",
        "name": "瀬上橋",
        "operator": "事業者不明",
        "ref": "",
        "url": "",
        "url2": ""
      }
    },
    {
      "type": "Feature",
      "geometry": {
        "type": "Point",
        "coordinates": [
          140.4965921,
          37.8089929
        ]
      },
      "properties": {
        "内容": "バス停: 瀬上橋",
        "name": "瀬上橋",
        "operator": "事業者不明",
        "ref": "",
        "url": "",
        "url2": ""
      }
    },
    {
      "type": "Feature",
      "geometry": {
        "type": "Point",
        "coordinates": [
          140.4986875,
          37.811474
        ]
      },
      "properties": {
        "内容": "バス停: 河原町",
        "name": "河原町",
        "operator": "事業者不明",
        "ref": "",
        "url": "",
        "url2": ""
      }
    },
    {
      "type": "Feature",
      "geometry": {
        "type": "Point",
        "coordinates": [
          140.4991664,
          37.8124575
        ]
      },
      "properties": {
        "内容": "バス停: 河原町",
        "name": "河原町",
        "operator": "事業者不明",
        "ref": "",
        "url": "",
        "url2": ""
      }
    },
    {
      "type": "Feature",
      "geometry": {
        "type": "Point",
        "coordinates": [
          140.5004859,
          37.8138675
        ]
      },
      "properties": {
        "内容": "バス停: 田町",
        "name": "田町",
        "operator": "事業者不明",
        "ref": "",
        "url": "",
        "url2": ""
      }
    },
    {
      "type": "Feature",
      "geometry": {
        "type": "Point",
        "coordinates": [
          140.5010149,
          37.8149732
        ]
      },
      "properties": {
        "内容": "バス停: 田町",
        "name": "田町",
        "operator": "事業者不明",
        "ref": "",
        "url": "",
        "url2": ""
      }
    },
    {
      "type": "Feature",
      "geometry": {
        "type": "Point",
        "coordinates": [
          140.5037252,
          37.8188165
        ]
      },
      "properties": {
        "内容": "バス停: 伊達長岡",
        "name": "伊達長岡",
        "operator": "事業者不明",
        "ref": "",
        "url": "",
        "url2": ""
      }
    },
    {
      "type": "Feature",
      "geometry": {
        "type": "Point",
        "coordinates": [
          140.503922,
          37.8186817
        ]
      },
      "properties": {
        "内容": "バス停: 伊達長岡",
        "name": "伊達長岡",
        "operator": "事業者不明",
        "ref": "",
        "url": "",
        "url2": ""
      }
    },
    {
      "type": "Feature",
      "geometry": {
        "type": "Point",
        "coordinates": [
          140.5205749,
          37.8184544
        ]
      },
      "properties": {
        "内容": "バス停: 北福島医療センター",
        "name": "北福島医療センター",
        "operator": "事業者不明",
        "ref": "",
        "url": "",
        "url2": ""
      }
    },
    {
      "type": "Feature",
      "geometry": {
        "type": "Point",
        "coordinates": [
          140.5560105,
          37.8147502
        ]
      },
      "properties": {
        "内容": "バス停: 保原駅",
        "name": "保原駅",
        "operator": "事業者不明",
        "ref": "",
        "url": "",
        "url2": ""
      }
    },
    {
      "type": "Feature",
      "geometry": {
        "type": "Point",
        "coordinates": [
          140.4729646,
          37.7488816
        ]
      },
      "properties": {
        "内容": "バス停: 渡利舟場",
        "name": "渡利舟場",
        "operator": "事業者不明",
        "ref": "",
        "url": "",
        "url2": ""
      }
    },
    {
      "type": "Feature",
      "geometry": {
        "type": "Point",
        "coordinates": [
          140.4734329,
          37.7471791
        ]
      },
      "properties": {
        "内容": "バス停: 福島南高校",
        "name": "福島南高校",
        "operator": "事業者不明",
        "ref": "",
        "url": "",
        "url2": ""
      }
    },
    {
      "type": "Feature",
      "geometry": {
        "type": "Point",
        "coordinates": [
          140.475308,
          37.7468864
        ]
      },
      "properties": {
        "内容": "バス停: 馬場町",
        "name": "馬場町",
        "operator": "事業者不明",
        "ref": "",
        "url": "",
        "url2": ""
      }
    },
    {
      "type": "Feature",
      "geometry": {
        "type": "Point",
        "coordinates": [
          140.4774173,
          37.7476934
        ]
      },
      "properties": {
        "内容": "バス停: 沖町",
        "name": "沖町",
        "operator": "事業者不明",
        "ref": "",
        "url": "",
        "url2": ""
      }
    },
    {
      "type": "Feature",
      "geometry": {
        "type": "Point",
        "coordinates": [
          140.4794924,
          37.7471624
        ]
      },
      "properties": {
        "内容": "バス停: 沖町中央",
        "name": "沖町中央",
        "operator": "事業者不明",
        "ref": "",
        "url": "",
        "url2": ""
      }
    },
    {
      "type": "Feature",
      "geometry": {
        "type": "Point",
        "coordinates": [
          140.4800014,
          37.7474784
        ]
      },
      "properties": {
        "内容": "バス停: 番匠町",
        "name": "番匠町",
        "operator": "事業者不明",
        "ref": "",
        "url": "",
        "url2": ""
      }
    },
    {
      "type": "Feature",
      "geometry": {
        "type": "Point",
        "coordinates": [
          140.4829097,
          37.7471769
        ]
      },
      "properties": {
        "内容": "バス停: わたり病院前",
        "name": "わたり病院前",
        "operator": "事業者不明",
        "ref": "",
        "url": "",
        "url2": ""
      }
    },
    {
      "type": "Feature",
      "geometry": {
        "type": "Point",
        "coordinates": [
          140.4856021,
          37.7468914
        ]
      },
      "properties": {
        "内容": "バス停: 扇田町",
        "name": "扇田町",
        "operator": "事業者不明",
        "ref": "",
        "url": "",
        "url2": ""
      }
    },
    {
      "type": "Feature",
      "geometry": {
        "type": "Point",
        "coordinates": [
          140.4871283,
          37.7463102
        ]
      },
      "properties": {
        "内容": "バス停: 館",
        "name": "館",
        "operator": "事業者不明",
        "ref": "",
        "url": "",
        "url2": ""
      }
    },
    {
      "type": "Feature",
      "geometry": {
        "type": "Point",
        "coordinates": [
          140.4874565,
          37.7469518
        ]
      },
      "properties": {
        "内容": "バス停: 館",
        "name": "館",
        "operator": "事業者不明",
        "ref": "",
        "url": "",
        "url2": ""
      }
    },
    {
      "type": "Feature",
      "geometry": {
        "type": "Point",
        "coordinates": [
          140.4859325,
          37.7437964
        ]
      },
      "properties": {
        "内容": "バス停: 花見山入口",
        "name": "花見山入口",
        "operator": "事業者不明",
        "ref": "",
        "url": "",
        "url2": ""
      }
    },
    {
      "type": "Feature",
      "geometry": {
        "type": "Point",
        "coordinates": [
          140.4836212,
          37.7427253
        ]
      },
      "properties": {
        "内容": "バス停: 鳥谷",
        "name": "鳥谷",
        "operator": "事業者不明",
        "ref": "",
        "url": "",
        "url2": ""
      }
    },
    {
      "type": "Feature",
      "geometry": {
        "type": "Point",
        "coordinates": [
          140.4808488,
          37.742429
        ]
      },
      "properties": {
        "内容": "バス停: 岡の内",
        "name": "岡の内",
        "operator": "事業者不明",
        "ref": "",
        "url": "",
        "url2": ""
      }
    },
    {
      "type": "Feature",
      "geometry": {
        "type": "Point",
        "coordinates": [
          140.4800474,
          37.7447784
        ]
      },
      "properties": {
        "内容": "バス停: 渡利中学校",
        "name": "渡利中学校",
        "operator": "事業者不明",
        "ref": "",
        "url": "",
        "url2": ""
      }
    },
    {
      "type": "Feature",
      "geometry": {
        "type": "Point",
        "coordinates": [
          140.4853397,
          37.7486018
        ]
      },
      "properties": {
        "内容": "バス停: 渡利学習センター",
        "name": "渡利学習センター",
        "operator": "事業者不明",
        "ref": "",
        "url": "",
        "url2": ""
      }
    },
    {
      "type": "Feature",
      "geometry": {
        "type": "Point",
        "coordinates": [
          140.477022,
          37.7488029
        ]
      },
      "properties": {
        "内容": "バス停: 中角",
        "name": "中角",
        "operator": "事業者不明",
        "ref": "",
        "url": "",
        "url2": ""
      }
    },
    {
      "type": "Feature",
      "geometry": {
        "type": "Point",
        "coordinates": [
          140.4740438,
          37.7483515
        ]
      },
      "properties": {
        "内容": "バス停: 福島南高校",
        "name": "福島南高校",
        "operator": "事業者不明",
        "ref": "",
        "url": "",
        "url2": ""
      }
    },
    {
      "type": "Feature",
      "geometry": {
        "type": "Point",
        "coordinates": [
          140.4723025,
          37.7480762
        ]
      },
      "properties": {
        "内容": "バス停: 渡利舟場",
        "name": "渡利舟場",
        "operator": "事業者不明",
        "ref": "",
        "url": "",
        "url2": ""
      }
    },
    {
      "type": "Feature",
      "geometry": {
        "type": "Point",
        "coordinates": [
          140.4717086,
          37.7472608
        ]
      },
      "properties": {
        "内容": "バス停: 天神渡",
        "name": "天神渡",
        "operator": "事業者不明",
        "ref": "",
        "url": "",
        "url2": ""
      }
    },
    {
      "type": "Feature",
      "geometry": {
        "type": "Point",
        "coordinates": [
          140.4718946,
          37.7450649
        ]
      },
      "properties": {
        "内容": "バス停: 天神渡",
        "name": "天神渡",
        "operator": "事業者不明",
        "ref": "",
        "url": "",
        "url2": ""
      }
    },
    {
      "type": "Feature",
      "geometry": {
        "type": "Point",
        "coordinates": [
          140.4699914,
          37.7437235
        ]
      },
      "properties": {
        "内容": "バス停: 弁天山下",
        "name": "弁天山下",
        "operator": "事業者不明",
        "ref": "",
        "url": "",
        "url2": ""
      }
    },
    {
      "type": "Feature",
      "geometry": {
        "type": "Point",
        "coordinates": [
          140.4820962,
          37.7469399
        ]
      },
      "properties": {
        "内容": "バス停: わたり病院前",
        "name": "わたり病院前",
        "operator": "事業者不明",
        "ref": "",
        "url": "",
        "url2": ""
      }
    },
    {
      "type": "Feature",
      "geometry": {
        "type": "Point",
        "coordinates": [
          140.4819792,
          37.7444898
        ]
      },
      "properties": {
        "内容": "バス停: 渡利中学校入口",
        "name": "渡利中学校入口",
        "operator": "事業者不明",
        "ref": "",
        "url": "",
        "url2": ""
      }
    },
    {
      "type": "Feature",
      "geometry": {
        "type": "Point",
        "coordinates": [
          140.4817486,
          37.7446402
        ]
      },
      "properties": {
        "内容": "バス停: 渡利中学校入口",
        "name": "渡利中学校入口",
        "operator": "事業者不明",
        "ref": "",
        "url": "",
        "url2": ""
      }
    },
    {
      "type": "Feature",
      "geometry": {
        "type": "Point",
        "coordinates": [
          140.4926573,
          37.7660406
        ]
      },
      "properties": {
        "内容": "バス停: ヘルシーランド",
        "name": "ヘルシーランド",
        "operator": "事業者不明",
        "ref": "",
        "url": "",
        "url2": ""
      }
    },
    {
      "type": "Feature",
      "geometry": {
        "type": "Point",
        "coordinates": [
          140.4646657,
          37.7518031
        ]
      },
      "properties": {
        "内容": "バス停: 中町",
        "name": "中町",
        "operator": "事業者不明",
        "ref": "",
        "url": "",
        "url2": ""
      }
    },
    {
      "type": "Feature",
      "geometry": {
        "type": "Point",
        "coordinates": [
          140.464677,
          37.7479412
        ]
      },
      "properties": {
        "内容": "バス停: 荒町",
        "name": "荒町",
        "operator": "事業者不明",
        "ref": "",
        "url": "",
        "url2": ""
      }
    },
    {
      "type": "Feature",
      "geometry": {
        "type": "Point",
        "coordinates": [
          140.4644333,
          37.7471678
        ]
      },
      "properties": {
        "内容": "バス停: 荒町",
        "name": "荒町",
        "operator": "事業者不明",
        "ref": "",
        "url": "",
        "url2": ""
      }
    },
    {
      "type": "Feature",
      "geometry": {
        "type": "Point",
        "coordinates": [
          140.462742,
          37.7422751
        ]
      },
      "properties": {
        "内容": "バス停: 信夫橋",
        "name": "信夫橋",
        "operator": "事業者不明",
        "ref": "",
        "url": "",
        "url2": ""
      }
    },
    {
      "type": "Feature",
      "geometry": {
        "type": "Point",
        "coordinates": [
          140.4627128,
          37.741733
        ]
      },
      "properties": {
        "内容": "バス停: 信夫橋",
        "name": "信夫橋",
        "operator": "事業者不明",
        "ref": "",
        "url": "",
        "url2": ""
      }
    },
    {
      "type": "Feature",
      "geometry": {
        "type": "Point",
        "coordinates": [
          140.462234,
          37.742675
        ]
      },
      "properties": {
        "内容": "バス停: 信夫橋",
        "name": "信夫橋",
        "operator": "事業者不明",
        "ref": "",
        "url": "",
        "url2": ""
      }
    },
    {
      "type": "Feature",
      "geometry": {
        "type": "Point",
        "coordinates": [
          140.4616676,
          37.7428794
        ]
      },
      "properties": {
        "内容": "バス停: 信夫橋",
        "name": "信夫橋",
        "operator": "事業者不明",
        "ref": "",
        "url": "",
        "url2": ""
      }
    },
    {
      "type": "Feature",
      "geometry": {
        "type": "Point",
        "coordinates": [
          140.8509953,
          37.0063846
        ]
      },
      "properties": {
        "内容": "バス停: 湯本",
        "name": "湯本",
        "operator": "事業者不明",
        "ref": "",
        "url": "",
        "url2": ""
      }
    },
    {
      "type": "Feature",
      "geometry": {
        "type": "Point",
        "coordinates": [
          140.850976,
          37.0063188
        ]
      },
      "properties": {
        "内容": "バス停: 湯本東口",
        "name": "湯本東口",
        "operator": "事業者不明",
        "ref": "",
        "url": "",
        "url2": ""
      }
    },
    {
      "type": "Feature",
      "geometry": {
        "type": "Point",
        "coordinates": [
          140.5234639,
          37.820214
        ]
      },
      "properties": {
        "内容": "バス停: 名称不明バス停",
        "name": "名称不明バス停",
        "operator": "事業者不明",
        "ref": "",
        "url": "",
        "url2": ""
      }
    },
    {
      "type": "Feature",
      "geometry": {
        "type": "Point",
        "coordinates": [
          140.5236972,
          37.8201229
        ]
      },
      "properties": {
        "内容": "バス停: 名称不明バス停",
        "name": "名称不明バス停",
        "operator": "事業者不明",
        "ref": "",
        "url": "",
        "url2": ""
      }
    },
    {
      "type": "Feature",
      "geometry": {
        "type": "Point",
        "coordinates": [
          140.4797144,
          37.8242628
        ]
      },
      "properties": {
        "内容": "バス停: 名称不明バス停",
        "name": "名称不明バス停",
        "operator": "事業者不明",
        "ref": "",
        "url": "",
        "url2": ""
      }
    },
    {
      "type": "Feature",
      "geometry": {
        "type": "Point",
        "coordinates": [
          140.403435,
          37.8293941
        ]
      },
      "properties": {
        "内容": "バス停: 名称不明バス停",
        "name": "名称不明バス停",
        "operator": "事業者不明",
        "ref": "",
        "url": "",
        "url2": ""
      }
    },
    {
      "type": "Feature",
      "geometry": {
        "type": "Point",
        "coordinates": [
          140.3934572,
          37.831074
        ]
      },
      "properties": {
        "内容": "バス停: 名称不明バス停",
        "name": "名称不明バス停",
        "operator": "事業者不明",
        "ref": "",
        "url": "",
        "url2": ""
      }
    },
    {
      "type": "Feature",
      "geometry": {
        "type": "Point",
        "coordinates": [
          140.3938434,
          37.8306419
        ]
      },
      "properties": {
        "内容": "バス停: 名称不明バス停",
        "name": "名称不明バス停",
        "operator": "事業者不明",
        "ref": "",
        "url": "",
        "url2": ""
      }
    },
    {
      "type": "Feature",
      "geometry": {
        "type": "Point",
        "coordinates": [
          140.3903271,
          37.8324426
        ]
      },
      "properties": {
        "内容": "バス停: 名称不明バス停",
        "name": "名称不明バス停",
        "operator": "事業者不明",
        "ref": "",
        "url": "",
        "url2": ""
      }
    },
    {
      "type": "Feature",
      "geometry": {
        "type": "Point",
        "coordinates": [
          140.3854669,
          37.8350016
        ]
      },
      "properties": {
        "内容": "バス停: 名称不明バス停",
        "name": "名称不明バス停",
        "operator": "事業者不明",
        "ref": "",
        "url": "",
        "url2": ""
      }
    },
    {
      "type": "Feature",
      "geometry": {
        "type": "Point",
        "coordinates": [
          140.3736276,
          37.8389268
        ]
      },
      "properties": {
        "内容": "バス停: 名称不明バス停",
        "name": "名称不明バス停",
        "operator": "事業者不明",
        "ref": "",
        "url": "",
        "url2": ""
      }
    },
    {
      "type": "Feature",
      "geometry": {
        "type": "Point",
        "coordinates": [
          139.3345055,
          36.9479774
        ]
      },
      "properties": {
        "内容": "バス停: 沼山峠",
        "name": "沼山峠",
        "operator": "事業者不明",
        "ref": "",
        "url": "",
        "url2": ""
      }
    },
    {
      "type": "Feature",
      "geometry": {
        "type": "Point",
        "coordinates": [
          140.9658028,
          37.372234
        ]
      },
      "properties": {
        "内容": "バス停: 名称不明バス停",
        "name": "名称不明バス停",
        "operator": "事業者不明",
        "ref": "",
        "url": "",
        "url2": ""
      }
    },
    {
      "type": "Feature",
      "geometry": {
        "type": "Point",
        "coordinates": [
          140.9614308,
          37.3700555
        ]
      },
      "properties": {
        "内容": "バス停: 名称不明バス停",
        "name": "名称不明バス停",
        "operator": "事業者不明",
        "ref": "",
        "url": "",
        "url2": ""
      }
    },
    {
      "type": "Feature",
      "geometry": {
        "type": "Point",
        "coordinates": [
          140.9613584,
          37.3698466
        ]
      },
      "properties": {
        "内容": "バス停: 名称不明バス停",
        "name": "名称不明バス停",
        "operator": "事業者不明",
        "ref": "",
        "url": "",
        "url2": ""
      }
    },
    {
      "type": "Feature",
      "geometry": {
        "type": "Point",
        "coordinates": [
          140.9790502,
          37.3688767
        ]
      },
      "properties": {
        "内容": "バス停: 名称不明バス停",
        "name": "名称不明バス停",
        "operator": "事業者不明",
        "ref": "",
        "url": "",
        "url2": ""
      }
    },
    {
      "type": "Feature",
      "geometry": {
        "type": "Point",
        "coordinates": [
          140.9909324,
          37.368105
        ]
      },
      "properties": {
        "内容": "バス停: 名称不明バス停",
        "name": "名称不明バス停",
        "operator": "事業者不明",
        "ref": "",
        "url": "",
        "url2": ""
      }
    },
    {
      "type": "Feature",
      "geometry": {
        "type": "Point",
        "coordinates": [
          140.9942315,
          37.3680282
        ]
      },
      "properties": {
        "内容": "バス停: 名称不明バス停",
        "name": "名称不明バス停",
        "operator": "事業者不明",
        "ref": "",
        "url": "",
        "url2": ""
      }
    },
    {
      "type": "Feature",
      "geometry": {
        "type": "Point",
        "coordinates": [
          141.0135595,
          37.3508
        ]
      },
      "properties": {
        "内容": "バス停: 名称不明バス停",
        "name": "名称不明バス停",
        "operator": "事業者不明",
        "ref": "",
        "url": "",
        "url2": ""
      }
    },
    {
      "type": "Feature",
      "geometry": {
        "type": "Point",
        "coordinates": [
          141.0127441,
          37.3524375
        ]
      },
      "properties": {
        "内容": "バス停: 名称不明バス停",
        "name": "名称不明バス停",
        "operator": "事業者不明",
        "ref": "",
        "url": "",
        "url2": ""
      }
    },
    {
      "type": "Feature",
      "geometry": {
        "type": "Point",
        "coordinates": [
          141.0113708,
          37.347606
        ]
      },
      "properties": {
        "内容": "バス停: 名称不明バス停",
        "name": "名称不明バス停",
        "operator": "事業者不明",
        "ref": "",
        "url": "",
        "url2": ""
      }
    },
    {
      "type": "Feature",
      "geometry": {
        "type": "Point",
        "coordinates": [
          141.012484,
          37.3401469
        ]
      },
      "properties": {
        "内容": "バス停: 名称不明バス停",
        "name": "名称不明バス停",
        "operator": "事業者不明",
        "ref": "",
        "url": "",
        "url2": ""
      }
    },
    {
      "type": "Feature",
      "geometry": {
        "type": "Point",
        "coordinates": [
          141.0138894,
          37.338652
        ]
      },
      "properties": {
        "内容": "バス停: 名称不明バス停",
        "name": "名称不明バス停",
        "operator": "事業者不明",
        "ref": "",
        "url": "",
        "url2": ""
      }
    },
    {
      "type": "Feature",
      "geometry": {
        "type": "Point",
        "coordinates": [
          141.0129399,
          37.3373917
        ]
      },
      "properties": {
        "内容": "バス停: 名称不明バス停",
        "name": "名称不明バス停",
        "operator": "事業者不明",
        "ref": "",
        "url": "",
        "url2": ""
      }
    },
    {
      "type": "Feature",
      "geometry": {
        "type": "Point",
        "coordinates": [
          141.0130392,
          37.337477
        ]
      },
      "properties": {
        "内容": "バス停: 名称不明バス停",
        "name": "名称不明バス停",
        "operator": "事業者不明",
        "ref": "",
        "url": "",
        "url2": ""
      }
    },
    {
      "type": "Feature",
      "geometry": {
        "type": "Point",
        "coordinates": [
          141.017438,
          37.3372083
        ]
      },
      "properties": {
        "内容": "バス停: 名称不明バス停",
        "name": "名称不明バス停",
        "operator": "事業者不明",
        "ref": "",
        "url": "",
        "url2": ""
      }
    },
    {
      "type": "Feature",
      "geometry": {
        "type": "Point",
        "coordinates": [
          141.0192512,
          37.3364256
        ]
      },
      "properties": {
        "内容": "バス停: 名称不明バス停",
        "name": "名称不明バス停",
        "operator": "事業者不明",
        "ref": "",
        "url": "",
        "url2": ""
      }
    },
    {
      "type": "Feature",
      "geometry": {
        "type": "Point",
        "coordinates": [
          141.0002536,
          37.4960801
        ]
      },
      "properties": {
        "内容": "バス停: 道の駅　なみえ",
        "name": "道の駅　なみえ",
        "operator": "事業者不明",
        "ref": "",
        "url": "",
        "url2": ""
      }
    },
    {
      "type": "Feature",
      "geometry": {
        "type": "Point",
        "coordinates": [
          140.96183,
          37.3827147
        ]
      },
      "properties": {
        "内容": "バス停: 大川原復興住宅",
        "name": "大川原復興住宅",
        "operator": "事業者不明",
        "ref": "",
        "url": "",
        "url2": ""
      }
    },
    {
      "type": "Feature",
      "geometry": {
        "type": "Point",
        "coordinates": [
          141.0219115,
          37.335303
        ]
      },
      "properties": {
        "内容": "バス停: 富岡駅 (大熊町生活循環バス)",
        "name": "富岡駅",
        "operator": "大熊町生活循環バス",
        "ref": "",
        "url": "",
        "url2": ""
      }
    },
    {
      "type": "Feature",
      "geometry": {
        "type": "Point",
        "coordinates": [
          141.0091332,
          37.3408055
        ]
      },
      "properties": {
        "内容": "バス停: 富岡郵便局",
        "name": "富岡郵便局",
        "operator": "事業者不明",
        "ref": "",
        "url": "",
        "url2": ""
      }
    },
    {
      "type": "Feature",
      "geometry": {
        "type": "Point",
        "coordinates": [
          141.0144055,
          37.3402643
        ]
      },
      "properties": {
        "内容": "バス停: さくらモール・とみおか診療所 (大熊町生活循環バス)",
        "name": "さくらモール・とみおか診療所",
        "operator": "大熊町生活循環バス",
        "ref": "",
        "url": "",
        "url2": ""
      }
    },
    {
      "type": "Feature",
      "geometry": {
        "type": "Point",
        "coordinates": [
          141.0030997,
          37.2823251
        ]
      },
      "properties": {
        "内容": "バス停: 名称不明バス停",
        "name": "名称不明バス停",
        "operator": "事業者不明",
        "ref": "",
        "url": "",
        "url2": ""
      }
    },
    {
      "type": "Feature",
      "geometry": {
        "type": "Point",
        "coordinates": [
          140.3598328,
          37.2715129
        ]
      },
      "properties": {
        "内容": "バス停: 名称不明バス停",
        "name": "名称不明バス停",
        "operator": "事業者不明",
        "ref": "",
        "url": "",
        "url2": ""
      }
    },
    {
      "type": "Feature",
      "geometry": {
        "type": "Point",
        "coordinates": [
          140.5069954,
          37.6628016
        ]
      },
      "properties": {
        "内容": "バス停: 名称不明バス停",
        "name": "名称不明バス停",
        "operator": "事業者不明",
        "ref": "",
        "url": "",
        "url2": ""
      }
    },
    {
      "type": "Feature",
      "geometry": {
        "type": "Point",
        "coordinates": [
          140.5068149,
          37.6627259
        ]
      },
      "properties": {
        "内容": "バス停: 名称不明バス停",
        "name": "名称不明バス停",
        "operator": "事業者不明",
        "ref": "",
        "url": "",
        "url2": ""
      }
    },
    {
      "type": "Feature",
      "geometry": {
        "type": "Point",
        "coordinates": [
          140.9587882,
          37.3824291
        ]
      },
      "properties": {
        "内容": "バス停: 大熊町役場",
        "name": "大熊町役場",
        "operator": "事業者不明",
        "ref": "",
        "url": "",
        "url2": ""
      }
    },
    {
      "type": "Feature",
      "geometry": {
        "type": "Point",
        "coordinates": [
          139.8953292,
          37.3039804
        ]
      },
      "properties": {
        "内容": "バス停: 湯野上温泉駅 (猿游号)",
        "name": "湯野上温泉駅",
        "operator": "猿游号",
        "ref": "",
        "url": "",
        "url2": ""
      }
    },
    {
      "type": "Feature",
      "geometry": {
        "type": "Point",
        "coordinates": [
          139.9446933,
          37.504712
        ]
      },
      "properties": {
        "内容": "バス停: 会津短大南口",
        "name": "会津短大南口",
        "operator": "事業者不明",
        "ref": "",
        "url": "",
        "url2": ""
      }
    },
    {
      "type": "Feature",
      "geometry": {
        "type": "Point",
        "coordinates": [
          139.940301,
          37.5055493
        ]
      },
      "properties": {
        "内容": "バス停: 蚕養神社前",
        "name": "蚕養神社前",
        "operator": "事業者不明",
        "ref": "",
        "url": "",
        "url2": ""
      }
    },
    {
      "type": "Feature",
      "geometry": {
        "type": "Point",
        "coordinates": [
          140.1629008,
          37.4883275
        ]
      },
      "properties": {
        "内容": "バス停: 名称不明バス停",
        "name": "名称不明バス停",
        "operator": "事業者不明",
        "ref": "",
        "url": "",
        "url2": ""
      }
    },
    {
      "type": "Feature",
      "geometry": {
        "type": "Point",
        "coordinates": [
          139.8613896,
          37.3321444
        ]
      },
      "properties": {
        "内容": "バス停: 大内宿入り口 (猿游号)",
        "name": "大内宿入り口",
        "operator": "猿游号",
        "ref": "",
        "url": "",
        "url2": ""
      }
    },
    {
      "type": "Feature",
      "geometry": {
        "type": "Point",
        "coordinates": [
          140.4098359,
          37.7976321
        ]
      },
      "properties": {
        "内容": "バス停: 水口 (福島交通)",
        "name": "水口",
        "operator": "福島交通",
        "ref": "",
        "url": "",
        "url2": ""
      }
    },
    {
      "type": "Feature",
      "geometry": {
        "type": "Point",
        "coordinates": [
          140.4099351,
          37.7975368
        ]
      },
      "properties": {
        "内容": "バス停: 水口 (福島交通)",
        "name": "水口",
        "operator": "福島交通",
        "ref": "",
        "url": "",
        "url2": ""
      }
    },
    {
      "type": "Feature",
      "geometry": {
        "type": "Point",
        "coordinates": [
          140.417102,
          37.8109304
        ]
      },
      "properties": {
        "内容": "バス停: 座頭町 (福島交通)",
        "name": "座頭町",
        "operator": "福島交通",
        "ref": "",
        "url": "",
        "url2": ""
      }
    },
    {
      "type": "Feature",
      "geometry": {
        "type": "Point",
        "coordinates": [
          140.3828731,
          37.4053642
        ]
      },
      "properties": {
        "内容": "バス停: 名称不明バス停",
        "name": "名称不明バス停",
        "operator": "事業者不明",
        "ref": "",
        "url": "",
        "url2": ""
      }
    },
    {
      "type": "Feature",
      "geometry": {
        "type": "Point",
        "coordinates": [
          140.3804672,
          37.4057925
        ]
      },
      "properties": {
        "内容": "バス停: 名称不明バス停",
        "name": "名称不明バス停",
        "operator": "事業者不明",
        "ref": "",
        "url": "",
        "url2": ""
      }
    },
    {
      "type": "Feature",
      "geometry": {
        "type": "Point",
        "coordinates": [
          140.3803116,
          37.4060013
        ]
      },
      "properties": {
        "内容": "バス停: 名称不明バス停",
        "name": "名称不明バス停",
        "operator": "事業者不明",
        "ref": "",
        "url": "",
        "url2": ""
      }
    },
    {
      "type": "Feature",
      "geometry": {
        "type": "Point",
        "coordinates": [
          140.3840291,
          37.4060801
        ]
      },
      "properties": {
        "内容": "バス停: 名称不明バス停",
        "name": "名称不明バス停",
        "operator": "事業者不明",
        "ref": "",
        "url": "",
        "url2": ""
      }
    },
    {
      "type": "Feature",
      "geometry": {
        "type": "Point",
        "coordinates": [
          140.3814835,
          37.408072
        ]
      },
      "properties": {
        "内容": "バス停: 名称不明バス停",
        "name": "名称不明バス停",
        "operator": "事業者不明",
        "ref": "",
        "url": "",
        "url2": ""
      }
    },
    {
      "type": "Feature",
      "geometry": {
        "type": "Point",
        "coordinates": [
          140.3814862,
          37.408187
        ]
      },
      "properties": {
        "内容": "バス停: 名称不明バス停",
        "name": "名称不明バス停",
        "operator": "事業者不明",
        "ref": "",
        "url": "",
        "url2": ""
      }
    },
    {
      "type": "Feature",
      "geometry": {
        "type": "Point",
        "coordinates": [
          140.8682226,
          37.0420711
        ]
      },
      "properties": {
        "内容": "バス停: 医療センター（いわき駅方面） (常磐交通)",
        "name": "医療センター（いわき駅方面）",
        "operator": "常磐交通",
        "ref": "",
        "url": "",
        "url2": ""
      }
    },
    {
      "type": "Feature",
      "geometry": {
        "type": "Point",
        "coordinates": [
          140.8683835,
          37.0421952
        ]
      },
      "properties": {
        "内容": "バス停: 医療センター（内郷駅方面） (常磐交通)",
        "name": "医療センター（内郷駅方面）",
        "operator": "常磐交通",
        "ref": "",
        "url": "",
        "url2": ""
      }
    },
    {
      "type": "Feature",
      "geometry": {
        "type": "Point",
        "coordinates": [
          140.4574075,
          37.7438469
        ]
      },
      "properties": {
        "内容": "バス停: 葉木立",
        "name": "葉木立",
        "operator": "事業者不明",
        "ref": "",
        "url": "",
        "url2": ""
      }
    },
    {
      "type": "Feature",
      "geometry": {
        "type": "Point",
        "coordinates": [
          140.4520029,
          37.7440739
        ]
      },
      "properties": {
        "内容": "バス停: 白家",
        "name": "白家",
        "operator": "事業者不明",
        "ref": "",
        "url": "",
        "url2": ""
      }
    },
    {
      "type": "Feature",
      "geometry": {
        "type": "Point",
        "coordinates": [
          140.4432777,
          37.7444981
        ]
      },
      "properties": {
        "内容": "バス停: 福島運輸支局",
        "name": "福島運輸支局",
        "operator": "事業者不明",
        "ref": "",
        "url": "",
        "url2": ""
      }
    },
    {
      "type": "Feature",
      "geometry": {
        "type": "Point",
        "coordinates": [
          140.4409495,
          37.744549
        ]
      },
      "properties": {
        "内容": "バス停: 地蔵前",
        "name": "地蔵前",
        "operator": "事業者不明",
        "ref": "",
        "url": "",
        "url2": ""
      }
    },
    {
      "type": "Feature",
      "geometry": {
        "type": "Point",
        "coordinates": [
          140.4332784,
          37.7441226
        ]
      },
      "properties": {
        "内容": "バス停: 吉井田",
        "name": "吉井田",
        "operator": "事業者不明",
        "ref": "",
        "url": "",
        "url2": ""
      }
    },
    {
      "type": "Feature",
      "geometry": {
        "type": "Point",
        "coordinates": [
          140.4281259,
          37.7435585
        ]
      },
      "properties": {
        "内容": "バス停: 道内",
        "name": "道内",
        "operator": "事業者不明",
        "ref": "",
        "url": "",
        "url2": ""
      }
    },
    {
      "type": "Feature",
      "geometry": {
        "type": "Point",
        "coordinates": [
          140.4244029,
          37.7430388
        ]
      },
      "properties": {
        "内容": "バス停: 戸の内",
        "name": "戸の内",
        "operator": "事業者不明",
        "ref": "",
        "url": "",
        "url2": ""
      }
    },
    {
      "type": "Feature",
      "geometry": {
        "type": "Point",
        "coordinates": [
          140.4205714,
          37.7419264
        ]
      },
      "properties": {
        "内容": "バス停: 五反田",
        "name": "五反田",
        "operator": "事業者不明",
        "ref": "",
        "url": "",
        "url2": ""
      }
    },
    {
      "type": "Feature",
      "geometry": {
        "type": "Point",
        "coordinates": [
          140.4172495,
          37.7405699
        ]
      },
      "properties": {
        "内容": "バス停: 成木",
        "name": "成木",
        "operator": "事業者不明",
        "ref": "",
        "url": "",
        "url2": ""
      }
    },
    {
      "type": "Feature",
      "geometry": {
        "type": "Point",
        "coordinates": [
          140.414295,
          37.7393556
        ]
      },
      "properties": {
        "内容": "バス停: 下村",
        "name": "下村",
        "operator": "事業者不明",
        "ref": "",
        "url": "",
        "url2": ""
      }
    },
    {
      "type": "Feature",
      "geometry": {
        "type": "Point",
        "coordinates": [
          140.407391,
          37.7369693
        ]
      },
      "properties": {
        "内容": "バス停: 権の守",
        "name": "権の守",
        "operator": "事業者不明",
        "ref": "",
        "url": "",
        "url2": ""
      }
    },
    {
      "type": "Feature",
      "geometry": {
        "type": "Point",
        "coordinates": [
          140.4049556,
          37.7362969
        ]
      },
      "properties": {
        "内容": "バス停: 第二日東入口",
        "name": "第二日東入口",
        "operator": "事業者不明",
        "ref": "",
        "url": "",
        "url2": ""
      }
    },
    {
      "type": "Feature",
      "geometry": {
        "type": "Point",
        "coordinates": [
          140.401108,
          37.7350825
        ]
      },
      "properties": {
        "内容": "バス停: 吉の内",
        "name": "吉の内",
        "operator": "事業者不明",
        "ref": "",
        "url": "",
        "url2": ""
      }
    },
    {
      "type": "Feature",
      "geometry": {
        "type": "Point",
        "coordinates": [
          140.3948477,
          37.7328457
        ]
      },
      "properties": {
        "内容": "バス停: 儘の上",
        "name": "儘の上",
        "operator": "事業者不明",
        "ref": "",
        "url": "",
        "url2": ""
      }
    },
    {
      "type": "Feature",
      "geometry": {
        "type": "Point",
        "coordinates": [
          140.3907748,
          37.7313788
        ]
      },
      "properties": {
        "内容": "バス停: 佐倉小学校",
        "name": "佐倉小学校",
        "operator": "事業者不明",
        "ref": "",
        "url": "",
        "url2": ""
      }
    },
    {
      "type": "Feature",
      "geometry": {
        "type": "Point",
        "coordinates": [
          140.3844997,
          37.7284746
        ]
      },
      "properties": {
        "内容": "バス停: 佐倉",
        "name": "佐倉",
        "operator": "事業者不明",
        "ref": "",
        "url": "",
        "url2": ""
      }
    },
    {
      "type": "Feature",
      "geometry": {
        "type": "Point",
        "coordinates": [
          140.3840116,
          37.7259777
        ]
      },
      "properties": {
        "内容": "バス停: 佐倉局前",
        "name": "佐倉局前",
        "operator": "事業者不明",
        "ref": "",
        "url": "",
        "url2": ""
      }
    },
    {
      "type": "Feature",
      "geometry": {
        "type": "Point",
        "coordinates": [
          140.3845695,
          37.7237925
        ]
      },
      "properties": {
        "内容": "バス停: あらいクリニック前",
        "name": "あらいクリニック前",
        "operator": "事業者不明",
        "ref": "",
        "url": "",
        "url2": ""
      }
    },
    {
      "type": "Feature",
      "geometry": {
        "type": "Point",
        "coordinates": [
          140.3828984,
          37.7212594
        ]
      },
      "properties": {
        "内容": "バス停: 荒井",
        "name": "荒井",
        "operator": "事業者不明",
        "ref": "",
        "url": "",
        "url2": ""
      }
    },
    {
      "type": "Feature",
      "geometry": {
        "type": "Point",
        "coordinates": [
          140.3794176,
          37.7198098
        ]
      },
      "properties": {
        "内容": "バス停: 自衛隊入口",
        "name": "自衛隊入口",
        "operator": "事業者不明",
        "ref": "",
        "url": "",
        "url2": ""
      }
    },
    {
      "type": "Feature",
      "geometry": {
        "type": "Point",
        "coordinates": [
          140.3758952,
          37.7183442
        ]
      },
      "properties": {
        "内容": "バス停: 野村前",
        "name": "野村前",
        "operator": "事業者不明",
        "ref": "",
        "url": "",
        "url2": ""
      }
    },
    {
      "type": "Feature",
      "geometry": {
        "type": "Point",
        "coordinates": [
          140.3710538,
          37.7159445
        ]
      },
      "properties": {
        "内容": "バス停: 鷺",
        "name": "鷺",
        "operator": "事業者不明",
        "ref": "",
        "url": "",
        "url2": ""
      }
    },
    {
      "type": "Feature",
      "geometry": {
        "type": "Point",
        "coordinates": [
          140.3682643,
          37.7134153
        ]
      },
      "properties": {
        "内容": "バス停: 峠の原",
        "name": "峠の原",
        "operator": "事業者不明",
        "ref": "",
        "url": "",
        "url2": ""
      }
    },
    {
      "type": "Feature",
      "geometry": {
        "type": "Point",
        "coordinates": [
          140.3653836,
          37.7097254
        ]
      },
      "properties": {
        "内容": "バス停: 四季の里入口",
        "name": "四季の里入口",
        "operator": "事業者不明",
        "ref": "",
        "url": "",
        "url2": ""
      }
    },
    {
      "type": "Feature",
      "geometry": {
        "type": "Point",
        "coordinates": [
          140.3626075,
          37.7067524
        ]
      },
      "properties": {
        "内容": "バス停: 自治研修センター",
        "name": "自治研修センター",
        "operator": "事業者不明",
        "ref": "",
        "url": "",
        "url2": ""
      }
    },
    {
      "type": "Feature",
      "geometry": {
        "type": "Point",
        "coordinates": [
          140.3614113,
          37.7054368
        ]
      },
      "properties": {
        "内容": "バス停: 地蔵原",
        "name": "地蔵原",
        "operator": "事業者不明",
        "ref": "",
        "url": "",
        "url2": ""
      }
    },
    {
      "type": "Feature",
      "geometry": {
        "type": "Point",
        "coordinates": [
          140.355214,
          37.7024796
        ]
      },
      "properties": {
        "内容": "バス停: 畜産試験場",
        "name": "畜産試験場",
        "operator": "事業者不明",
        "ref": "",
        "url": "",
        "url2": ""
      }
    },
    {
      "type": "Feature",
      "geometry": {
        "type": "Point",
        "coordinates": [
          140.350095,
          37.6997855
        ]
      },
      "properties": {
        "内容": "バス停: 一寸張",
        "name": "一寸張",
        "operator": "事業者不明",
        "ref": "",
        "url": "",
        "url2": ""
      }
    },
    {
      "type": "Feature",
      "geometry": {
        "type": "Point",
        "coordinates": [
          140.3418741,
          37.6921875
        ]
      },
      "properties": {
        "内容": "バス停: 天沼",
        "name": "天沼",
        "operator": "事業者不明",
        "ref": "",
        "url": "",
        "url2": ""
      }
    },
    {
      "type": "Feature",
      "geometry": {
        "type": "Point",
        "coordinates": [
          140.3320625,
          37.6845654
        ]
      },
      "properties": {
        "内容": "バス停: 土湯温泉入口",
        "name": "土湯温泉入口",
        "operator": "事業者不明",
        "ref": "",
        "url": "",
        "url2": ""
      }
    },
    {
      "type": "Feature",
      "geometry": {
        "type": "Point",
        "coordinates": [
          140.3295936,
          37.6840082
        ]
      },
      "properties": {
        "内容": "バス停: 土湯見附",
        "name": "土湯見附",
        "operator": "事業者不明",
        "ref": "",
        "url": "",
        "url2": ""
      }
    },
    {
      "type": "Feature",
      "geometry": {
        "type": "Point",
        "coordinates": [
          140.3270079,
          37.6830185
        ]
      },
      "properties": {
        "内容": "バス停: 杉の下",
        "name": "杉の下",
        "operator": "事業者不明",
        "ref": "",
        "url": "",
        "url2": ""
      }
    },
    {
      "type": "Feature",
      "geometry": {
        "type": "Point",
        "coordinates": [
          140.3264862,
          37.6822049
        ]
      },
      "properties": {
        "内容": "バス停: 土湯温泉",
        "name": "土湯温泉",
        "operator": "事業者不明",
        "ref": "",
        "url": "",
        "url2": ""
      }
    },
    {
      "type": "Feature",
      "geometry": {
        "type": "Point",
        "coordinates": [
          140.3292623,
          37.6831856
        ]
      },
      "properties": {
        "内容": "バス停: 土湯見附",
        "name": "土湯見附",
        "operator": "事業者不明",
        "ref": "",
        "url": "",
        "url2": ""
      }
    },
    {
      "type": "Feature",
      "geometry": {
        "type": "Point",
        "coordinates": [
          140.3323039,
          37.6844784
        ]
      },
      "properties": {
        "内容": "バス停: 土湯温泉入口",
        "name": "土湯温泉入口",
        "operator": "事業者不明",
        "ref": "",
        "url": "",
        "url2": ""
      }
    },
    {
      "type": "Feature",
      "geometry": {
        "type": "Point",
        "coordinates": [
          140.3410882,
          37.6914595
        ]
      },
      "properties": {
        "内容": "バス停: 天沼",
        "name": "天沼",
        "operator": "事業者不明",
        "ref": "",
        "url": "",
        "url2": ""
      }
    },
    {
      "type": "Feature",
      "geometry": {
        "type": "Point",
        "coordinates": [
          140.350256,
          37.6997685
        ]
      },
      "properties": {
        "内容": "バス停: 一寸張",
        "name": "一寸張",
        "operator": "事業者不明",
        "ref": "",
        "url": "",
        "url2": ""
      }
    },
    {
      "type": "Feature",
      "geometry": {
        "type": "Point",
        "coordinates": [
          140.3552784,
          37.7024234
        ]
      },
      "properties": {
        "内容": "バス停: 畜産試験場",
        "name": "畜産試験場",
        "operator": "事業者不明",
        "ref": "",
        "url": "",
        "url2": ""
      }
    },
    {
      "type": "Feature",
      "geometry": {
        "type": "Point",
        "coordinates": [
          140.360911,
          37.7048267
        ]
      },
      "properties": {
        "内容": "バス停: 地蔵原",
        "name": "地蔵原",
        "operator": "事業者不明",
        "ref": "",
        "url": "",
        "url2": ""
      }
    },
    {
      "type": "Feature",
      "geometry": {
        "type": "Point",
        "coordinates": [
          140.3628691,
          37.7068967
        ]
      },
      "properties": {
        "内容": "バス停: 自治研修センター",
        "name": "自治研修センター",
        "operator": "事業者不明",
        "ref": "",
        "url": "",
        "url2": ""
      }
    },
    {
      "type": "Feature",
      "geometry": {
        "type": "Point",
        "coordinates": [
          140.366038,
          37.7103291
        ]
      },
      "properties": {
        "内容": "バス停: 四季の里入口",
        "name": "四季の里入口",
        "operator": "事業者不明",
        "ref": "",
        "url": "",
        "url2": ""
      }
    },
    {
      "type": "Feature",
      "geometry": {
        "type": "Point",
        "coordinates": [
          140.3683957,
          37.7133357
        ]
      },
      "properties": {
        "内容": "バス停: 峠の原",
        "name": "峠の原",
        "operator": "事業者不明",
        "ref": "",
        "url": "",
        "url2": ""
      }
    },
    {
      "type": "Feature",
      "geometry": {
        "type": "Point",
        "coordinates": [
          140.3712536,
          37.7159689
        ]
      },
      "properties": {
        "内容": "バス停: 鷺",
        "name": "鷺",
        "operator": "事業者不明",
        "ref": "",
        "url": "",
        "url2": ""
      }
    },
    {
      "type": "Feature",
      "geometry": {
        "type": "Point",
        "coordinates": [
          140.3760427,
          37.7183209
        ]
      },
      "properties": {
        "内容": "バス停: 野村前",
        "name": "野村前",
        "operator": "事業者不明",
        "ref": "",
        "url": "",
        "url2": ""
      }
    },
    {
      "type": "Feature",
      "geometry": {
        "type": "Point",
        "coordinates": [
          140.3792131,
          37.7196342
        ]
      },
      "properties": {
        "内容": "バス停: 自衛隊入口",
        "name": "自衛隊入口",
        "operator": "事業者不明",
        "ref": "",
        "url": "",
        "url2": ""
      }
    },
    {
      "type": "Feature",
      "geometry": {
        "type": "Point",
        "coordinates": [
          140.3846969,
          37.7219425
        ]
      },
      "properties": {
        "内容": "バス停: 荒井",
        "name": "荒井",
        "operator": "事業者不明",
        "ref": "",
        "url": "",
        "url2": ""
      }
    },
    {
      "type": "Feature",
      "geometry": {
        "type": "Point",
        "coordinates": [
          140.3846204,
          37.723923
        ]
      },
      "properties": {
        "内容": "バス停: あらいクリニック前",
        "name": "あらいクリニック前",
        "operator": "事業者不明",
        "ref": "",
        "url": "",
        "url2": ""
      }
    },
    {
      "type": "Feature",
      "geometry": {
        "type": "Point",
        "coordinates": [
          140.3841148,
          37.7260817
        ]
      },
      "properties": {
        "内容": "バス停: 佐倉局前",
        "name": "佐倉局前",
        "operator": "事業者不明",
        "ref": "",
        "url": "",
        "url2": ""
      }
    },
    {
      "type": "Feature",
      "geometry": {
        "type": "Point",
        "coordinates": [
          140.3845534,
          37.7283558
        ]
      },
      "properties": {
        "内容": "バス停: 佐倉",
        "name": "佐倉",
        "operator": "事業者不明",
        "ref": "",
        "url": "",
        "url2": ""
      }
    },
    {
      "type": "Feature",
      "geometry": {
        "type": "Point",
        "coordinates": [
          140.3908163,
          37.7313343
        ]
      },
      "properties": {
        "内容": "バス停: 佐倉小学校",
        "name": "佐倉小学校",
        "operator": "事業者不明",
        "ref": "",
        "url": "",
        "url2": ""
      }
    },
    {
      "type": "Feature",
      "geometry": {
        "type": "Point",
        "coordinates": [
          140.3954203,
          37.7329751
        ]
      },
      "properties": {
        "内容": "バス停: 儘の上",
        "name": "儘の上",
        "operator": "事業者不明",
        "ref": "",
        "url": "",
        "url2": ""
      }
    },
    {
      "type": "Feature",
      "geometry": {
        "type": "Point",
        "coordinates": [
          140.4013225,
          37.7350794
        ]
      },
      "properties": {
        "内容": "バス停: 吉の内",
        "name": "吉の内",
        "operator": "事業者不明",
        "ref": "",
        "url": "",
        "url2": ""
      }
    },
    {
      "type": "Feature",
      "geometry": {
        "type": "Point",
        "coordinates": [
          140.4058528,
          37.7364613
        ]
      },
      "properties": {
        "内容": "バス停: 第二日東入口",
        "name": "第二日東入口",
        "operator": "事業者不明",
        "ref": "",
        "url": "",
        "url2": ""
      }
    },
    {
      "type": "Feature",
      "geometry": {
        "type": "Point",
        "coordinates": [
          140.407611,
          37.7369587
        ]
      },
      "properties": {
        "内容": "バス停: 権の守",
        "name": "権の守",
        "operator": "事業者不明",
        "ref": "",
        "url": "",
        "url2": ""
      }
    },
    {
      "type": "Feature",
      "geometry": {
        "type": "Point",
        "coordinates": [
          140.4145136,
          37.739363
        ]
      },
      "properties": {
        "内容": "バス停: 下村",
        "name": "下村",
        "operator": "事業者不明",
        "ref": "",
        "url": "",
        "url2": ""
      }
    },
    {
      "type": "Feature",
      "geometry": {
        "type": "Point",
        "coordinates": [
          140.4167855,
          37.7402984
        ]
      },
      "properties": {
        "内容": "バス停: 成木",
        "name": "成木",
        "operator": "事業者不明",
        "ref": "",
        "url": "",
        "url2": ""
      }
    },
    {
      "type": "Feature",
      "geometry": {
        "type": "Point",
        "coordinates": [
          140.4207766,
          37.7419285
        ]
      },
      "properties": {
        "内容": "バス停: 五反田",
        "name": "五反田",
        "operator": "事業者不明",
        "ref": "",
        "url": "",
        "url2": ""
      }
    },
    {
      "type": "Feature",
      "geometry": {
        "type": "Point",
        "coordinates": [
          140.4245076,
          37.7429858
        ]
      },
      "properties": {
        "内容": "バス停: 戸の内",
        "name": "戸の内",
        "operator": "事業者不明",
        "ref": "",
        "url": "",
        "url2": ""
      }
    },
    {
      "type": "Feature",
      "geometry": {
        "type": "Point",
        "coordinates": [
          140.4285309,
          37.7435266
        ]
      },
      "properties": {
        "内容": "バス停: 道内",
        "name": "道内",
        "operator": "事業者不明",
        "ref": "",
        "url": "",
        "url2": ""
      }
    },
    {
      "type": "Feature",
      "geometry": {
        "type": "Point",
        "coordinates": [
          140.4333642,
          37.7440548
        ]
      },
      "properties": {
        "内容": "バス停: 吉井田",
        "name": "吉井田",
        "operator": "事業者不明",
        "ref": "",
        "url": "",
        "url2": ""
      }
    },
    {
      "type": "Feature",
      "geometry": {
        "type": "Point",
        "coordinates": [
          140.4366204,
          37.7442223
        ]
      },
      "properties": {
        "内容": "バス停: 松木内",
        "name": "松木内",
        "operator": "事業者不明",
        "ref": "",
        "url": "",
        "url2": ""
      }
    },
    {
      "type": "Feature",
      "geometry": {
        "type": "Point",
        "coordinates": [
          140.4408047,
          37.7444493
        ]
      },
      "properties": {
        "内容": "バス停: 地蔵前",
        "name": "地蔵前",
        "operator": "事業者不明",
        "ref": "",
        "url": "",
        "url2": ""
      }
    },
    {
      "type": "Feature",
      "geometry": {
        "type": "Point",
        "coordinates": [
          140.448288,
          37.7441545
        ]
      },
      "properties": {
        "内容": "バス停: 福島ふそう前",
        "name": "福島ふそう前",
        "operator": "事業者不明",
        "ref": "",
        "url": "",
        "url2": ""
      }
    },
    {
      "type": "Feature",
      "geometry": {
        "type": "Point",
        "coordinates": [
          140.4564473,
          37.7437939
        ]
      },
      "properties": {
        "内容": "バス停: 葉木立",
        "name": "葉木立",
        "operator": "事業者不明",
        "ref": "",
        "url": "",
        "url2": ""
      }
    },
    {
      "type": "Feature",
      "geometry": {
        "type": "Point",
        "coordinates": [
          140.4518755,
          37.744007
        ]
      },
      "properties": {
        "内容": "バス停: 白家",
        "name": "白家",
        "operator": "事業者不明",
        "ref": "",
        "url": "",
        "url2": ""
      }
    },
    {
      "type": "Feature",
      "geometry": {
        "type": "Point",
        "coordinates": [
          140.8559673,
          37.0346586
        ]
      },
      "properties": {
        "内容": "バス停: 内郷駅入口",
        "name": "内郷駅入口",
        "operator": "事業者不明",
        "ref": "",
        "url": "",
        "url2": ""
      }
    },
    {
      "type": "Feature",
      "geometry": {
        "type": "Point",
        "coordinates": [
          140.8562642,
          37.0347493
        ]
      },
      "properties": {
        "内容": "バス停: 内郷駅入口",
        "name": "内郷駅入口",
        "operator": "事業者不明",
        "ref": "",
        "url": "",
        "url2": ""
      }
    },
    {
      "type": "Feature",
      "geometry": {
        "type": "Point",
        "coordinates": [
          140.8580773,
          37.0361831
        ]
      },
      "properties": {
        "内容": "バス停: 内郷支所",
        "name": "内郷支所",
        "operator": "事業者不明",
        "ref": "",
        "url": "",
        "url2": ""
      }
    },
    {
      "type": "Feature",
      "geometry": {
        "type": "Point",
        "coordinates": [
          140.8584251,
          37.0362388
        ]
      },
      "properties": {
        "内容": "バス停: 内郷支所",
        "name": "内郷支所",
        "operator": "事業者不明",
        "ref": "",
        "url": "",
        "url2": ""
      }
    },
    {
      "type": "Feature",
      "geometry": {
        "type": "Point",
        "coordinates": [
          140.8619281,
          37.0389222
        ]
      },
      "properties": {
        "内容": "バス停: 金谷団地",
        "name": "金谷団地",
        "operator": "事業者不明",
        "ref": "",
        "url": "",
        "url2": ""
      }
    },
    {
      "type": "Feature",
      "geometry": {
        "type": "Point",
        "coordinates": [
          140.8621364,
          37.0388052
        ]
      },
      "properties": {
        "内容": "バス停: 金谷団地",
        "name": "金谷団地",
        "operator": "事業者不明",
        "ref": "",
        "url": "",
        "url2": ""
      }
    },
    {
      "type": "Feature",
      "geometry": {
        "type": "Point",
        "coordinates": [
          140.8638486,
          37.040286
        ]
      },
      "properties": {
        "内容": "バス停: 労災病院入口",
        "name": "労災病院入口",
        "operator": "事業者不明",
        "ref": "",
        "url": "",
        "url2": ""
      }
    },
    {
      "type": "Feature",
      "geometry": {
        "type": "Point",
        "coordinates": [
          140.8640166,
          37.0402361
        ]
      },
      "properties": {
        "内容": "バス停: 労災病院入口",
        "name": "労災病院入口",
        "operator": "事業者不明",
        "ref": "",
        "url": "",
        "url2": ""
      }
    },
    {
      "type": "Feature",
      "geometry": {
        "type": "Point",
        "coordinates": [
          140.8706243,
          37.0453967
        ]
      },
      "properties": {
        "内容": "バス停: 御厩小入口",
        "name": "御厩小入口",
        "operator": "事業者不明",
        "ref": "",
        "url": "",
        "url2": ""
      }
    },
    {
      "type": "Feature",
      "geometry": {
        "type": "Point",
        "coordinates": [
          140.8709032,
          37.0454638
        ]
      },
      "properties": {
        "内容": "バス停: 御厩小入口",
        "name": "御厩小入口",
        "operator": "事業者不明",
        "ref": "",
        "url": "",
        "url2": ""
      }
    },
    {
      "type": "Feature",
      "geometry": {
        "type": "Point",
        "coordinates": [
          140.8729113,
          37.047205
        ]
      },
      "properties": {
        "内容": "バス停: 御厩下能",
        "name": "御厩下能",
        "operator": "事業者不明",
        "ref": "",
        "url": "",
        "url2": ""
      }
    },
    {
      "type": "Feature",
      "geometry": {
        "type": "Point",
        "coordinates": [
          140.8731259,
          37.0475874
        ]
      },
      "properties": {
        "内容": "バス停: 御厩下能",
        "name": "御厩下能",
        "operator": "事業者不明",
        "ref": "",
        "url": "",
        "url2": ""
      }
    },
    {
      "type": "Feature",
      "geometry": {
        "type": "Point",
        "coordinates": [
          140.8745332,
          37.0486264
        ]
      },
      "properties": {
        "内容": "バス停: 磐城一高",
        "name": "磐城一高",
        "operator": "事業者不明",
        "ref": "",
        "url": "",
        "url2": ""
      }
    },
    {
      "type": "Feature",
      "geometry": {
        "type": "Point",
        "coordinates": [
          140.875032,
          37.0492686
        ]
      },
      "properties": {
        "内容": "バス停: 磐城一高",
        "name": "磐城一高",
        "operator": "事業者不明",
        "ref": "",
        "url": "",
        "url2": ""
      }
    },
    {
      "type": "Feature",
      "geometry": {
        "type": "Point",
        "coordinates": [
          140.8781863,
          37.0519902
        ]
      },
      "properties": {
        "内容": "バス停: 中央警察署",
        "name": "中央警察署",
        "operator": "事業者不明",
        "ref": "",
        "url": "",
        "url2": ""
      }
    },
    {
      "type": "Feature",
      "geometry": {
        "type": "Point",
        "coordinates": [
          140.8783151,
          37.0519416
        ]
      },
      "properties": {
        "内容": "バス停: 中央警察署",
        "name": "中央警察署",
        "operator": "事業者不明",
        "ref": "",
        "url": "",
        "url2": ""
      }
    },
    {
      "type": "Feature",
      "geometry": {
        "type": "Point",
        "coordinates": [
          140.5078084,
          37.7712523
        ]
      },
      "properties": {
        "内容": "バス停: 文知摺",
        "name": "文知摺",
        "operator": "事業者不明",
        "ref": "",
        "url": "",
        "url2": ""
      }
    },
    {
      "type": "Feature",
      "geometry": {
        "type": "Point",
        "coordinates": [
          140.9404329,
          37.0633933
        ]
      },
      "properties": {
        "内容": "バス停: 六十枚入口",
        "name": "六十枚入口",
        "operator": "事業者不明",
        "ref": "",
        "url": "",
        "url2": ""
      }
    },
    {
      "type": "Feature",
      "geometry": {
        "type": "Point",
        "coordinates": [
          140.9407841,
          37.0632642
        ]
      },
      "properties": {
        "内容": "バス停: 六十枚入口",
        "name": "六十枚入口",
        "operator": "事業者不明",
        "ref": "",
        "url": "",
        "url2": ""
      }
    },
    {
      "type": "Feature",
      "geometry": {
        "type": "Point",
        "coordinates": [
          140.4514732,
          37.8289413
        ]
      },
      "properties": {
        "内容": "バス停: 横町",
        "name": "横町",
        "operator": "事業者不明",
        "ref": "",
        "url": "",
        "url2": ""
      }
    },
    {
      "type": "Feature",
      "geometry": {
        "type": "Point",
        "coordinates": [
          140.4504989,
          37.8339086
        ]
      },
      "properties": {
        "内容": "バス停: 東堀切",
        "name": "東堀切",
        "operator": "事業者不明",
        "ref": "",
        "url": "",
        "url2": ""
      }
    },
    {
      "type": "Feature",
      "geometry": {
        "type": "Point",
        "coordinates": [
          140.4517221,
          37.8330563
        ]
      },
      "properties": {
        "内容": "バス停: 飯坂湯町",
        "name": "飯坂湯町",
        "operator": "事業者不明",
        "ref": "",
        "url": "",
        "url2": ""
      }
    },
    {
      "type": "Feature",
      "geometry": {
        "type": "Point",
        "coordinates": [
          140.4547065,
          37.8308335
        ]
      },
      "properties": {
        "内容": "バス停: 飯坂温泉駅",
        "name": "飯坂温泉駅",
        "operator": "事業者不明",
        "ref": "",
        "url": "",
        "url2": ""
      }
    },
    {
      "type": "Feature",
      "geometry": {
        "type": "Point",
        "coordinates": [
          140.4514354,
          37.8344822
        ]
      },
      "properties": {
        "内容": "バス停: 花岡町",
        "name": "花岡町",
        "operator": "事業者不明",
        "ref": "",
        "url": "",
        "url2": ""
      }
    },
    {
      "type": "Feature",
      "geometry": {
        "type": "Point",
        "coordinates": [
          140.4519164,
          37.8299474
        ]
      },
      "properties": {
        "内容": "バス停: 横町",
        "name": "横町",
        "operator": "事業者不明",
        "ref": "",
        "url": "",
        "url2": ""
      }
    },
    {
      "type": "Feature",
      "geometry": {
        "type": "Point",
        "coordinates": [
          140.4524666,
          37.8339907
        ]
      },
      "properties": {
        "内容": "バス停: 滝の町",
        "name": "滝の町",
        "operator": "事業者不明",
        "ref": "",
        "url": "",
        "url2": ""
      }
    },
    {
      "type": "Feature",
      "geometry": {
        "type": "Point",
        "coordinates": [
          140.4498005,
          37.8345667
        ]
      },
      "properties": {
        "内容": "バス停: 赤川橋",
        "name": "赤川橋",
        "operator": "事業者不明",
        "ref": "",
        "url": "",
        "url2": ""
      }
    },
    {
      "type": "Feature",
      "geometry": {
        "type": "Point",
        "coordinates": [
          140.4482612,
          37.8276721
        ]
      },
      "properties": {
        "内容": "バス停: 名称不明バス停",
        "name": "名称不明バス停",
        "operator": "事業者不明",
        "ref": "",
        "url": "",
        "url2": ""
      }
    },
    {
      "type": "Feature",
      "geometry": {
        "type": "Point",
        "coordinates": [
          140.4482143,
          37.8277675
        ]
      },
      "properties": {
        "内容": "バス停: 名称不明バス停",
        "name": "名称不明バス停",
        "operator": "事業者不明",
        "ref": "",
        "url": "",
        "url2": ""
      }
    },
    {
      "type": "Feature",
      "geometry": {
        "type": "Point",
        "coordinates": [
          140.9091838,
          37.0015386
        ]
      },
      "properties": {
        "内容": "バス停: 沢目十字路",
        "name": "沢目十字路",
        "operator": "事業者不明",
        "ref": "",
        "url": "",
        "url2": ""
      }
    },
    {
      "type": "Feature",
      "geometry": {
        "type": "Point",
        "coordinates": [
          140.9091414,
          37.0008261
        ]
      },
      "properties": {
        "内容": "バス停: 沢目十字路",
        "name": "沢目十字路",
        "operator": "事業者不明",
        "ref": "",
        "url": "",
        "url2": ""
      }
    },
    {
      "type": "Feature",
      "geometry": {
        "type": "Point",
        "coordinates": [
          140.9212684,
          37.003045
        ]
      },
      "properties": {
        "内容": "バス停: ぷろばんす56",
        "name": "ぷろばんす56",
        "operator": "事業者不明",
        "ref": "",
        "url": "",
        "url2": ""
      }
    },
    {
      "type": "Feature",
      "geometry": {
        "type": "Point",
        "coordinates": [
          140.1889855,
          37.1224072
        ]
      },
      "properties": {
        "内容": "バス停: 名称不明バス停",
        "name": "名称不明バス停",
        "operator": "事業者不明",
        "ref": "",
        "url": "",
        "url2": ""
      }
    },
    {
      "type": "Feature",
      "geometry": {
        "type": "Point",
        "coordinates": [
          140.1818179,
          37.1283759
        ]
      },
      "properties": {
        "内容": "バス停: 中山南",
        "name": "中山南",
        "operator": "事業者不明",
        "ref": "",
        "url": "",
        "url2": ""
      }
    },
    {
      "type": "Feature",
      "geometry": {
        "type": "Point",
        "coordinates": [
          140.1696588,
          37.1332253
        ]
      },
      "properties": {
        "内容": "バス停: 西原",
        "name": "西原",
        "operator": "事業者不明",
        "ref": "",
        "url": "",
        "url2": ""
      }
    },
    {
      "type": "Feature",
      "geometry": {
        "type": "Point",
        "coordinates": [
          140.1646149,
          37.1353102
        ]
      },
      "properties": {
        "内容": "バス停: 西原上",
        "name": "西原上",
        "operator": "事業者不明",
        "ref": "",
        "url": "",
        "url2": ""
      }
    },
    {
      "type": "Feature",
      "geometry": {
        "type": "Point",
        "coordinates": [
          140.1531646,
          37.1397539
        ]
      },
      "properties": {
        "内容": "バス停: 西郷役場入口",
        "name": "西郷役場入口",
        "operator": "事業者不明",
        "ref": "",
        "url": "",
        "url2": ""
      }
    },
    {
      "type": "Feature",
      "geometry": {
        "type": "Point",
        "coordinates": [
          140.1297931,
          37.1498577
        ]
      },
      "properties": {
        "内容": "バス停: 折口",
        "name": "折口",
        "operator": "事業者不明",
        "ref": "",
        "url": "",
        "url2": ""
      }
    },
    {
      "type": "Feature",
      "geometry": {
        "type": "Point",
        "coordinates": [
          140.1345873,
          37.1463411
        ]
      },
      "properties": {
        "内容": "バス停: 下折口",
        "name": "下折口",
        "operator": "事業者不明",
        "ref": "",
        "url": "",
        "url2": ""
      }
    },
    {
      "type": "Feature",
      "geometry": {
        "type": "Point",
        "coordinates": [
          140.0762549,
          37.1664255
        ]
      },
      "properties": {
        "内容": "バス停: 名称不明バス停",
        "name": "名称不明バス停",
        "operator": "事業者不明",
        "ref": "",
        "url": "",
        "url2": ""
      }
    },
    {
      "type": "Feature",
      "geometry": {
        "type": "Point",
        "coordinates": [
          140.0371429,
          37.1763018
        ]
      },
      "properties": {
        "内容": "バス停: キョロロン村",
        "name": "キョロロン村",
        "operator": "事業者不明",
        "ref": "",
        "url": "",
        "url2": ""
      }
    },
    {
      "type": "Feature",
      "geometry": {
        "type": "Point",
        "coordinates": [
          140.0411099,
          37.1750901
        ]
      },
      "properties": {
        "内容": "バス停: ゴルフ場入口",
        "name": "ゴルフ場入口",
        "operator": "事業者不明",
        "ref": "",
        "url": "",
        "url2": ""
      }
    },
    {
      "type": "Feature",
      "geometry": {
        "type": "Point",
        "coordinates": [
          139.8678701,
          37.2570272
        ]
      },
      "properties": {
        "内容": "バス停: 姫川橋",
        "name": "姫川橋",
        "operator": "事業者不明",
        "ref": "",
        "url": "",
        "url2": ""
      }
    },
    {
      "type": "Feature",
      "geometry": {
        "type": "Point",
        "coordinates": [
          139.8762426,
          37.261664
        ]
      },
      "properties": {
        "内容": "バス停: 下郷消防署前",
        "name": "下郷消防署前",
        "operator": "事業者不明",
        "ref": "",
        "url": "",
        "url2": ""
      }
    },
    {
      "type": "Feature",
      "geometry": {
        "type": "Point",
        "coordinates": [
          139.8728912,
          37.2622969
        ]
      },
      "properties": {
        "内容": "バス停: 下郷中学校入口",
        "name": "下郷中学校入口",
        "operator": "事業者不明",
        "ref": "",
        "url": "",
        "url2": ""
      }
    },
    {
      "type": "Feature",
      "geometry": {
        "type": "Point",
        "coordinates": [
          139.8820992,
          37.263218
        ]
      },
      "properties": {
        "内容": "バス停: 西の浦",
        "name": "西の浦",
        "operator": "事業者不明",
        "ref": "",
        "url": "",
        "url2": ""
      }
    },
    {
      "type": "Feature",
      "geometry": {
        "type": "Point",
        "coordinates": [
          139.9034536,
          37.2743164
        ]
      },
      "properties": {
        "内容": "バス停: 塔のへつり前",
        "name": "塔のへつり前",
        "operator": "事業者不明",
        "ref": "",
        "url": "",
        "url2": ""
      }
    },
    {
      "type": "Feature",
      "geometry": {
        "type": "Point",
        "coordinates": [
          139.8969318,
          37.2756717
        ]
      },
      "properties": {
        "内容": "バス停: 塔のへつり入口",
        "name": "塔のへつり入口",
        "operator": "事業者不明",
        "ref": "",
        "url": "",
        "url2": ""
      }
    },
    {
      "type": "Feature",
      "geometry": {
        "type": "Point",
        "coordinates": [
          139.8943461,
          37.3066919
        ]
      },
      "properties": {
        "内容": "バス停: 大内宿入口",
        "name": "大内宿入口",
        "operator": "事業者不明",
        "ref": "",
        "url": "",
        "url2": ""
      }
    },
    {
      "type": "Feature",
      "geometry": {
        "type": "Point",
        "coordinates": [
          139.8980825,
          37.2988297
        ]
      },
      "properties": {
        "内容": "バス停: 新湯入口",
        "name": "新湯入口",
        "operator": "事業者不明",
        "ref": "",
        "url": "",
        "url2": ""
      }
    },
    {
      "type": "Feature",
      "geometry": {
        "type": "Point",
        "coordinates": [
          139.8997562,
          37.2969606
        ]
      },
      "properties": {
        "内容": "バス停: 名称不明バス停",
        "name": "名称不明バス停",
        "operator": "事業者不明",
        "ref": "",
        "url": "",
        "url2": ""
      }
    },
    {
      "type": "Feature",
      "geometry": {
        "type": "Point",
        "coordinates": [
          139.9094778,
          37.3079495
        ]
      },
      "properties": {
        "内容": "バス停: 田代",
        "name": "田代",
        "operator": "事業者不明",
        "ref": "",
        "url": "",
        "url2": ""
      }
    },
    {
      "type": "Feature",
      "geometry": {
        "type": "Point",
        "coordinates": [
          139.904033,
          37.3089885
        ]
      },
      "properties": {
        "内容": "バス停: 鶴沼発電所",
        "name": "鶴沼発電所",
        "operator": "事業者不明",
        "ref": "",
        "url": "",
        "url2": ""
      }
    },
    {
      "type": "Feature",
      "geometry": {
        "type": "Point",
        "coordinates": [
          139.899846,
          37.3094365
        ]
      },
      "properties": {
        "内容": "バス停: 町民体育館前",
        "name": "町民体育館前",
        "operator": "事業者不明",
        "ref": "",
        "url": "",
        "url2": ""
      }
    },
    {
      "type": "Feature",
      "geometry": {
        "type": "Point",
        "coordinates": [
          139.8955585,
          37.3098333
        ]
      },
      "properties": {
        "内容": "バス停: 小野下",
        "name": "小野下",
        "operator": "事業者不明",
        "ref": "",
        "url": "",
        "url2": ""
      }
    },
    {
      "type": "Feature",
      "geometry": {
        "type": "Point",
        "coordinates": [
          139.8946197,
          37.3075879
        ]
      },
      "properties": {
        "内容": "バス停: 大内宿入口",
        "name": "大内宿入口",
        "operator": "事業者不明",
        "ref": "",
        "url": "",
        "url2": ""
      }
    },
    {
      "type": "Feature",
      "geometry": {
        "type": "Point",
        "coordinates": [
          139.9330813,
          37.3025134
        ]
      },
      "properties": {
        "内容": "バス停: 上芦原",
        "name": "上芦原",
        "operator": "事業者不明",
        "ref": "",
        "url": "",
        "url2": ""
      }
    },
    {
      "type": "Feature",
      "geometry": {
        "type": "Point",
        "coordinates": [
          139.9467927,
          37.2998998
        ]
      },
      "properties": {
        "内容": "バス停: 小川橋",
        "name": "小川橋",
        "operator": "事業者不明",
        "ref": "",
        "url": "",
        "url2": ""
      }
    },
    {
      "type": "Feature",
      "geometry": {
        "type": "Point",
        "coordinates": [
          140.0271716,
          37.271896
        ]
      },
      "properties": {
        "内容": "バス停: 大槻",
        "name": "大槻",
        "operator": "事業者不明",
        "ref": "",
        "url": "",
        "url2": ""
      }
    },
    {
      "type": "Feature",
      "geometry": {
        "type": "Point",
        "coordinates": [
          140.0612667,
          37.2798938
        ]
      },
      "properties": {
        "内容": "バス停: 大平橋",
        "name": "大平橋",
        "operator": "事業者不明",
        "ref": "",
        "url": "",
        "url2": ""
      }
    },
    {
      "type": "Feature",
      "geometry": {
        "type": "Point",
        "coordinates": [
          140.0583404,
          37.2800853
        ]
      },
      "properties": {
        "内容": "バス停: 名称不明バス停",
        "name": "名称不明バス停",
        "operator": "事業者不明",
        "ref": "",
        "url": "",
        "url2": ""
      }
    },
    {
      "type": "Feature",
      "geometry": {
        "type": "Point",
        "coordinates": [
          140.1693745,
          37.2832407
        ]
      },
      "properties": {
        "内容": "バス停: 向原",
        "name": "向原",
        "operator": "事業者不明",
        "ref": "",
        "url": "",
        "url2": ""
      }
    },
    {
      "type": "Feature",
      "geometry": {
        "type": "Point",
        "coordinates": [
          140.1916838,
          37.2907865
        ]
      },
      "properties": {
        "内容": "バス停: 名称不明バス停",
        "name": "名称不明バス停",
        "operator": "事業者不明",
        "ref": "",
        "url": "",
        "url2": ""
      }
    },
    {
      "type": "Feature",
      "geometry": {
        "type": "Point",
        "coordinates": [
          140.1832663,
          37.2903688
        ]
      },
      "properties": {
        "内容": "バス停: 久保",
        "name": "久保",
        "operator": "事業者不明",
        "ref": "",
        "url": "",
        "url2": ""
      }
    },
    {
      "type": "Feature",
      "geometry": {
        "type": "Point",
        "coordinates": [
          140.2185407,
          37.3155206
        ]
      },
      "properties": {
        "内容": "バス停: 名称不明バス停",
        "name": "名称不明バス停",
        "operator": "事業者不明",
        "ref": "",
        "url": "",
        "url2": ""
      }
    },
    {
      "type": "Feature",
      "geometry": {
        "type": "Point",
        "coordinates": [
          140.4398055,
          37.8419573
        ]
      },
      "properties": {
        "内容": "バス停: 天王寺入口",
        "name": "天王寺入口",
        "operator": "事業者不明",
        "ref": "",
        "url": "",
        "url2": ""
      }
    },
    {
      "type": "Feature",
      "geometry": {
        "type": "Point",
        "coordinates": [
          140.4419768,
          37.8402522
        ]
      },
      "properties": {
        "内容": "バス停: 毘沙門前",
        "name": "毘沙門前",
        "operator": "事業者不明",
        "ref": "",
        "url": "",
        "url2": ""
      }
    },
    {
      "type": "Feature",
      "geometry": {
        "type": "Point",
        "coordinates": [
          140.4444042,
          37.8388531
        ]
      },
      "properties": {
        "内容": "バス停: 中の内",
        "name": "中の内",
        "operator": "事業者不明",
        "ref": "",
        "url": "",
        "url2": ""
      }
    },
    {
      "type": "Feature",
      "geometry": {
        "type": "Point",
        "coordinates": [
          140.1252602,
          37.5972618
        ]
      },
      "properties": {
        "内容": "バス停: 名称不明バス停",
        "name": "名称不明バス停",
        "operator": "事業者不明",
        "ref": "",
        "url": "",
        "url2": ""
      }
    },
    {
      "type": "Feature",
      "geometry": {
        "type": "Point",
        "coordinates": [
          140.1249625,
          37.6051489
        ]
      },
      "properties": {
        "内容": "バス停: 名称不明バス停",
        "name": "名称不明バス停",
        "operator": "事業者不明",
        "ref": "",
        "url": "",
        "url2": ""
      }
    },
    {
      "type": "Feature",
      "geometry": {
        "type": "Point",
        "coordinates": [
          140.0995378,
          37.6424301
        ]
      },
      "properties": {
        "内容": "バス停: 名称不明バス停",
        "name": "名称不明バス停",
        "operator": "事業者不明",
        "ref": "",
        "url": "",
        "url2": ""
      }
    },
    {
      "type": "Feature",
      "geometry": {
        "type": "Point",
        "coordinates": [
          140.0990845,
          37.6511226
        ]
      },
      "properties": {
        "内容": "バス停: 名称不明バス停",
        "name": "名称不明バス停",
        "operator": "事業者不明",
        "ref": "",
        "url": "",
        "url2": ""
      }
    },
    {
      "type": "Feature",
      "geometry": {
        "type": "Point",
        "coordinates": [
          140.1224989,
          37.5808452
        ]
      },
      "properties": {
        "内容": "バス停: 名称不明バス停",
        "name": "名称不明バス停",
        "operator": "事業者不明",
        "ref": "",
        "url": "",
        "url2": ""
      }
    },
    {
      "type": "Feature",
      "geometry": {
        "type": "Point",
        "coordinates": [
          139.7560823,
          37.5533174
        ]
      },
      "properties": {
        "内容": "バス停: 坂本駅前",
        "name": "坂本駅前",
        "operator": "事業者不明",
        "ref": "",
        "url": "",
        "url2": ""
      }
    },
    {
      "type": "Feature",
      "geometry": {
        "type": "Point",
        "coordinates": [
          139.7247501,
          37.5426612
        ]
      },
      "properties": {
        "内容": "バス停: 細越入口",
        "name": "細越入口",
        "operator": "事業者不明",
        "ref": "",
        "url": "",
        "url2": ""
      }
    },
    {
      "type": "Feature",
      "geometry": {
        "type": "Point",
        "coordinates": [
          139.7283697,
          37.545629
        ]
      },
      "properties": {
        "内容": "バス停: 根柄巻",
        "name": "根柄巻",
        "operator": "事業者不明",
        "ref": "",
        "url": "",
        "url2": ""
      }
    },
    {
      "type": "Feature",
      "geometry": {
        "type": "Point",
        "coordinates": [
          139.7323367,
          37.5468316
        ]
      },
      "properties": {
        "内容": "バス停: 下原",
        "name": "下原",
        "operator": "事業者不明",
        "ref": "",
        "url": "",
        "url2": ""
      }
    },
    {
      "type": "Feature",
      "geometry": {
        "type": "Point",
        "coordinates": [
          139.7429422,
          37.5487822
        ]
      },
      "properties": {
        "内容": "バス停: 八坂野入口",
        "name": "八坂野入口",
        "operator": "事業者不明",
        "ref": "",
        "url": "",
        "url2": ""
      }
    },
    {
      "type": "Feature",
      "geometry": {
        "type": "Point",
        "coordinates": [
          139.6468748,
          37.4712563
        ]
      },
      "properties": {
        "内容": "バス停: 会津宮下駅",
        "name": "会津宮下駅",
        "operator": "事業者不明",
        "ref": "",
        "url": "",
        "url2": ""
      }
    },
    {
      "type": "Feature",
      "geometry": {
        "type": "Point",
        "coordinates": [
          139.9263912,
          37.3841618
        ]
      },
      "properties": {
        "内容": "バス停: 小谷入口",
        "name": "小谷入口",
        "operator": "事業者不明",
        "ref": "",
        "url": "",
        "url2": ""
      }
    },
    {
      "type": "Feature",
      "geometry": {
        "type": "Point",
        "coordinates": [
          139.9006574,
          37.2958084
        ]
      },
      "properties": {
        "内容": "バス停: 名称不明バス停",
        "name": "名称不明バス停",
        "operator": "事業者不明",
        "ref": "",
        "url": "",
        "url2": ""
      }
    },
    {
      "type": "Feature",
      "geometry": {
        "type": "Point",
        "coordinates": [
          139.897363,
          37.3007121
        ]
      },
      "properties": {
        "内容": "バス停: 名称不明バス停",
        "name": "名称不明バス停",
        "operator": "事業者不明",
        "ref": "",
        "url": "",
        "url2": ""
      }
    },
    {
      "type": "Feature",
      "geometry": {
        "type": "Point",
        "coordinates": [
          139.8889415,
          37.2675075
        ]
      },
      "properties": {
        "内容": "バス停: 弥五島駅前",
        "name": "弥五島駅前",
        "operator": "事業者不明",
        "ref": "",
        "url": "",
        "url2": ""
      }
    },
    {
      "type": "Feature",
      "geometry": {
        "type": "Point",
        "coordinates": [
          139.8681195,
          37.2571628
        ]
      },
      "properties": {
        "内容": "バス停: 旭川橋",
        "name": "旭川橋",
        "operator": "事業者不明",
        "ref": "",
        "url": "",
        "url2": ""
      }
    },
    {
      "type": "Feature",
      "geometry": {
        "type": "Point",
        "coordinates": [
          139.8700467,
          37.2611783
        ]
      },
      "properties": {
        "内容": "バス停: 橋坂",
        "name": "橋坂",
        "operator": "事業者不明",
        "ref": "",
        "url": "",
        "url2": ""
      }
    },
    {
      "type": "Feature",
      "geometry": {
        "type": "Point",
        "coordinates": [
          139.8863874,
          37.2664941
        ]
      },
      "properties": {
        "内容": "バス停: 名称不明バス停",
        "name": "名称不明バス停",
        "operator": "事業者不明",
        "ref": "",
        "url": "",
        "url2": ""
      }
    },
    {
      "type": "Feature",
      "geometry": {
        "type": "Point",
        "coordinates": [
          140.1011793,
          37.1550622
        ]
      },
      "properties": {
        "内容": "バス停: 名称不明バス停",
        "name": "名称不明バス停",
        "operator": "事業者不明",
        "ref": "",
        "url": "",
        "url2": ""
      }
    },
    {
      "type": "Feature",
      "geometry": {
        "type": "Point",
        "coordinates": [
          140.0380079,
          37.1762495
        ]
      },
      "properties": {
        "内容": "バス停: キョロロン村",
        "name": "キョロロン村",
        "operator": "事業者不明",
        "ref": "",
        "url": "",
        "url2": ""
      }
    },
    {
      "type": "Feature",
      "geometry": {
        "type": "Point",
        "coordinates": [
          140.0963218,
          37.1571187
        ]
      },
      "properties": {
        "内容": "バス停: 名称不明バス停",
        "name": "名称不明バス停",
        "operator": "事業者不明",
        "ref": "",
        "url": "",
        "url2": ""
      }
    },
    {
      "type": "Feature",
      "geometry": {
        "type": "Point",
        "coordinates": [
          140.1428595,
          37.1430878
        ]
      },
      "properties": {
        "内容": "バス停: 名称不明バス停",
        "name": "名称不明バス停",
        "operator": "事業者不明",
        "ref": "",
        "url": "",
        "url2": ""
      }
    },
    {
      "type": "Feature",
      "geometry": {
        "type": "Point",
        "coordinates": [
          140.139606,
          37.1445994
        ]
      },
      "properties": {
        "内容": "バス停: 名称不明バス停",
        "name": "名称不明バス停",
        "operator": "事業者不明",
        "ref": "",
        "url": "",
        "url2": ""
      }
    },
    {
      "type": "Feature",
      "geometry": {
        "type": "Point",
        "coordinates": [
          140.1532843,
          37.1398111
        ]
      },
      "properties": {
        "内容": "バス停: 名称不明バス停",
        "name": "名称不明バス停",
        "operator": "事業者不明",
        "ref": "",
        "url": "",
        "url2": ""
      }
    },
    {
      "type": "Feature",
      "geometry": {
        "type": "Point",
        "coordinates": [
          140.1580931,
          37.1379466
        ]
      },
      "properties": {
        "内容": "バス停: 折口原",
        "name": "折口原",
        "operator": "事業者不明",
        "ref": "",
        "url": "",
        "url2": ""
      }
    },
    {
      "type": "Feature",
      "geometry": {
        "type": "Point",
        "coordinates": [
          140.1693919,
          37.1334563
        ]
      },
      "properties": {
        "内容": "バス停: 西原",
        "name": "西原",
        "operator": "事業者不明",
        "ref": "",
        "url": "",
        "url2": ""
      }
    },
    {
      "type": "Feature",
      "geometry": {
        "type": "Point",
        "coordinates": [
          140.1750514,
          37.1310035
        ]
      },
      "properties": {
        "内容": "バス停: 名称不明バス停",
        "name": "名称不明バス停",
        "operator": "事業者不明",
        "ref": "",
        "url": "",
        "url2": ""
      }
    },
    {
      "type": "Feature",
      "geometry": {
        "type": "Point",
        "coordinates": [
          140.1647235,
          37.1353807
        ]
      },
      "properties": {
        "内容": "バス停: 名称不明バス停",
        "name": "名称不明バス停",
        "operator": "事業者不明",
        "ref": "",
        "url": "",
        "url2": ""
      }
    },
    {
      "type": "Feature",
      "geometry": {
        "type": "Point",
        "coordinates": [
          140.1818374,
          37.1286726
        ]
      },
      "properties": {
        "内容": "バス停: 中山南",
        "name": "中山南",
        "operator": "事業者不明",
        "ref": "",
        "url": "",
        "url2": ""
      }
    },
    {
      "type": "Feature",
      "geometry": {
        "type": "Point",
        "coordinates": [
          140.3135317,
          37.0516204
        ]
      },
      "properties": {
        "内容": "バス停: 梁森 (JRバス関東)",
        "name": "梁森",
        "operator": "JRバス関東",
        "ref": "",
        "url": "",
        "url2": ""
      }
    },
    {
      "type": "Feature",
      "geometry": {
        "type": "Point",
        "coordinates": [
          140.3220428,
          37.0535037
        ]
      },
      "properties": {
        "内容": "バス停: 高木 (JRバス関東)",
        "name": "高木",
        "operator": "JRバス関東",
        "ref": "",
        "url": "",
        "url2": ""
      }
    },
    {
      "type": "Feature",
      "geometry": {
        "type": "Point",
        "coordinates": [
          140.2815078,
          37.0647289
        ]
      },
      "properties": {
        "内容": "バス停: 番沢 (JRバス関東)",
        "name": "番沢",
        "operator": "JRバス関東",
        "ref": "",
        "url": "",
        "url2": ""
      }
    },
    {
      "type": "Feature",
      "geometry": {
        "type": "Point",
        "coordinates": [
          140.2644715,
          37.0869603
        ]
      },
      "properties": {
        "内容": "バス停: 古関 (JRバス関東)",
        "name": "古関",
        "operator": "JRバス関東",
        "ref": "",
        "url": "",
        "url2": ""
      }
    },
    {
      "type": "Feature",
      "geometry": {
        "type": "Point",
        "coordinates": [
          140.467873,
          37.6594351
        ]
      },
      "properties": {
        "内容": "バス停: 名称不明バス停",
        "name": "名称不明バス停",
        "operator": "事業者不明",
        "ref": "",
        "url": "",
        "url2": ""
      }
    },
    {
      "type": "Feature",
      "geometry": {
        "type": "Point",
        "coordinates": [
          140.8672692,
          36.9892506
        ]
      },
      "properties": {
        "内容": "バス停: 下船尾 (新常磐交通)",
        "name": "下船尾",
        "operator": "新常磐交通",
        "ref": "",
        "url": "",
        "url2": ""
      }
    },
    {
      "type": "Feature",
      "geometry": {
        "type": "Point",
        "coordinates": [
          140.8579754,
          37.0006352
        ]
      },
      "properties": {
        "内容": "バス停: 関船上関 (新常磐交通)",
        "name": "関船上関",
        "operator": "新常磐交通",
        "ref": "",
        "url": "",
        "url2": ""
      }
    },
    {
      "type": "Feature",
      "geometry": {
        "type": "Point",
        "coordinates": [
          140.8578509,
          37.0004669
        ]
      },
      "properties": {
        "内容": "バス停: 関船上関 (新常磐交通)",
        "name": "関船上関",
        "operator": "新常磐交通",
        "ref": "",
        "url": "",
        "url2": ""
      }
    },
    {
      "type": "Feature",
      "geometry": {
        "type": "Point",
        "coordinates": [
          140.8531477,
          37.0027769
        ]
      },
      "properties": {
        "内容": "バス停: 石畑踏切 (新常磐交通)",
        "name": "石畑踏切",
        "operator": "新常磐交通",
        "ref": "",
        "url": "",
        "url2": ""
      }
    },
    {
      "type": "Feature",
      "geometry": {
        "type": "Point",
        "coordinates": [
          140.8529992,
          37.0030069
        ]
      },
      "properties": {
        "内容": "バス停: 石畑踏切 (新常磐交通)",
        "name": "石畑踏切",
        "operator": "新常磐交通",
        "ref": "",
        "url": "",
        "url2": ""
      }
    },
    {
      "type": "Feature",
      "geometry": {
        "type": "Point",
        "coordinates": [
          140.8668811,
          36.9898628
        ]
      },
      "properties": {
        "内容": "バス停: 下船尾 (新常磐交通)",
        "name": "下船尾",
        "operator": "新常磐交通",
        "ref": "",
        "url": "",
        "url2": ""
      }
    },
    {
      "type": "Feature",
      "geometry": {
        "type": "Point",
        "coordinates": [
          140.8937108,
          37.0511122
        ]
      },
      "properties": {
        "内容": "バス停: NHK前 (新常磐交通)",
        "name": "NHK前",
        "operator": "新常磐交通",
        "ref": "",
        "url": "",
        "url2": ""
      }
    },
    {
      "type": "Feature",
      "geometry": {
        "type": "Point",
        "coordinates": [
          140.8928893,
          37.0514266
        ]
      },
      "properties": {
        "内容": "バス停: NHK前 (新常磐交通)",
        "name": "NHK前",
        "operator": "新常磐交通",
        "ref": "",
        "url": "",
        "url2": ""
      }
    },
    {
      "type": "Feature",
      "geometry": {
        "type": "Point",
        "coordinates": [
          140.8931348,
          37.0518481
        ]
      },
      "properties": {
        "内容": "バス停: NHK前 (新常磐交通)",
        "name": "NHK前",
        "operator": "新常磐交通",
        "ref": "",
        "url": "",
        "url2": ""
      }
    },
    {
      "type": "Feature",
      "geometry": {
        "type": "Point",
        "coordinates": [
          140.8928977,
          37.0505962
        ]
      },
      "properties": {
        "内容": "バス停: 菱川橋 (新常磐交通)",
        "name": "菱川橋",
        "operator": "新常磐交通",
        "ref": "2",
        "url": "",
        "url2": ""
      }
    },
    {
      "type": "Feature",
      "geometry": {
        "type": "Point",
        "coordinates": [
          140.3693573,
          37.2991178
        ]
      },
      "properties": {
        "内容": "バス停: 名称不明バス停",
        "name": "名称不明バス停",
        "operator": "事業者不明",
        "ref": "",
        "url": "",
        "url2": ""
      }
    },
    {
      "type": "Feature",
      "geometry": {
        "type": "Point",
        "coordinates": [
          140.3719269,
          37.2999915
        ]
      },
      "properties": {
        "内容": "バス停: 須賀川駅前",
        "name": "須賀川駅前",
        "operator": "事業者不明",
        "ref": "",
        "url": "",
        "url2": ""
      }
    },
    {
      "type": "Feature",
      "geometry": {
        "type": "Point",
        "coordinates": [
          140.3643148,
          37.2987092
        ]
      },
      "properties": {
        "内容": "バス停: 名称不明バス停",
        "name": "名称不明バス停",
        "operator": "事業者不明",
        "ref": "",
        "url": "",
        "url2": ""
      }
    },
    {
      "type": "Feature",
      "geometry": {
        "type": "Point",
        "coordinates": [
          140.3401762,
          37.305255
        ]
      },
      "properties": {
        "内容": "バス停: 土橋",
        "name": "土橋",
        "operator": "事業者不明",
        "ref": "",
        "url": "",
        "url2": ""
      }
    },
    {
      "type": "Feature",
      "geometry": {
        "type": "Point",
        "coordinates": [
          140.3322235,
          37.3060422
        ]
      },
      "properties": {
        "内容": "バス停: 二枚橋",
        "name": "二枚橋",
        "operator": "事業者不明",
        "ref": "",
        "url": "",
        "url2": ""
      }
    },
    {
      "type": "Feature",
      "geometry": {
        "type": "Point",
        "coordinates": [
          140.3371963,
          37.3056785
        ]
      },
      "properties": {
        "内容": "バス停: 西土橋",
        "name": "西土橋",
        "operator": "事業者不明",
        "ref": "",
        "url": "",
        "url2": ""
      }
    },
    {
      "type": "Feature",
      "geometry": {
        "type": "Point",
        "coordinates": [
          140.3083786,
          37.3138631
        ]
      },
      "properties": {
        "内容": "バス停: 向袋田",
        "name": "向袋田",
        "operator": "事業者不明",
        "ref": "",
        "url": "",
        "url2": ""
      }
    },
    {
      "type": "Feature",
      "geometry": {
        "type": "Point",
        "coordinates": [
          140.29515,
          37.3140668
        ]
      },
      "properties": {
        "内容": "バス停: 矢沢東",
        "name": "矢沢東",
        "operator": "事業者不明",
        "ref": "",
        "url": "",
        "url2": ""
      }
    },
    {
      "type": "Feature",
      "geometry": {
        "type": "Point",
        "coordinates": [
          140.2916792,
          37.3147142
        ]
      },
      "properties": {
        "内容": "バス停: 矢沢",
        "name": "矢沢",
        "operator": "事業者不明",
        "ref": "",
        "url": "",
        "url2": ""
      }
    },
    {
      "type": "Feature",
      "geometry": {
        "type": "Point",
        "coordinates": [
          140.2772328,
          37.3187912
        ]
      },
      "properties": {
        "内容": "バス停: 岩瀬支所",
        "name": "岩瀬支所",
        "operator": "事業者不明",
        "ref": "",
        "url": "",
        "url2": ""
      }
    },
    {
      "type": "Feature",
      "geometry": {
        "type": "Point",
        "coordinates": [
          140.2865066,
          37.3164709
        ]
      },
      "properties": {
        "内容": "バス停: 名称不明バス停",
        "name": "名称不明バス停",
        "operator": "事業者不明",
        "ref": "",
        "url": "",
        "url2": ""
      }
    },
    {
      "type": "Feature",
      "geometry": {
        "type": "Point",
        "coordinates": [
          140.3030424,
          37.3137788
        ]
      },
      "properties": {
        "内容": "バス停: 名称不明バス停",
        "name": "名称不明バス停",
        "operator": "事業者不明",
        "ref": "",
        "url": "",
        "url2": ""
      }
    },
    {
      "type": "Feature",
      "geometry": {
        "type": "Point",
        "coordinates": [
          140.3218715,
          37.3088253
        ]
      },
      "properties": {
        "内容": "バス停: 守子",
        "name": "守子",
        "operator": "事業者不明",
        "ref": "",
        "url": "",
        "url2": ""
      }
    },
    {
      "type": "Feature",
      "geometry": {
        "type": "Point",
        "coordinates": [
          140.3401199,
          37.3053617
        ]
      },
      "properties": {
        "内容": "バス停: 土橋",
        "name": "土橋",
        "operator": "事業者不明",
        "ref": "",
        "url": "",
        "url2": ""
      }
    },
    {
      "type": "Feature",
      "geometry": {
        "type": "Point",
        "coordinates": [
          140.3473189,
          37.3016813
        ]
      },
      "properties": {
        "内容": "バス停: 選果場前",
        "name": "選果場前",
        "operator": "事業者不明",
        "ref": "",
        "url": "",
        "url2": ""
      }
    },
    {
      "type": "Feature",
      "geometry": {
        "type": "Point",
        "coordinates": [
          140.3545435,
          37.2976733
        ]
      },
      "properties": {
        "内容": "バス停: 名称不明バス停",
        "name": "名称不明バス停",
        "operator": "事業者不明",
        "ref": "",
        "url": "",
        "url2": ""
      }
    },
    {
      "type": "Feature",
      "geometry": {
        "type": "Point",
        "coordinates": [
          140.3688531,
          37.2992789
        ]
      },
      "properties": {
        "内容": "バス停: 新道",
        "name": "新道",
        "operator": "事業者不明",
        "ref": "",
        "url": "",
        "url2": ""
      }
    },
    {
      "type": "Feature",
      "geometry": {
        "type": "Point",
        "coordinates": [
          140.3709653,
          37.2975922
        ]
      },
      "properties": {
        "内容": "バス停: 須賀川栄町",
        "name": "須賀川栄町",
        "operator": "事業者不明",
        "ref": "",
        "url": "",
        "url2": ""
      }
    },
    {
      "type": "Feature",
      "geometry": {
        "type": "Point",
        "coordinates": [
          140.3758416,
          37.2898049
        ]
      },
      "properties": {
        "内容": "バス停: 宮先町",
        "name": "宮先町",
        "operator": "事業者不明",
        "ref": "",
        "url": "",
        "url2": ""
      }
    },
    {
      "type": "Feature",
      "geometry": {
        "type": "Point",
        "coordinates": [
          140.3757396,
          37.2896971
        ]
      },
      "properties": {
        "内容": "バス停: 宮先町",
        "name": "宮先町",
        "operator": "事業者不明",
        "ref": "",
        "url": "",
        "url2": ""
      }
    },
    {
      "type": "Feature",
      "geometry": {
        "type": "Point",
        "coordinates": [
          140.3758979,
          37.2915931
        ]
      },
      "properties": {
        "内容": "バス停: 上町",
        "name": "上町",
        "operator": "事業者不明",
        "ref": "",
        "url": "",
        "url2": ""
      }
    },
    {
      "type": "Feature",
      "geometry": {
        "type": "Point",
        "coordinates": [
          140.3757329,
          37.2945943
        ]
      },
      "properties": {
        "内容": "バス停: 公立病院前",
        "name": "公立病院前",
        "operator": "事業者不明",
        "ref": "",
        "url": "",
        "url2": ""
      }
    },
    {
      "type": "Feature",
      "geometry": {
        "type": "Point",
        "coordinates": [
          140.3730105,
          37.2979496
        ]
      },
      "properties": {
        "内容": "バス停: 須賀川栄町",
        "name": "須賀川栄町",
        "operator": "事業者不明",
        "ref": "",
        "url": "",
        "url2": ""
      }
    },
    {
      "type": "Feature",
      "geometry": {
        "type": "Point",
        "coordinates": [
          140.970579,
          37.4041713
        ]
      },
      "properties": {
        "内容": "バス停: 大熊インキュベーションセンター",
        "name": "大熊インキュベーションセンター",
        "operator": "事業者不明",
        "ref": "",
        "url": "",
        "url2": ""
      }
    },
    {
      "type": "Feature",
      "geometry": {
        "type": "Point",
        "coordinates": [
          140.966124,
          37.391728
        ]
      },
      "properties": {
        "内容": "バス停: 西平",
        "name": "西平",
        "operator": "事業者不明",
        "ref": "",
        "url": "",
        "url2": ""
      }
    },
    {
      "type": "Feature",
      "geometry": {
        "type": "Point",
        "coordinates": [
          140.9715552,
          37.4004344
        ]
      },
      "properties": {
        "内容": "バス停: 五差路",
        "name": "五差路",
        "operator": "事業者不明",
        "ref": "",
        "url": "",
        "url2": ""
      }
    },
    {
      "type": "Feature",
      "geometry": {
        "type": "Point",
        "coordinates": [
          140.9565985,
          37.3883963
        ]
      },
      "properties": {
        "内容": "バス停: 下平",
        "name": "下平",
        "operator": "事業者不明",
        "ref": "",
        "url": "",
        "url2": ""
      }
    },
    {
      "type": "Feature",
      "geometry": {
        "type": "Point",
        "coordinates": [
          140.9744757,
          37.405413
        ]
      },
      "properties": {
        "内容": "バス停: 保健センター",
        "name": "保健センター",
        "operator": "事業者不明",
        "ref": "",
        "url": "",
        "url2": ""
      }
    },
    {
      "type": "Feature",
      "geometry": {
        "type": "Point",
        "coordinates": [
          140.9807082,
          37.4059525
        ]
      },
      "properties": {
        "内容": "バス停: 大野南",
        "name": "大野南",
        "operator": "事業者不明",
        "ref": "",
        "url": "",
        "url2": ""
      }
    },
    {
      "type": "Feature",
      "geometry": {
        "type": "Point",
        "coordinates": [
          140.9654231,
          37.3914503
        ]
      },
      "properties": {
        "内容": "バス停: 西平",
        "name": "西平",
        "operator": "事業者不明",
        "ref": "",
        "url": "",
        "url2": ""
      }
    },
    {
      "type": "Feature",
      "geometry": {
        "type": "Point",
        "coordinates": [
          141.027444,
          37.4569279
        ]
      },
      "properties": {
        "内容": "バス停: 東日本大震災・原子力災害伝承館 双葉町産業交流センター",
        "name": "東日本大震災・原子力災害伝承館 双葉町産業交流センター",
        "operator": "事業者不明",
        "ref": "",
        "url": "",
        "url2": ""
      }
    },
    {
      "type": "Feature",
      "geometry": {
        "type": "Point",
        "coordinates": [
          140.9041388,
          36.9470746
        ]
      },
      "properties": {
        "内容": "バス停: イオンモールいわき小名浜",
        "name": "イオンモールいわき小名浜",
        "operator": "事業者不明",
        "ref": "",
        "url": "",
        "url2": ""
      }
    },
    {
      "type": "Feature",
      "geometry": {
        "type": "Point",
        "coordinates": [
          139.9332844,
          37.5067144
        ]
      },
      "properties": {
        "内容": "バス停: 臨時停留所",
        "name": "臨時停留所",
        "operator": "事業者不明",
        "ref": "",
        "url": "",
        "url2": ""
      }
    },
    {
      "type": "Feature",
      "geometry": {
        "type": "Point",
        "coordinates": [
          140.9950619,
          37.4956629
        ]
      },
      "properties": {
        "内容": "バス停: 権現堂元町",
        "name": "権現堂元町",
        "operator": "事業者不明",
        "ref": "",
        "url": "",
        "url2": ""
      }
    },
    {
      "type": "Feature",
      "geometry": {
        "type": "Point",
        "coordinates": [
          140.9930617,
          37.4921456
        ]
      },
      "properties": {
        "内容": "バス停: 浪江郵便局前",
        "name": "浪江郵便局前",
        "operator": "事業者不明",
        "ref": "",
        "url": "",
        "url2": ""
      }
    },
    {
      "type": "Feature",
      "geometry": {
        "type": "Point",
        "coordinates": [
          140.3051141,
          37.7489798
        ]
      },
      "properties": {
        "内容": "バス停: ハイランド前 (福島交通)",
        "name": "ハイランド前",
        "operator": "福島交通",
        "ref": "",
        "url": "",
        "url2": ""
      }
    },
    {
      "type": "Feature",
      "geometry": {
        "type": "Point",
        "coordinates": [
          140.3046425,
          37.7522299
        ]
      },
      "properties": {
        "内容": "バス停: 高湯 (福島交通)",
        "name": "高湯",
        "operator": "福島交通",
        "ref": "",
        "url": "",
        "url2": ""
      }
    },
    {
      "type": "Feature",
      "geometry": {
        "type": "Point",
        "coordinates": [
          140.3046524,
          37.7525978
        ]
      },
      "properties": {
        "内容": "バス停: 高湯 (福島交通)",
        "name": "高湯",
        "operator": "福島交通",
        "ref": "",
        "url": "",
        "url2": ""
      }
    },
    {
      "type": "Feature",
      "geometry": {
        "type": "Point",
        "coordinates": [
          140.3456407,
          37.4077736
        ]
      },
      "properties": {
        "内容": "バス停: 郡山ビックハート (福島交通)",
        "name": "郡山ビックハート",
        "operator": "福島交通",
        "ref": "",
        "url": "",
        "url2": ""
      }
    },
    {
      "type": "Feature",
      "geometry": {
        "type": "Point",
        "coordinates": [
          140.3455274,
          37.407596
        ]
      },
      "properties": {
        "内容": "バス停: 郡山ビックハート (福島交通)",
        "name": "郡山ビックハート",
        "operator": "福島交通",
        "ref": "",
        "url": "",
        "url2": ""
      }
    },
    {
      "type": "Feature",
      "geometry": {
        "type": "Point",
        "coordinates": [
          140.3516009,
          37.4055146
        ]
      },
      "properties": {
        "内容": "バス停: 桑野三丁目 (福島交通)",
        "name": "桑野三丁目",
        "operator": "福島交通",
        "ref": "",
        "url": "",
        "url2": ""
      }
    },
    {
      "type": "Feature",
      "geometry": {
        "type": "Point",
        "coordinates": [
          140.3513949,
          37.4057902
        ]
      },
      "properties": {
        "内容": "バス停: 桑野三丁目 (福島交通)",
        "name": "桑野三丁目",
        "operator": "福島交通",
        "ref": "",
        "url": "",
        "url2": ""
      }
    },
    {
      "type": "Feature",
      "geometry": {
        "type": "Point",
        "coordinates": [
          140.3400486,
          37.407676
        ]
      },
      "properties": {
        "内容": "バス停: 希望ヶ丘入口 (福島交通)",
        "name": "希望ヶ丘入口",
        "operator": "福島交通",
        "ref": "",
        "url": "",
        "url2": ""
      }
    },
    {
      "type": "Feature",
      "geometry": {
        "type": "Point",
        "coordinates": [
          140.3402573,
          37.4078267
        ]
      },
      "properties": {
        "内容": "バス停: 希望ヶ丘入口 (福島交通)",
        "name": "希望ヶ丘入口",
        "operator": "福島交通",
        "ref": "",
        "url": "",
        "url2": ""
      }
    },
    {
      "type": "Feature",
      "geometry": {
        "type": "Point",
        "coordinates": [
          140.337777,
          37.4088584
        ]
      },
      "properties": {
        "内容": "バス停: 希望ヶ丘 (福島交通)",
        "name": "希望ヶ丘",
        "operator": "福島交通",
        "ref": "",
        "url": "",
        "url2": ""
      }
    },
    {
      "type": "Feature",
      "geometry": {
        "type": "Point",
        "coordinates": [
          140.3380853,
          37.408846
        ]
      },
      "properties": {
        "内容": "バス停: 希望ヶ丘 (福島交通)",
        "name": "希望ヶ丘",
        "operator": "福島交通",
        "ref": "",
        "url": "",
        "url2": ""
      }
    },
    {
      "type": "Feature",
      "geometry": {
        "type": "Point",
        "coordinates": [
          140.3523953,
          37.4020993
        ]
      },
      "properties": {
        "内容": "バス停: 桑野二丁目 (福島交通)",
        "name": "桑野二丁目",
        "operator": "福島交通",
        "ref": "",
        "url": "",
        "url2": ""
      }
    },
    {
      "type": "Feature",
      "geometry": {
        "type": "Point",
        "coordinates": [
          140.3525576,
          37.4020363
        ]
      },
      "properties": {
        "内容": "バス停: 桑野二丁目",
        "name": "桑野二丁目",
        "operator": "事業者不明",
        "ref": "",
        "url": "",
        "url2": ""
      }
    },
    {
      "type": "Feature",
      "geometry": {
        "type": "Point",
        "coordinates": [
          140.335129,
          37.402745
        ]
      },
      "properties": {
        "内容": "バス停: 郡山高校 (福島交通)",
        "name": "郡山高校",
        "operator": "福島交通",
        "ref": "",
        "url": "",
        "url2": ""
      }
    },
    {
      "type": "Feature",
      "geometry": {
        "type": "Point",
        "coordinates": [
          140.3351304,
          37.4029689
        ]
      },
      "properties": {
        "内容": "バス停: 郡山高校",
        "name": "郡山高校",
        "operator": "事業者不明",
        "ref": "",
        "url": "",
        "url2": ""
      }
    },
    {
      "type": "Feature",
      "geometry": {
        "type": "Point",
        "coordinates": [
          140.3374952,
          37.4056627
        ]
      },
      "properties": {
        "内容": "バス停: 小山田団地",
        "name": "小山田団地",
        "operator": "事業者不明",
        "ref": "",
        "url": "",
        "url2": ""
      }
    },
    {
      "type": "Feature",
      "geometry": {
        "type": "Point",
        "coordinates": [
          140.3373792,
          37.4050481
        ]
      },
      "properties": {
        "内容": "バス停: 小山田団地",
        "name": "小山田団地",
        "operator": "事業者不明",
        "ref": "",
        "url": "",
        "url2": ""
      }
    },
    {
      "type": "Feature",
      "geometry": {
        "type": "Point",
        "coordinates": [
          140.9083742,
          37.0038916
        ]
      },
      "properties": {
        "内容": "バス停: 下矢田 (新常磐交通)",
        "name": "下矢田",
        "operator": "新常磐交通",
        "ref": "",
        "url": "",
        "url2": ""
      }
    },
    {
      "type": "Feature",
      "geometry": {
        "type": "Point",
        "coordinates": [
          140.9086324,
          37.0037833
        ]
      },
      "properties": {
        "内容": "バス停: 下矢田 (新常磐交通)",
        "name": "下矢田",
        "operator": "新常磐交通",
        "ref": "",
        "url": "",
        "url2": ""
      }
    },
    {
      "type": "Feature",
      "geometry": {
        "type": "Point",
        "coordinates": [
          140.9077919,
          37.0081497
        ]
      },
      "properties": {
        "内容": "バス停: 番刈 (新常磐交通)",
        "name": "番刈",
        "operator": "新常磐交通",
        "ref": "",
        "url": "",
        "url2": ""
      }
    },
    {
      "type": "Feature",
      "geometry": {
        "type": "Point",
        "coordinates": [
          140.9079775,
          37.0077393
        ]
      },
      "properties": {
        "内容": "バス停: 番刈 (新常磐交通)",
        "name": "番刈",
        "operator": "新常磐交通",
        "ref": "",
        "url": "",
        "url2": ""
      }
    },
    {
      "type": "Feature",
      "geometry": {
        "type": "Point",
        "coordinates": [
          140.9072255,
          37.0118086
        ]
      },
      "properties": {
        "内容": "バス停: 鹿島神社 (新常磐交通)",
        "name": "鹿島神社",
        "operator": "新常磐交通",
        "ref": "",
        "url": "",
        "url2": ""
      }
    },
    {
      "type": "Feature",
      "geometry": {
        "type": "Point",
        "coordinates": [
          140.9073812,
          37.0119809
        ]
      },
      "properties": {
        "内容": "バス停: 鹿島神社 (新常磐交通)",
        "name": "鹿島神社",
        "operator": "新常磐交通",
        "ref": "",
        "url": "",
        "url2": ""
      }
    },
    {
      "type": "Feature",
      "geometry": {
        "type": "Point",
        "coordinates": [
          140.8983687,
          37.0247005
        ]
      },
      "properties": {
        "内容": "バス停: 郷ケ丘 (新常磐交通)",
        "name": "郷ケ丘",
        "operator": "新常磐交通",
        "ref": "",
        "url": "",
        "url2": ""
      }
    },
    {
      "type": "Feature",
      "geometry": {
        "type": "Point",
        "coordinates": [
          140.8982117,
          37.0252468
        ]
      },
      "properties": {
        "内容": "バス停: 郷ケ丘 (新常磐交通)",
        "name": "郷ケ丘",
        "operator": "新常磐交通",
        "ref": "",
        "url": "",
        "url2": ""
      }
    },
    {
      "type": "Feature",
      "geometry": {
        "type": "Point",
        "coordinates": [
          140.9026145,
          37.0180236
        ]
      },
      "properties": {
        "内容": "バス停: 上矢田 (新常磐交通)",
        "name": "上矢田",
        "operator": "新常磐交通",
        "ref": "",
        "url": "",
        "url2": ""
      }
    },
    {
      "type": "Feature",
      "geometry": {
        "type": "Point",
        "coordinates": [
          140.8895822,
          37.0559632
        ]
      },
      "properties": {
        "内容": "バス停: 平一町目",
        "name": "平一町目",
        "operator": "事業者不明",
        "ref": "",
        "url": "",
        "url2": ""
      }
    },
    {
      "type": "Feature",
      "geometry": {
        "type": "Point",
        "coordinates": [
          140.1075323,
          37.5376256
        ]
      },
      "properties": {
        "内容": "バス停: 道の駅猪苗代",
        "name": "道の駅猪苗代",
        "operator": "事業者不明",
        "ref": "",
        "url": "",
        "url2": ""
      }
    }
  ]
}