{
"type": "FeatureCollection",
"name": "geo_07_訪問介護",
"crs": { "type": "name", "properties": { "name": "urn:ogc:def:crs:OGC:1.3:CRS84" } },
"features": [
{ "type": "Feature", "properties": { "内容": "ライフサポート婆沙羅【訪問介護】福島県福島市上鳥渡字山王65-7ライフサポート婆沙羅", "url": "https://www.kaigokensaku.mhlw.go.jp/07/index.php?action_kouhyou_detail_004_kani=true&JigyosyoCd=0770105294-00&ServiceCd=110&Type=search", "url2": null }, "geometry": { "type": "Point", "coordinates": [ 140.409597642161685, 37.725159219085349 ] } },
{ "type": "Feature", "properties": { "内容": "訪問介護事業所ゴールデンスタッフ福島【訪問介護】福島県福島市松川町浅川字上幸道７番地７", "url": "https://www.kaigokensaku.mhlw.go.jp/07/index.php?action_kouhyou_detail_004_kani=true&JigyosyoCd=0770103620-00&ServiceCd=110&Type=search", "url2": null }, "geometry": { "type": "Point", "coordinates": [ 140.466641100000061, 37.6724849 ] } },
{ "type": "Feature", "properties": { "内容": "有限会社サンケアネット慈恵【訪問介護】福島県福島市松木町14--７", "url": "https://www.kaigokensaku.mhlw.go.jp/07/index.php?action_kouhyou_detail_004_kani=true&JigyosyoCd=0770101202-00&ServiceCd=110&Type=search", "url2": "akira:Jikeikai＠gmail.com" }, "geometry": { "type": "Point", "coordinates": [ 140.4718785, 37.757909 ] } },
{ "type": "Feature", "properties": { "内容": "訪問介護ステーションこみゅ【訪問介護】福島県福島市南矢野目字向原東６－１", "url": "https://www.kaigokensaku.mhlw.go.jp/07/index.php?action_kouhyou_detail_004_kani=true&JigyosyoCd=0770101533-00&ServiceCd=110&Type=search", "url2": null }, "geometry": { "type": "Point", "coordinates": [ 140.466753, 37.7862061 ] } },
{ "type": "Feature", "properties": { "内容": "訪問介護福福【訪問介護】福島県福島市岡部字大旦34-3ビレッジＫ2　101号室", "url": "https://www.kaigokensaku.mhlw.go.jp/07/index.php?action_kouhyou_detail_004_kani=true&JigyosyoCd=0770106201-00&ServiceCd=110&Type=search", "url2": "https://hukuhukuoffice.com/" }, "geometry": { "type": "Point", "coordinates": [ 140.5010177, 37.7810603 ] } },
{ "type": "Feature", "properties": { "内容": "訪問介護ステーションえがお【訪問介護】福島県福島市西中央5丁目22‐4", "url": "https://www.kaigokensaku.mhlw.go.jp/07/index.php?action_kouhyou_detail_004_kani=true&JigyosyoCd=0770105120-00&ServiceCd=110&Type=search", "url2": "aircorrect.com" }, "geometry": { "type": "Point", "coordinates": [ 140.432482099999987, 37.7579468 ] } },
{ "type": "Feature", "properties": { "内容": "アニバ―サリー訪問介護事業所【訪問介護】福島市新浜町3-4新浜プラザ403号", "url": "https://www.kaigokensaku.mhlw.go.jp/07/index.php?action_kouhyou_detail_004_kani=true&JigyosyoCd=0770104768-00&ServiceCd=110&Type=search", "url2": null }, "geometry": { "type": "Point", "coordinates": [ 140.4683972, 37.7602236 ] } },
{ "type": "Feature", "properties": { "内容": "ヘルパーステーション　ウィズ【訪問介護】福島県福島市松川町下川崎字佐久間前山17番地の6", "url": "https://www.kaigokensaku.mhlw.go.jp/07/index.php?action_kouhyou_detail_004_kani=true&JigyosyoCd=0770104842-00&ServiceCd=110&Type=search", "url2": null }, "geometry": { "type": "Point", "coordinates": [ 140.493236722615052, 37.642840897842703 ] } },
{ "type": "Feature", "properties": { "内容": "福島県福島市三河南町1-20コラッセふくしま6階【訪問介護】福島県福島市三河南町1-20コラッセふくしま6階", "url": "https://www.kaigokensaku.mhlw.go.jp/07/index.php?action_kouhyou_detail_004_kani=true&JigyosyoCd=0770105799-00&ServiceCd=110&Type=search", "url2": "https://one-heart-unity.webnode.jp/" }, "geometry": { "type": "Point", "coordinates": [ 140.4581746, 37.7567863 ] } },
{ "type": "Feature", "properties": { "内容": "介護ステーション　ライトケア【訪問介護】福島市笹谷字成出西４－１", "url": "https://www.kaigokensaku.mhlw.go.jp/07/index.php?action_kouhyou_detail_004_kani=true&JigyosyoCd=0770104461-00&ServiceCd=110&Type=search", "url2": null }, "geometry": { "type": "Point", "coordinates": [ 140.4363544, 37.7886237 ] } },
{ "type": "Feature", "properties": { "内容": "訪問介護のんな福島【訪問介護】福島県福島市野田町7丁目13番50号ホンマハウス2階", "url": "https://www.kaigokensaku.mhlw.go.jp/07/index.php?action_kouhyou_detail_004_kani=true&JigyosyoCd=0770106425-00&ServiceCd=110&Type=search", "url2": null }, "geometry": { "type": "Point", "coordinates": [ 140.443805, 37.7625546 ] } },
{ "type": "Feature", "properties": { "内容": "ヘルパーステーションひだまり【訪問介護】福島県福島市渡利字中江町40-1", "url": "https://www.kaigokensaku.mhlw.go.jp/07/index.php?action_kouhyou_detail_004_kani=true&JigyosyoCd=0770104396-00&ServiceCd=110&Type=search", "url2": null }, "geometry": { "type": "Point", "coordinates": [ 140.483078200000023, 37.7481962 ] } },
{ "type": "Feature", "properties": { "内容": "ヘルパーステーションくるみ【訪問介護】福島県福島市永井川字檀ノ腰2-2Fフェアリー105", "url": "https://www.kaigokensaku.mhlw.go.jp/07/index.php?action_kouhyou_detail_004_kani=true&JigyosyoCd=0770104578-00&ServiceCd=110&Type=search", "url2": null }, "geometry": { "type": "Point", "coordinates": [ 140.468053599999962, 37.7634749 ] } },
{ "type": "Feature", "properties": { "内容": "グッドライフ【訪問介護】福島県福島市南矢野目字鼓原10-1八景プラザ202", "url": "https://www.kaigokensaku.mhlw.go.jp/07/index.php?action_kouhyou_detail_004_kani=true&JigyosyoCd=0770106375-00&ServiceCd=110&Type=search", "url2": "860goodlife@gmail.com" }, "geometry": { "type": "Point", "coordinates": [ 140.468047, 37.7843819 ] } },
{ "type": "Feature", "properties": { "内容": "ＮＰＯ法人まごころ介護サービス【訪問介護】福島県福島市在庭坂字南林６０－２", "url": "https://www.kaigokensaku.mhlw.go.jp/07/index.php?action_kouhyou_detail_004_kani=true&JigyosyoCd=0770100493-00&ServiceCd=110&Type=search", "url2": null }, "geometry": { "type": "Point", "coordinates": [ 140.359707390505463, 37.755050349568322 ] } },
{ "type": "Feature", "properties": { "内容": "しあわせヘルパーステーション【訪問介護】福島県福島市瀬上町字町尻５７ー１", "url": "https://www.kaigokensaku.mhlw.go.jp/07/index.php?action_kouhyou_detail_004_kani=true&JigyosyoCd=0770105625-00&ServiceCd=110&Type=search", "url2": null }, "geometry": { "type": "Point", "coordinates": [ 140.4711438, 37.7848956 ] } },
{ "type": "Feature", "properties": { "内容": "サポート２４訪問介護ステーション【訪問介護】福島県福島市御山字松川原1-22シニアスタンダーズハウス御山", "url": "https://www.kaigokensaku.mhlw.go.jp/07/index.php?action_kouhyou_detail_004_kani=true&JigyosyoCd=0770103711-00&ServiceCd=110&Type=search", "url2": null }, "geometry": { "type": "Point", "coordinates": [ 140.464795, 37.7813703 ] } },
{ "type": "Feature", "properties": { "内容": "ヘルパーステーション　エルタの風【訪問介護】福島県福島市東浜町10-16サービス付き高齢者向け住宅「エルフィリア」", "url": "https://www.kaigokensaku.mhlw.go.jp/07/index.php?action_kouhyou_detail_004_kani=true&JigyosyoCd=0770104156-00&ServiceCd=110&Type=search", "url2": "http://f-elta.net" }, "geometry": { "type": "Point", "coordinates": [ 140.48674356004949, 37.763134902986131 ] } },
{ "type": "Feature", "properties": { "内容": "すこやかホームヘルプセンター【訪問介護】福島県福島市松木町　14-2エリートイン松木1F", "url": "https://www.kaigokensaku.mhlw.go.jp/07/index.php?action_kouhyou_detail_004_kani=true&JigyosyoCd=0770101186-00&ServiceCd=110&Type=search", "url2": "http://www.sukoyaknosato.ip" }, "geometry": { "type": "Point", "coordinates": [ 140.4716623, 37.757543 ] } },
{ "type": "Feature", "properties": { "内容": "日本アシストホームヘルプサービス【訪問介護】福島県福島市南町606番地サザンピアＩ　２Ｆ　Ａ号室", "url": "https://www.kaigokensaku.mhlw.go.jp/07/index.php?action_kouhyou_detail_004_kani=true&JigyosyoCd=0770102119-00&ServiceCd=110&Type=search", "url2": "http://www.n-assist.wixsite.com/assist" }, "geometry": { "type": "Point", "coordinates": [ 140.465824099999963, 37.7409468 ] } },
{ "type": "Feature", "properties": { "内容": "あいわ訪問介護　指定訪問介護事業所【訪問介護】福島県福島市北原44-11", "url": "https://www.kaigokensaku.mhlw.go.jp/07/index.php?action_kouhyou_detail_004_kani=true&JigyosyoCd=0770102002-00&ServiceCd=110&Type=search", "url2": null }, "geometry": { "type": "Point", "coordinates": [ 140.4787715, 37.7811597 ] } },
{ "type": "Feature", "properties": { "内容": "有限会社まめ【訪問介護】福島県福島市上野寺字西原４２番地の３", "url": "https://www.kaigokensaku.mhlw.go.jp/07/index.php?action_kouhyou_detail_004_kani=true&JigyosyoCd=0770102127-00&ServiceCd=110&Type=search", "url2": "http://kaigo-mame.com" }, "geometry": { "type": "Point", "coordinates": [ 140.40164679999998, 37.7571075 ] } },
{ "type": "Feature", "properties": { "内容": "ヘルパーステーションはなはな【訪問介護】福島県福島市飯野町字原田7-22", "url": "https://www.kaigokensaku.mhlw.go.jp/07/index.php?action_kouhyou_detail_004_kani=true&JigyosyoCd=0770105328-00&ServiceCd=110&Type=search", "url2": "https://www.iinonosato.co.jp" }, "geometry": { "type": "Point", "coordinates": [ 140.540861931213357, 37.655935772659411 ] } },
{ "type": "Feature", "properties": { "内容": "あづまの郷ヘルパーステーション【訪問介護】福島県福島市上鳥渡字北河原2-1", "url": "https://www.kaigokensaku.mhlw.go.jp/07/index.php?action_kouhyou_detail_004_kani=true&JigyosyoCd=0770105260-00&ServiceCd=110&Type=search", "url2": null }, "geometry": { "type": "Point", "coordinates": [ 140.410791499999959, 37.7326214 ] } },
{ "type": "Feature", "properties": { "内容": "あおぞらホームヘルプサービス【訪問介護】福島県福島市南沢又字上並松8－6", "url": "https://www.kaigokensaku.mhlw.go.jp/07/index.php?action_kouhyou_detail_004_kani=true&JigyosyoCd=0770100717-00&ServiceCd=110&Type=search", "url2": "http://shimizu@kirari-hcoop.com" }, "geometry": { "type": "Point", "coordinates": [ 140.442460799999907, 37.7844277 ] } },
{ "type": "Feature", "properties": { "内容": "ロング・ライフ訪問介護事業所【訪問介護】福島県福島市松川町字産子内１番地の１", "url": "https://www.kaigokensaku.mhlw.go.jp/07/index.php?action_kouhyou_detail_004_kani=true&JigyosyoCd=0770101129-00&ServiceCd=110&Type=search", "url2": "http://www.life-time-fukushima.jp/" }, "geometry": { "type": "Point", "coordinates": [ 140.478043399999933, 37.6672997 ] } },
{ "type": "Feature", "properties": { "内容": "大和ヘルパーステーション【訪問介護】福島県福島市入江町13-22", "url": "https://www.kaigokensaku.mhlw.go.jp/07/index.php?action_kouhyou_detail_004_kani=true&JigyosyoCd=0770102150-00&ServiceCd=110&Type=search", "url2": "http://f-daiwa.com" }, "geometry": { "type": "Point", "coordinates": [ 140.480471699999953, 37.7688081 ] } },
{ "type": "Feature", "properties": { "内容": "あくとケア福島【訪問介護】福島県福島市泉字泉川8-4", "url": "https://www.kaigokensaku.mhlw.go.jp/07/index.php?action_kouhyou_detail_004_kani=true&JigyosyoCd=0770105419-00&ServiceCd=110&Type=search", "url2": null }, "geometry": { "type": "Point", "coordinates": [ 140.446650399999953, 37.7773667 ] } },
{ "type": "Feature", "properties": { "内容": "「聖・オリーブの郷」訪問介護センター【訪問介護】福島県福島市山口字梅本31-8", "url": "https://www.kaigokensaku.mhlw.go.jp/07/index.php?action_kouhyou_detail_004_kani=true&JigyosyoCd=0770101236-00&ServiceCd=110&Type=search", "url2": "http://sosei.org/publics/index/86/" }, "geometry": { "type": "Point", "coordinates": [ 140.513580269311547, 37.767854480296258 ] } },
{ "type": "Feature", "properties": { "内容": "ニチイケアセンター瀬上【訪問介護】福島県福島市瀬上町字桜町2丁目10-24コーポおだなか", "url": "https://www.kaigokensaku.mhlw.go.jp/07/index.php?action_kouhyou_detail_004_kani=true&JigyosyoCd=0770105708-00&ServiceCd=110&Type=search", "url2": "http://www.nichiigakkan.co.jp" }, "geometry": { "type": "Point", "coordinates": [ 140.497666400000071, 37.8049896 ] } },
{ "type": "Feature", "properties": { "内容": "ニチイケアセンター番匠【訪問介護】福島県福島市渡利字番匠町3－1ポモドーリＡ棟１０２号室", "url": "https://www.kaigokensaku.mhlw.go.jp/07/index.php?action_kouhyou_detail_004_kani=true&JigyosyoCd=0770105690-00&ServiceCd=110&Type=search", "url2": "http:／／ｗｗｗ．nichiigakkan．ｃo．ｊｐ" }, "geometry": { "type": "Point", "coordinates": [ 140.48183, 37.7476126 ] } },
{ "type": "Feature", "properties": { "内容": "ｆｕｋｕｃｉｅｒ福島訪問介護【訪問介護】福島県福島市天神町１０番５号ガーデンハウス天神１０３号室", "url": "https://www.kaigokensaku.mhlw.go.jp/07/index.php?action_kouhyou_detail_004_kani=true&JigyosyoCd=0770106433-00&ServiceCd=110&Type=search", "url2": "https://fukucier.com/houmon/" }, "geometry": { "type": "Point", "coordinates": [ 140.4632977, 37.7608318 ] } },
{ "type": "Feature", "properties": { "内容": "ヘルパーステーションおぐらじ【訪問介護】福島県福島市小倉寺字兜石１", "url": "https://www.kaigokensaku.mhlw.go.jp/07/index.php?action_kouhyou_detail_004_kani=true&JigyosyoCd=0770103646-00&ServiceCd=110&Type=search", "url2": "http://www.tender-info.co.jp" }, "geometry": { "type": "Point", "coordinates": [ 140.471073899999965, 37.739522 ] } },
{ "type": "Feature", "properties": { "内容": "ニチイケアセンター　西中央【訪問介護】福島県福島市西中央三丁目26-1ﾋﾟｱｻﾞ西部106", "url": "https://www.kaigokensaku.mhlw.go.jp/07/index.php?action_kouhyou_detail_004_kani=true&JigyosyoCd=0770105682-00&ServiceCd=110&Type=search", "url2": null }, "geometry": { "type": "Point", "coordinates": [ 140.431643300000019, 37.7619345 ] } },
{ "type": "Feature", "properties": { "内容": "医心館訪問介護ステーション福島【訪問介護】福島県福島市野田町5丁目1番37号", "url": "https://www.kaigokensaku.mhlw.go.jp/07/index.php?action_kouhyou_detail_004_kani=true&JigyosyoCd=0770106011-00&ServiceCd=110&Type=search", "url2": null }, "geometry": { "type": "Point", "coordinates": [ 140.4470244, 37.7574926 ] } },
{ "type": "Feature", "properties": { "内容": "ヘルパーステーション「回生」【訪問介護】福島県福島市西中央４－１３－２", "url": "https://www.kaigokensaku.mhlw.go.jp/07/index.php?action_kouhyou_detail_004_kani=true&JigyosyoCd=0770101434-00&ServiceCd=110&Type=search", "url2": "https://kaiseido.or.jp/index.php" }, "geometry": { "type": "Point", "coordinates": [ 140.431207200000017, 37.7592939 ] } },
{ "type": "Feature", "properties": { "内容": "介護支援センター　きさらぎ【訪問介護】福島市渡利字小舟52-1グリーン・ヒル２０１", "url": "https://www.kaigokensaku.mhlw.go.jp/07/index.php?action_kouhyou_detail_004_kani=true&JigyosyoCd=0770102242-00&ServiceCd=110&Type=search", "url2": null }, "geometry": { "type": "Point", "coordinates": [ 140.4852075, 37.7427849 ] } },
{ "type": "Feature", "properties": { "内容": "ハートフルステーション【訪問介護】福島県福島市南矢野目字桜内36-1", "url": "https://www.kaigokensaku.mhlw.go.jp/07/index.php?action_kouhyou_detail_004_kani=true&JigyosyoCd=0770101475-00&ServiceCd=110&Type=search", "url2": "http://www.kftaxi.com" }, "geometry": { "type": "Point", "coordinates": [ 140.459325799999988, 37.7877724 ] } },
{ "type": "Feature", "properties": { "内容": "生愛会ホームヘルプステーション【訪問介護】福島県福島市大笹生字向平６－１地域複合型総合施設　生愛会生活期総合リハビリテーション医療ケアセンター", "url": "https://www.kaigokensaku.mhlw.go.jp/07/index.php?action_kouhyou_detail_004_kani=true&JigyosyoCd=0770104545-00&ServiceCd=110&Type=search", "url2": "http://www.seiaikai.jp/" }, "geometry": { "type": "Point", "coordinates": [ 140.3923317, 37.7966947 ] } },
{ "type": "Feature", "properties": { "内容": "民間救急警備株式会社　福島営業所【訪問介護】福島県福島市森合字台３番地の２８", "url": "https://www.kaigokensaku.mhlw.go.jp/07/index.php?action_kouhyou_detail_004_kani=true&JigyosyoCd=0770100519-00&ServiceCd=110&Type=search", "url2": "http://minkyu-k.com/" }, "geometry": { "type": "Point", "coordinates": [ 140.457304499999964, 37.7646107 ] } },
{ "type": "Feature", "properties": { "内容": "ヘルパーステーション　ももの実【訪問介護】方木田字葉ノ木立29-44", "url": "https://www.kaigokensaku.mhlw.go.jp/07/index.php?action_kouhyou_detail_004_kani=true&JigyosyoCd=0770106391-00&ServiceCd=110&Type=search", "url2": null }, "geometry": { "type": "Point", "coordinates": [ 140.45764029999998, 37.7439318 ] } },
{ "type": "Feature", "properties": { "内容": "ヘルパーステーション陽風【訪問介護】福島県福島市北五老内町３番８号パレ・ロワイヤル６階", "url": "https://www.kaigokensaku.mhlw.go.jp/07/index.php?action_kouhyou_detail_004_kani=true&JigyosyoCd=0770105138-00&ServiceCd=110&Type=search", "url2": "//www.win3hikari.com" }, "geometry": { "type": "Point", "coordinates": [ 140.475391580890687, 37.762949437400337 ] } },
{ "type": "Feature", "properties": { "内容": "ヘルパーステーション　ゆとり【訪問介護】福島県福島市清明町１番１０号サンファスト福島", "url": "https://www.kaigokensaku.mhlw.go.jp/07/index.php?action_kouhyou_detail_004_kani=true&JigyosyoCd=0770102325-00&ServiceCd=110&Type=search", "url2": "http://care-net.biz/07/puipui/" }, "geometry": { "type": "Point", "coordinates": [ 140.4612492, 37.7470183 ] } },
{ "type": "Feature", "properties": { "内容": "ヘルパーステーションエルタの庭【訪問介護】福島県福島市八島田字樋ノ口８０", "url": "https://www.kaigokensaku.mhlw.go.jp/07/index.php?action_kouhyou_detail_004_kani=true&JigyosyoCd=0770105922-00&ServiceCd=110&Type=search", "url2": "https://f-elta.net/" }, "geometry": { "type": "Point", "coordinates": [ 140.433960230024695, 37.769006018250025 ] } },
{ "type": "Feature", "properties": { "内容": "SOMPOケア　福島笹谷　訪問介護【訪問介護】笹谷字出水上24-8ロイヤルガーデン笹谷Ⅳ棟408号", "url": "https://www.kaigokensaku.mhlw.go.jp/07/index.php?action_kouhyou_detail_004_kani=true&JigyosyoCd=0770105484-00&ServiceCd=110&Type=search", "url2": "https://www.sompocare.com" }, "geometry": { "type": "Point", "coordinates": [ 140.444555142956887, 37.791407013833968 ] } },
{ "type": "Feature", "properties": { "内容": "ニチイケアセンター太平寺【訪問介護】福島県福島市太平寺字過吹６－２ザ・３６・メイファイブ", "url": "https://www.kaigokensaku.mhlw.go.jp/07/index.php?action_kouhyou_detail_004_kani=true&JigyosyoCd=0770101988-00&ServiceCd=110&Type=search", "url2": "http://www.nichiigakkan.co.jp" }, "geometry": { "type": "Point", "coordinates": [ 140.460098099999982, 37.7308662 ] } },
{ "type": "Feature", "properties": { "内容": "訪問介護ステーション悠ライフ福島【訪問介護】福島県福島市南矢野目上戸ノ内7-1", "url": "https://www.kaigokensaku.mhlw.go.jp/07/index.php?action_kouhyou_detail_004_kani=true&JigyosyoCd=0770106557-00&ServiceCd=110&Type=search", "url2": "https://kaigo.kind-life-japan.com/facility-1/nursinghome-fukushima" }, "geometry": { "type": "Point", "coordinates": [ 140.479618524943106, 37.789203095697566 ] } },
{ "type": "Feature", "properties": { "内容": "リンク訪問介護ステーション【訪問介護】福島市瀬上町字寺前12-13ホワイトコーポラスONO101号室", "url": "https://www.kaigokensaku.mhlw.go.jp/07/index.php?action_kouhyou_detail_004_kani=true&JigyosyoCd=0770105757-00&ServiceCd=110&Type=search", "url2": "https://www.linkhoumonkaigo8893.com/?siteRevision=150" }, "geometry": { "type": "Point", "coordinates": [ 140.491564400000016, 37.8026023 ] } },
{ "type": "Feature", "properties": { "内容": "ヘルパーステーションおどりば【訪問介護】福島県福島市南沢又字松北町一丁目8-4ハイパレスＡ", "url": "https://www.kaigokensaku.mhlw.go.jp/07/index.php?action_kouhyou_detail_004_kani=true&JigyosyoCd=0770103703-00&ServiceCd=110&Type=search", "url2": null }, "geometry": { "type": "Point", "coordinates": [ 140.437919500000021, 37.7836693 ] } },
{ "type": "Feature", "properties": { "内容": "ほのぼの訪問介護センター【訪問介護】福島県福島市笹谷字清水18-7ぷちあつみ笹谷203", "url": "https://www.kaigokensaku.mhlw.go.jp/07/index.php?action_kouhyou_detail_004_kani=true&JigyosyoCd=0770102028-00&ServiceCd=110&Type=search", "url2": null }, "geometry": { "type": "Point", "coordinates": [ 140.440131409817496, 37.792175089997201 ] } },
{ "type": "Feature", "properties": { "内容": "訪問介護ステーションたゆたふ【訪問介護】福島県福島市笹木野字町裏2-7", "url": "https://www.kaigokensaku.mhlw.go.jp/07/index.php?action_kouhyou_detail_004_kani=true&JigyosyoCd=0770103836-00&ServiceCd=110&Type=search", "url2": "http://www.maru-kita.co.jp" }, "geometry": { "type": "Point", "coordinates": [ 140.421955002577477, 37.766858506985997 ] } },
{ "type": "Feature", "properties": { "内容": "訪問介護ステーションかえで【訪問介護】福島県福島市野田町4丁目2-15", "url": "https://www.kaigokensaku.mhlw.go.jp/07/index.php?action_kouhyou_detail_004_kani=true&JigyosyoCd=0770106235-00&ServiceCd=110&Type=search", "url2": "http://www.maru-kita.co.jp/" }, "geometry": { "type": "Point", "coordinates": [ 140.451588919597214, 37.760724315075393 ] } },
{ "type": "Feature", "properties": { "内容": "ＮＰＯ法人　ＩＬセンター福島【訪問介護】福島県福島市渡利字椚町1-1", "url": "https://www.kaigokensaku.mhlw.go.jp/07/index.php?action_kouhyou_detail_004_kani=true&JigyosyoCd=0770101541-00&ServiceCd=110&Type=search", "url2": null }, "geometry": { "type": "Point", "coordinates": [ 140.481077149073826, 37.742861956012874 ] } },
{ "type": "Feature", "properties": { "内容": "NPO法人　ILセンター福島　ナイトヘルプステーション【訪問介護】福島県福島市小倉寺字二反田3－1ILホームソレイユ小倉寺", "url": "https://www.kaigokensaku.mhlw.go.jp/07/index.php?action_kouhyou_detail_004_kani=true&JigyosyoCd=0770105716-00&ServiceCd=110&Type=search", "url2": null }, "geometry": { "type": "Point", "coordinates": [ 140.4735647, 37.7381113 ] } },
{ "type": "Feature", "properties": { "内容": "スマイルケア【訪問介護】福島市北中央１丁目６５－３", "url": "https://www.kaigokensaku.mhlw.go.jp/07/index.php?action_kouhyou_detail_004_kani=true&JigyosyoCd=0770102200-00&ServiceCd=110&Type=search", "url2": "http://smile-korporation.ci-ho.jp" }, "geometry": { "type": "Point", "coordinates": [ 140.4327985, 37.7638128 ] } },
{ "type": "Feature", "properties": { "内容": "ヘルパーステーション　信夫の里【訪問介護】福島県福島市仁井田字下川原１７番地", "url": "https://www.kaigokensaku.mhlw.go.jp/07/index.php?action_kouhyou_detail_004_kani=true&JigyosyoCd=0770102895-00&ServiceCd=110&Type=search", "url2": "http://sinobunosato-welfare.jp/" }, "geometry": { "type": "Point", "coordinates": [ 140.438073499999973, 37.7533837 ] } },
{ "type": "Feature", "properties": { "内容": "ＪＡふくしま未来ヘルパーステーションかわまた【訪問介護】福島県福島市飯野町字戸ノ内13-7", "url": "https://www.kaigokensaku.mhlw.go.jp/07/index.php?action_kouhyou_detail_004_kani=true&JigyosyoCd=0770106052-00&ServiceCd=110&Type=search", "url2": null }, "geometry": { "type": "Point", "coordinates": [ 140.5336462, 37.6570447 ] } },
{ "type": "Feature", "properties": { "内容": "ヘルパーステーション　はなみずき【訪問介護】福島県福島市渡利字中江町29-3", "url": "https://www.kaigokensaku.mhlw.go.jp/07/index.php?action_kouhyou_detail_004_kani=true&JigyosyoCd=0770100766-00&ServiceCd=110&Type=search", "url2": null }, "geometry": { "type": "Point", "coordinates": [ 140.483439299999986, 37.7474268 ] } },
{ "type": "Feature", "properties": { "内容": "福島市社会福祉協議会ホームヘルプサービスセンター【訪問介護】福島県福島市森合町10-1", "url": "https://www.kaigokensaku.mhlw.go.jp/07/index.php?action_kouhyou_detail_004_kani=true&JigyosyoCd=0770101004-00&ServiceCd=110&Type=search", "url2": "http://www.f-shishakyo.or.jp" }, "geometry": { "type": "Point", "coordinates": [ 140.463348499999938, 37.7631082 ] } },
{ "type": "Feature", "properties": { "内容": "ホームヘルパーステーションめぐみ【訪問介護】福島県福島市仁井田字龍神前　２番地の1", "url": "https://www.kaigokensaku.mhlw.go.jp/07/index.php?action_kouhyou_detail_004_kani=true&JigyosyoCd=0770102598-00&ServiceCd=110&Type=search", "url2": "http://www.ffsk.jp" }, "geometry": { "type": "Point", "coordinates": [ 140.427926392729233, 37.752187375609246 ] } },
{ "type": "Feature", "properties": { "内容": "訪問介護ステーション　サクラシア福島【訪問介護】福島市飯坂町平野上前田5-1ナーシングホーム　サクラシア福島", "url": "https://www.kaigokensaku.mhlw.go.jp/07/index.php?action_kouhyou_detail_004_kani=true&JigyosyoCd=0770106565-00&ServiceCd=110&Type=search", "url2": "https://www.sakurasia-fukushima.com/" }, "geometry": { "type": "Point", "coordinates": [ 140.447453200000012, 37.8065172 ] } },
{ "type": "Feature", "properties": { "内容": "やすらぎの郷ヘルパーステーション【訪問介護】福島県福島市飯野町字前川１６番地", "url": "https://www.kaigokensaku.mhlw.go.jp/07/index.php?action_kouhyou_detail_004_kani=true&JigyosyoCd=0770104347-00&ServiceCd=110&Type=search", "url2": "yasuraginosatoiino.jp" }, "geometry": { "type": "Point", "coordinates": [ 140.534485899999936, 37.6548214 ] } },
{ "type": "Feature", "properties": { "内容": "ニチイケアセンター南福島【訪問介護】福島県福島市方木田字四斗蒔田6-22", "url": "https://www.kaigokensaku.mhlw.go.jp/07/index.php?action_kouhyou_detail_004_kani=true&JigyosyoCd=0770100659-00&ServiceCd=110&Type=search", "url2": "http://www.nichiigakkan.co.jp" }, "geometry": { "type": "Point", "coordinates": [ 140.451328, 37.7421299 ] } },
{ "type": "Feature", "properties": { "内容": "ニチイケアセンター鎌田【訪問介護】福島県福島市丸子字町頭14-1", "url": "https://www.kaigokensaku.mhlw.go.jp/07/index.php?action_kouhyou_detail_004_kani=true&JigyosyoCd=0770100907-00&ServiceCd=110&Type=search", "url2": "http://www.nichiigakkan.co.jp" }, "geometry": { "type": "Point", "coordinates": [ 140.476552099999907, 37.7852287 ] } },
{ "type": "Feature", "properties": { "内容": "ハッピー愛ランド　ヘルパーステーション【訪問介護】福島県福島市本内字西河原５－７６", "url": "https://www.kaigokensaku.mhlw.go.jp/07/index.php?action_kouhyou_detail_004_kani=true&JigyosyoCd=0770102556-00&ServiceCd=110&Type=search", "url2": "http:/www.happyisland.org" }, "geometry": { "type": "Point", "coordinates": [ 140.481610100000012, 37.7817736 ] } },
{ "type": "Feature", "properties": { "内容": "アースサポート福島【訪問介護】福島県福島市曾根田町６番１０号", "url": "https://www.kaigokensaku.mhlw.go.jp/07/index.php?action_kouhyou_detail_004_kani=true&JigyosyoCd=0770101830-00&ServiceCd=110&Type=search", "url2": "http://www.earthsupport.co.jp/" }, "geometry": { "type": "Point", "coordinates": [ 140.459502473541278, 37.761911445526337 ] } },
{ "type": "Feature", "properties": { "内容": "ヘルパーステーション　おひさま【訪問介護】福島県福島市丸子字富塚１８－４", "url": "https://www.kaigokensaku.mhlw.go.jp/07/index.php?action_kouhyou_detail_004_kani=true&JigyosyoCd=0770101905-00&ServiceCd=110&Type=search", "url2": "http://ohisama-kaigo.com" }, "geometry": { "type": "Point", "coordinates": [ 140.472283100000027, 37.7853702 ] } },
{ "type": "Feature", "properties": { "内容": "有限会社　夢と共生の21グループ【訪問介護】福島県福島市森合字台ノ前７－１", "url": "https://www.kaigokensaku.mhlw.go.jp/07/index.php?action_kouhyou_detail_004_kani=true&JigyosyoCd=0770101954-00&ServiceCd=110&Type=search", "url2": "http://yume21.no.land.to/" }, "geometry": { "type": "Point", "coordinates": [ 140.454966, 37.766122 ] } },
{ "type": "Feature", "properties": { "内容": "なのはなヘルパーステーション【訪問介護】福島県福島市本内字西下釜６０－１モカロールＣ２０３", "url": "https://www.kaigokensaku.mhlw.go.jp/07/index.php?action_kouhyou_detail_004_kani=true&JigyosyoCd=0770103067-00&ServiceCd=110&Type=search", "url2": null }, "geometry": { "type": "Point", "coordinates": [ 140.487904, 37.7810155 ] } },
{ "type": "Feature", "properties": { "内容": "福島寿光会病院指定訪問介護ステーション【訪問介護】福島県福島市舟場町１-4寿光会ビル１Ｆ", "url": "https://www.kaigokensaku.mhlw.go.jp/07/index.php?action_kouhyou_detail_004_kani=true&JigyosyoCd=0770103232-00&ServiceCd=110&Type=search", "url2": null }, "geometry": { "type": "Point", "coordinates": [ 140.47008845519062, 37.753145907415615 ] } },
{ "type": "Feature", "properties": { "内容": "ヘルパーステーションゆいの里【訪問介護】福島県福島市泉字清水内3-4", "url": "https://www.kaigokensaku.mhlw.go.jp/07/index.php?action_kouhyou_detail_004_kani=true&JigyosyoCd=0770104776-00&ServiceCd=110&Type=search", "url2": null }, "geometry": { "type": "Point", "coordinates": [ 140.443987957008403, 37.778035539462415 ] } },
{ "type": "Feature", "properties": { "内容": "ヘルパーステーションけやきの村【訪問介護】福島県福島市飯坂町中野字高田前2-16", "url": "https://www.kaigokensaku.mhlw.go.jp/07/index.php?action_kouhyou_detail_004_kani=true&JigyosyoCd=0770102804-00&ServiceCd=110&Type=search", "url2": "keyakinomura.jp" }, "geometry": { "type": "Point", "coordinates": [ 140.421389856275113, 37.82212359288301 ] } },
{ "type": "Feature", "properties": { "内容": "ホームヘルパーステーション　グリーンライト【訪問介護】福島県福島市飯坂町湯野字梁尻１番地の１", "url": "https://www.kaigokensaku.mhlw.go.jp/07/index.php?action_kouhyou_detail_004_kani=true&JigyosyoCd=0770100741-00&ServiceCd=110&Type=search", "url2": "http://care-net.biz/07/ryokukouen/" }, "geometry": { "type": "Point", "coordinates": [ 140.456662776603252, 37.821923112892961 ] } },
{ "type": "Feature", "properties": { "内容": "よろこび介護サービス【訪問介護】福島県福島市渡利字川岸町24-5", "url": "https://www.kaigokensaku.mhlw.go.jp/07/index.php?action_kouhyou_detail_004_kani=true&JigyosyoCd=0770101400-00&ServiceCd=110&Type=search", "url2": null }, "geometry": { "type": "Point", "coordinates": [ 140.482014199999981, 37.751232 ] } },
{ "type": "Feature", "properties": { "内容": "けいあい訪問介護ステーション【訪問介護】福島県福島市早稲町８番２２号一番丁キャッスルビル4F", "url": "https://www.kaigokensaku.mhlw.go.jp/07/index.php?action_kouhyou_detail_004_kani=true&JigyosyoCd=0770105336-00&ServiceCd=110&Type=search", "url2": "www.keiai-kai.com" }, "geometry": { "type": "Point", "coordinates": [ 140.463601700000027, 37.7513512 ] } },
{ "type": "Feature", "properties": { "内容": "社会福祉法人ジェイエイ新ふくしま福祉会　アグリホームヘルパーステーション【訪問介護】福島県福島市笹木野字水口下13番地の1", "url": "https://www.kaigokensaku.mhlw.go.jp/07/index.php?action_kouhyou_detail_004_kani=true&JigyosyoCd=0770100881-00&ServiceCd=110&Type=search", "url2": "http://www.aguri-home.com/" }, "geometry": { "type": "Point", "coordinates": [ 140.426279499999964, 37.766517800000017 ] } },
{ "type": "Feature", "properties": { "内容": "ヘルパーステーションおはよう【訪問介護】福島県福島市飯野町大久保字西戸３２－２", "url": "https://www.kaigokensaku.mhlw.go.jp/07/index.php?action_kouhyou_detail_004_kani=true&JigyosyoCd=0772001244-00&ServiceCd=110&Type=search", "url2": "http://aoisora-iino.net/" }, "geometry": { "type": "Point", "coordinates": [ 140.539313200000038, 37.6598709 ] } },
{ "type": "Feature", "properties": { "内容": "ニチイケアセンターわかまつ【訪問介護】福島県会津若松市南千石町2番２５号", "url": "https://www.kaigokensaku.mhlw.go.jp/07/index.php?action_kouhyou_detail_004_kani=true&JigyosyoCd=0770200111-00&ServiceCd=110&Type=search", "url2": "hsti49@nichiigakkan.co.jp" }, "geometry": { "type": "Point", "coordinates": [ 139.941730799999959, 37.494033500000015 ] } },
{ "type": "Feature", "properties": { "内容": "comくらぶ【訪問介護】中央三丁目1番5号メゾン山惣102号", "url": "https://www.kaigokensaku.mhlw.go.jp/07/index.php?action_kouhyou_detail_004_kani=true&JigyosyoCd=0770201903-00&ServiceCd=110&Type=search", "url2": "com-club@outlook.jp" }, "geometry": { "type": "Point", "coordinates": [ 139.932307166715987, 37.503698372475903 ] } },
{ "type": "Feature", "properties": { "内容": "会津長寿園訪問介護事業所【訪問介護】福島県会津若松市門田町大字黒岩字五百山丙４５９番地の３", "url": "https://www.kaigokensaku.mhlw.go.jp/07/index.php?action_kouhyou_detail_004_kani=true&JigyosyoCd=0770201275-00&ServiceCd=110&Type=search", "url2": "www.choujuen.or.jp/" }, "geometry": { "type": "Point", "coordinates": [ 139.9469373, 37.4835373 ] } },
{ "type": "Feature", "properties": { "内容": "ケアステーション蓮【訪問介護】福島県会津若松市大町1－7－12キャッスルマンション会津若松101号室", "url": "https://www.kaigokensaku.mhlw.go.jp/07/index.php?action_kouhyou_detail_004_kani=true&JigyosyoCd=0770201978-00&ServiceCd=110&Type=search", "url2": "https://www.cil-iwaki.or.jp/" }, "geometry": { "type": "Point", "coordinates": [ 139.9284096, 37.49617210000001 ] } },
{ "type": "Feature", "properties": { "内容": "ニチイケアセンター門田【訪問介護】福島県会津若松市門田町日吉字小金井11", "url": "https://www.kaigokensaku.mhlw.go.jp/07/index.php?action_kouhyou_detail_004_kani=true&JigyosyoCd=0770200947-00&ServiceCd=110&Type=search", "url2": "http://www.nichiigakkan.co.jp" }, "geometry": { "type": "Point", "coordinates": [ 139.91813060000004, 37.4778542 ] } },
{ "type": "Feature", "properties": { "内容": "すまいるサポートたいよう【訪問介護】福島県会津若松市城東町14-36-23", "url": "https://www.kaigokensaku.mhlw.go.jp/07/index.php?action_kouhyou_detail_004_kani=true&JigyosyoCd=0770202547-00&ServiceCd=110&Type=search", "url2": "http://aizu-kaigotaxi-taiyo.com/" }, "geometry": { "type": "Point", "coordinates": [ 139.9364521, 37.4859008 ] } },
{ "type": "Feature", "properties": { "内容": "ネットケアーヘルパーステーション【訪問介護】福島県会津若松市門田町大字飯寺字村西７７６－６", "url": "https://www.kaigokensaku.mhlw.go.jp/07/index.php?action_kouhyou_detail_004_kani=true&JigyosyoCd=0770201002-00&ServiceCd=110&Type=search", "url2": "https://www.netcareplanning.co.jp/" }, "geometry": { "type": "Point", "coordinates": [ 139.902025433729563, 37.474989409635491 ] } },
{ "type": "Feature", "properties": { "内容": "ケアステーション　いぶ樹【訪問介護】福島県会津若松市八角町16番40号", "url": "https://www.kaigokensaku.mhlw.go.jp/07/index.php?action_kouhyou_detail_004_kani=true&JigyosyoCd=0770201838-00&ServiceCd=110&Type=search", "url2": "http://www.ibuki-aizu.co.jp" }, "geometry": { "type": "Point", "coordinates": [ 139.94767335483499, 37.502233288338125 ] } },
{ "type": "Feature", "properties": { "内容": "ニチイケアセンター河東【訪問介護】福島県会津若松市河東町浅山字仲田25－1メゾン浅山3階301", "url": "https://www.kaigokensaku.mhlw.go.jp/07/index.php?action_kouhyou_detail_004_kani=true&JigyosyoCd=0770202364-00&ServiceCd=110&Type=search", "url2": "www.nichiigakkan.co.jp" }, "geometry": { "type": "Point", "coordinates": [ 139.93501280000001, 37.547802 ] } },
{ "type": "Feature", "properties": { "内容": "訪問介護ステーション悠里【訪問介護】福島県会津若松市門田町大字黒岩字石高117ノ9", "url": "https://www.kaigokensaku.mhlw.go.jp/07/index.php?action_kouhyou_detail_004_kani=true&JigyosyoCd=0770202570-00&ServiceCd=110&Type=search", "url2": "https://minenoyama.co.jp" }, "geometry": { "type": "Point", "coordinates": [ 139.9346443, 37.472757 ] } },
{ "type": "Feature", "properties": { "内容": "株式会社ケアネット　ヘルパーステーション会津【訪問介護】福島県会津若松市門田町工業団地37-1", "url": "https://www.kaigokensaku.mhlw.go.jp/07/index.php?action_kouhyou_detail_004_kani=true&JigyosyoCd=0770201499-00&ServiceCd=110&Type=search", "url2": "http://www.fikcnpo.or.jp/care/carenet/" }, "geometry": { "type": "Point", "coordinates": [ 139.912651200000028, 37.4644442 ] } },
{ "type": "Feature", "properties": { "内容": "ヘルパーステーションしなのき真宮【訪問介護】福島県会津若松市真宮新町北二丁目８番地", "url": "https://www.kaigokensaku.mhlw.go.jp/07/index.php?action_kouhyou_detail_004_kani=true&JigyosyoCd=0770202497-00&ServiceCd=110&Type=search", "url2": "https://www.sinanoki.co.jp/" }, "geometry": { "type": "Point", "coordinates": [ 139.871898744705192, 37.522980731061729 ] } },
{ "type": "Feature", "properties": { "内容": "会津医療生協ヘルパーステーション【訪問介護】福島県会津若松市東千石一丁目2－13", "url": "https://www.kaigokensaku.mhlw.go.jp/07/index.php?action_kouhyou_detail_004_kani=true&JigyosyoCd=0770200434-00&ServiceCd=110&Type=search", "url2": "http://care-net.biz/07/aizuiryo/bll.php" }, "geometry": { "type": "Point", "coordinates": [ 139.944514171163974, 37.49622986860934 ] } },
{ "type": "Feature", "properties": { "内容": "ツクイ会津【訪問介護】福島県会津若松市中央1丁目5-30", "url": "https://www.kaigokensaku.mhlw.go.jp/07/index.php?action_kouhyou_detail_004_kani=true&JigyosyoCd=0770202430-00&ServiceCd=110&Type=search", "url2": "hppts://www.tsukui.net" }, "geometry": { "type": "Point", "coordinates": [ 139.9305669, 37.5005651 ] } },
{ "type": "Feature", "properties": { "内容": "みんなのヘルパー【訪問介護】福島県会津若松市明和町5-5", "url": "https://www.kaigokensaku.mhlw.go.jp/07/index.php?action_kouhyou_detail_004_kani=true&JigyosyoCd=0770200459-00&ServiceCd=110&Type=search", "url2": "http://yumeweb21.web.fc2.com" }, "geometry": { "type": "Point", "coordinates": [ 139.927506, 37.4784981 ] } },
{ "type": "Feature", "properties": { "内容": "訪問介護事業所ねむの木【訪問介護】福島県会津若松市橋本1丁目1番22号", "url": "https://www.kaigokensaku.mhlw.go.jp/07/index.php?action_kouhyou_detail_004_kani=true&JigyosyoCd=0770201036-00&ServiceCd=110&Type=search", "url2": "http://care-net,biz/07/nemunoki/" }, "geometry": { "type": "Point", "coordinates": [ 139.912467572403301, 37.504303688977146 ] } },
{ "type": "Feature", "properties": { "内容": "マイム介護センター【訪問介護】福島県会津若松市中央三丁目７－３０", "url": "https://www.kaigokensaku.mhlw.go.jp/07/index.php?action_kouhyou_detail_004_kani=true&JigyosyoCd=0770200343-00&ServiceCd=110&Type=search", "url2": "http://www.aizu-jp.net/maimu/" }, "geometry": { "type": "Point", "coordinates": [ 139.933572700000013, 37.50551 ] } },
{ "type": "Feature", "properties": { "内容": "マイム介護センターあいづ南【訪問介護】福島県会津若松市飯寺北三丁目6-60", "url": "https://www.kaigokensaku.mhlw.go.jp/07/index.php?action_kouhyou_detail_004_kani=true&JigyosyoCd=0770202182-00&ServiceCd=110&Type=search", "url2": "http://www.aizu-jp.net/maimu/" }, "geometry": { "type": "Point", "coordinates": [ 139.904682749108474, 37.477311180480363 ] } },
{ "type": "Feature", "properties": { "内容": "ヘルパーこころのさと【訪問介護】福島県会津若松市門田町黒岩字石高194-2", "url": "https://www.kaigokensaku.mhlw.go.jp/07/index.php?action_kouhyou_detail_004_kani=true&JigyosyoCd=0770201598-00&ServiceCd=110&Type=search", "url2": "http://www.aizu-jp.net/spiritual-vil/" }, "geometry": { "type": "Point", "coordinates": [ 139.936135, 37.4726801 ] } },
{ "type": "Feature", "properties": { "内容": "こころ【訪問介護】福島県会津若松市本町3番20号", "url": "https://www.kaigokensaku.mhlw.go.jp/07/index.php?action_kouhyou_detail_004_kani=true&JigyosyoCd=0770200129-00&ServiceCd=110&Type=search", "url2": "http//www.khaos.jp/" }, "geometry": { "type": "Point", "coordinates": [ 139.9194245, 37.4924807 ] } },
{ "type": "Feature", "properties": { "内容": "アースサポート会津若松【訪問介護】福島県会津若松市滝沢町7-17", "url": "https://www.kaigokensaku.mhlw.go.jp/07/index.php?action_kouhyou_detail_004_kani=true&JigyosyoCd=0770201473-00&ServiceCd=110&Type=search", "url2": "http://www.earthsupport.co.jp" }, "geometry": { "type": "Point", "coordinates": [ 139.9430552, 37.5051878 ] } },
{ "type": "Feature", "properties": { "内容": "訪問介護事業所「プリムアシスト」【訪問介護】福島県会津若松市一箕町松長一丁目19番地", "url": "https://www.kaigokensaku.mhlw.go.jp/07/index.php?action_kouhyou_detail_004_kani=true&JigyosyoCd=0770202190-00&ServiceCd=110&Type=search", "url2": "http://www.npo-prim.com" }, "geometry": { "type": "Point", "coordinates": [ 139.95486295617593, 37.534074266007842 ] } },
{ "type": "Feature", "properties": { "内容": "社会福祉法人会津若松市社会福祉協議会訪問介護事業所【訪問介護】福島県会津若松市追手町5番32号", "url": "https://www.kaigokensaku.mhlw.go.jp/07/index.php?action_kouhyou_detail_004_kani=true&JigyosyoCd=0770200178-00&ServiceCd=110&Type=search", "url2": "http://www.awshakyo.or.jp" }, "geometry": { "type": "Point", "coordinates": [ 139.932159500000012, 37.4901449 ] } },
{ "type": "Feature", "properties": { "内容": "訪問介護事業所　ケアサービスゆめ【訪問介護】福島県会津若松市東年貢1-3-20", "url": "https://www.kaigokensaku.mhlw.go.jp/07/index.php?action_kouhyou_detail_004_kani=true&JigyosyoCd=0770201705-00&ServiceCd=110&Type=search", "url2": "http://care-net.biz/07/hidamarioie/" }, "geometry": { "type": "Point", "coordinates": [ 139.907254100000046, 37.4802203 ] } },
{ "type": "Feature", "properties": { "内容": "ホームケアサービス【訪問介護】福島県会津若松市東山町大字石山字院内１７１", "url": "https://www.kaigokensaku.mhlw.go.jp/07/index.php?action_kouhyou_detail_004_kani=true&JigyosyoCd=0770200798-00&ServiceCd=110&Type=search", "url2": "http://www.onchikai.jp" }, "geometry": { "type": "Point", "coordinates": [ 139.95344145629727, 37.484038177991422 ] } },
{ "type": "Feature", "properties": { "内容": "ヘルパーステーションしなのき【訪問介護】福島県会津若松市新横町4-10しなのき新横", "url": "https://www.kaigokensaku.mhlw.go.jp/07/index.php?action_kouhyou_detail_004_kani=true&JigyosyoCd=0770201366-00&ServiceCd=110&Type=search", "url2": "http://www.sinanoki.co.jp/" }, "geometry": { "type": "Point", "coordinates": [ 139.915846673974556, 37.492336438052718 ] } },
{ "type": "Feature", "properties": { "内容": "訪問介護事業所温もり【訪問介護】福島県会津若松市飯寺南一丁目11番40号", "url": "https://www.kaigokensaku.mhlw.go.jp/07/index.php?action_kouhyou_detail_004_kani=true&JigyosyoCd=0770202141-00&ServiceCd=110&Type=search", "url2": null }, "geometry": { "type": "Point", "coordinates": [ 139.909084199177613, 37.473241439083125 ] } },
{ "type": "Feature", "properties": { "内容": "ニチイケアセンター七日町【訪問介護】福島県会津若松市西七日町６－１５", "url": "https://www.kaigokensaku.mhlw.go.jp/07/index.php?action_kouhyou_detail_004_kani=true&JigyosyoCd=0770200780-00&ServiceCd=110&Type=search", "url2": "http://www.nichiigakkan.co.jp" }, "geometry": { "type": "Point", "coordinates": [ 139.914905200000021, 37.50421 ] } },
{ "type": "Feature", "properties": { "内容": "まごころヘルパー【訪問介護】福島県会津若松市門田町大字徳久字竹之元1233番地", "url": "https://www.kaigokensaku.mhlw.go.jp/07/index.php?action_kouhyou_detail_004_kani=true&JigyosyoCd=0770200764-00&ServiceCd=110&Type=search", "url2": null }, "geometry": { "type": "Point", "coordinates": [ 139.912769557672192, 37.471889648226245 ] } },
{ "type": "Feature", "properties": { "内容": "ホームケアこころ【訪問介護】福島県郡山市巳六段１９２遠藤貸家2号", "url": "https://www.kaigokensaku.mhlw.go.jp/07/index.php?action_kouhyou_detail_004_kani=true&JigyosyoCd=0770305944-00&ServiceCd=110&Type=search", "url2": null }, "geometry": { "type": "Point", "coordinates": [ 140.353273422718729, 37.371620729664336 ] } },
{ "type": "Feature", "properties": { "内容": "医療法人　むつき会　ヘルパーステーション　まごころ【訪問介護】福島県郡山市亀田1-51-12", "url": "https://www.kaigokensaku.mhlw.go.jp/07/index.php?action_kouhyou_detail_004_kani=true&JigyosyoCd=0770303170-00&ServiceCd=110&Type=search", "url2": "http://mutukikai.com" }, "geometry": { "type": "Point", "coordinates": [ 140.342718600000012, 37.4009618 ] } },
{ "type": "Feature", "properties": { "内容": "ホームヘルパーステーション「陽だまり」【訪問介護】福島県郡山市並木１－６－２三京ハイツ１０１号", "url": "https://www.kaigokensaku.mhlw.go.jp/07/index.php?action_kouhyou_detail_004_kani=true&JigyosyoCd=0770301273-00&ServiceCd=110&Type=search", "url2": "www.agapesha.jp" }, "geometry": { "type": "Point", "coordinates": [ 140.3649131, 37.4094637 ] } },
{ "type": "Feature", "properties": { "内容": "ホームケア土屋郡山【訪問介護】福島県郡山市谷地本町83ヤマキハイツコスモス105号室", "url": "https://www.kaigokensaku.mhlw.go.jp/07/index.php?action_kouhyou_detail_004_kani=true&JigyosyoCd=0770305886-00&ServiceCd=110&Type=search", "url2": "https://homecare-tsuchiya.com" }, "geometry": { "type": "Point", "coordinates": [ 140.3327294, 37.3866128 ] } },
{ "type": "Feature", "properties": { "内容": "ケアステーション孫の手【訪問介護】安積町長久保1丁目2番地7", "url": "https://www.kaigokensaku.mhlw.go.jp/07/index.php?action_kouhyou_detail_004_kani=true&JigyosyoCd=0770301182-00&ServiceCd=110&Type=search", "url2": "https://yamaguchi-gr.co.jp/" }, "geometry": { "type": "Point", "coordinates": [ 140.3637668, 37.3614523 ] } },
{ "type": "Feature", "properties": { "内容": "ひより介護ステーション【訪問介護】福島県郡山市大槻町字古屋敷２７番地遠藤ビル２号", "url": "https://www.kaigokensaku.mhlw.go.jp/07/index.php?action_kouhyou_detail_004_kani=true&JigyosyoCd=0770304129-00&ServiceCd=110&Type=search", "url2": "hiyori2511@crocus.ocn.ne.jp" }, "geometry": { "type": "Point", "coordinates": [ 140.327009500000031, 37.402776 ] } },
{ "type": "Feature", "properties": { "内容": "ヘルパーステーション銀のつばさ【訪問介護】福島県郡山市菜根4丁目17番11号", "url": "https://www.kaigokensaku.mhlw.go.jp/07/index.php?action_kouhyou_detail_004_kani=true&JigyosyoCd=0770306025-00&ServiceCd=110&Type=search", "url2": "ginnotubasa@ib-home.com" }, "geometry": { "type": "Point", "coordinates": [ 140.364463199999989, 37.3814529 ] } },
{ "type": "Feature", "properties": { "内容": "ケアサポート　はぴねす【訪問介護】名郷田2丁目24番地タウンズ富田205", "url": "https://www.kaigokensaku.mhlw.go.jp/07/index.php?action_kouhyou_detail_004_kani=true&JigyosyoCd=0770305753-00&ServiceCd=110&Type=search", "url2": null }, "geometry": { "type": "Point", "coordinates": [ 140.360791799999987, 37.4187385 ] } },
{ "type": "Feature", "properties": { "内容": "介護事業所　はごろも【訪問介護】郡山市久留米２丁目103-2", "url": "https://www.kaigokensaku.mhlw.go.jp/07/index.php?action_kouhyou_detail_004_kani=true&JigyosyoCd=0770303667-00&ServiceCd=110&Type=search", "url2": null }, "geometry": { "type": "Point", "coordinates": [ 140.3577201, 37.3777041 ] } },
{ "type": "Feature", "properties": { "内容": "ライトケア　郡山【訪問介護】郡山市菜根５丁目３－１２ホワイトヒルズ菜根５０７", "url": "https://www.kaigokensaku.mhlw.go.jp/07/index.php?action_kouhyou_detail_004_kani=true&JigyosyoCd=0770306009-00&ServiceCd=110&Type=search", "url2": null }, "geometry": { "type": "Point", "coordinates": [ 140.361450266270452, 37.385648162388257 ] } },
{ "type": "Feature", "properties": { "内容": "訪問介護明日葉【訪問介護】福島県郡山市大槻町字北ノ山8番地の1", "url": "https://www.kaigokensaku.mhlw.go.jp/07/index.php?action_kouhyou_detail_004_kani=true&JigyosyoCd=0770305761-00&ServiceCd=110&Type=search", "url2": null }, "geometry": { "type": "Point", "coordinates": [ 140.315318600000012, 37.3930625 ] } },
{ "type": "Feature", "properties": { "内容": "地域介護支援センター　にじのかけはし【訪問介護】福島県郡山市湖南町福良字家老９３８１－１", "url": "https://www.kaigokensaku.mhlw.go.jp/07/index.php?action_kouhyou_detail_004_kani=true&JigyosyoCd=0770303543-00&ServiceCd=110&Type=search", "url2": "https://itp.ne.jp/info/073124826103061810/" }, "geometry": { "type": "Point", "coordinates": [ 140.0902853, 37.3886206 ] } },
{ "type": "Feature", "properties": { "内容": "ケアステーションのあ【訪問介護】福島県郡山市土瓜１丁目３３－２", "url": "https://www.kaigokensaku.mhlw.go.jp/07/index.php?action_kouhyou_detail_004_kani=true&JigyosyoCd=0770303725-00&ServiceCd=110&Type=search", "url2": null }, "geometry": { "type": "Point", "coordinates": [ 140.333694499999979, 37.400581 ] } },
{ "type": "Feature", "properties": { "内容": "ケアサポートきずな【訪問介護】福島県郡山市静町38-10", "url": "https://www.kaigokensaku.mhlw.go.jp/07/index.php?action_kouhyou_detail_004_kani=true&JigyosyoCd=0770305449-00&ServiceCd=110&Type=search", "url2": "https://kiyu-koriyama.wixsite.com/cs-kizuna" }, "geometry": { "type": "Point", "coordinates": [ 140.335114721180474, 37.386083534077976 ] } },
{ "type": "Feature", "properties": { "内容": "ニチイケアセンター郡山東【訪問介護】富久山町久保田字南田40番地の1大喜多ビル1階103号", "url": "https://www.kaigokensaku.mhlw.go.jp/07/index.php?action_kouhyou_detail_004_kani=true&JigyosyoCd=0770305720-00&ServiceCd=110&Type=search", "url2": null }, "geometry": { "type": "Point", "coordinates": [ 140.396073199999989, 37.4055246 ] } },
{ "type": "Feature", "properties": { "内容": "医療法人　慈慧会　ホームヘルパーステーション　あさか【訪問介護】福島県郡山市安積三丁目３４７番地", "url": "https://www.kaigokensaku.mhlw.go.jp/07/index.php?action_kouhyou_detail_004_kani=true&JigyosyoCd=0770300614-00&ServiceCd=110&Type=search", "url2": null }, "geometry": { "type": "Point", "coordinates": [ 140.362457400000039, 37.3568671 ] } },
{ "type": "Feature", "properties": { "内容": "ワンランドケア郡山【訪問介護】福島県郡山市安積町日出山三丁目１９５", "url": "https://www.kaigokensaku.mhlw.go.jp/07/index.php?action_kouhyou_detail_004_kani=true&JigyosyoCd=0770302826-00&ServiceCd=110&Type=search", "url2": "http://www.oneland.co.jp" }, "geometry": { "type": "Point", "coordinates": [ 140.379099699999983, 37.368424399999981 ] } },
{ "type": "Feature", "properties": { "内容": "株式会社　ケアサポート希【訪問介護】福島県郡山市西ノ内一丁目19-10", "url": "https://www.kaigokensaku.mhlw.go.jp/07/index.php?action_kouhyou_detail_004_kani=true&JigyosyoCd=0770305985-00&ServiceCd=110&Type=search", "url2": "https://www.nozomi6002.co.jp/" }, "geometry": { "type": "Point", "coordinates": [ 140.368555633161094, 37.406493190904115 ] } },
{ "type": "Feature", "properties": { "内容": "すまいるケア訪問介護事業所【訪問介護】福島県郡山市中野２丁目１６１", "url": "https://www.kaigokensaku.mhlw.go.jp/07/index.php?action_kouhyou_detail_004_kani=true&JigyosyoCd=0770305696-00&ServiceCd=110&Type=search", "url2": null }, "geometry": { "type": "Point", "coordinates": [ 140.329748413122559, 37.389203457354519 ] } },
{ "type": "Feature", "properties": { "内容": "ニチイケアセンター桑野【訪問介護】福島県郡山市桑野５丁目4-20小沼第二ビル204", "url": "https://www.kaigokensaku.mhlw.go.jp/07/index.php?action_kouhyou_detail_004_kani=true&JigyosyoCd=0770300051-00&ServiceCd=110&Type=search", "url2": null }, "geometry": { "type": "Point", "coordinates": [ 140.356207899999987, 37.4096491 ] } },
{ "type": "Feature", "properties": { "内容": "訪問介護事業所　あいセルフ【訪問介護】福島県郡山市字菜根屋敷416-1柳ビル203", "url": "https://www.kaigokensaku.mhlw.go.jp/07/index.php?action_kouhyou_detail_004_kani=true&JigyosyoCd=0770305340-00&ServiceCd=110&Type=search", "url2": null }, "geometry": { "type": "Point", "coordinates": [ 140.356510299999968, 37.3838959 ] } },
{ "type": "Feature", "properties": { "内容": "ＪＡ福島さくら　郡山福祉センター【訪問介護】福島県郡山市八山田西五丁目１２3番地", "url": "https://www.kaigokensaku.mhlw.go.jp/07/index.php?action_kouhyou_detail_004_kani=true&JigyosyoCd=0770305084-00&ServiceCd=110&Type=search", "url2": "http://www.ja-fsａkura.or.jp" }, "geometry": { "type": "Point", "coordinates": [ 140.36867771415254, 37.426431152184449 ] } },
{ "type": "Feature", "properties": { "内容": "介護クラーク郡山【訪問介護】並木3丁目6-2", "url": "https://www.kaigokensaku.mhlw.go.jp/07/index.php?action_kouhyou_detail_004_kani=true&JigyosyoCd=0770306181-00&ServiceCd=110&Type=search", "url2": "https://cuc-hospice.com/rehope/" }, "geometry": { "type": "Point", "coordinates": [ 139.7065146, 35.8179075 ] } },
{ "type": "Feature", "properties": { "内容": "太田訪問介護事業所【訪問介護】福島県郡山市熱海町玉川字阿曽沢11番地1", "url": "https://www.kaigokensaku.mhlw.go.jp/07/index.php?action_kouhyou_detail_004_kani=true&JigyosyoCd=0770300440-00&ServiceCd=110&Type=search", "url2": "http://www.ohta-fukushi.or.jp" }, "geometry": { "type": "Point", "coordinates": [ 140.286326700000018, 37.482779 ] } },
{ "type": "Feature", "properties": { "内容": "ケアセンターきらきら【訪問介護】福島県郡山市安積町日出山３丁目２６７", "url": "https://www.kaigokensaku.mhlw.go.jp/07/index.php?action_kouhyou_detail_004_kani=true&JigyosyoCd=0770302495-00&ServiceCd=110&Type=search", "url2": null }, "geometry": { "type": "Point", "coordinates": [ 140.377866499999982, 37.3665801 ] } },
{ "type": "Feature", "properties": { "内容": "わん介護【訪問介護】福島県郡山市大槻町字下町57", "url": "https://www.kaigokensaku.mhlw.go.jp/07/index.php?action_kouhyou_detail_004_kani=true&JigyosyoCd=0770302933-00&ServiceCd=110&Type=search", "url2": null }, "geometry": { "type": "Point", "coordinates": [ 140.321696299999985, 37.3890126 ] } },
{ "type": "Feature", "properties": { "内容": "クラブタクシー　ヘルパーステーション【訪問介護】福島県郡山市山根町2番22号", "url": "https://www.kaigokensaku.mhlw.go.jp/07/index.php?action_kouhyou_detail_004_kani=true&JigyosyoCd=0770301307-00&ServiceCd=110&Type=search", "url2": "http://www.clubmotorcar-taxi.com" }, "geometry": { "type": "Point", "coordinates": [ 140.3755744, 37.3864864 ] } },
{ "type": "Feature", "properties": { "内容": "民間救急警備株式会社　郡山本社営業所【訪問介護】福島県郡山市開成六丁目212番地の1", "url": "https://www.kaigokensaku.mhlw.go.jp/07/index.php?action_kouhyou_detail_004_kani=true&JigyosyoCd=0770300390-00&ServiceCd=110&Type=search", "url2": "http://minkyu-k.com/" }, "geometry": { "type": "Point", "coordinates": [ 140.3522616, 37.3862795 ] } },
{ "type": "Feature", "properties": { "内容": "介護センターお花畑【訪問介護】福島県郡山市熱海町熱海２－５６", "url": "https://www.kaigokensaku.mhlw.go.jp/07/index.php?action_kouhyou_detail_004_kani=true&JigyosyoCd=0770301869-00&ServiceCd=110&Type=search", "url2": "https://ohana-batake.net/" }, "geometry": { "type": "Point", "coordinates": [ 140.273160689159312, 37.481640638807491 ] } },
{ "type": "Feature", "properties": { "内容": "ニチイケアセンター　あさか【訪問介護】福島県郡山市安積荒井2丁目285番地", "url": "https://www.kaigokensaku.mhlw.go.jp/07/index.php?action_kouhyou_detail_004_kani=true&JigyosyoCd=0770302040-00&ServiceCd=110&Type=search", "url2": "http://www.nichiigakkan.co.jp" }, "geometry": { "type": "Point", "coordinates": [ 140.361253799999986, 37.368841499999967 ] } },
{ "type": "Feature", "properties": { "内容": "丸光産業株式会社　丸光ケアサービス　郡山中央【訪問介護】郡山市桑野4丁目6-6", "url": "https://www.kaigokensaku.mhlw.go.jp/07/index.php?action_kouhyou_detail_004_kani=true&JigyosyoCd=0770301422-00&ServiceCd=110&Type=search", "url2": "motomachi.marumitsu@fukushima.email.ne.jp" }, "geometry": { "type": "Point", "coordinates": [ 140.353773876637433, 37.408174769260448 ] } },
{ "type": "Feature", "properties": { "内容": "丸光産業株式会社　丸光ケアサービス　田村支店【訪問介護】福島県郡山市田村町下行合字宮田１３０－８５", "url": "https://www.kaigokensaku.mhlw.go.jp/07/index.php?action_kouhyou_detail_004_kani=true&JigyosyoCd=0770301927-00&ServiceCd=110&Type=search", "url2": "http://marumitsu-care.jp" }, "geometry": { "type": "Point", "coordinates": [ 140.410291799999982, 37.3707303 ] } },
{ "type": "Feature", "properties": { "内容": "ニチイケアセンター小原田【訪問介護】福島県郡山市小原田四丁目11-7古川ビル1階　101号室", "url": "https://www.kaigokensaku.mhlw.go.jp/07/index.php?action_kouhyou_detail_004_kani=true&JigyosyoCd=0770305837-00&ServiceCd=110&Type=search", "url2": "http://www.nichiigakkan.co.jp" }, "geometry": { "type": "Point", "coordinates": [ 140.3814894, 37.3813471 ] } },
{ "type": "Feature", "properties": { "内容": "ドリームケアサービス【訪問介護】横塚6丁目19番7号小林アパート102号", "url": "https://www.kaigokensaku.mhlw.go.jp/07/index.php?action_kouhyou_detail_004_kani=true&JigyosyoCd=0770306215-00&ServiceCd=110&Type=search", "url2": "https://www.yuumusou.com/" }, "geometry": { "type": "Point", "coordinates": [ 140.404189, 37.3912945 ] } },
{ "type": "Feature", "properties": { "内容": "Ｌ－ＣＵＢヘルパーステーション　八山田【訪問介護】福島県郡山市八山田3丁目8番2", "url": "https://www.kaigokensaku.mhlw.go.jp/07/index.php?action_kouhyou_detail_004_kani=true&JigyosyoCd=0770302578-00&ServiceCd=110&Type=search", "url2": "http://www.l-cub.jp/" }, "geometry": { "type": "Point", "coordinates": [ 140.375217600000042, 37.4297263 ] } },
{ "type": "Feature", "properties": { "内容": "ニチイケアセンターさくた【訪問介護】福島県郡山市咲田2丁目9番8号ニチイケアセンターさくた", "url": "https://www.kaigokensaku.mhlw.go.jp/07/index.php?action_kouhyou_detail_004_kani=true&JigyosyoCd=0770301331-00&ServiceCd=110&Type=search", "url2": "http://www.nichiigakkan.co.jp" }, "geometry": { "type": "Point", "coordinates": [ 140.378001499999982, 37.4030098 ] } },
{ "type": "Feature", "properties": { "内容": "さかえヘルパーステーション【訪問介護】福島県郡山市横塚2-18-8", "url": "https://www.kaigokensaku.mhlw.go.jp/07/index.php?action_kouhyou_detail_004_kani=true&JigyosyoCd=0770303493-00&ServiceCd=110&Type=search", "url2": "http://www.sakaenaika.jp" }, "geometry": { "type": "Point", "coordinates": [ 140.4007024, 37.397424900000011 ] } },
{ "type": "Feature", "properties": { "内容": "スプリングガーデンあさか　ホームヘルパーステーション【訪問介護】福島県郡山市安積町笹川字目光池西10-1", "url": "https://www.kaigokensaku.mhlw.go.jp/07/index.php?action_kouhyou_detail_004_kani=true&JigyosyoCd=0770300689-00&ServiceCd=110&Type=search", "url2": "spring-a@abnet.or.jp" }, "geometry": { "type": "Point", "coordinates": [ 140.361721799999941, 37.3498872 ] } },
{ "type": "Feature", "properties": { "内容": "ヘルパーステーションおおつき【訪問介護】福島県郡山市大槻町字西勝ノ木５番地の１", "url": "https://www.kaigokensaku.mhlw.go.jp/07/index.php?action_kouhyou_detail_004_kani=true&JigyosyoCd=0770300952-00&ServiceCd=110&Type=search", "url2": "http://kuwano-fukushikai.jp" }, "geometry": { "type": "Point", "coordinates": [ 140.306289399999969, 37.3934809 ] } },
{ "type": "Feature", "properties": { "内容": "アーク・ケア訪問介護事業所【訪問介護】福島県郡山市安積町長久保1丁目１６－１４", "url": "https://www.kaigokensaku.mhlw.go.jp/07/index.php?action_kouhyou_detail_004_kani=true&JigyosyoCd=0770305381-00&ServiceCd=110&Type=search", "url2": "http://www.maimai-co.jp/" }, "geometry": { "type": "Point", "coordinates": [ 140.36009910000007, 37.3607362 ] } },
{ "type": "Feature", "properties": { "内容": "訪問介護事業所みらい【訪問介護】福島県郡山市八山田西二丁目159", "url": "https://www.kaigokensaku.mhlw.go.jp/07/index.php?action_kouhyou_detail_004_kani=true&JigyosyoCd=0770303030-00&ServiceCd=110&Type=search", "url2": null }, "geometry": { "type": "Point", "coordinates": [ 140.360818356744346, 37.429542736836112 ] } },
{ "type": "Feature", "properties": { "内容": "ＳＯＭＰＯケア　郡山　訪問介護【訪問介護】福島県郡山市名倉290-1", "url": "https://www.kaigokensaku.mhlw.go.jp/07/index.php?action_kouhyou_detail_004_kani=true&JigyosyoCd=0770305530-00&ServiceCd=110&Type=search", "url2": null }, "geometry": { "type": "Point", "coordinates": [ 140.3687559, 37.3758124 ] } },
{ "type": "Feature", "properties": { "内容": "ニチイケアセンター富田【訪問介護】福島県郡山市富田町愛宕前77-7ヨコヤマビル　2Ｆ　204号", "url": "https://www.kaigokensaku.mhlw.go.jp/07/index.php?action_kouhyou_detail_004_kani=true&JigyosyoCd=0770305712-00&ServiceCd=110&Type=search", "url2": null }, "geometry": { "type": "Point", "coordinates": [ 140.344223, 37.4249732 ] } },
{ "type": "Feature", "properties": { "内容": "今泉訪問介護ステーション【訪問介護】福島県郡山市静西１丁目２８８サービス付き高齢者向け住宅遊間亭", "url": "https://www.kaigokensaku.mhlw.go.jp/07/index.php?action_kouhyou_detail_004_kani=true&JigyosyoCd=0770302180-00&ServiceCd=110&Type=search", "url2": "https://imaizumikaigo.jp/" }, "geometry": { "type": "Point", "coordinates": [ 140.328201199999967, 37.3873074 ] } },
{ "type": "Feature", "properties": { "内容": "希望ヶ丘訪問介護事業所【訪問介護】福島県郡山市希望ヶ丘31-26", "url": "https://www.kaigokensaku.mhlw.go.jp/07/index.php?action_kouhyou_detail_004_kani=true&JigyosyoCd=0770304913-00&ServiceCd=110&Type=search", "url2": null }, "geometry": { "type": "Point", "coordinates": [ 140.342387799999983, 37.4083055 ] } },
{ "type": "Feature", "properties": { "内容": "アイウェル・ケアサービス郡山【訪問介護】福島県郡山市堤1丁目88堤マンション2号棟106号室", "url": "https://www.kaigokensaku.mhlw.go.jp/07/index.php?action_kouhyou_detail_004_kani=true&JigyosyoCd=0770306223-00&ServiceCd=110&Type=search", "url2": null }, "geometry": { "type": "Point", "coordinates": [ 140.336863637434391, 37.39917446738567 ] } },
{ "type": "Feature", "properties": { "内容": "南東北日和田ホームヘルパーステーション【訪問介護】福島県郡山市日和田町梅沢字丹波山３番地２", "url": "https://www.kaigokensaku.mhlw.go.jp/07/index.php?action_kouhyou_detail_004_kani=true&JigyosyoCd=0770300788-00&ServiceCd=110&Type=search", "url2": "http://www.kaigo-hiwada.com" }, "geometry": { "type": "Point", "coordinates": [ 140.414329899999984, 37.4575858 ] } },
{ "type": "Feature", "properties": { "内容": "源気堂ホームヘルパーステーション【訪問介護】福島県郡山市田村町徳定字高畑79-1", "url": "https://www.kaigokensaku.mhlw.go.jp/07/index.php?action_kouhyou_detail_004_kani=true&JigyosyoCd=0770300911-00&ServiceCd=110&Type=search", "url2": null }, "geometry": { "type": "Point", "coordinates": [ 140.380314718663044, 37.356333765486575 ] } },
{ "type": "Feature", "properties": { "内容": "ケアトップ介護センター【訪問介護】福島県郡山市田村町金屋字荻ノ久保35-4", "url": "https://www.kaigokensaku.mhlw.go.jp/07/index.php?action_kouhyou_detail_004_kani=true&JigyosyoCd=0770306132-00&ServiceCd=110&Type=search", "url2": null }, "geometry": { "type": "Point", "coordinates": [ 140.3978195, 37.3613051 ] } },
{ "type": "Feature", "properties": { "内容": "JWS陽だまりの郷　郡山　ケアステーション【訪問介護】福島県郡山市希望ヶ丘24番15号JWS陽だまりの郷　郡山", "url": "https://www.kaigokensaku.mhlw.go.jp/07/index.php?action_kouhyou_detail_004_kani=true&JigyosyoCd=0770306322-00&ServiceCd=110&Type=search", "url2": "http：//jws-c.jp" }, "geometry": { "type": "Point", "coordinates": [ 140.342387957672116, 37.409570757447113 ] } },
{ "type": "Feature", "properties": { "内容": "よつば　ヘルパーステーション【訪問介護】福島県郡山市安積二丁目91番地マニハイムATY101", "url": "https://www.kaigokensaku.mhlw.go.jp/07/index.php?action_kouhyou_detail_004_kani=true&JigyosyoCd=0770305258-00&ServiceCd=110&Type=search", "url2": "https://www.yotubakaigo.com" }, "geometry": { "type": "Point", "coordinates": [ 140.365323600000011, 37.3604112 ] } },
{ "type": "Feature", "properties": { "内容": "ケアセンター楽笑【訪問介護】福島県郡山市咲田二丁目25番19号", "url": "https://www.kaigokensaku.mhlw.go.jp/07/index.php?action_kouhyou_detail_004_kani=true&JigyosyoCd=0770305076-00&ServiceCd=110&Type=search", "url2": null }, "geometry": { "type": "Point", "coordinates": [ 140.380712920654332, 37.405204061296914 ] } },
{ "type": "Feature", "properties": { "内容": "ワーク・ヘルパーステーション【訪問介護】福島県郡山市亀田1-15-13", "url": "https://www.kaigokensaku.mhlw.go.jp/07/index.php?action_kouhyou_detail_004_kani=true&JigyosyoCd=0770305647-00&ServiceCd=110&Type=search", "url2": "http://www.sh-care.com" }, "geometry": { "type": "Point", "coordinates": [ 140.3480036, 37.4030234 ] } },
{ "type": "Feature", "properties": { "内容": "社会福祉法人郡山市社会福祉協議会ホームヘルプサービスセンター【訪問介護】福島県郡山市深沢二丁目4番12号", "url": "https://www.kaigokensaku.mhlw.go.jp/07/index.php?action_kouhyou_detail_004_kani=true&JigyosyoCd=0770300564-00&ServiceCd=110&Type=search", "url2": "http://koriyama-shakyo.jp/" }, "geometry": { "type": "Point", "coordinates": [ 140.370498666934196, 37.390027557407365 ] } },
{ "type": "Feature", "properties": { "内容": "ユーハンズ【訪問介護】福島県いわき市小川町芝原字茶畠106-1", "url": "https://www.kaigokensaku.mhlw.go.jp/07/index.php?action_kouhyou_detail_004_kani=true&JigyosyoCd=0770408961-00&ServiceCd=110&Type=search", "url2": null }, "geometry": { "type": "Point", "coordinates": [ 140.868945599999989, 37.1383997 ] } },
{ "type": "Feature", "properties": { "内容": "訪問介護ステーションビバーチェ【訪問介護】福島県いわき市小名浜字鳥居北7-11エミネンス小名浜1-3", "url": "https://www.kaigokensaku.mhlw.go.jp/07/index.php?action_kouhyou_detail_004_kani=true&JigyosyoCd=0770409019-00&ServiceCd=110&Type=search", "url2": null }, "geometry": { "type": "Point", "coordinates": [ 140.889156, 36.9499584 ] } },
{ "type": "Feature", "properties": { "内容": "訪問介護のまこと【訪問介護】福島県いわき市内郷綴町川原田67", "url": "https://www.kaigokensaku.mhlw.go.jp/07/index.php?action_kouhyou_detail_004_kani=true&JigyosyoCd=0770408235-00&ServiceCd=110&Type=search", "url2": null }, "geometry": { "type": "Point", "coordinates": [ 140.858944400000013, 37.0384648 ] } },
{ "type": "Feature", "properties": { "内容": "株式会社　アイカワ【訪問介護】いわき市四倉町上仁井田字東山２０番地", "url": "https://www.kaigokensaku.mhlw.go.jp/07/index.php?action_kouhyou_detail_004_kani=true&JigyosyoCd=0770401172-00&ServiceCd=110&Type=search", "url2": null }, "geometry": { "type": "Point", "coordinates": [ 140.983177, 37.0953498 ] } },
{ "type": "Feature", "properties": { "内容": "有限会社　菅野写真商会　介護事業部【訪問介護】福島県いわき市平中神谷字六本榎17-1", "url": "https://www.kaigokensaku.mhlw.go.jp/07/index.php?action_kouhyou_detail_004_kani=true&JigyosyoCd=0770403426-00&ServiceCd=110&Type=search", "url2": "kanno.syasin@isis.ocn.ne.jp" }, "geometry": { "type": "Point", "coordinates": [ 140.926043856545078, 37.06316696928517 ] } },
{ "type": "Feature", "properties": { "内容": "総合介護事業所　かけ橋【訪問介護】福島県いわき市内郷御厩町一丁目１６７", "url": "https://www.kaigokensaku.mhlw.go.jp/07/index.php?action_kouhyou_detail_004_kani=true&JigyosyoCd=0770407708-00&ServiceCd=110&Type=search", "url2": null }, "geometry": { "type": "Point", "coordinates": [ 140.868892, 37.0450555 ] } },
{ "type": "Feature", "properties": { "内容": "社会福祉法人ゴールデンハープ【訪問介護】鹿島町御代字柿境10-1安心センターフレーデン", "url": "https://www.kaigokensaku.mhlw.go.jp/07/index.php?action_kouhyou_detail_004_kani=true&JigyosyoCd=0770401875-00&ServiceCd=110&Type=search", "url2": "http//www.goldenharp.jp/" }, "geometry": { "type": "Point", "coordinates": [ 140.9000335, 36.9837736 ] } },
{ "type": "Feature", "properties": { "内容": "なないろくれよん福祉センター【訪問介護】福島県いわき市郷ケ丘１丁目４７－３", "url": "https://www.kaigokensaku.mhlw.go.jp/07/index.php?action_kouhyou_detail_004_kani=true&JigyosyoCd=0770403764-00&ServiceCd=110&Type=search", "url2": null }, "geometry": { "type": "Point", "coordinates": [ 140.898790284161322, 37.024817759265424 ] } },
{ "type": "Feature", "properties": { "内容": "訪問介護　こすもす【訪問介護】福島県いわき市佐糠町東2丁目6-9", "url": "https://www.kaigokensaku.mhlw.go.jp/07/index.php?action_kouhyou_detail_004_kani=true&JigyosyoCd=0770405728-00&ServiceCd=110&Type=search", "url2": null }, "geometry": { "type": "Point", "coordinates": [ 140.809210300000018, 36.9174153 ] } },
{ "type": "Feature", "properties": { "内容": "ヘルパーステーション　まごの手【訪問介護】福島県いわき市常磐湯本町宝海127番地の10", "url": "https://www.kaigokensaku.mhlw.go.jp/07/index.php?action_kouhyou_detail_004_kani=true&JigyosyoCd=0770405256-00&ServiceCd=110&Type=search", "url2": null }, "geometry": { "type": "Point", "coordinates": [ 140.838957700000037, 37.0143158 ] } },
{ "type": "Feature", "properties": { "内容": "ケアサービス　えがお【訪問介護】福島県いわき市好間町下好間字沼田134番３", "url": "https://www.kaigokensaku.mhlw.go.jp/07/index.php?action_kouhyou_detail_004_kani=true&JigyosyoCd=0770405991-00&ServiceCd=110&Type=search", "url2": null }, "geometry": { "type": "Point", "coordinates": [ 140.863682825204506, 37.059405871571343 ] } },
{ "type": "Feature", "properties": { "内容": "EXILE【訪問介護】福島県いわき市佐糠町東１丁目１２－４", "url": "https://www.kaigokensaku.mhlw.go.jp/07/index.php?action_kouhyou_detail_004_kani=true&JigyosyoCd=0770406569-00&ServiceCd=110&Type=search", "url2": null }, "geometry": { "type": "Point", "coordinates": [ 140.805712699999987, 36.9202873 ] } },
{ "type": "Feature", "properties": { "内容": "合同会社　ひなた【訪問介護】福島県いわき市内郷綴町川原田67", "url": "https://www.kaigokensaku.mhlw.go.jp/07/index.php?action_kouhyou_detail_004_kani=true&JigyosyoCd=0770408920-00&ServiceCd=110&Type=search", "url2": null }, "geometry": { "type": "Point", "coordinates": [ 140.858961099999988, 37.0384639 ] } },
{ "type": "Feature", "properties": { "内容": "指定訪問介護事業所イルカの愛【訪問介護】福島県いわき市小名浜上町８２", "url": "https://www.kaigokensaku.mhlw.go.jp/07/index.php?action_kouhyou_detail_004_kani=true&JigyosyoCd=0770408540-00&ServiceCd=110&Type=search", "url2": null }, "geometry": { "type": "Point", "coordinates": [ 140.90695919999996, 36.9489403 ] } },
{ "type": "Feature", "properties": { "内容": "訪問介護あかえんば【訪問介護】いわき市小名浜諏訪町25番地1", "url": "https://www.kaigokensaku.mhlw.go.jp/07/index.php?action_kouhyou_detail_004_kani=true&JigyosyoCd=0770409480-00&ServiceCd=110&Type=search", "url2": null }, "geometry": { "type": "Point", "coordinates": [ 140.9093016, 36.9544422 ] } },
{ "type": "Feature", "properties": { "内容": "合同会社たいよう【訪問介護】後田町町田43番地", "url": "https://www.kaigokensaku.mhlw.go.jp/07/index.php?action_kouhyou_detail_004_kani=true&JigyosyoCd=0770405363-00&ServiceCd=110&Type=search", "url2": null }, "geometry": { "type": "Point", "coordinates": [ 140.7924353, 36.9199222 ] } },
{ "type": "Feature", "properties": { "内容": "特定非営利活動法人フリーフライト【訪問介護】福島県いわき市内郷御厩町三丁目１１３番地", "url": "https://www.kaigokensaku.mhlw.go.jp/07/index.php?action_kouhyou_detail_004_kani=true&JigyosyoCd=0770404309-00&ServiceCd=110&Type=search", "url2": null }, "geometry": { "type": "Point", "coordinates": [ 140.873372, 37.0501106 ] } },
{ "type": "Feature", "properties": { "内容": "合同会社　ライフスタイル【訪問介護】福島県いわき市中岡町4丁目7番地13なし", "url": "https://www.kaigokensaku.mhlw.go.jp/07/index.php?action_kouhyou_detail_004_kani=true&JigyosyoCd=0770408029-00&ServiceCd=110&Type=search", "url2": "なし" }, "geometry": { "type": "Point", "coordinates": [ 140.780940800000053, 36.9222105 ] } },
{ "type": "Feature", "properties": { "内容": "介護のわらべ【訪問介護】福島県いわき市郷ヶ丘二丁目30-5-1", "url": "https://www.kaigokensaku.mhlw.go.jp/07/index.php?action_kouhyou_detail_004_kani=true&JigyosyoCd=0770403954-00&ServiceCd=110&Type=search", "url2": null }, "geometry": { "type": "Point", "coordinates": [ 140.906489558057302, 37.025779591846479 ] } },
{ "type": "Feature", "properties": { "内容": "スマイルケアサービス訪問介護事業所【訪問介護】福島県いわき市内郷内町立町14－1", "url": "https://www.kaigokensaku.mhlw.go.jp/07/index.php?action_kouhyou_detail_004_kani=true&JigyosyoCd=0770404432-00&ServiceCd=110&Type=search", "url2": null }, "geometry": { "type": "Point", "coordinates": [ 140.851305499999967, 37.0373721 ] } },
{ "type": "Feature", "properties": { "内容": "ナーシングサービスいわき株式会社【訪問介護】福島県いわき市郷ケ丘二丁目１１７番地の１６", "url": "https://www.kaigokensaku.mhlw.go.jp/07/index.php?action_kouhyou_detail_004_kani=true&JigyosyoCd=0770404853-00&ServiceCd=110&Type=search", "url2": "https://www.nursing-iwaki.jp/" }, "geometry": { "type": "Point", "coordinates": [ 140.91001815849333, 37.023489012368408 ] } },
{ "type": "Feature", "properties": { "内容": "カーナ・ヘルパーステーション【訪問介護】福島県いわき市平赤井字深田28番地", "url": "https://www.kaigokensaku.mhlw.go.jp/07/index.php?action_kouhyou_detail_004_kani=true&JigyosyoCd=0770401040-00&ServiceCd=110&Type=search", "url2": null }, "geometry": { "type": "Point", "coordinates": [ 140.860949399999981, 37.0867888 ] } },
{ "type": "Feature", "properties": { "内容": "訪問介護事業所　まごころの手　いわき【訪問介護】福島県いわき市小名浜大原字東田74渡辺ランビル204", "url": "https://www.kaigokensaku.mhlw.go.jp/07/index.php?action_kouhyou_detail_004_kani=true&JigyosyoCd=0770407997-00&ServiceCd=110&Type=search", "url2": null }, "geometry": { "type": "Point", "coordinates": [ 140.890518500000013, 36.968564 ] } },
{ "type": "Feature", "properties": { "内容": "有限会社　ケアーネット・どばし【訪問介護】福島県いわき市郷ケ丘２－１７－１０", "url": "https://www.kaigokensaku.mhlw.go.jp/07/index.php?action_kouhyou_detail_004_kani=true&JigyosyoCd=0770400190-00&ServiceCd=110&Type=search", "url2": "http://care-net.biz/07/k-dobashi" }, "geometry": { "type": "Point", "coordinates": [ 140.905491100000063, 37.0273706 ] } },
{ "type": "Feature", "properties": { "内容": "あいの手訪問介護【訪問介護】福島県いわき市平字東町９－９", "url": "https://www.kaigokensaku.mhlw.go.jp/07/index.php?action_kouhyou_detail_004_kani=true&JigyosyoCd=0770404929-00&ServiceCd=110&Type=search", "url2": "http://ainote.co.jp/" }, "geometry": { "type": "Point", "coordinates": [ 140.905996099999982, 37.05419 ] } },
{ "type": "Feature", "properties": { "内容": "介護の福【訪問介護】福島県いわき市石森一丁目１７番地の１２", "url": "https://www.kaigokensaku.mhlw.go.jp/07/index.php?action_kouhyou_detail_004_kani=true&JigyosyoCd=0770405793-00&ServiceCd=110&Type=search", "url2": null }, "geometry": { "type": "Point", "coordinates": [ 140.900026700000012, 37.0769134 ] } },
{ "type": "Feature", "properties": { "内容": "あい訪問介護事業所【訪問介護】福島県いわき市勿来町関田南町28", "url": "https://www.kaigokensaku.mhlw.go.jp/07/index.php?action_kouhyou_detail_004_kani=true&JigyosyoCd=0770407161-00&ServiceCd=110&Type=search", "url2": null }, "geometry": { "type": "Point", "coordinates": [ 140.789482966201064, 36.880386852951283 ] } },
{ "type": "Feature", "properties": { "内容": "有限会社泉町三丁目ヘルパーステーション【訪問介護】福島県いわき市泉町三丁目6番地の6", "url": "https://www.kaigokensaku.mhlw.go.jp/07/index.php?action_kouhyou_detail_004_kani=true&JigyosyoCd=0770401354-00&ServiceCd=110&Type=search", "url2": "https://izumimachi3chome.wixsite.com/mysite" }, "geometry": { "type": "Point", "coordinates": [ 140.855930899999947, 36.9504917 ] } },
{ "type": "Feature", "properties": { "内容": "訪問介護ステーション　そら【訪問介護】福島県いわき市平十五丁目１０－１　マイスビルマイスビル　３階", "url": "https://www.kaigokensaku.mhlw.go.jp/07/index.php?action_kouhyou_detail_004_kani=true&JigyosyoCd=0770401867-00&ServiceCd=110&Type=search", "url2": "http://www.sora-kaigo.com/" }, "geometry": { "type": "Point", "coordinates": [ 140.892465435124222, 37.053085654913374 ] } },
{ "type": "Feature", "properties": { "内容": "介護ステーションまごころ【訪問介護】福島県いわき市小名浜金成字町田44－5ハイツプルミエⅡ　201", "url": "https://www.kaigokensaku.mhlw.go.jp/07/index.php?action_kouhyou_detail_004_kani=true&JigyosyoCd=0770402220-00&ServiceCd=110&Type=search", "url2": "main@magokoro-onahama.jp" }, "geometry": { "type": "Point", "coordinates": [ 140.89780655581967, 36.989209952850096 ] } },
{ "type": "Feature", "properties": { "内容": "樹楽　泉ヘルパーステーション【訪問介護】福島県いわき市泉町下川字須賀蛭27－728", "url": "https://www.kaigokensaku.mhlw.go.jp/07/index.php?action_kouhyou_detail_004_kani=true&JigyosyoCd=0770409449-00&ServiceCd=110&Type=search", "url2": null }, "geometry": { "type": "Point", "coordinates": [ 140.8495748, 36.9215546 ] } },
{ "type": "Feature", "properties": { "内容": "鵜の里ヘルパーステーション【訪問介護】福島県いわき市泉町滝尻字六枚内４９－２７", "url": "https://www.kaigokensaku.mhlw.go.jp/07/index.php?action_kouhyou_detail_004_kani=true&JigyosyoCd=0770402063-00&ServiceCd=110&Type=search", "url2": null }, "geometry": { "type": "Point", "coordinates": [ 140.864873745847035, 36.949681386084656 ] } },
{ "type": "Feature", "properties": { "内容": "悠々の里・訪問介護ステーション【訪問介護】福島県いわき市常磐上矢田町頭田４３番地", "url": "https://www.kaigokensaku.mhlw.go.jp/07/index.php?action_kouhyou_detail_004_kani=true&JigyosyoCd=0770401560-00&ServiceCd=110&Type=search", "url2": "http://iwaki-meiseikai.jp/" }, "geometry": { "type": "Point", "coordinates": [ 140.898991900000084, 37.021575754541537 ] } },
{ "type": "Feature", "properties": { "内容": "介護サービスいわき有限会社【訪問介護】福島県いわき市平字南町７６番地", "url": "https://www.kaigokensaku.mhlw.go.jp/07/index.php?action_kouhyou_detail_004_kani=true&JigyosyoCd=0770400711-00&ServiceCd=110&Type=search", "url2": null }, "geometry": { "type": "Point", "coordinates": [ 140.890117499999974, 37.0545912 ] } },
{ "type": "Feature", "properties": { "内容": "訪問介護福ふく【訪問介護】福島県いわき市植田町根小屋４２番地", "url": "https://www.kaigokensaku.mhlw.go.jp/07/index.php?action_kouhyou_detail_004_kani=true&JigyosyoCd=0770406486-00&ServiceCd=110&Type=search", "url2": null }, "geometry": { "type": "Point", "coordinates": [ 140.786766042852832, 36.921347994136035 ] } },
{ "type": "Feature", "properties": { "内容": "あいりすケアセンター【訪問介護】福島県いわき市錦町江栗３丁目１０７番地", "url": "https://www.kaigokensaku.mhlw.go.jp/07/index.php?action_kouhyou_detail_004_kani=true&JigyosyoCd=0770407450-00&ServiceCd=110&Type=search", "url2": null }, "geometry": { "type": "Point", "coordinates": [ 140.774674600000026, 36.912337 ] } },
{ "type": "Feature", "properties": { "内容": "安泰ヘルパーステーション【訪問介護】福島県いわき市常磐湯本町日渡１１７－４", "url": "https://www.kaigokensaku.mhlw.go.jp/07/index.php?action_kouhyou_detail_004_kani=true&JigyosyoCd=0770406221-00&ServiceCd=110&Type=search", "url2": "http://www.antai.jp" }, "geometry": { "type": "Point", "coordinates": [ 140.838579822770697, 37.023263293037445 ] } },
{ "type": "Feature", "properties": { "内容": "ヘルパーステーションさざなみ【訪問介護】福島県いわき市常磐上湯長谷町湯台堂146番地の14", "url": "https://www.kaigokensaku.mhlw.go.jp/07/index.php?action_kouhyou_detail_004_kani=true&JigyosyoCd=0770409241-00&ServiceCd=110&Type=search", "url2": null }, "geometry": { "type": "Point", "coordinates": [ 140.8351269, 37.0051202 ] } },
{ "type": "Feature", "properties": { "内容": "JA福島さくらいわき福祉センター訪問介護事業所　きんぎょ【訪問介護】福島県いわき市自由が丘３９ー２", "url": "https://www.kaigokensaku.mhlw.go.jp/07/index.php?action_kouhyou_detail_004_kani=true&JigyosyoCd=0770400430-00&ServiceCd=110&Type=search", "url2": "h//ttp.www.ja-fsakura.or.jp" }, "geometry": { "type": "Point", "coordinates": [ 140.894787504692204, 37.026990100414409 ] } },
{ "type": "Feature", "properties": { "内容": "JA福島さくらいわき南福祉センター訪問介護事業所みどり【訪問介護】福島県いわき市後田町柳町52番地", "url": "https://www.kaigokensaku.mhlw.go.jp/07/index.php?action_kouhyou_detail_004_kani=true&JigyosyoCd=0770402626-00&ServiceCd=110&Type=search", "url2": "http://www.ja-fsakura.or.jp/" }, "geometry": { "type": "Point", "coordinates": [ 140.789173101219149, 36.922641785640266 ] } },
{ "type": "Feature", "properties": { "内容": "めいじ永寿介護サービスステーション訪問介護【訪問介護】福島県いわき市明治団地１番地１４めいじ永寿介護サービスステーション", "url": "https://www.kaigokensaku.mhlw.go.jp/07/index.php?action_kouhyou_detail_004_kani=true&JigyosyoCd=0770409639-00&ServiceCd=110&Type=search", "url2": "http://www.meijieijyu.jp/contact" }, "geometry": { "type": "Point", "coordinates": [ 140.8923498, 37.0435294 ] } },
{ "type": "Feature", "properties": { "内容": "訪問介護　はるーと【訪問介護】福島県いわき市泉町滝尻字前坪46番地の2", "url": "https://www.kaigokensaku.mhlw.go.jp/07/index.php?action_kouhyou_detail_004_kani=true&JigyosyoCd=0770409431-00&ServiceCd=110&Type=search", "url2": null }, "geometry": { "type": "Point", "coordinates": [ 140.871995, 36.9525675 ] } },
{ "type": "Feature", "properties": { "内容": "訪問介護　ときどき【訪問介護】福島県いわき市東田町2丁目16-1日の丸亭植田店2階", "url": "https://www.kaigokensaku.mhlw.go.jp/07/index.php?action_kouhyou_detail_004_kani=true&JigyosyoCd=0770406346-00&ServiceCd=110&Type=search", "url2": "http://www.gurutto-iwaki.com/detail/index_1477.html" }, "geometry": { "type": "Point", "coordinates": [ 140.804205524889085, 36.920577498510255 ] } },
{ "type": "Feature", "properties": { "内容": "アースサポートいわき【訪問介護】福島県いわき市平祢宜町１番地の２", "url": "https://www.kaigokensaku.mhlw.go.jp/07/index.php?action_kouhyou_detail_004_kani=true&JigyosyoCd=0770402931-00&ServiceCd=110&Type=search", "url2": "http://www.earthsupport.co.jp" }, "geometry": { "type": "Point", "coordinates": [ 140.902299099999937, 37.0574995 ] } },
{ "type": "Feature", "properties": { "内容": "郷ヶ丘シルバーサポートセンター【訪問介護】いわき市郷ヶ丘二丁目46-1", "url": "https://www.kaigokensaku.mhlw.go.jp/07/index.php?action_kouhyou_detail_004_kani=true&JigyosyoCd=0770406437-00&ServiceCd=110&Type=search", "url2": null }, "geometry": { "type": "Point", "coordinates": [ 140.902967579762276, 37.024104710247045 ] } },
{ "type": "Feature", "properties": { "内容": "ヘルパーステーションアマユ【訪問介護】福島県いわき市佐糠町碇田60番地の5", "url": "https://www.kaigokensaku.mhlw.go.jp/07/index.php?action_kouhyou_detail_004_kani=true&JigyosyoCd=0770402261-00&ServiceCd=110&Type=search", "url2": null }, "geometry": { "type": "Point", "coordinates": [ 140.80399621782567, 36.916152524411935 ] } },
{ "type": "Feature", "properties": { "内容": "ひだまり【訪問介護】福島県いわき市泉もえぎ台2-23-6", "url": "https://www.kaigokensaku.mhlw.go.jp/07/index.php?action_kouhyou_detail_004_kani=true&JigyosyoCd=0770404812-00&ServiceCd=110&Type=search", "url2": null }, "geometry": { "type": "Point", "coordinates": [ 140.84462110000004, 36.9492108 ] } },
{ "type": "Feature", "properties": { "内容": "訪問介護　大和【訪問介護】福島県いわき市常磐水野谷町千代鶴１６８", "url": "https://www.kaigokensaku.mhlw.go.jp/07/index.php?action_kouhyou_detail_004_kani=true&JigyosyoCd=0770409167-00&ServiceCd=110&Type=search", "url2": null }, "geometry": { "type": "Point", "coordinates": [ 140.864004642327842, 37.004509149196593 ] } },
{ "type": "Feature", "properties": { "内容": "ヘルパーステーション　りあん【訪問介護】福島県いわき市泉玉露7丁目5-14", "url": "https://www.kaigokensaku.mhlw.go.jp/07/index.php?action_kouhyou_detail_004_kani=true&JigyosyoCd=0770407666-00&ServiceCd=110&Type=search", "url2": "http://www.day-keiwa.jp/" }, "geometry": { "type": "Point", "coordinates": [ 140.846466931183073, 36.955809712372151 ] } },
{ "type": "Feature", "properties": { "内容": "i-step訪問介護【訪問介護】いわき市平上荒川字桜町21-1", "url": "https://www.kaigokensaku.mhlw.go.jp/07/index.php?action_kouhyou_detail_004_kani=true&JigyosyoCd=0770409340-00&ServiceCd=110&Type=search", "url2": "http//www.i-stepproject.jp" }, "geometry": { "type": "Point", "coordinates": [ 140.888834800000012, 37.034214500000026 ] } },
{ "type": "Feature", "properties": { "内容": "ヘルパーステーション　とこしえ【訪問介護】福島県いわき市明治団地６４番地の1デイサービス福老", "url": "https://www.kaigokensaku.mhlw.go.jp/07/index.php?action_kouhyou_detail_004_kani=true&JigyosyoCd=0770405660-00&ServiceCd=110&Type=search", "url2": "http://long-r.jp" }, "geometry": { "type": "Point", "coordinates": [ 140.886676299999948, 37.040784799999962 ] } },
{ "type": "Feature", "properties": { "内容": "すいとぴー介護ステーション勿来【訪問介護】福島県いわき市植田町中央1-8-19坂本ビル１Ｆ", "url": "https://www.kaigokensaku.mhlw.go.jp/07/index.php?action_kouhyou_detail_004_kani=true&JigyosyoCd=0770404879-00&ServiceCd=110&Type=search", "url2": "www.sweetpea.co.jp" }, "geometry": { "type": "Point", "coordinates": [ 140.796790281614676, 36.918637124183874 ] } },
{ "type": "Feature", "properties": { "内容": "森の樹のヘルパーさん【訪問介護】福島県いわき市内郷綴町高野作18番1", "url": "https://www.kaigokensaku.mhlw.go.jp/07/index.php?action_kouhyou_detail_004_kani=true&JigyosyoCd=0770407922-00&ServiceCd=110&Type=search", "url2": null }, "geometry": { "type": "Point", "coordinates": [ 140.86750211905823, 37.036538185842311 ] } },
{ "type": "Feature", "properties": { "内容": "いわき市社会福祉協議会指定訪問介護事業所【訪問介護】福島県いわき市平字菱川町1-3", "url": "https://www.kaigokensaku.mhlw.go.jp/07/index.php?action_kouhyou_detail_004_kani=true&JigyosyoCd=0770400695-00&ServiceCd=110&Type=search", "url2": "http://www.iwaki-shakyo.com" }, "geometry": { "type": "Point", "coordinates": [ 140.891084, 37.0506724 ] } },
{ "type": "Feature", "properties": { "内容": "有限会社ことぶきケアーサービス【訪問介護】福島県いわき市錦町川窪101-3", "url": "https://www.kaigokensaku.mhlw.go.jp/07/index.php?action_kouhyou_detail_004_kani=true&JigyosyoCd=0770401545-00&ServiceCd=110&Type=search", "url2": "http://care-net.biz/07/kotobuki/company.php" }, "geometry": { "type": "Point", "coordinates": [ 140.784129099999973, 36.9175257 ] } },
{ "type": "Feature", "properties": { "内容": "訪問介護事業所　ラムール【訪問介護】福島県いわき市内郷綴町榎下35番地の2", "url": "https://www.kaigokensaku.mhlw.go.jp/07/index.php?action_kouhyou_detail_004_kani=true&JigyosyoCd=0770409589-00&ServiceCd=110&Type=search", "url2": "https://sociable-llama-r06438.mystrikingly.com/" }, "geometry": { "type": "Point", "coordinates": [ 140.856769, 37.0369518 ] } },
{ "type": "Feature", "properties": { "内容": "ハートフルなこそヘルパーステーション【訪問介護】福島県いわき市植田町小名田13番1", "url": "https://www.kaigokensaku.mhlw.go.jp/07/index.php?action_kouhyou_detail_004_kani=true&JigyosyoCd=0770403640-00&ServiceCd=110&Type=search", "url2": "http://www.heartful-nakoso.or.jp/" }, "geometry": { "type": "Point", "coordinates": [ 140.794478, 36.9244004 ] } },
{ "type": "Feature", "properties": { "内容": "ときわ会ヘルパーステーション【訪問介護】福島県いわき市小名浜南富岡字薬師前5-1　ケアレジデンス内", "url": "https://www.kaigokensaku.mhlw.go.jp/07/index.php?action_kouhyou_detail_004_kani=true&JigyosyoCd=0770406189-00&ServiceCd=110&Type=search", "url2": "http://www.tokiwa.or.jp/" }, "geometry": { "type": "Point", "coordinates": [ 140.8805506, 36.9633864 ] } },
{ "type": "Feature", "properties": { "内容": "リンクスケア【訪問介護】福島県いわき市泉町滝尻字前坪４２－１　ＯＳプラザ１０７", "url": "https://www.kaigokensaku.mhlw.go.jp/07/index.php?action_kouhyou_detail_004_kani=true&JigyosyoCd=0770407674-00&ServiceCd=110&Type=search", "url2": null }, "geometry": { "type": "Point", "coordinates": [ 140.871343989669157, 36.952506622862174 ] } },
{ "type": "Feature", "properties": { "内容": "ステップ【訪問介護】福島県いわき市泉町滝尻字前坪42-1OSプラザ103", "url": "https://www.kaigokensaku.mhlw.go.jp/07/index.php?action_kouhyou_detail_004_kani=true&JigyosyoCd=0770409308-00&ServiceCd=110&Type=search", "url2": null }, "geometry": { "type": "Point", "coordinates": [ 140.87136786812286, 36.952491524586314 ] } },
{ "type": "Feature", "properties": { "内容": "楽々ケアサービス【訪問介護】福島県いわき市遠野町入遠野字諏訪115-2", "url": "https://www.kaigokensaku.mhlw.go.jp/07/index.php?action_kouhyou_detail_004_kani=true&JigyosyoCd=0770401800-00&ServiceCd=110&Type=search", "url2": "ebcbp.m21427@gmail.com" }, "geometry": { "type": "Point", "coordinates": [ 140.696677300000033, 37.0546286 ] } },
{ "type": "Feature", "properties": { "内容": "訪問介護事業所とよま【訪問介護】福島県いわき市平豊間字柳町４９番地", "url": "https://www.kaigokensaku.mhlw.go.jp/07/index.php?action_kouhyou_detail_004_kani=true&JigyosyoCd=0770408110-00&ServiceCd=110&Type=search", "url2": "https://kaigo-toyoma.com" }, "geometry": { "type": "Point", "coordinates": [ 140.9689707, 36.9918543 ] } },
{ "type": "Feature", "properties": { "内容": "有限会社　ケイアンドワイ【訪問介護】福島県いわき市泉ヶ丘2-10-6", "url": "https://www.kaigokensaku.mhlw.go.jp/07/index.php?action_kouhyou_detail_004_kani=true&JigyosyoCd=0770400117-00&ServiceCd=110&Type=search", "url2": "http://k-and-y.p-kit.com/" }, "geometry": { "type": "Point", "coordinates": [ 140.855865799999947, 36.9644118 ] } },
{ "type": "Feature", "properties": { "内容": "カイゴスズデン【訪問介護】福島県いわき市好間町下好間字渋井64-2", "url": "https://www.kaigokensaku.mhlw.go.jp/07/index.php?action_kouhyou_detail_004_kani=true&JigyosyoCd=0770401610-00&ServiceCd=110&Type=search", "url2": null }, "geometry": { "type": "Point", "coordinates": [ 140.8722535, 37.061013 ] } },
{ "type": "Feature", "properties": { "内容": "介護サービスゆかり【訪問介護】福島県いわき市勿来町酒井関根59番地の8", "url": "https://www.kaigokensaku.mhlw.go.jp/07/index.php?action_kouhyou_detail_004_kani=true&JigyosyoCd=0770402519-00&ServiceCd=110&Type=search", "url2": "http://kaigo-yukari.co.jp" }, "geometry": { "type": "Point", "coordinates": [ 140.748937926778325, 36.887112566164966 ] } },
{ "type": "Feature", "properties": { "内容": "ヘルパーステーション未来【訪問介護】福島県いわき市中央台高久二丁目26-4", "url": "https://www.kaigokensaku.mhlw.go.jp/07/index.php?action_kouhyou_detail_004_kani=true&JigyosyoCd=0770405082-00&ServiceCd=110&Type=search", "url2": "https://www.cil-iwaki.or.jp/" }, "geometry": { "type": "Point", "coordinates": [ 140.928806357672102, 37.010377098820555 ] } },
{ "type": "Feature", "properties": { "内容": "エステ訪問介護【訪問介護】福島県いわき市植田町本町２丁目1-22", "url": "https://www.kaigokensaku.mhlw.go.jp/07/index.php?action_kouhyou_detail_004_kani=true&JigyosyoCd=0770409761-00&ServiceCd=110&Type=search", "url2": null }, "geometry": { "type": "Point", "coordinates": [ 140.797889050842912, 36.916593472487641 ] } },
{ "type": "Feature", "properties": { "内容": "かしまヘルパーステーション【訪問介護】福島県いわき市鹿島町下蔵持字里屋７－３", "url": "https://www.kaigokensaku.mhlw.go.jp/07/index.php?action_kouhyou_detail_004_kani=true&JigyosyoCd=0770402360-00&ServiceCd=110&Type=search", "url2": null }, "geometry": { "type": "Point", "coordinates": [ 140.909264600000029, 36.9922114 ] } },
{ "type": "Feature", "properties": { "内容": "ヘルパーステーションいちごの会【訪問介護】福島県いわき市常磐湯本町天王崎1-166", "url": "https://www.kaigokensaku.mhlw.go.jp/07/index.php?action_kouhyou_detail_004_kani=true&JigyosyoCd=0770403822-00&ServiceCd=110&Type=search", "url2": null }, "geometry": { "type": "Point", "coordinates": [ 140.848159128836045, 37.007731548664331 ] } },
{ "type": "Feature", "properties": { "内容": "愛心会２４時間在宅介護【訪問介護】福島県いわき市佐糠町東1丁目１０－８", "url": "https://www.kaigokensaku.mhlw.go.jp/07/index.php?action_kouhyou_detail_004_kani=true&JigyosyoCd=0770400729-00&ServiceCd=110&Type=search", "url2": "http://aishinkai-iwaki.com/" }, "geometry": { "type": "Point", "coordinates": [ 140.805806230319433, 36.918908389787845 ] } },
{ "type": "Feature", "properties": { "内容": "ヘルパーステーションあい・あい【訪問介護】福島県いわき市郷ヶ丘2丁目55-3", "url": "https://www.kaigokensaku.mhlw.go.jp/07/index.php?action_kouhyou_detail_004_kani=true&JigyosyoCd=0770402295-00&ServiceCd=110&Type=search", "url2": "http://www.aiai-kaigo.net/" }, "geometry": { "type": "Point", "coordinates": [ 140.903455099999974, 37.0290092 ] } },
{ "type": "Feature", "properties": { "内容": "ニチイケアセンターいわき泉【訪問介護】福島県いわき市泉町1丁目3番地29吉田ﾋﾞﾙ101号", "url": "https://www.kaigokensaku.mhlw.go.jp/07/index.php?action_kouhyou_detail_004_kani=true&JigyosyoCd=0770408813-00&ServiceCd=110&Type=search", "url2": "https://www.nichiigakkan.co.jp/" }, "geometry": { "type": "Point", "coordinates": [ 140.855257099999989, 36.9532908 ] } },
{ "type": "Feature", "properties": { "内容": "医療法人　春陽会　うらら苑訪問介護ステーシヨン【訪問介護】福島県いわき市常磐長孫町大平80番地", "url": "https://www.kaigokensaku.mhlw.go.jp/07/index.php?action_kouhyou_detail_004_kani=true&JigyosyoCd=0770401065-00&ServiceCd=110&Type=search", "url2": "http://syunyoukai.sakura.ne.jp/" }, "geometry": { "type": "Point", "coordinates": [ 140.85331, 36.9718245 ] } },
{ "type": "Feature", "properties": { "内容": "あったかほーむヘルパーステーション【訪問介護】福島県いわき市小島町一丁目４番地の２", "url": "https://www.kaigokensaku.mhlw.go.jp/07/index.php?action_kouhyou_detail_004_kani=true&JigyosyoCd=0770406197-00&ServiceCd=110&Type=search", "url2": null }, "geometry": { "type": "Point", "coordinates": [ 140.881087900000011, 37.0504914 ] } },
{ "type": "Feature", "properties": { "内容": "浜通り医療生協ヘルパーステーション【訪問介護】福島県いわき市小名浜岡小名字馬上前２１番地", "url": "https://www.kaigokensaku.mhlw.go.jp/07/index.php?action_kouhyou_detail_004_kani=true&JigyosyoCd=0770401008-00&ServiceCd=110&Type=search", "url2": "http://www.hamadori-coop.jp/" }, "geometry": { "type": "Point", "coordinates": [ 140.90317463166366, 36.962887004628271 ] } },
{ "type": "Feature", "properties": { "内容": "ヘルパーステーションゆのだけ【訪問介護】福島県いわき市常磐藤原町湯ノ嶽３９", "url": "https://www.kaigokensaku.mhlw.go.jp/07/index.php?action_kouhyou_detail_004_kani=true&JigyosyoCd=0770402881-00&ServiceCd=110&Type=search", "url2": null }, "geometry": { "type": "Point", "coordinates": [ 140.81219009713746, 37.009711162315696 ] } },
{ "type": "Feature", "properties": { "内容": "亀齢荘ホームヘルプサービスセンター【訪問介護】福島県いわき市平山崎字熊ノ宮３８番地", "url": "https://www.kaigokensaku.mhlw.go.jp/07/index.php?action_kouhyou_detail_004_kani=true&JigyosyoCd=0770400612-00&ServiceCd=110&Type=search", "url2": "http://www.kireisou.com" }, "geometry": { "type": "Point", "coordinates": [ 140.940522200000032, 37.0565872 ] } },
{ "type": "Feature", "properties": { "内容": "訪問介護　紲【訪問介護】福島県いわき市平下荒川字川前132-3いわき市平下荒川字川前132-3", "url": "https://www.kaigokensaku.mhlw.go.jp/07/index.php?action_kouhyou_detail_004_kani=true&JigyosyoCd=0770401818-00&ServiceCd=110&Type=search", "url2": "http://www.kizuna-iwaki.co.jp/" }, "geometry": { "type": "Point", "coordinates": [ 140.910528987696836, 37.039023076308062 ] } },
{ "type": "Feature", "properties": { "内容": "ニチイケアセンターうちごう【訪問介護】福島県いわき市内郷綴町榎下55-1", "url": "https://www.kaigokensaku.mhlw.go.jp/07/index.php?action_kouhyou_detail_004_kani=true&JigyosyoCd=0770402543-00&ServiceCd=110&Type=search", "url2": "http://www.nichiigakkan.co.jp" }, "geometry": { "type": "Point", "coordinates": [ 140.856388299999907, 37.0354032 ] } },
{ "type": "Feature", "properties": { "内容": "介護ステーションいわき【訪問介護】福島県いわき市平字南町48番地の1", "url": "https://www.kaigokensaku.mhlw.go.jp/07/index.php?action_kouhyou_detail_004_kani=true&JigyosyoCd=0770405330-00&ServiceCd=110&Type=search", "url2": null }, "geometry": { "type": "Point", "coordinates": [ 140.894528, 37.0551718 ] } },
{ "type": "Feature", "properties": { "内容": "介護サービス明日葉【訪問介護】福島県いわき市内郷御厩町下能８７", "url": "https://www.kaigokensaku.mhlw.go.jp/07/index.php?action_kouhyou_detail_004_kani=true&JigyosyoCd=0770408417-00&ServiceCd=110&Type=search", "url2": null }, "geometry": { "type": "Point", "coordinates": [ 140.8722361, 37.0464527 ] } },
{ "type": "Feature", "properties": { "内容": "あい樹ヘルパーステーション【訪問介護】福島県いわき市内郷御台境町五反田35-2ラメール五反田104", "url": "https://www.kaigokensaku.mhlw.go.jp/07/index.php?action_kouhyou_detail_004_kani=true&JigyosyoCd=0770408912-00&ServiceCd=110&Type=search", "url2": null }, "geometry": { "type": "Point", "coordinates": [ 140.8659681, 37.048308 ] } },
{ "type": "Feature", "properties": { "内容": "へルパーステーションつどいいわき【訪問介護】福島県いわき市平北白土字宮前12-11", "url": "https://www.kaigokensaku.mhlw.go.jp/07/index.php?action_kouhyou_detail_004_kani=true&JigyosyoCd=0770409092-00&ServiceCd=110&Type=search", "url2": null }, "geometry": { "type": "Point", "coordinates": [ 140.912413, 37.0521524 ] } },
{ "type": "Feature", "properties": { "内容": "キョウドウケアサービス【訪問介護】福島県いわき市平上荒川字桜町５９番地の５　北側", "url": "https://www.kaigokensaku.mhlw.go.jp/07/index.php?action_kouhyou_detail_004_kani=true&JigyosyoCd=0770409217-00&ServiceCd=110&Type=search", "url2": "http://hp.kaipoke.biz/cv8/" }, "geometry": { "type": "Point", "coordinates": [ 140.883513099999988, 37.0341297 ] } },
{ "type": "Feature", "properties": { "内容": "ヘルパーステーションニューウォーク【訪問介護】福島県いわき市鹿島町久保1丁目11-6", "url": "https://www.kaigokensaku.mhlw.go.jp/07/index.php?action_kouhyou_detail_004_kani=true&JigyosyoCd=0770409415-00&ServiceCd=110&Type=search", "url2": "https://newwalk-iwaki.jp/" }, "geometry": { "type": "Point", "coordinates": [ 140.8748393, 37.0476993 ] } },
{ "type": "Feature", "properties": { "内容": "ひかり訪問介護事業所【訪問介護】福島県いわき市小名浜中町境13番地グリューネハイツＡ－１０３", "url": "https://www.kaigokensaku.mhlw.go.jp/07/index.php?action_kouhyou_detail_004_kani=true&JigyosyoCd=0770404267-00&ServiceCd=110&Type=search", "url2": null }, "geometry": { "type": "Point", "coordinates": [ 140.8981043, 36.955701 ] } },
{ "type": "Feature", "properties": { "内容": "クリナップキャリアサービス株式会社【訪問介護】福島県いわき市四倉町細谷字江向６", "url": "https://www.kaigokensaku.mhlw.go.jp/07/index.php?action_kouhyou_detail_004_kani=true&JigyosyoCd=0770400174-00&ServiceCd=110&Type=search", "url2": "http://www.cleanup-careerservice.jp/" }, "geometry": { "type": "Point", "coordinates": [ 140.965585164942922, 37.08409064589511 ] } },
{ "type": "Feature", "properties": { "内容": "ニチイケアセンターかべや【訪問介護】福島県いわき市平塩字古川16２Ｆ-Ａ室", "url": "https://www.kaigokensaku.mhlw.go.jp/07/index.php?action_kouhyou_detail_004_kani=true&JigyosyoCd=0770408805-00&ServiceCd=110&Type=search", "url2": "http://www.nichiigakkan.co.jp" }, "geometry": { "type": "Point", "coordinates": [ 140.9191035, 37.0593614 ] } },
{ "type": "Feature", "properties": { "内容": "ヘルパーステーション　げんき介【訪問介護】福島県いわき市平鎌田町12番地", "url": "https://www.kaigokensaku.mhlw.go.jp/07/index.php?action_kouhyou_detail_004_kani=true&JigyosyoCd=0770409563-00&ServiceCd=110&Type=search", "url2": null }, "geometry": { "type": "Point", "coordinates": [ 140.9042224, 37.0565474 ] } },
{ "type": "Feature", "properties": { "内容": "介護の和心【訪問介護】福島県いわき市小名浜岡小名二丁目３番の１", "url": "https://www.kaigokensaku.mhlw.go.jp/07/index.php?action_kouhyou_detail_004_kani=true&JigyosyoCd=0770404630-00&ServiceCd=110&Type=search", "url2": null }, "geometry": { "type": "Point", "coordinates": [ 140.9067691, 36.9614748 ] } },
{ "type": "Feature", "properties": { "内容": "ニチイケアセンター小名浜【訪問介護】福島県いわき市小名浜岡小名三丁目6-14", "url": "https://www.kaigokensaku.mhlw.go.jp/07/index.php?action_kouhyou_detail_004_kani=true&JigyosyoCd=0770405132-00&ServiceCd=110&Type=search", "url2": "http://www.nichiigakkan.co.jp" }, "geometry": { "type": "Point", "coordinates": [ 140.9086155, 36.9631954 ] } },
{ "type": "Feature", "properties": { "内容": "ニチイケアセンターおじま【訪問介護】福島県いわき市小島町2丁目6番3号", "url": "https://www.kaigokensaku.mhlw.go.jp/07/index.php?action_kouhyou_detail_004_kani=true&JigyosyoCd=0770408748-00&ServiceCd=110&Type=search", "url2": "http://www.nichiigakkan.co.jp" }, "geometry": { "type": "Point", "coordinates": [ 140.883584299999939, 37.0492792 ] } },
{ "type": "Feature", "properties": { "内容": "訪問介護事業所ケア凪咲【訪問介護】福島県いわき市内郷高坂町立野26番地の6", "url": "https://www.kaigokensaku.mhlw.go.jp/07/index.php?action_kouhyou_detail_004_kani=true&JigyosyoCd=0770409209-00&ServiceCd=110&Type=search", "url2": null }, "geometry": { "type": "Point", "coordinates": [ 140.8558956, 37.0435435 ] } },
{ "type": "Feature", "properties": { "内容": "ニチイケアセンターいわき【訪問介護】福島県いわき市好間町下好間字一町坪111-1", "url": "https://www.kaigokensaku.mhlw.go.jp/07/index.php?action_kouhyou_detail_004_kani=true&JigyosyoCd=0770400505-00&ServiceCd=110&Type=search", "url2": "http://www.nichiigakkan.co.jp" }, "geometry": { "type": "Point", "coordinates": [ 140.865945481127824, 37.057642824075856 ] } },
{ "type": "Feature", "properties": { "内容": "ニチイケアセンター植田【訪問介護】福島県いわき市植田町中央3-1-6永山ビルＤ", "url": "https://www.kaigokensaku.mhlw.go.jp/07/index.php?action_kouhyou_detail_004_kani=true&JigyosyoCd=0770400976-00&ServiceCd=110&Type=search", "url2": "http://www.nichiigakkan.co.jp" }, "geometry": { "type": "Point", "coordinates": [ 140.79727934985641, 36.921252583111325 ] } },
{ "type": "Feature", "properties": { "内容": "あさなぎ訪問介護【訪問介護】福島県いわき市常磐関船町一丁目10番地の18", "url": "https://www.kaigokensaku.mhlw.go.jp/07/index.php?action_kouhyou_detail_004_kani=true&JigyosyoCd=0770402055-00&ServiceCd=110&Type=search", "url2": null }, "geometry": { "type": "Point", "coordinates": [ 140.854281891896278, 37.000217589039195 ] } },
{ "type": "Feature", "properties": { "内容": "クリナップキャリアサービス株式会社介護南部センター【訪問介護】福島県いわき市常磐西郷町金山14-1", "url": "https://www.kaigokensaku.mhlw.go.jp/07/index.php?action_kouhyou_detail_004_kani=true&JigyosyoCd=0770403145-00&ServiceCd=110&Type=search", "url2": "http://www.cleanup-careerservice.jp/" }, "geometry": { "type": "Point", "coordinates": [ 140.856811900000025, 36.9862365 ] } },
{ "type": "Feature", "properties": { "内容": "だんらんケアサービス【訪問介護】福島県いわき市錦町釈迦堂60番地", "url": "https://www.kaigokensaku.mhlw.go.jp/07/index.php?action_kouhyou_detail_004_kani=true&JigyosyoCd=0770405322-00&ServiceCd=110&Type=search", "url2": null }, "geometry": { "type": "Point", "coordinates": [ 140.783549394781147, 36.903545199375593 ] } },
{ "type": "Feature", "properties": { "内容": "ゆずり葉ヘルパーステーション【訪問介護】福島県いわき市平泉崎字前原16番地", "url": "https://www.kaigokensaku.mhlw.go.jp/07/index.php?action_kouhyou_detail_004_kani=true&JigyosyoCd=0770403186-00&ServiceCd=110&Type=search", "url2": "http://www.ouzan.net/~east-green/yuzuriha-helper.htm" }, "geometry": { "type": "Point", "coordinates": [ 140.949448599999982, 37.072976 ] } },
{ "type": "Feature", "properties": { "内容": "訪問介護事業所　ふくださんち。【訪問介護】福島県いわき市内郷内町四方北115-2", "url": "https://www.kaigokensaku.mhlw.go.jp/07/index.php?action_kouhyou_detail_004_kani=true&JigyosyoCd=0770407070-00&ServiceCd=110&Type=search", "url2": "http://hp.kaipoke.biz/xe4/" }, "geometry": { "type": "Point", "coordinates": [ 140.857044623847003, 37.039613301886909 ] } },
{ "type": "Feature", "properties": { "内容": "すいとぴー介護ステーション中央台【訪問介護】福島県いわき市中央台飯野４－７－２", "url": "https://www.kaigokensaku.mhlw.go.jp/07/index.php?action_kouhyou_detail_004_kani=true&JigyosyoCd=0770404861-00&ServiceCd=110&Type=search", "url2": "www.sweetpea.co.jp" }, "geometry": { "type": "Point", "coordinates": [ 140.92101839999998, 37.0166611 ] } },
{ "type": "Feature", "properties": { "内容": "ヘルパー事業所　かいご屋さん【訪問介護】福島県いわき市平字愛谷町2-5-2", "url": "https://www.kaigokensaku.mhlw.go.jp/07/index.php?action_kouhyou_detail_004_kani=true&JigyosyoCd=0770405678-00&ServiceCd=110&Type=search", "url2": null }, "geometry": { "type": "Point", "coordinates": [ 140.901806, 37.026563800000019 ] } },
{ "type": "Feature", "properties": { "内容": "訪問介護いわきケアクラブ【訪問介護】福島県いわき市小名浜大原字中野地117番地", "url": "https://www.kaigokensaku.mhlw.go.jp/07/index.php?action_kouhyou_detail_004_kani=true&JigyosyoCd=0770406122-00&ServiceCd=110&Type=search", "url2": "https://iwaki-careclub.com" }, "geometry": { "type": "Point", "coordinates": [ 140.894142532796451, 36.959269849364254 ] } },
{ "type": "Feature", "properties": { "内容": "訪問介護ケアリーいわき小名浜【訪問介護】福島県いわき市小名浜大原字丁新地30-4", "url": "https://www.kaigokensaku.mhlw.go.jp/07/index.php?action_kouhyou_detail_004_kani=true&JigyosyoCd=0770409274-00&ServiceCd=110&Type=search", "url2": "https://joy-tec.co.jp/" }, "geometry": { "type": "Point", "coordinates": [ 140.8904014, 36.9565725 ] } },
{ "type": "Feature", "properties": { "内容": "いきがい村訪問介護事業所【訪問介護】福島県いわき市小浜町東ノ作164の2番地", "url": "https://www.kaigokensaku.mhlw.go.jp/07/index.php?action_kouhyou_detail_004_kani=true&JigyosyoCd=0770405868-00&ServiceCd=110&Type=search", "url2": "http://www.ishiihp.or.jp" }, "geometry": { "type": "Point", "coordinates": [ 140.843004899999983, 36.9170222 ] } },
{ "type": "Feature", "properties": { "内容": "悠訪問介護ステーション【訪問介護】福島県いわき市中央台飯野３丁目３３番地の１", "url": "https://www.kaigokensaku.mhlw.go.jp/07/index.php?action_kouhyou_detail_004_kani=true&JigyosyoCd=0770406676-00&ServiceCd=110&Type=search", "url2": "http://m-isi.com" }, "geometry": { "type": "Point", "coordinates": [ 140.9154809, 37.0132559 ] } },
{ "type": "Feature", "properties": { "内容": "コスモケアサービス【訪問介護】福島県いわき市内郷高坂町大町27-1", "url": "https://www.kaigokensaku.mhlw.go.jp/07/index.php?action_kouhyou_detail_004_kani=true&JigyosyoCd=0770401776-00&ServiceCd=110&Type=search", "url2": "https://www.cosmocareservice.jp/" }, "geometry": { "type": "Point", "coordinates": [ 140.862151, 37.04568 ] } },
{ "type": "Feature", "properties": { "内容": "ケアサービスうりずん【訪問介護】福島県いわき市泉町二丁目12番地9", "url": "https://www.kaigokensaku.mhlw.go.jp/07/index.php?action_kouhyou_detail_004_kani=true&JigyosyoCd=0770409035-00&ServiceCd=110&Type=search", "url2": null }, "geometry": { "type": "Point", "coordinates": [ 140.8541375, 36.95319460000001 ] } },
{ "type": "Feature", "properties": { "内容": "訪問介護みかん【訪問介護】福島県いわき市小名浜住吉字道下29番地の3マリーナ21　105", "url": "https://www.kaigokensaku.mhlw.go.jp/07/index.php?action_kouhyou_detail_004_kani=true&JigyosyoCd=0770409720-00&ServiceCd=110&Type=search", "url2": null }, "geometry": { "type": "Point", "coordinates": [ 140.887718799999988, 36.9795858 ] } },
{ "type": "Feature", "properties": { "内容": "けあビジョンホームいわき訪問介護【訪問介護】小川町上小川字川原28-1", "url": "https://www.kaigokensaku.mhlw.go.jp/07/index.php?action_kouhyou_detail_004_kani=true&JigyosyoCd=0770409373-00&ServiceCd=110&Type=search", "url2": null }, "geometry": { "type": "Point", "coordinates": [ 140.8535583, 37.1345975 ] } },
{ "type": "Feature", "properties": { "内容": "訪問介護　城南【訪問介護】福島県白河市道場小路９１番地８", "url": "https://www.kaigokensaku.mhlw.go.jp/07/index.php?action_kouhyou_detail_004_kani=true&JigyosyoCd=0770501138-00&ServiceCd=110&Type=search", "url2": "http://www.jyonan-will.co.jp/" }, "geometry": { "type": "Point", "coordinates": [ 140.210092496295147, 37.129018930699992 ] } },
{ "type": "Feature", "properties": { "内容": "ワンランドケア白河【訪問介護】福島県白河市昭和町273-1", "url": "https://www.kaigokensaku.mhlw.go.jp/07/index.php?action_kouhyou_detail_004_kani=true&JigyosyoCd=0770500619-00&ServiceCd=110&Type=search", "url2": "http://www.oneland.co.jp" }, "geometry": { "type": "Point", "coordinates": [ 140.198125079887404, 37.130926946841846 ] } },
{ "type": "Feature", "properties": { "内容": "ＪＡ夢みなみ　福祉センターしらかわ訪問介護事業所【訪問介護】福島県白河市弥次郎窪29−1", "url": "https://www.kaigokensaku.mhlw.go.jp/07/index.php?action_kouhyou_detail_004_kani=true&JigyosyoCd=0770501203-00&ServiceCd=110&Type=search", "url2": "www.ja-yumeminami.or.jp" }, "geometry": { "type": "Point", "coordinates": [ 140.217544373155192, 37.142456683554478 ] } },
{ "type": "Feature", "properties": { "内容": "ひまわり介護サ－ビス【訪問介護】福島県白河市円明寺23－1", "url": "https://www.kaigokensaku.mhlw.go.jp/07/index.php?action_kouhyou_detail_004_kani=true&JigyosyoCd=0770500577-00&ServiceCd=110&Type=search", "url2": "ho-kaigo@t-himawari.co.jp" }, "geometry": { "type": "Point", "coordinates": [ 140.217329547221425, 37.123117395414006 ] } },
{ "type": "Feature", "properties": { "内容": "ひもろぎケアサービス【訪問介護】福島県白河市関辺川前88", "url": "https://www.kaigokensaku.mhlw.go.jp/07/index.php?action_kouhyou_detail_004_kani=true&JigyosyoCd=0770500288-00&ServiceCd=110&Type=search", "url2": "https://sono-himorogi.org/" }, "geometry": { "type": "Point", "coordinates": [ 140.250843700000019, 37.0953891 ] } },
{ "type": "Feature", "properties": { "内容": "ひよりホームヘルパーステーション【訪問介護】福島県白河市久田野田中３９－４", "url": "https://www.kaigokensaku.mhlw.go.jp/07/index.php?action_kouhyou_detail_004_kani=true&JigyosyoCd=0770501070-00&ServiceCd=110&Type=search", "url2": "www.taro-rlcs.com" }, "geometry": { "type": "Point", "coordinates": [ 140.261124975455942, 37.13683975823907 ] } },
{ "type": "Feature", "properties": { "内容": "ＳＯＭＰＯケア　白河　訪問介護【訪問介護】福島県白河市会津町３８－２ハイツイーグル１０１号", "url": "https://www.kaigokensaku.mhlw.go.jp/07/index.php?action_kouhyou_detail_004_kani=true&JigyosyoCd=0770501310-00&ServiceCd=110&Type=search", "url2": "http://www.sompocare.com" }, "geometry": { "type": "Point", "coordinates": [ 140.20836220000001, 37.13325 ] } },
{ "type": "Feature", "properties": { "内容": "いこいの里ヘルパーステーション【訪問介護】福島県白河市外薄葉17-4", "url": "https://www.kaigokensaku.mhlw.go.jp/07/index.php?action_kouhyou_detail_004_kani=true&JigyosyoCd=0770501302-00&ServiceCd=110&Type=search", "url2": null }, "geometry": { "type": "Point", "coordinates": [ 140.221444, 37.1425604 ] } },
{ "type": "Feature", "properties": { "内容": "サクラケアラーしらかわ【訪問介護】福島県白河市飯沢山51-4", "url": "https://www.kaigokensaku.mhlw.go.jp/07/index.php?action_kouhyou_detail_004_kani=true&JigyosyoCd=0770501286-00&ServiceCd=110&Type=search", "url2": "https://bigone-works.com" }, "geometry": { "type": "Point", "coordinates": [ 140.2142632, 37.1414548 ] } },
{ "type": "Feature", "properties": { "内容": "シノノメ訪問介護事業所【訪問介護】福島県白河市老久保１３－２", "url": "https://www.kaigokensaku.mhlw.go.jp/07/index.php?action_kouhyou_detail_004_kani=true&JigyosyoCd=0770501476-00&ServiceCd=110&Type=search", "url2": null }, "geometry": { "type": "Point", "coordinates": [ 140.201444039831472, 37.117455195692472 ] } },
{ "type": "Feature", "properties": { "内容": "けあビジョンホーム白河田島訪問介護【訪問介護】福島県白河市田島82番地", "url": "https://www.kaigokensaku.mhlw.go.jp/07/index.php?action_kouhyou_detail_004_kani=true&JigyosyoCd=0770501419-00&ServiceCd=110&Type=search", "url2": null }, "geometry": { "type": "Point", "coordinates": [ 140.28901110000001, 37.1171407 ] } },
{ "type": "Feature", "properties": { "内容": "訪問介護事業所　つむぎ【訪問介護】福島県須賀川市芦田塚42番地1", "url": "https://www.kaigokensaku.mhlw.go.jp/07/index.php?action_kouhyou_detail_004_kani=true&JigyosyoCd=0770701316-00&ServiceCd=110&Type=search", "url2": null }, "geometry": { "type": "Point", "coordinates": [ 140.384625899999946, 37.2929685 ] } },
{ "type": "Feature", "properties": { "内容": "いきいきケアセンター【訪問介護】福島県須賀川市雨田字富岡57番地", "url": "https://www.kaigokensaku.mhlw.go.jp/07/index.php?action_kouhyou_detail_004_kani=true&JigyosyoCd=0770701027-00&ServiceCd=110&Type=search", "url2": null }, "geometry": { "type": "Point", "coordinates": [ 140.425315223426765, 37.270948540747405 ] } },
{ "type": "Feature", "properties": { "内容": "ゆう遊館ヘルパーステーション【訪問介護】福島県須賀川市滑川字関ノ上２６番地４", "url": "https://www.kaigokensaku.mhlw.go.jp/07/index.php?action_kouhyou_detail_004_kani=true&JigyosyoCd=0770700714-00&ServiceCd=110&Type=search", "url2": "aishin-fukushikai@white.plala.or.jp" }, "geometry": { "type": "Point", "coordinates": [ 140.3654146, 37.3256176 ] } },
{ "type": "Feature", "properties": { "内容": "丸光産業株式会社丸光ケアサ－ビス須賀川支店【訪問介護】福島県須賀川市古屋敷135-1", "url": "https://www.kaigokensaku.mhlw.go.jp/07/index.php?action_kouhyou_detail_004_kani=true&JigyosyoCd=0770700292-00&ServiceCd=110&Type=search", "url2": "http://marumitsu-care.jp/" }, "geometry": { "type": "Point", "coordinates": [ 140.37876510000001, 37.2966291 ] } },
{ "type": "Feature", "properties": { "内容": "ヘルパーステーション・シャローム【訪問介護】福島県須賀川北町７３番地", "url": "https://www.kaigokensaku.mhlw.go.jp/07/index.php?action_kouhyou_detail_004_kani=true&JigyosyoCd=0770700938-00&ServiceCd=110&Type=search", "url2": "http://pb-fukushima.jp/" }, "geometry": { "type": "Point", "coordinates": [ 140.376494840133631, 37.293380010576882 ] } },
{ "type": "Feature", "properties": { "内容": "あいケアサービス【訪問介護】福島県須賀川市雨田字愛宕前122", "url": "https://www.kaigokensaku.mhlw.go.jp/07/index.php?action_kouhyou_detail_004_kani=true&JigyosyoCd=0770700524-00&ServiceCd=110&Type=search", "url2": null }, "geometry": { "type": "Point", "coordinates": [ 140.426845700000058, 37.2699419 ] } },
{ "type": "Feature", "properties": { "内容": "ニチイケアセンター西川【訪問介護】福島県須賀川市新町111", "url": "https://www.kaigokensaku.mhlw.go.jp/07/index.php?action_kouhyou_detail_004_kani=true&JigyosyoCd=0770700623-00&ServiceCd=110&Type=search", "url2": "http://www.nichiigakkan.co.jp" }, "geometry": { "type": "Point", "coordinates": [ 140.355146592312593, 37.293523747591472 ] } },
{ "type": "Feature", "properties": { "内容": "花のんヘルパーステーション【訪問介護】福島県須賀川市森宿字辰根沢９８番地５３", "url": "https://www.kaigokensaku.mhlw.go.jp/07/index.php?action_kouhyou_detail_004_kani=true&JigyosyoCd=0770701464-00&ServiceCd=110&Type=search", "url2": null }, "geometry": { "type": "Point", "coordinates": [ 140.3592228, 37.313475 ] } },
{ "type": "Feature", "properties": { "内容": "JA夢みなみ　福祉センターすかがわ訪問介護事業所【訪問介護】福島県須賀川市仁井田字鴻ノ目５０番地１", "url": "https://www.kaigokensaku.mhlw.go.jp/07/index.php?action_kouhyou_detail_004_kani=true&JigyosyoCd=0770700169-00&ServiceCd=110&Type=search", "url2": "http://www.ja-yumeminami.or.jp" }, "geometry": { "type": "Point", "coordinates": [ 140.328160491040023, 37.327699386663298 ] } },
{ "type": "Feature", "properties": { "内容": "ヘルパーステーション・プラスワン【訪問介護】福島県須賀川市丸田町272番地", "url": "https://www.kaigokensaku.mhlw.go.jp/07/index.php?action_kouhyou_detail_004_kani=true&JigyosyoCd=0770701415-00&ServiceCd=110&Type=search", "url2": null }, "geometry": { "type": "Point", "coordinates": [ 140.368466916590734, 37.290794131622043 ] } },
{ "type": "Feature", "properties": { "内容": "ＳＯＭＰＯケア　須賀川　訪問介護【訪問介護】福島県須賀川市茶畑町6鴫原貸店舗１号鴫原貸店舗１号", "url": "https://www.kaigokensaku.mhlw.go.jp/07/index.php?action_kouhyou_detail_004_kani=true&JigyosyoCd=0770701373-00&ServiceCd=110&Type=search", "url2": "https://www.sompocare.com" }, "geometry": { "type": "Point", "coordinates": [ 140.361570815344294, 37.288642290782334 ] } },
{ "type": "Feature", "properties": { "内容": "つくしホームヘルプサービス【訪問介護】福島県須賀川市東町54番地8", "url": "https://www.kaigokensaku.mhlw.go.jp/07/index.php?action_kouhyou_detail_004_kani=true&JigyosyoCd=0770700342-00&ServiceCd=110&Type=search", "url2": "https://houshinkai.jp" }, "geometry": { "type": "Point", "coordinates": [ 140.376558597839306, 37.287185359980867 ] } },
{ "type": "Feature", "properties": { "内容": "訪問介護いわせ長寿苑【訪問介護】福島県須賀川市矢沢字明池158番地", "url": "https://www.kaigokensaku.mhlw.go.jp/07/index.php?action_kouhyou_detail_004_kani=true&JigyosyoCd=0770701290-00&ServiceCd=110&Type=search", "url2": "http://www.iwase.or.jp/" }, "geometry": { "type": "Point", "coordinates": [ 140.2858728, 37.3146444 ] } },
{ "type": "Feature", "properties": { "内容": "丸光産業株式会社　丸光ケアサービス森宿【訪問介護】福島県須賀川市森宿字狐石１２７－１", "url": "https://www.kaigokensaku.mhlw.go.jp/07/index.php?action_kouhyou_detail_004_kani=true&JigyosyoCd=0770700953-00&ServiceCd=110&Type=search", "url2": "marumitsi-care.jp/" }, "geometry": { "type": "Point", "coordinates": [ 140.3605834, 37.3062635 ] } },
{ "type": "Feature", "properties": { "内容": "社会福祉法人須賀川市社会福祉協議会訪問介護事業所【訪問介護】福島県須賀川市茶畑町71番地", "url": "https://www.kaigokensaku.mhlw.go.jp/07/index.php?action_kouhyou_detail_004_kani=true&JigyosyoCd=0770700185-00&ServiceCd=110&Type=search", "url2": "http://su-shakyo.jp/" }, "geometry": { "type": "Point", "coordinates": [ 140.372765201202327, 37.286906490243545 ] } },
{ "type": "Feature", "properties": { "内容": "ニチイケアセンター須賀川【訪問介護】福島県須賀川市塚田74番地ヨネクラビル2F", "url": "https://www.kaigokensaku.mhlw.go.jp/07/index.php?action_kouhyou_detail_004_kani=true&JigyosyoCd=0770700268-00&ServiceCd=110&Type=search", "url2": "http://www.nichiigakkan.co.jp" }, "geometry": { "type": "Point", "coordinates": [ 140.372743200000031, 37.2998538 ] } },
{ "type": "Feature", "properties": { "内容": "なないろ訪問介護事業所【訪問介護】福島県須賀川市影沼町128番地", "url": "https://www.kaigokensaku.mhlw.go.jp/07/index.php?action_kouhyou_detail_004_kani=true&JigyosyoCd=0770700755-00&ServiceCd=110&Type=search", "url2": "http://care-net.biz/07/niji/index.php" }, "geometry": { "type": "Point", "coordinates": [ 140.3521177, 37.2849355 ] } },
{ "type": "Feature", "properties": { "内容": "ケア・サービス　みらい【訪問介護】福島県喜多方市豊川町米室字二条川原1878-6", "url": "https://www.kaigokensaku.mhlw.go.jp/07/index.php?action_kouhyou_detail_004_kani=true&JigyosyoCd=0770800795-00&ServiceCd=110&Type=search", "url2": "http://www.seikirari.com" }, "geometry": { "type": "Point", "coordinates": [ 139.856307452323108, 37.642048020768542 ] } },
{ "type": "Feature", "properties": { "内容": "ニチイケアセンターしおかわ【訪問介護】福島県喜多方市塩川町字東栄町2丁目2－6", "url": "https://www.kaigokensaku.mhlw.go.jp/07/index.php?action_kouhyou_detail_004_kani=true&JigyosyoCd=0770800928-00&ServiceCd=110&Type=search", "url2": "www.nichiiakkan.co.jp" }, "geometry": { "type": "Point", "coordinates": [ 139.892284099999983, 37.5940715 ] } },
{ "type": "Feature", "properties": { "内容": "喜多方市社会福祉協議会　喜多方ヘルパーセンター【訪問介護】福島県喜多方市字上江3646番地1", "url": "https://www.kaigokensaku.mhlw.go.jp/07/index.php?action_kouhyou_detail_004_kani=true&JigyosyoCd=0770800597-00&ServiceCd=110&Type=search", "url2": "http://kitakata-shakyo.or.jp/" }, "geometry": { "type": "Point", "coordinates": [ 139.885671499999944, 37.6555798 ] } },
{ "type": "Feature", "properties": { "内容": "ＪＡ会津よつば　　ふれ愛センター　いいで【訪問介護】福島県喜多方市岩月町喜多方字渕の下171番地4", "url": "https://www.kaigokensaku.mhlw.go.jp/07/index.php?action_kouhyou_detail_004_kani=true&JigyosyoCd=0770800142-00&ServiceCd=110&Type=search", "url2": "http://aizuyotuba.jp" }, "geometry": { "type": "Point", "coordinates": [ 139.880027499999983, 37.6588515 ] } },
{ "type": "Feature", "properties": { "内容": "天心ケアハイツヘルパーステーション【訪問介護】福島県喜多方市松山町村松字北原3656-3", "url": "https://www.kaigokensaku.mhlw.go.jp/07/index.php?action_kouhyou_detail_004_kani=true&JigyosyoCd=0770800266-00&ServiceCd=110&Type=search", "url2": "http://www.tenshinkai.or.jp" }, "geometry": { "type": "Point", "coordinates": [ 139.8699967, 37.6836482 ] } },
{ "type": "Feature", "properties": { "内容": "デイサポート太陽【訪問介護】福島県喜多方市字小田付道下７１３２－４", "url": "https://www.kaigokensaku.mhlw.go.jp/07/index.php?action_kouhyou_detail_004_kani=true&JigyosyoCd=0770800381-00&ServiceCd=110&Type=search", "url2": "https://www.gurutto-aizu.com/detail/index₋595.html" }, "geometry": { "type": "Point", "coordinates": [ 139.875269800000069, 37.6521521 ] } },
{ "type": "Feature", "properties": { "内容": "ニチイケアセンター沖の内【訪問介護】沖ノ内2丁目7-1めいぷるたうんA-2", "url": "https://www.kaigokensaku.mhlw.go.jp/07/index.php?action_kouhyou_detail_004_kani=true&JigyosyoCd=0770900678-00&ServiceCd=110&Type=search", "url2": null }, "geometry": { "type": "Point", "coordinates": [ 140.929779, 37.8064282 ] } },
{ "type": "Feature", "properties": { "内容": "けあビジョンホーム相馬訪問介護【訪問介護】福島県相馬市坪田字御仮殿前9-1", "url": "https://www.kaigokensaku.mhlw.go.jp/07/index.php?action_kouhyou_detail_004_kani=true&JigyosyoCd=0770900777-00&ServiceCd=110&Type=search", "url2": "http://www.visualvision.co.jp/" }, "geometry": { "type": "Point", "coordinates": [ 140.907440400000013, 37.768043 ] } },
{ "type": "Feature", "properties": { "内容": "訪問介護事業所　こころ【訪問介護】福島県相馬市石上字南蛯沢　403-2", "url": "https://www.kaigokensaku.mhlw.go.jp/07/index.php?action_kouhyou_detail_004_kani=true&JigyosyoCd=0770900447-00&ServiceCd=110&Type=search", "url2": "https://www.非営利活動法人こころ.com/" }, "geometry": { "type": "Point", "coordinates": [ 140.910311125994923, 37.817768063817134 ] } },
{ "type": "Feature", "properties": { "内容": "有限会社大原会・看護ケアネット訪問介護相馬事業所【訪問介護】福島県相馬市中村字川原町３５－１", "url": "https://www.kaigokensaku.mhlw.go.jp/07/index.php?action_kouhyou_detail_004_kani=true&JigyosyoCd=0770900033-00&ServiceCd=110&Type=search", "url2": null }, "geometry": { "type": "Point", "coordinates": [ 140.916842299999985, 37.7936771 ] } },
{ "type": "Feature", "properties": { "内容": "ライフケアそうま指定訪問介護事業所【訪問介護】福島県相馬市塚ノ町二丁目６番地の１２", "url": "https://www.kaigokensaku.mhlw.go.jp/07/index.php?action_kouhyou_detail_004_kani=true&JigyosyoCd=0770900389-00&ServiceCd=110&Type=search", "url2": null }, "geometry": { "type": "Point", "coordinates": [ 140.9303129, 37.8033934 ] } },
{ "type": "Feature", "properties": { "内容": "ニチイケアセンター　宇多の郷【訪問介護】福島県相馬市大曲字大毛内146番地", "url": "https://www.kaigokensaku.mhlw.go.jp/07/index.php?action_kouhyou_detail_004_kani=true&JigyosyoCd=0770900023-00&ServiceCd=110&Type=search", "url2": null }, "geometry": { "type": "Point", "coordinates": [ 140.937562800000023, 37.7926224 ] } },
{ "type": "Feature", "properties": { "内容": "馬陵タクシー介護事業部【訪問介護】福島県相馬市中村字新町141", "url": "https://www.kaigokensaku.mhlw.go.jp/07/index.php?action_kouhyou_detail_004_kani=true&JigyosyoCd=0770900264-00&ServiceCd=110&Type=search", "url2": "https://baryotaxi.sakura.ne.jp/" }, "geometry": { "type": "Point", "coordinates": [ 140.924480408737139, 37.799434944985485 ] } },
{ "type": "Feature", "properties": { "内容": "訪問介護サービス友遊【訪問介護】福島県相馬市中村字北町１－８", "url": "https://www.kaigokensaku.mhlw.go.jp/07/index.php?action_kouhyou_detail_004_kani=true&JigyosyoCd=0770900611-00&ServiceCd=110&Type=search", "url2": "soma.fukushi.yuyu@gmail.com" }, "geometry": { "type": "Point", "coordinates": [ 140.9130563, 37.8001485 ] } },
{ "type": "Feature", "properties": { "内容": "介護事業所つぐみ【訪問介護】福島県相馬市中村字桜ケ丘149番地の2.2Fasビル", "url": "https://www.kaigokensaku.mhlw.go.jp/07/index.php?action_kouhyou_detail_004_kani=true&JigyosyoCd=0770900744-00&ServiceCd=110&Type=search", "url2": "https://seedscare-tsugumiyama.com" }, "geometry": { "type": "Point", "coordinates": [ 140.916344900000013, 37.8022697 ] } },
{ "type": "Feature", "properties": { "内容": "訪問介護事業所山りんご【訪問介護】沖ノ内2-2-16ミヨハウス", "url": "https://www.kaigokensaku.mhlw.go.jp/07/index.php?action_kouhyou_detail_004_kani=true&JigyosyoCd=0770900751-00&ServiceCd=110&Type=search", "url2": "https://www.yamarinngo.com" }, "geometry": { "type": "Point", "coordinates": [ 140.930208701327501, 37.80521962157836 ] } },
{ "type": "Feature", "properties": { "内容": "居宅介護事業所でんでん虫【訪問介護】福島県相馬市中野字北反町85番地", "url": "https://www.kaigokensaku.mhlw.go.jp/07/index.php?action_kouhyou_detail_004_kani=true&JigyosyoCd=0770900587-00&ServiceCd=110&Type=search", "url2": null }, "geometry": { "type": "Point", "coordinates": [ 140.9240638, 37.7952495 ] } },
{ "type": "Feature", "properties": { "内容": "おおぞらヘルパーステーション【訪問介護】福島県二本松市住吉100番地　老人保健施設やまびこ苑内", "url": "https://www.kaigokensaku.mhlw.go.jp/07/index.php?action_kouhyou_detail_004_kani=true&JigyosyoCd=0771000155-00&ServiceCd=110&Type=search", "url2": "http://ozora-helper＠masu-med.or.jp" }, "geometry": { "type": "Point", "coordinates": [ 140.403902199999948, 37.5545189 ] } },
{ "type": "Feature", "properties": { "内容": "昭和タクシーケアステーション孫の手【訪問介護】福島県二本松市成田町一丁目753-3", "url": "https://www.kaigokensaku.mhlw.go.jp/07/index.php?action_kouhyou_detail_004_kani=true&JigyosyoCd=0771000148-00&ServiceCd=110&Type=search", "url2": "http://www.showataxi.com/" }, "geometry": { "type": "Point", "coordinates": [ 140.418802300000038, 37.5883963 ] } },
{ "type": "Feature", "properties": { "内容": "二本松市社会福祉協議会　ヘルパーステーションにほんまつ【訪問介護】福島県二本松市油井字濡石1番地２", "url": "https://www.kaigokensaku.mhlw.go.jp/07/index.php?action_kouhyou_detail_004_kani=true&JigyosyoCd=0771000353-00&ServiceCd=110&Type=search", "url2": null }, "geometry": { "type": "Point", "coordinates": [ 140.461153200000012, 37.6077394 ] } },
{ "type": "Feature", "properties": { "内容": "ＪＡふくしま未来訪問介護事業所にほんまつ【訪問介護】福島県二本松市平石町64-1", "url": "https://www.kaigokensaku.mhlw.go.jp/07/index.php?action_kouhyou_detail_004_kani=true&JigyosyoCd=0771000601-00&ServiceCd=110&Type=search", "url2": null }, "geometry": { "type": "Point", "coordinates": [ 140.4591246, 37.5587945 ] } },
{ "type": "Feature", "properties": { "内容": "ニチイケアセンター二本松【訪問介護】福島県二本松市金色４０６－１３", "url": "https://www.kaigokensaku.mhlw.go.jp/07/index.php?action_kouhyou_detail_004_kani=true&JigyosyoCd=0771000189-00&ServiceCd=110&Type=search", "url2": "http://www.nichiigakkan.co.jp" }, "geometry": { "type": "Point", "coordinates": [ 140.431606800000054, 37.5861829 ] } },
{ "type": "Feature", "properties": { "内容": "陽だまりの郷ケアステーション【訪問介護】福島県二本松市表２丁目775番地", "url": "https://www.kaigokensaku.mhlw.go.jp/07/index.php?action_kouhyou_detail_004_kani=true&JigyosyoCd=0771000510-00&ServiceCd=110&Type=search", "url2": "http://jws-c.jp" }, "geometry": { "type": "Point", "coordinates": [ 140.436133645446745, 37.604372979869041 ] } },
{ "type": "Feature", "properties": { "内容": "ケアステーションゆうとぴあ【訪問介護】福島県田村市船引町東部台三丁目38番地", "url": "https://www.kaigokensaku.mhlw.go.jp/07/index.php?action_kouhyou_detail_004_kani=true&JigyosyoCd=0773100466-00&ServiceCd=110&Type=search", "url2": "http://www.npo-youtopia.org" }, "geometry": { "type": "Point", "coordinates": [ 140.587550825789322, 37.441869308906512 ] } },
{ "type": "Feature", "properties": { "内容": "訪問介護ステーション「さくら」【訪問介護】福島県田村市船引町船引字馬場43番地の1", "url": "https://www.kaigokensaku.mhlw.go.jp/07/index.php?action_kouhyou_detail_004_kani=true&JigyosyoCd=0773100474-00&ServiceCd=110&Type=search", "url2": null }, "geometry": { "type": "Point", "coordinates": [ 140.5695366, 37.4422799 ] } },
{ "type": "Feature", "properties": { "内容": "田村市訪問介護事業所【訪問介護】福島県田村市大越町上大越字古川４９－２", "url": "https://www.kaigokensaku.mhlw.go.jp/07/index.php?action_kouhyou_detail_004_kani=true&JigyosyoCd=0771100054-00&ServiceCd=110&Type=search", "url2": null }, "geometry": { "type": "Point", "coordinates": [ 140.624851300000046, 37.3922338 ] } },
{ "type": "Feature", "properties": { "内容": "船引クリニック　ヘルパーステーションすみれ【訪問介護】福島県田村市船引町船引字砂子田192", "url": "https://www.kaigokensaku.mhlw.go.jp/07/index.php?action_kouhyou_detail_004_kani=true&JigyosyoCd=0773100490-00&ServiceCd=110&Type=search", "url2": "https://funehiki.clinic/" }, "geometry": { "type": "Point", "coordinates": [ 140.570994499999983, 37.4481154 ] } },
{ "type": "Feature", "properties": { "内容": "ＪＡ福島さくら　たむらふれあいセンター訪問介護部【訪問介護】福島県田村市船引町船引字南町通160番地", "url": "https://www.kaigokensaku.mhlw.go.jp/07/index.php?action_kouhyou_detail_004_kani=true&JigyosyoCd=0771100336-00&ServiceCd=110&Type=search", "url2": "http://www.ja-fsakura.or.jp/" }, "geometry": { "type": "Point", "coordinates": [ 140.572731558966098, 37.438325343055752 ] } },
{ "type": "Feature", "properties": { "内容": "のぞみケアタクシー介護事業所【訪問介護】福島県南相馬市原町区桜井町1-139-1", "url": "https://www.kaigokensaku.mhlw.go.jp/07/index.php?action_kouhyou_detail_004_kani=true&JigyosyoCd=0771200185-00&ServiceCd=110&Type=search", "url2": null }, "geometry": { "type": "Point", "coordinates": [ 140.979937699999937, 37.6385146 ] } },
{ "type": "Feature", "properties": { "内容": "ケアスタッフ相馬【訪問介護】福島県南相馬市原町区日の出町300番地", "url": "https://www.kaigokensaku.mhlw.go.jp/07/index.php?action_kouhyou_detail_004_kani=true&JigyosyoCd=0771200300-00&ServiceCd=110&Type=search", "url2": "info@somanosato.jp" }, "geometry": { "type": "Point", "coordinates": [ 140.982341, 37.6317016 ] } },
{ "type": "Feature", "properties": { "内容": "訪問介護事業所えみくる【訪問介護】小高区片草字金場台61-3", "url": "https://www.kaigokensaku.mhlw.go.jp/07/index.php?action_kouhyou_detail_004_kani=true&JigyosyoCd=0771200631-00&ServiceCd=110&Type=search", "url2": "http://hp.kaipoke.biz/6p7/" }, "geometry": { "type": "Point", "coordinates": [ 140.977398199999982, 37.569619 ] } },
{ "type": "Feature", "properties": { "内容": "株式会社　協心　介護事業部【訪問介護】原町区北町291番5アドヴァンス1-Ｄ", "url": "https://www.kaigokensaku.mhlw.go.jp/07/index.php?action_kouhyou_detail_004_kani=true&JigyosyoCd=0771200722-00&ServiceCd=110&Type=search", "url2": "http://hp.kaipoke.biz/9fy/" }, "geometry": { "type": "Point", "coordinates": [ 140.9502746, 37.6467474 ] } },
{ "type": "Feature", "properties": { "内容": "ニチイケアセンター北郷【訪問介護】鹿島区西町一丁目113", "url": "https://www.kaigokensaku.mhlw.go.jp/07/index.php?action_kouhyou_detail_004_kani=true&JigyosyoCd=0771200656-00&ServiceCd=110&Type=search", "url2": null }, "geometry": { "type": "Point", "coordinates": [ 140.964379969480888, 37.702918643559507 ] } },
{ "type": "Feature", "properties": { "内容": "株式会社　ライフサポート【訪問介護】福島県南相馬市原町区本陣前2-53-7住宅型有料老人ホーム　どんぐり", "url": "https://www.kaigokensaku.mhlw.go.jp/07/index.php?action_kouhyou_detail_004_kani=true&JigyosyoCd=0771200706-00&ServiceCd=110&Type=search", "url2": "ikoinomori＠ad.wakwak.com" }, "geometry": { "type": "Point", "coordinates": [ 140.950744, 37.6219146 ] } },
{ "type": "Feature", "properties": { "内容": "指定訪問介護事業所　南相馬市社会福祉協議会【訪問介護】福島県南相馬市原町区小川町322番の1", "url": "https://www.kaigokensaku.mhlw.go.jp/07/index.php?action_kouhyou_detail_004_kani=true&JigyosyoCd=0771200060-00&ServiceCd=110&Type=search", "url2": "http://www.m-somashakyo.or.jp" }, "geometry": { "type": "Point", "coordinates": [ 140.958238800802633, 37.645427716508962 ] } },
{ "type": "Feature", "properties": { "内容": "ヘルパーステーションえーる【訪問介護】福島県南相馬市原町区国見町3丁目8番地", "url": "https://www.kaigokensaku.mhlw.go.jp/07/index.php?action_kouhyou_detail_004_kani=true&JigyosyoCd=0771200565-00&ServiceCd=110&Type=search", "url2": null }, "geometry": { "type": "Point", "coordinates": [ 140.946746599999983, 37.6259036 ] } },
{ "type": "Feature", "properties": { "内容": "JAふくしま未来訪問介護事業所そうま【訪問介護】福島県南相馬市鹿島区鹿島字御前ノ内26番地", "url": "https://www.kaigokensaku.mhlw.go.jp/07/index.php?action_kouhyou_detail_004_kani=true&JigyosyoCd=0771200482-00&ServiceCd=110&Type=search", "url2": null }, "geometry": { "type": "Point", "coordinates": [ 140.968789499999957, 37.7022547 ] } },
{ "type": "Feature", "properties": { "内容": "ヘルパーステーションいろは【訪問介護】福島県南相馬市原町区本陣前3-377-6", "url": "https://www.kaigokensaku.mhlw.go.jp/07/index.php?action_kouhyou_detail_004_kani=true&JigyosyoCd=0771200714-00&ServiceCd=110&Type=search", "url2": "http://iroha-odaka.com" }, "geometry": { "type": "Point", "coordinates": [ 140.948604499999988, 37.61952 ] } },
{ "type": "Feature", "properties": { "内容": "安心・あさがお居宅介護事業所【訪問介護】南相馬市鹿島区西町３丁目６２", "url": "https://www.kaigokensaku.mhlw.go.jp/07/index.php?action_kouhyou_detail_004_kani=true&JigyosyoCd=0771200359-00&ServiceCd=110&Type=search", "url2": "http://www8.plala.or.jp/asagao/" }, "geometry": { "type": "Point", "coordinates": [ 140.957609063493322, 37.71124874584045 ] } },
{ "type": "Feature", "properties": { "内容": "福寿園ヘルパーステーション【訪問介護】福島県南相馬市原町区高見町二丁目70番地", "url": "https://www.kaigokensaku.mhlw.go.jp/07/index.php?action_kouhyou_detail_004_kani=true&JigyosyoCd=0770600104-00&ServiceCd=110&Type=search", "url2": "http://minamisomafukushikai.or.jp/" }, "geometry": { "type": "Point", "coordinates": [ 140.984937299999956, 37.635812199999975 ] } },
{ "type": "Feature", "properties": { "内容": "ニチイケアセンター原町【訪問介護】福島県南相馬市原町区旭町3-25", "url": "https://www.kaigokensaku.mhlw.go.jp/07/index.php?action_kouhyou_detail_004_kani=true&JigyosyoCd=0770600179-00&ServiceCd=110&Type=search", "url2": "www.nichiigakkan.co.jp" }, "geometry": { "type": "Point", "coordinates": [ 140.96961639999995, 37.6363672 ] } },
{ "type": "Feature", "properties": { "内容": "愛あいヘルパーステーション【訪問介護】福島県伊達市保原町字八幡町５９番地", "url": "https://www.kaigokensaku.mhlw.go.jp/07/index.php?action_kouhyou_detail_004_kani=true&JigyosyoCd=0771300431-00&ServiceCd=110&Type=search", "url2": null }, "geometry": { "type": "Point", "coordinates": [ 140.546406121039951, 37.830058931431431 ] } },
{ "type": "Feature", "properties": { "内容": "ヘルパーステーション　アスウェル【訪問介護】福島県伊達市保原町字実町10番地6", "url": "https://www.kaigokensaku.mhlw.go.jp/07/index.php?action_kouhyou_detail_004_kani=true&JigyosyoCd=0771300811-00&ServiceCd=110&Type=search", "url2": null }, "geometry": { "type": "Point", "coordinates": [ 140.549473199999966, 37.8172604 ] } },
{ "type": "Feature", "properties": { "内容": "株式会社Helios【訪問介護】福島県伊達市箱崎字布川130-1なし", "url": "https://www.kaigokensaku.mhlw.go.jp/07/index.php?action_kouhyou_detail_004_kani=true&JigyosyoCd=0771300761-00&ServiceCd=110&Type=search", "url2": "なし" }, "geometry": { "type": "Point", "coordinates": [ 140.5187261, 37.821985300000016 ] } },
{ "type": "Feature", "properties": { "内容": "まるわケアステーション【訪問介護】福島県伊達市保原町字九丁目１４番地", "url": "https://www.kaigokensaku.mhlw.go.jp/07/index.php?action_kouhyou_detail_004_kani=true&JigyosyoCd=0772000972-00&ServiceCd=110&Type=search", "url2": "https://maruwa-taxi.com/" }, "geometry": { "type": "Point", "coordinates": [ 140.554472613275152, 37.823266179912451 ] } },
{ "type": "Feature", "properties": { "内容": "有限会社谷口ビルサービス（シルバーケア谷口）【訪問介護】福島県伊達市梁川町柳田字町ノ内２６", "url": "https://www.kaigokensaku.mhlw.go.jp/07/index.php?action_kouhyou_detail_004_kani=true&JigyosyoCd=0772000238-00&ServiceCd=110&Type=search", "url2": null }, "geometry": { "type": "Point", "coordinates": [ 140.584583299999963, 37.84287 ] } },
{ "type": "Feature", "properties": { "内容": "訪問介護事業所ハイジ【訪問介護】福島県伊達市保原町泉町100-1", "url": "https://www.kaigokensaku.mhlw.go.jp/07/index.php?action_kouhyou_detail_004_kani=true&JigyosyoCd=0771300308-00&ServiceCd=110&Type=search", "url2": null }, "geometry": { "type": "Point", "coordinates": [ 140.547117492258792, 37.821874280870787 ] } },
{ "type": "Feature", "properties": { "内容": "ハッピー愛ランドヘルパーステーションほばら【訪問介護】福島県伊達市保原町泉町9番地１", "url": "https://www.kaigokensaku.mhlw.go.jp/07/index.php?action_kouhyou_detail_004_kani=true&JigyosyoCd=0771300324-00&ServiceCd=110&Type=search", "url2": "http://www.happyisland.org/" }, "geometry": { "type": "Point", "coordinates": [ 140.5463124186019, 37.824226836283351 ] } },
{ "type": "Feature", "properties": { "内容": "霊山ヘルパーステーション【訪問介護】福島県伊達市霊山町掛田字町田14-5霊山総合福祉センター　茶臼の里", "url": "https://www.kaigokensaku.mhlw.go.jp/07/index.php?action_kouhyou_detail_004_kani=true&JigyosyoCd=0771300134-00&ServiceCd=110&Type=search", "url2": "http://www.dateshisyakyou.org" }, "geometry": { "type": "Point", "coordinates": [ 140.598247899999933, 37.7799964 ] } },
{ "type": "Feature", "properties": { "内容": "あっぷるヘルパーステーション【訪問介護】福島県伊達市霊山町掛田字西裏55", "url": "https://www.kaigokensaku.mhlw.go.jp/07/index.php?action_kouhyou_detail_004_kani=true&JigyosyoCd=0771300647-00&ServiceCd=110&Type=search", "url2": "https://www.networktyouzai.com/privacy/" }, "geometry": { "type": "Point", "coordinates": [ 140.593739853532782, 37.784815619353971 ] } },
{ "type": "Feature", "properties": { "内容": "ホームヘルパーステーションかおる【訪問介護】伊達市保原町元町23番地の6", "url": "https://www.kaigokensaku.mhlw.go.jp/07/index.php?action_kouhyou_detail_004_kani=true&JigyosyoCd=0771300654-00&ServiceCd=110&Type=search", "url2": "https://caresapo-kaoru.jp/" }, "geometry": { "type": "Point", "coordinates": [ 140.558299799841421, 37.822199342959777 ] } },
{ "type": "Feature", "properties": { "内容": "梁川ヘルパーステーション【訪問介護】伊達市梁川町字菖蒲沢84寿健康センター", "url": "https://www.kaigokensaku.mhlw.go.jp/07/index.php?action_kouhyou_detail_004_kani=true&JigyosyoCd=0771300928-00&ServiceCd=110&Type=search", "url2": "http://www.dateshisyakyou.org" }, "geometry": { "type": "Point", "coordinates": [ 140.6166351, 37.8557852 ] } },
{ "type": "Feature", "properties": { "内容": "指定訪問介護事業所　ヘルパーステーション　日和【訪問介護】福島県伊達市梁川町字赤五輪７５－３", "url": "https://www.kaigokensaku.mhlw.go.jp/07/index.php?action_kouhyou_detail_004_kani=true&JigyosyoCd=0772000279-00&ServiceCd=110&Type=search", "url2": "http://www.s-hiyori.com/" }, "geometry": { "type": "Point", "coordinates": [ 140.615385599999968, 37.8589834 ] } },
{ "type": "Feature", "properties": { "内容": "JAふくしま未来ヘルパーステーションほほえみ【訪問介護】福島県伊達市保原町七丁目33番地３", "url": "https://www.kaigokensaku.mhlw.go.jp/07/index.php?action_kouhyou_detail_004_kani=true&JigyosyoCd=0771300720-00&ServiceCd=110&Type=search", "url2": null }, "geometry": { "type": "Point", "coordinates": [ 140.551731199999949, 37.82161 ] } },
{ "type": "Feature", "properties": { "内容": "伊達ヘルパーステーション【訪問介護】福島県伊達市箱崎字川端7伊達ふれあいセンター", "url": "https://www.kaigokensaku.mhlw.go.jp/07/index.php?action_kouhyou_detail_004_kani=true&JigyosyoCd=0771300910-00&ServiceCd=110&Type=search", "url2": "http://www.dateshisyakyou.org" }, "geometry": { "type": "Point", "coordinates": [ 140.51067, 37.8155475 ] } },
{ "type": "Feature", "properties": { "内容": "指定訪問介護事業所「かあさん」【訪問介護】福島県伊達市霊山町掛田字岡30-9", "url": "https://www.kaigokensaku.mhlw.go.jp/07/index.php?action_kouhyou_detail_004_kani=true&JigyosyoCd=0772000220-00&ServiceCd=110&Type=search", "url2": "https://youi-kai.org" }, "geometry": { "type": "Point", "coordinates": [ 140.59372039999991, 37.782157100000042 ] } },
{ "type": "Feature", "properties": { "内容": "訪問介護　おてひめ【訪問介護】福島県伊達市月舘町御代田字扶桑畑42番地１", "url": "https://www.kaigokensaku.mhlw.go.jp/07/index.php?action_kouhyou_detail_004_kani=true&JigyosyoCd=0771300696-00&ServiceCd=110&Type=search", "url2": "https://morieno.com" }, "geometry": { "type": "Point", "coordinates": [ 140.609208800000033, 37.7574213 ] } },
{ "type": "Feature", "properties": { "内容": "あぶくまヘルパーステーション【訪問介護】福島県伊達市保原町上保原字大地内39番地４", "url": "https://www.kaigokensaku.mhlw.go.jp/07/index.php?action_kouhyou_detail_004_kani=true&JigyosyoCd=0772000295-00&ServiceCd=110&Type=search", "url2": "http://www.jinsenkai.or.jp" }, "geometry": { "type": "Point", "coordinates": [ 140.503432, 37.8201119 ] } },
{ "type": "Feature", "properties": { "内容": "タウンケア訪問介護サービス【訪問介護】福島県伊達市保原町字宮下６７－３", "url": "https://www.kaigokensaku.mhlw.go.jp/07/index.php?action_kouhyou_detail_004_kani=true&JigyosyoCd=0771300787-00&ServiceCd=110&Type=search", "url2": "http://hp.kaipoke.biz/1kt/" }, "geometry": { "type": "Point", "coordinates": [ 140.556676099565919, 37.820291656653275 ] } },
{ "type": "Feature", "properties": { "内容": "社会福祉法人　本宮市社会福祉協議会　指定訪問介護事業所【訪問介護】福福島県本宮市白岩字堤崎494-22本宮市役所白沢総合支所", "url": "https://www.kaigokensaku.mhlw.go.jp/07/index.php?action_kouhyou_detail_004_kani=true&JigyosyoCd=0771400025-00&ServiceCd=110&Type=search", "url2": "http://schit.net./motomiya-shakyo/" }, "geometry": { "type": "Point", "coordinates": [ 140.453945305449992, 37.507484180814799 ] } },
{ "type": "Feature", "properties": { "内容": "マインド訪問介護センター【訪問介護】福島県本宮市本宮字万世160番地1", "url": "https://www.kaigokensaku.mhlw.go.jp/07/index.php?action_kouhyou_detail_004_kani=true&JigyosyoCd=0772100343-00&ServiceCd=110&Type=search", "url2": "http://www.mind-gr.co.jp" }, "geometry": { "type": "Point", "coordinates": [ 140.395653217614722, 37.514346495845928 ] } },
{ "type": "Feature", "properties": { "内容": "サンサンケアステーション【訪問介護】福島県伊達郡桑折町谷地字道下20-1", "url": "https://www.kaigokensaku.mhlw.go.jp/07/index.php?action_kouhyou_detail_004_kani=true&JigyosyoCd=0772000881-00&ServiceCd=110&Type=search", "url2": "https://www.sankyo-hire.com/" }, "geometry": { "type": "Point", "coordinates": [ 140.519158378573593, 37.854678944569315 ] } },
{ "type": "Feature", "properties": { "内容": "介護ステーション　バンビの森【訪問介護】福島県伊達郡桑折町成田字元宿１－２", "url": "https://www.kaigokensaku.mhlw.go.jp/07/index.php?action_kouhyou_detail_004_kani=true&JigyosyoCd=0772001376-00&ServiceCd=110&Type=search", "url2": "http://hp.kaipoke.biz/5t0" }, "geometry": { "type": "Point", "coordinates": [ 140.507869073347933, 37.835945024749186 ] } },
{ "type": "Feature", "properties": { "内容": "社会福祉法人　国見町社会福祉協議会　指定訪問介護事業所【訪問介護】福島県伊達郡国見町大字藤田字南４４番１", "url": "https://www.kaigokensaku.mhlw.go.jp/07/index.php?action_kouhyou_detail_004_kani=true&JigyosyoCd=0772000675-00&ServiceCd=110&Type=search", "url2": "http://www.kunimi-shakyo.or.jp/" }, "geometry": { "type": "Point", "coordinates": [ 140.544626599999987, 37.8750483 ] } },
{ "type": "Feature", "properties": { "内容": "ＮＰＯまごころ介護【訪問介護】福島県伊達郡国見町大字藤田字日渡四18-1", "url": "https://www.kaigokensaku.mhlw.go.jp/07/index.php?action_kouhyou_detail_004_kani=true&JigyosyoCd=0772000840-00&ServiceCd=110&Type=search", "url2": "https://www.magokoro923.com/" }, "geometry": { "type": "Point", "coordinates": [ 140.545221648023926, 37.874488058899693 ] } },
{ "type": "Feature", "properties": { "内容": "訪問介護ステーション　ほしぞら【訪問介護】福島県伊達郡国見町小坂字小坂50-1", "url": "https://www.kaigokensaku.mhlw.go.jp/07/index.php?action_kouhyou_detail_004_kani=true&JigyosyoCd=0772001491-00&ServiceCd=110&Type=search", "url2": null }, "geometry": { "type": "Point", "coordinates": [ 140.5225365, 37.8902708 ] } },
{ "type": "Feature", "properties": { "内容": "ピュアート訪問介護事業所【訪問介護】福島県伊達郡川俣町大字秋山字山ノ坊4-1", "url": "https://www.kaigokensaku.mhlw.go.jp/07/index.php?action_kouhyou_detail_004_kani=true&JigyosyoCd=0772001392-00&ServiceCd=110&Type=search", "url2": "http://www.puret-f.jp" }, "geometry": { "type": "Point", "coordinates": [ 140.560585100000054, 37.687034 ] } },
{ "type": "Feature", "properties": { "内容": "済生会光風園訪問介護事業所【訪問介護】福島県伊達郡川俣町字上桜23-1", "url": "https://www.kaigokensaku.mhlw.go.jp/07/index.php?action_kouhyou_detail_004_kani=true&JigyosyoCd=0772001293-00&ServiceCd=110&Type=search", "url2": "www.kawamata.saiseikai.or.jp/kawamata-koufuen/" }, "geometry": { "type": "Point", "coordinates": [ 140.603173299999952, 37.651828400000014 ] } },
{ "type": "Feature", "properties": { "内容": "川俣町社会福祉協議会指定訪問介護事業所【訪問介護】福島県伊達郡川俣町字川原田19-2", "url": "https://www.kaigokensaku.mhlw.go.jp/07/index.php?action_kouhyou_detail_004_kani=true&JigyosyoCd=0772001517-00&ServiceCd=110&Type=search", "url2": "http://kawamata-shakyo.or.jp/" }, "geometry": { "type": "Point", "coordinates": [ 140.606844122090138, 37.657501303315755 ] } },
{ "type": "Feature", "properties": { "内容": "社会福祉法人大玉村社会福祉協議会大玉村社協ヘルプサ-ビス【訪問介護】福島県安達郡大玉村玉井字台36-1番地大玉村地域包括支援センター", "url": "https://www.kaigokensaku.mhlw.go.jp/07/index.php?action_kouhyou_detail_004_kani=true&JigyosyoCd=0772100236-00&ServiceCd=110&Type=search", "url2": "https://ootama-syakyo.jp" }, "geometry": { "type": "Point", "coordinates": [ 140.3695421, 37.5348669 ] } },
{ "type": "Feature", "properties": { "内容": "くおん訪問介護【訪問介護】福島県岩瀬郡鏡石町本町1-1", "url": "https://www.kaigokensaku.mhlw.go.jp/07/index.php?action_kouhyou_detail_004_kani=true&JigyosyoCd=0772200341-00&ServiceCd=110&Type=search", "url2": "http://hp.kaipoke.biz/68f/" }, "geometry": { "type": "Point", "coordinates": [ 140.3518281, 37.2609734 ] } },
{ "type": "Feature", "properties": { "内容": "訪問介護ステーション　菜の花【訪問介護】福島県岩瀬郡鏡石町本町50", "url": "https://www.kaigokensaku.mhlw.go.jp/07/index.php?action_kouhyou_detail_004_kani=true&JigyosyoCd=0772200291-00&ServiceCd=110&Type=search", "url2": null }, "geometry": { "type": "Point", "coordinates": [ 140.349660299999982, 37.2592545 ] } },
{ "type": "Feature", "properties": { "内容": "天栄村ホームヘルパーステーション【訪問介護】福島県岩瀬郡天栄村大字下松本字富士見山１５－１", "url": "https://www.kaigokensaku.mhlw.go.jp/07/index.php?action_kouhyou_detail_004_kani=true&JigyosyoCd=0772200143-00&ServiceCd=110&Type=search", "url2": "http://www.teneishakyo,or.jp" }, "geometry": { "type": "Point", "coordinates": [ 140.245382100000029, 37.2578892 ] } },
{ "type": "Feature", "properties": { "内容": "下郷町社会福祉協議会指定居宅サービス事業所【訪問介護】福島県南会津郡下郷町大字湯野上字杉ノ内乙５４８番地", "url": "https://www.kaigokensaku.mhlw.go.jp/07/index.php?action_kouhyou_detail_004_kani=true&JigyosyoCd=0772300208-00&ServiceCd=110&Type=search", "url2": "https://simogo-shakyo.or.jp" }, "geometry": { "type": "Point", "coordinates": [ 139.899781676443439, 37.296121256167851 ] } },
{ "type": "Feature", "properties": { "内容": "社会福祉法人　只見町社会福祉協議会【訪問介護】福島県南会津郡只見町大字長浜字唱平６０番地", "url": "https://www.kaigokensaku.mhlw.go.jp/07/index.php?action_kouhyou_detail_004_kani=true&JigyosyoCd=0772300109-00&ServiceCd=110&Type=search", "url2": "http://www.yamabikokatsudo.or.jp/index.html" }, "geometry": { "type": "Point", "coordinates": [ 139.3743786, 37.3036706 ] } },
{ "type": "Feature", "properties": { "内容": "南会津町社協指定訪問介護事業所【訪問介護】福島県南会津郡南会津町田島字中町甲３９１８番地１０", "url": "https://www.kaigokensaku.mhlw.go.jp/07/index.php?action_kouhyou_detail_004_kani=true&JigyosyoCd=0772300539-00&ServiceCd=110&Type=search", "url2": "https://m-aizu-shakyo.or.jp/" }, "geometry": { "type": "Point", "coordinates": [ 139.773957, 37.2007115 ] } },
{ "type": "Feature", "properties": { "内容": "JA会津よつば　ふれ愛センター　みなみ【訪問介護】福島県南会津郡南会津町田島字行司７６番地", "url": "https://www.kaigokensaku.mhlw.go.jp/07/index.php?action_kouhyou_detail_004_kani=true&JigyosyoCd=0772300703-00&ServiceCd=110&Type=search", "url2": "https://aizuyotuba.jp/business/fukushi/" }, "geometry": { "type": "Point", "coordinates": [ 139.771625255372356, 37.204394125442477 ] } },
{ "type": "Feature", "properties": { "内容": "社会福祉法人　北塩原村社会福祉協議会　訪問介護事業所【訪問介護】福島県耶麻郡北塩原村大字大塩字堀田8518番地93", "url": "https://www.kaigokensaku.mhlw.go.jp/07/index.php?action_kouhyou_detail_004_kani=true&JigyosyoCd=0772500658-00&ServiceCd=110&Type=search", "url2": "https://kitashiobara-shakyo.or.jp/" }, "geometry": { "type": "Point", "coordinates": [ 140.01422070000001, 37.6610252 ] } },
{ "type": "Feature", "properties": { "内容": "西会津町訪問介護事業所【訪問介護】福島県耶麻郡西会津町登世島字田畑乙2042-89", "url": "https://www.kaigokensaku.mhlw.go.jp/07/index.php?action_kouhyou_detail_004_kani=true&JigyosyoCd=0772500179-00&ServiceCd=110&Type=search", "url2": "http://www.h7.dion.ne.jp/~nisifuku/" }, "geometry": { "type": "Point", "coordinates": [ 139.640372500000012, 37.5972359 ] } },
{ "type": "Feature", "properties": { "内容": "つばさ訪問介護事業所【訪問介護】福島県耶麻郡猪苗代町大字磐里字百目貫736番地1", "url": "https://www.kaigokensaku.mhlw.go.jp/07/index.php?action_kouhyou_detail_004_kani=true&JigyosyoCd=0772500500-00&ServiceCd=110&Type=search", "url2": null }, "geometry": { "type": "Point", "coordinates": [ 140.098167500000045, 37.5494868 ] } },
{ "type": "Feature", "properties": { "内容": "ケアテルヘルパーセンター【訪問介護】福島県耶麻郡猪苗代町大字川桁字元寺2403番地1", "url": "https://www.kaigokensaku.mhlw.go.jp/07/index.php?action_kouhyou_detail_004_kani=true&JigyosyoCd=0772500484-00&ServiceCd=110&Type=search", "url2": "http://www.caretel.jp/" }, "geometry": { "type": "Point", "coordinates": [ 140.102874899999961, 37.549724800000014 ] } },
{ "type": "Feature", "properties": { "内容": "マイム介護センターばんげ【訪問介護】福島県河沼郡会津坂下町字台ノ下７４５番地", "url": "https://www.kaigokensaku.mhlw.go.jp/07/index.php?action_kouhyou_detail_004_kani=true&JigyosyoCd=0772600359-00&ServiceCd=110&Type=search", "url2": "http://www.aizu-jp.net/maimu/" }, "geometry": { "type": "Point", "coordinates": [ 139.833122199999906, 37.5588565 ] } },
{ "type": "Feature", "properties": { "内容": "有限会社　愛の里　ケアステーション陽だまり【訪問介護】福島県河沼郡会津坂下町大字気多宮字柳田１０５９－２", "url": "https://www.kaigokensaku.mhlw.go.jp/07/index.php?action_kouhyou_detail_004_kani=true&JigyosyoCd=0772600300-00&ServiceCd=110&Type=search", "url2": "http://ainosato-hidamari.com/" }, "geometry": { "type": "Point", "coordinates": [ 139.80700760000002, 37.569857200000015 ] } },
{ "type": "Feature", "properties": { "内容": "合同会社あったかⅠ'ｚケアステーションつぼみ【訪問介護】福島県河沼郡会津坂下町字舘ノ内甲２５１２番地笠井アパート新１号", "url": "https://www.kaigokensaku.mhlw.go.jp/07/index.php?action_kouhyou_detail_004_kani=true&JigyosyoCd=0772600425-00&ServiceCd=110&Type=search", "url2": "attakaiz-com" }, "geometry": { "type": "Point", "coordinates": [ 139.816720700000019, 37.5625028 ] } },
{ "type": "Feature", "properties": { "内容": "会津坂下ホームヘルプサービスセンター【訪問介護】福島県河沼郡会津坂下町字中岩田95", "url": "https://www.kaigokensaku.mhlw.go.jp/07/index.php?action_kouhyou_detail_004_kani=true&JigyosyoCd=0772600151-00&ServiceCd=110&Type=search", "url2": "www.magokoro-egao-anshin.com/" }, "geometry": { "type": "Point", "coordinates": [ 139.812302583605941, 37.561308421959424 ] } },
{ "type": "Feature", "properties": { "内容": "ニチイケアセンターばんげ【訪問介護】福島県河沼郡会津坂下町大字宮古字村西40-3", "url": "https://www.kaigokensaku.mhlw.go.jp/07/index.php?action_kouhyou_detail_004_kani=true&JigyosyoCd=0772600201-00&ServiceCd=110&Type=search", "url2": "http://www.nichiigakkan.co.jp" }, "geometry": { "type": "Point", "coordinates": [ 139.8474043, 37.557371 ] } },
{ "type": "Feature", "properties": { "内容": "柳津町社会福祉協議会訪問介護サービス【訪問介護】福島県河沼郡柳津町大字柳津字下荒町甲1111番地", "url": "https://www.kaigokensaku.mhlw.go.jp/07/index.php?action_kouhyou_detail_004_kani=true&JigyosyoCd=0782600027-00&ServiceCd=110&Type=search", "url2": "https://yanaizusyakyo.wixsite.com/website" }, "geometry": { "type": "Point", "coordinates": [ 139.727666499999941, 37.5294786 ] } },
{ "type": "Feature", "properties": { "内容": "桐寿苑ホームヘルプサービス【訪問介護】福島県大沼郡三島町大字宮下字坂ノ下659番地", "url": "https://www.kaigokensaku.mhlw.go.jp/07/index.php?action_kouhyou_detail_004_kani=true&JigyosyoCd=0782700041-00&ServiceCd=110&Type=search", "url2": "https://www.mishima1.jp" }, "geometry": { "type": "Point", "coordinates": [ 139.6259302, 37.4499969 ] } },
{ "type": "Feature", "properties": { "内容": "ホームヘルプステーション「ゆうゆう」【訪問介護】福島県大沼郡金山町大字中川字沖根原１３２４番地", "url": "https://www.kaigokensaku.mhlw.go.jp/07/index.php?action_kouhyou_detail_004_kani=true&JigyosyoCd=0772700100-00&ServiceCd=110&Type=search", "url2": "https://kaneyamashakyo.or.jp/" }, "geometry": { "type": "Point", "coordinates": [ 139.529466, 37.4745462 ] } },
{ "type": "Feature", "properties": { "内容": "会津美里町社会福祉協議会ヘルパーステーション【訪問介護】福島県大沼郡会津美里町下堀字中川360-4", "url": "https://www.kaigokensaku.mhlw.go.jp/07/index.php?action_kouhyou_detail_004_kani=true&JigyosyoCd=0772700407-00&ServiceCd=110&Type=search", "url2": "aizumisato-syakyo@galaxy.ocn.ne.jp" }, "geometry": { "type": "Point", "coordinates": [ 139.8449498, 37.4583346 ] } },
{ "type": "Feature", "properties": { "内容": "宮川荘ホームヘルパーステーション【訪問介護】大沼郡会津美里町字高田道上2869-8", "url": "https://www.kaigokensaku.mhlw.go.jp/07/index.php?action_kouhyou_detail_004_kani=true&JigyosyoCd=0772700217-00&ServiceCd=110&Type=search", "url2": "https://senoukai.or.jp/" }, "geometry": { "type": "Point", "coordinates": [ 139.8459063, 37.4683113 ] } },
{ "type": "Feature", "properties": { "内容": "ニチイケアセンター会津本郷【訪問介護】福島県大沼郡会津美里町字新町263番地1", "url": "https://www.kaigokensaku.mhlw.go.jp/07/index.php?action_kouhyou_detail_004_kani=true&JigyosyoCd=0772700589-00&ServiceCd=110&Type=search", "url2": "hstbt3@nichiigakkann.co.jp" }, "geometry": { "type": "Point", "coordinates": [ 139.89160050000001, 37.4547316 ] } },
{ "type": "Feature", "properties": { "内容": "医療法人明精会　会津本郷ヘルパーステーション【訪問介護】福島県大沼郡会津美里町字北川原１９番地", "url": "https://www.kaigokensaku.mhlw.go.jp/07/index.php?action_kouhyou_detail_004_kani=true&JigyosyoCd=0772700159-00&ServiceCd=110&Type=search", "url2": "http://www.meisei-kai.or.jp" }, "geometry": { "type": "Point", "coordinates": [ 139.885746299999937, 37.4521532 ] } },
{ "type": "Feature", "properties": { "内容": "ＪＡ会津よつばふれ愛センターみどり【訪問介護】福島県大沼郡会津美里町立石田字古宮前甲326番地-2新鶴支店２階", "url": "https://www.kaigokensaku.mhlw.go.jp/07/index.php?action_kouhyou_detail_004_kani=true&JigyosyoCd=0772700464-00&ServiceCd=110&Type=search", "url2": null }, "geometry": { "type": "Point", "coordinates": [ 139.828899399999955, 37.517678 ] } },
{ "type": "Feature", "properties": { "内容": "社会福祉法人心愛会ホームヘルプサービス【訪問介護】福島県大沼郡会津美里町字北川原14番地ケアハウス　ハーモニーほんごう", "url": "https://www.kaigokensaku.mhlw.go.jp/07/index.php?action_kouhyou_detail_004_kani=true&JigyosyoCd=0770201069-00&ServiceCd=110&Type=search", "url2": "http://sin-ai.com/" }, "geometry": { "type": "Point", "coordinates": [ 139.885866106319412, 37.453298561329731 ] } },
{ "type": "Feature", "properties": { "内容": "あったかヘルパーステーション【訪問介護】福島県西白河郡西郷村字下前田西50", "url": "https://www.kaigokensaku.mhlw.go.jp/07/index.php?action_kouhyou_detail_004_kani=true&JigyosyoCd=0772801056-00&ServiceCd=110&Type=search", "url2": "https://www.attaka.support/taxi" }, "geometry": { "type": "Point", "coordinates": [ 140.1888615, 37.1243525 ] } },
{ "type": "Feature", "properties": { "内容": "社会福祉法人西郷村社会福祉協議会指定訪問介護事業所【訪問介護】福島県西白河郡西郷村大字小田倉字上川向76番地１西郷村保健福祉センター内", "url": "https://www.kaigokensaku.mhlw.go.jp/07/index.php?action_kouhyou_detail_004_kani=true&JigyosyoCd=0772800264-00&ServiceCd=110&Type=search", "url2": "http://www.nishigoshakyo.com/" }, "geometry": { "type": "Point", "coordinates": [ 140.156232315725646, 37.124193847045525 ] } },
{ "type": "Feature", "properties": { "内容": "ぐっとへるぷ【訪問介護】福島県西白河郡西郷村大字小田倉字向原27-1コーポ菊地10号室", "url": "https://www.kaigokensaku.mhlw.go.jp/07/index.php?action_kouhyou_detail_004_kani=true&JigyosyoCd=0772801106-00&ServiceCd=110&Type=search", "url2": "https://www.yoko8.net" }, "geometry": { "type": "Point", "coordinates": [ 140.183523, 37.118681600000016 ] } },
{ "type": "Feature", "properties": { "内容": "丸光産業株式会社　丸光ケアサービス白河支店【訪問介護】福島県西白河郡西郷村大字柏野字鞍石１５－１", "url": "https://www.kaigokensaku.mhlw.go.jp/07/index.php?action_kouhyou_detail_004_kani=true&JigyosyoCd=0772800207-00&ServiceCd=110&Type=search", "url2": "http://marumitsu-care.jp/" }, "geometry": { "type": "Point", "coordinates": [ 140.1788666, 37.1592301 ] } },
{ "type": "Feature", "properties": { "内容": "泉崎村社会福祉協議会ホームヘルプサービス事業所【訪問介護】福島県西白河郡泉崎村大字泉崎字山ヶ入１０１番地泉崎村保健福祉総合センター内", "url": "https://www.kaigokensaku.mhlw.go.jp/07/index.php?action_kouhyou_detail_004_kani=true&JigyosyoCd=0772800272-00&ServiceCd=110&Type=search", "url2": null }, "geometry": { "type": "Point", "coordinates": [ 140.291604799999959, 37.1581216 ] } },
{ "type": "Feature", "properties": { "内容": "矢吹町指定訪問介護事業所【訪問介護】福島県西白河郡矢吹町一本木100-1", "url": "https://www.kaigokensaku.mhlw.go.jp/07/index.php?action_kouhyou_detail_004_kani=true&JigyosyoCd=0772800223-00&ServiceCd=110&Type=search", "url2": null }, "geometry": { "type": "Point", "coordinates": [ 140.339802800000029, 37.2025913 ] } },
{ "type": "Feature", "properties": { "内容": "ニチイケアセンター矢吹【訪問介護】福島県西白河郡矢吹町大池431-1メゾン大池I棟1階B号室", "url": "https://www.kaigokensaku.mhlw.go.jp/07/index.php?action_kouhyou_detail_004_kani=true&JigyosyoCd=0772801031-00&ServiceCd=110&Type=search", "url2": null }, "geometry": { "type": "Point", "coordinates": [ 140.329963600000042, 37.2112172 ] } },
{ "type": "Feature", "properties": { "内容": "サンスマイル訪問介護事業所【訪問介護】福島県西白河郡矢吹町田町８６－３", "url": "https://www.kaigokensaku.mhlw.go.jp/07/index.php?action_kouhyou_detail_004_kani=true&JigyosyoCd=0772800884-00&ServiceCd=110&Type=search", "url2": "http://sunsmile,jp.net/" }, "geometry": { "type": "Point", "coordinates": [ 140.467551400000048, 37.750298600000015 ] } },
{ "type": "Feature", "properties": { "内容": "東西しらかわ農業協同組合いきいき福祉センター【訪問介護】福島県東白川郡棚倉町大字流字中豊88", "url": "https://www.kaigokensaku.mhlw.go.jp/07/index.php?action_kouhyou_detail_004_kani=true&JigyosyoCd=0772900304-00&ServiceCd=110&Type=search", "url2": "https://touzai7.com" }, "geometry": { "type": "Point", "coordinates": [ 140.394349134323846, 37.018427129028666 ] } },
{ "type": "Feature", "properties": { "内容": "社会福祉法人矢祭町社会福祉協議会【訪問介護】福島県東白川郡矢祭町大字小田川字春田16-1", "url": "https://www.kaigokensaku.mhlw.go.jp/07/index.php?action_kouhyou_detail_004_kani=true&JigyosyoCd=0772900114-00&ServiceCd=110&Type=search", "url2": "http://yamatsurisyakyo.or.jp/" }, "geometry": { "type": "Point", "coordinates": [ 140.424112710347003, 36.865831908345626 ] } },
{ "type": "Feature", "properties": { "内容": "社会福祉法人塙町社会福祉協議会塙町指定訪問介護事業所【訪問介護】福島県東白川郡塙町大字塙字材木町３２番地", "url": "https://www.kaigokensaku.mhlw.go.jp/07/index.php?action_kouhyou_detail_004_kani=true&JigyosyoCd=0772900148-00&ServiceCd=110&Type=search", "url2": "http://www.hanawa-shakyou.or.jp" }, "geometry": { "type": "Point", "coordinates": [ 140.40959220000002, 36.960959 ] } },
{ "type": "Feature", "properties": { "内容": "藤井ハイムやみぞ訪問介護事業所【訪問介護】福島県東白川郡塙町大字伊香字中妻293養護老人ホーム　藤井ハイムやみぞ", "url": "https://www.kaigokensaku.mhlw.go.jp/07/index.php?action_kouhyou_detail_004_kani=true&JigyosyoCd=0772900361-00&ServiceCd=110&Type=search", "url2": "https://fujii-heim.jp/" }, "geometry": { "type": "Point", "coordinates": [ 140.401270251589949, 36.938653479473032 ] } },
{ "type": "Feature", "properties": { "内容": "鮫川村介護事業所「ひだまり荘」【訪問介護】福島県東白川郡鮫川村大字赤坂中野字宿ノ入35", "url": "https://www.kaigokensaku.mhlw.go.jp/07/index.php?action_kouhyou_detail_004_kani=true&JigyosyoCd=0772900130-00&ServiceCd=110&Type=search", "url2": "samegawashakyo@athena.ocn.ne.jp" }, "geometry": { "type": "Point", "coordinates": [ 140.4978731, 37.0429685 ] } },
{ "type": "Feature", "properties": { "内容": "JA夢みなみ　福祉センターいしかわ訪問介護事業所【訪問介護】福島県石川郡石川町大字双里字神主１７番地", "url": "https://www.kaigokensaku.mhlw.go.jp/07/index.php?action_kouhyou_detail_004_kani=true&JigyosyoCd=0773000542-00&ServiceCd=110&Type=search", "url2": "ai-fukushi@ja-yumeminami.or.jp" }, "geometry": { "type": "Point", "coordinates": [ 140.4765744, 37.1468995 ] } },
{ "type": "Feature", "properties": { "内容": "石川町ヘルパーステーション【訪問介護】福島県石川郡石川町字渡里沢37-5", "url": "https://www.kaigokensaku.mhlw.go.jp/07/index.php?action_kouhyou_detail_004_kani=true&JigyosyoCd=0773000211-00&ServiceCd=110&Type=search", "url2": "http://schit.net/ishikawa-syakyo/home" }, "geometry": { "type": "Point", "coordinates": [ 140.440990282576962, 37.144775789961983 ] } },
{ "type": "Feature", "properties": { "内容": "介護事業所　玉川村ふれあいセンター【訪問介護】福島県石川郡玉川村大字中字入山59番地", "url": "https://www.kaigokensaku.mhlw.go.jp/07/index.php?action_kouhyou_detail_004_kani=true&JigyosyoCd=0773000245-00&ServiceCd=110&Type=search", "url2": "http://www.tamakawa-shakyo.jp/" }, "geometry": { "type": "Point", "coordinates": [ 140.410838099999978, 37.2160052 ] } },
{ "type": "Feature", "properties": { "内容": "平田村ヘルパーステーション【訪問介護】福島県石川郡平田村大字永田字戸花１５０番地地域福祉センター", "url": "https://www.kaigokensaku.mhlw.go.jp/07/index.php?action_kouhyou_detail_004_kani=true&JigyosyoCd=0773000120-00&ServiceCd=110&Type=search", "url2": "http://hiratashakyo.jp/" }, "geometry": { "type": "Point", "coordinates": [ 140.574043299999971, 37.2145224 ] } },
{ "type": "Feature", "properties": { "内容": "浅川町ヘルパーステーション【訪問介護】福島県石川郡浅川町大字袖山字森下288", "url": "https://www.kaigokensaku.mhlw.go.jp/07/index.php?action_kouhyou_detail_004_kani=true&JigyosyoCd=0773000153-00&ServiceCd=110&Type=search", "url2": "http://www.asakawashakyo.com" }, "geometry": { "type": "Point", "coordinates": [ 140.414159599999948, 37.0714792 ] } },
{ "type": "Feature", "properties": { "内容": "古殿町介護事業所「コスモス荘」【訪問介護】福島県石川郡古殿町大字松川字横川99番地1", "url": "https://www.kaigokensaku.mhlw.go.jp/07/index.php?action_kouhyou_detail_004_kani=true&JigyosyoCd=0773000179-00&ServiceCd=110&Type=search", "url2": "http://www.furushakyo.jp" }, "geometry": { "type": "Point", "coordinates": [ 140.558698700000036, 37.0856652 ] } },
{ "type": "Feature", "properties": { "内容": "三春町訪問介護事業所【訪問介護】福島県田村郡三春町字南町１番地", "url": "https://www.kaigokensaku.mhlw.go.jp/07/index.php?action_kouhyou_detail_004_kani=true&JigyosyoCd=0773100235-00&ServiceCd=110&Type=search", "url2": "http://www.miharu-shakyo.jp" }, "geometry": { "type": "Point", "coordinates": [ 140.493526800000041, 37.4408421 ] } },
{ "type": "Feature", "properties": { "内容": "訪問介護事業所　家路【訪問介護】福島県田村郡三春町大町32-1みはる壱番館501号室", "url": "https://www.kaigokensaku.mhlw.go.jp/07/index.php?action_kouhyou_detail_004_kani=true&JigyosyoCd=0773100839-00&ServiceCd=110&Type=search", "url2": null }, "geometry": { "type": "Point", "coordinates": [ 140.4898519, 37.4420296 ] } },
{ "type": "Feature", "properties": { "内容": "小野観光介護サービス【訪問介護】福島県田村郡小野町大字谷津作字高山３-５", "url": "https://www.kaigokensaku.mhlw.go.jp/07/index.php?action_kouhyou_detail_004_kani=true&JigyosyoCd=0773100664-00&ServiceCd=110&Type=search", "url2": null }, "geometry": { "type": "Point", "coordinates": [ 140.628462271263828, 37.271007540371237 ] } },
{ "type": "Feature", "properties": { "内容": "JA福島さくら　小野ふれあいセンター【訪問介護】福島県田村郡小野町大字小野新町字品ノ木44-2", "url": "https://www.kaigokensaku.mhlw.go.jp/07/index.php?action_kouhyou_detail_004_kani=true&JigyosyoCd=0773100789-00&ServiceCd=110&Type=search", "url2": "http://www.ja-fsakura.or.jp" }, "geometry": { "type": "Point", "coordinates": [ 140.624755, 37.291061 ] } },
{ "type": "Feature", "properties": { "内容": "広野町社会福祉協議会【訪問介護】福島県双葉郡広野町中央台一丁目４番地の１広野町老人福祉センター内", "url": "https://www.kaigokensaku.mhlw.go.jp/07/index.php?action_kouhyou_detail_004_kani=true&JigyosyoCd=0773200225-00&ServiceCd=110&Type=search", "url2": "https://schit.net/hirono-shakyou/" }, "geometry": { "type": "Point", "coordinates": [ 140.99233890000005, 37.2124311 ] } },
{ "type": "Feature", "properties": { "内容": "楢葉町社会福祉協議会　指定訪問介護事業所【訪問介護】福島県双葉郡楢葉町大字山田岡字大堤入31-1デイサービスセンター　やまゆり荘", "url": "https://www.kaigokensaku.mhlw.go.jp/07/index.php?action_kouhyou_detail_004_kani=true&JigyosyoCd=0773200134-00&ServiceCd=110&Type=search", "url2": null }, "geometry": { "type": "Point", "coordinates": [ 140.9961677, 37.249470199999983 ] } },
{ "type": "Feature", "properties": { "内容": "社会福祉法人富岡町社会福祉協議会【訪問介護】福島県双葉郡富岡町中央1丁目8番地の1富岡町総合福祉センター", "url": "https://www.kaigokensaku.mhlw.go.jp/07/index.php?action_kouhyou_detail_004_kani=true&JigyosyoCd=0783200033-00&ServiceCd=110&Type=search", "url2": "https://www.tomioka-shakyo.or.jp/" }, "geometry": { "type": "Point", "coordinates": [ 141.0078843, 37.3382928 ] } },
{ "type": "Feature", "properties": { "内容": "社会福祉法人川内村社会福祉協議会【訪問介護】福島県双葉郡川内村大字下川内字坂シ内133-5", "url": "https://www.kaigokensaku.mhlw.go.jp/07/index.php?action_kouhyou_detail_004_kani=true&JigyosyoCd=0783200017-00&ServiceCd=110&Type=search", "url2": "www.kawauchimura.jp" }, "geometry": { "type": "Point", "coordinates": [ 140.8369514, 37.3319479 ] } },
{ "type": "Feature", "properties": { "内容": "社会福祉法人　浪江町社会福祉協議会　訪問介護事業所(基準該当サービス)【訪問介護】福島県双葉郡浪江町大字権現堂字矢沢町6番地の1", "url": "https://www.kaigokensaku.mhlw.go.jp/07/index.php?action_kouhyou_detail_004_kani=true&JigyosyoCd=0783200041-00&ServiceCd=110&Type=search", "url2": "http://schit.net/namieshakyo/" }, "geometry": { "type": "Point", "coordinates": [ 140.9871475, 37.491353 ] } },
{ "type": "Feature", "properties": { "内容": "ニチイケアセンター新地【訪問介護】福島県相馬郡新地町駒ヶ嶺字新町103-1", "url": "https://www.kaigokensaku.mhlw.go.jp/07/index.php?action_kouhyou_detail_004_kani=true&JigyosyoCd=0773300272-00&ServiceCd=110&Type=search", "url2": ":hstp://www.nichiigakkan.co.jp" }, "geometry": { "type": "Point", "coordinates": [ 140.918875699999944, 37.8446437 ] } },
{ "type": "Feature", "properties": { "内容": "社会福祉法人　新地町社会福祉協議会【訪問介護】福島県相馬郡新地町谷地小屋字樋掛田４０番地の１", "url": "https://www.kaigokensaku.mhlw.go.jp/07/index.php?action_kouhyou_detail_004_kani=true&JigyosyoCd=0773300132-00&ServiceCd=110&Type=search", "url2": "https://www.shinchi-shakyo.jp" }, "geometry": { "type": "Point", "coordinates": [ 140.920466, 37.8762374 ] } }
]
}
