{
"type": "FeatureCollection",
"name": "geo_7_3",
"crs": { "type": "name", "properties": { "name": "urn:ogc:def:crs:OGC:1.3:CRS84" } },
"features": [
{ "type": "Feature", "properties": { "ID": 730730000001, "正式名称": "いいくぼ歯科", "機関区分": 3, "都道府県コード": 7, "市区町村コード": 201, "所在地": "福島県福島市南沢又字下番匠田１８－６", "緯度": 37.785161, "経度": 140.439294, "url": "https://www.iryou.teikyouseido.mhlw.go.jp/znk-web/juminkanja/S2430/initialize?prefCd=07&kikanCd=0730000001&kikanKbn=3", "url2": null, "内容": "いいくぼ歯科【3:歯科】福島県福島市南沢又字下番匠田１８－６" }, "geometry": { "type": "Point", "coordinates": [ 140.439294, 37.785161 ] } },
{ "type": "Feature", "properties": { "ID": 730730000005, "正式名称": "佐藤歯科医院", "機関区分": 3, "都道府県コード": 7, "市区町村コード": 201, "所在地": "福島県福島市早稲町８－１３", "緯度": 37.751578, "経度": 140.463733, "url": "https://www.iryou.teikyouseido.mhlw.go.jp/znk-web/juminkanja/S2430/initialize?prefCd=07&kikanCd=0730000005&kikanKbn=3", "url2": "https://fw-sato-dental.com/", "内容": "佐藤歯科医院【3:歯科】福島県福島市早稲町８－１３" }, "geometry": { "type": "Point", "coordinates": [ 140.463733, 37.751578 ] } },
{ "type": "Feature", "properties": { "ID": 730730000009, "正式名称": "勢島歯科医院", "機関区分": 3, "都道府県コード": 7, "市区町村コード": 201, "所在地": "福島県福島市宮下町１０－４", "緯度": 37.760628, "経度": 140.465925, "url": "https://www.iryou.teikyouseido.mhlw.go.jp/znk-web/juminkanja/S2430/initialize?prefCd=07&kikanCd=0730000009&kikanKbn=3", "url2": null, "内容": "勢島歯科医院【3:歯科】福島県福島市宮下町１０－４" }, "geometry": { "type": "Point", "coordinates": [ 140.465925, 37.760628 ] } },
{ "type": "Feature", "properties": { "ID": 730730000010, "正式名称": "富岡歯科医院", "機関区分": 3, "都道府県コード": 7, "市区町村コード": 201, "所在地": "福島県福島市瀬上町字四斗蒔１２－２", "緯度": 37.801342, "経度": 140.492536, "url": "https://www.iryou.teikyouseido.mhlw.go.jp/znk-web/juminkanja/S2430/initialize?prefCd=07&kikanCd=0730000010&kikanKbn=3", "url2": null, "内容": "富岡歯科医院【3:歯科】福島県福島市瀬上町字四斗蒔１２－２" }, "geometry": { "type": "Point", "coordinates": [ 140.492536, 37.801342 ] } },
{ "type": "Feature", "properties": { "ID": 730730000011, "正式名称": "医療法人　雄朋会　誉田歯科診療所", "機関区分": 3, "都道府県コード": 7, "市区町村コード": 201, "所在地": "福島県福島市松浪町６－２４", "緯度": 37.768078, "経度": 140.478986, "url": "https://www.iryou.teikyouseido.mhlw.go.jp/znk-web/juminkanja/S2430/initialize?prefCd=07&kikanCd=0730000011&kikanKbn=3", "url2": null, "内容": "医療法人　雄朋会　誉田歯科診療所【3:歯科】福島県福島市松浪町６－２４" }, "geometry": { "type": "Point", "coordinates": [ 140.478986, 37.768078 ] } },
{ "type": "Feature", "properties": { "ID": 730730000012, "正式名称": "みかわだい歯科小児歯科", "機関区分": 3, "都道府県コード": 7, "市区町村コード": 201, "所在地": "福島県福島市野田町１－１４－８１", "緯度": 37.7556, "経度": 140.4481, "url": "https://www.iryou.teikyouseido.mhlw.go.jp/znk-web/juminkanja/S2430/initialize?prefCd=07&kikanCd=0730000012&kikanKbn=3", "url2": "https://mikawadai.blogspot.com", "内容": "みかわだい歯科小児歯科【3:歯科】福島県福島市野田町１－１４－８１" }, "geometry": { "type": "Point", "coordinates": [ 140.4481, 37.7556 ] } },
{ "type": "Feature", "properties": { "ID": 730730000013, "正式名称": "渡辺歯科医院", "機関区分": 3, "都道府県コード": 7, "市区町村コード": 201, "所在地": "福島県福島市大町９－２９　第７寿ビル３階", "緯度": 37.758642, "経度": 140.468547, "url": "https://www.iryou.teikyouseido.mhlw.go.jp/znk-web/juminkanja/S2430/initialize?prefCd=07&kikanCd=0730000013&kikanKbn=3", "url2": null, "内容": "渡辺歯科医院【3:歯科】福島県福島市大町９－２９　第７寿ビル３階" }, "geometry": { "type": "Point", "coordinates": [ 140.468547, 37.758642 ] } },
{ "type": "Feature", "properties": { "ID": 730730000016, "正式名称": "セントラル歯科クリニック", "機関区分": 3, "都道府県コード": 7, "市区町村コード": 201, "所在地": "福島県福島市栄町７－３３　トヨタビル３階", "緯度": 37.754092, "経度": 140.462108, "url": "https://www.iryou.teikyouseido.mhlw.go.jp/znk-web/juminkanja/S2430/initialize?prefCd=07&kikanCd=0730000016&kikanKbn=3", "url2": "https://central-shika-clinic.com/", "内容": "セントラル歯科クリニック【3:歯科】福島県福島市栄町７－３３　トヨタビル３階" }, "geometry": { "type": "Point", "coordinates": [ 140.462108, 37.754092 ] } },
{ "type": "Feature", "properties": { "ID": 730730000018, "正式名称": "高木歯科医院", "機関区分": 3, "都道府県コード": 7, "市区町村コード": 201, "所在地": "福島県福島市泉道下１３－２", "緯度": 37.773231, "経度": 140.449372, "url": "https://www.iryou.teikyouseido.mhlw.go.jp/znk-web/juminkanja/S2430/initialize?prefCd=07&kikanCd=0730000018&kikanKbn=3", "url2": null, "内容": "高木歯科医院【3:歯科】福島県福島市泉道下１３－２" }, "geometry": { "type": "Point", "coordinates": [ 140.449372, 37.773231 ] } },
{ "type": "Feature", "properties": { "ID": 730730000019, "正式名称": "いわぶち歯科医院", "機関区分": 3, "都道府県コード": 7, "市区町村コード": 201, "所在地": "福島県福島市泉字泉川９－１３", "緯度": 37.777575, "経度": 140.446428, "url": "https://www.iryou.teikyouseido.mhlw.go.jp/znk-web/juminkanja/S2430/initialize?prefCd=07&kikanCd=0730000019&kikanKbn=3", "url2": "https://www.deastjp.com/", "内容": "いわぶち歯科医院【3:歯科】福島県福島市泉字泉川９－１３" }, "geometry": { "type": "Point", "coordinates": [ 140.446428, 37.777575 ] } },
{ "type": "Feature", "properties": { "ID": 730730000023, "正式名称": "樋口歯科医院", "機関区分": 3, "都道府県コード": 7, "市区町村コード": 201, "所在地": "福島県福島市岡島向中島６０―４", "緯度": 37.78955, "経度": 140.510297, "url": "https://www.iryou.teikyouseido.mhlw.go.jp/znk-web/juminkanja/S2430/initialize?prefCd=07&kikanCd=0730000023&kikanKbn=3", "url2": null, "内容": "樋口歯科医院【3:歯科】福島県福島市岡島向中島６０―４" }, "geometry": { "type": "Point", "coordinates": [ 140.510297, 37.78955 ] } },
{ "type": "Feature", "properties": { "ID": 730730000024, "正式名称": "吉田歯科医院", "機関区分": 3, "都道府県コード": 7, "市区町村コード": 201, "所在地": "福島県福島市町庭坂字内町４４", "緯度": 37.771381, "経度": 140.383558, "url": "https://www.iryou.teikyouseido.mhlw.go.jp/znk-web/juminkanja/S2430/initialize?prefCd=07&kikanCd=0730000024&kikanKbn=3", "url2": null, "内容": "吉田歯科医院【3:歯科】福島県福島市町庭坂字内町４４" }, "geometry": { "type": "Point", "coordinates": [ 140.383558, 37.771381 ] } },
{ "type": "Feature", "properties": { "ID": 730730000027, "正式名称": "いぬい歯科医院", "機関区分": 3, "都道府県コード": 7, "市区町村コード": 201, "所在地": "福島県福島市陣場町８－２７", "緯度": 37.756692, "経度": 140.463664, "url": "https://www.iryou.teikyouseido.mhlw.go.jp/znk-web/juminkanja/S2430/initialize?prefCd=07&kikanCd=0730000027&kikanKbn=3", "url2": "https://www.nadeshiko.jp/inui/", "内容": "いぬい歯科医院【3:歯科】福島県福島市陣場町８－２７" }, "geometry": { "type": "Point", "coordinates": [ 140.463664, 37.756692 ] } },
{ "type": "Feature", "properties": { "ID": 730730000030, "正式名称": "中山歯科医院", "機関区分": 3, "都道府県コード": 7, "市区町村コード": 201, "所在地": "福島県福島市瀬上町町尻７２－１", "緯度": 37.808583, "経度": 140.495831, "url": "https://www.iryou.teikyouseido.mhlw.go.jp/znk-web/juminkanja/S2430/initialize?prefCd=07&kikanCd=0730000030&kikanKbn=3", "url2": null, "内容": "中山歯科医院【3:歯科】福島県福島市瀬上町町尻７２－１" }, "geometry": { "type": "Point", "coordinates": [ 140.495831, 37.808583 ] } },
{ "type": "Feature", "properties": { "ID": 730730000032, "正式名称": "大森歯科クリニック", "機関区分": 3, "都道府県コード": 7, "市区町村コード": 201, "所在地": "福島県福島市大森字高畑２５－３", "緯度": 37.733608, "経度": 140.447683, "url": "https://www.iryou.teikyouseido.mhlw.go.jp/znk-web/juminkanja/S2430/initialize?prefCd=07&kikanCd=0730000032&kikanKbn=3", "url2": null, "内容": "大森歯科クリニック【3:歯科】福島県福島市大森字高畑２５－３" }, "geometry": { "type": "Point", "coordinates": [ 140.447683, 37.733608 ] } },
{ "type": "Feature", "properties": { "ID": 730730000036, "正式名称": "板橋歯科医院", "機関区分": 3, "都道府県コード": 7, "市区町村コード": 201, "所在地": "福島県福島市丸子前川原５７－１６", "緯度": 37.784325, "経度": 140.478642, "url": "https://www.iryou.teikyouseido.mhlw.go.jp/znk-web/juminkanja/S2430/initialize?prefCd=07&kikanCd=0730000036&kikanKbn=3", "url2": null, "内容": "板橋歯科医院【3:歯科】福島県福島市丸子前川原５７－１６" }, "geometry": { "type": "Point", "coordinates": [ 140.478642, 37.784325 ] } },
{ "type": "Feature", "properties": { "ID": 730730000037, "正式名称": "古川歯科医院", "機関区分": 3, "都道府県コード": 7, "市区町村コード": 201, "所在地": "福島県福島市蓬莱町６丁目８－２４", "緯度": 37.695483, "経度": 140.474792, "url": "https://www.iryou.teikyouseido.mhlw.go.jp/znk-web/juminkanja/S2430/initialize?prefCd=07&kikanCd=0730000037&kikanKbn=3", "url2": "http://www.coolwhite.net", "内容": "古川歯科医院【3:歯科】福島県福島市蓬莱町６丁目８－２４" }, "geometry": { "type": "Point", "coordinates": [ 140.474792, 37.695483 ] } },
{ "type": "Feature", "properties": { "ID": 730730000038, "正式名称": "宍戸歯科クリニック", "機関区分": 3, "都道府県コード": 7, "市区町村コード": 201, "所在地": "福島県福島市荒井庚申下２２－１１", "緯度": 37.721669, "経度": 140.384692, "url": "https://www.iryou.teikyouseido.mhlw.go.jp/znk-web/juminkanja/S2430/initialize?prefCd=07&kikanCd=0730000038&kikanKbn=3", "url2": null, "内容": "宍戸歯科クリニック【3:歯科】福島県福島市荒井庚申下２２－１１" }, "geometry": { "type": "Point", "coordinates": [ 140.384692, 37.721669 ] } },
{ "type": "Feature", "properties": { "ID": 730730000040, "正式名称": "大槻歯科医院", "機関区分": 3, "都道府県コード": 7, "市区町村コード": 201, "所在地": "福島県福島市田沢木曽内入２４番地の５", "緯度": 37.703586, "経度": 140.472508, "url": "https://www.iryou.teikyouseido.mhlw.go.jp/znk-web/juminkanja/S2430/initialize?prefCd=07&kikanCd=0730000040&kikanKbn=3", "url2": null, "内容": "大槻歯科医院【3:歯科】福島県福島市田沢木曽内入２４番地の５" }, "geometry": { "type": "Point", "coordinates": [ 140.472508, 37.703586 ] } },
{ "type": "Feature", "properties": { "ID": 730730000047, "正式名称": "入野歯科医院", "機関区分": 3, "都道府県コード": 7, "市区町村コード": 201, "所在地": "福島県福島市三河南町１４番７号", "緯度": 37.756358, "経度": 140.454975, "url": "https://www.iryou.teikyouseido.mhlw.go.jp/znk-web/juminkanja/S2430/initialize?prefCd=07&kikanCd=0730000047&kikanKbn=3", "url2": null, "内容": "入野歯科医院【3:歯科】福島県福島市三河南町１４番７号" }, "geometry": { "type": "Point", "coordinates": [ 140.454975, 37.756358 ] } },
{ "type": "Feature", "properties": { "ID": 730730000048, "正式名称": "やのめ歯科医院", "機関区分": 3, "都道府県コード": 7, "市区町村コード": 201, "所在地": "福島県福島市南矢野目小泉１７番地の７", "緯度": 37.785625, "経度": 140.459736, "url": "https://www.iryou.teikyouseido.mhlw.go.jp/znk-web/juminkanja/S2430/initialize?prefCd=07&kikanCd=0730000048&kikanKbn=3", "url2": null, "内容": "やのめ歯科医院【3:歯科】福島県福島市南矢野目小泉１７番地の７" }, "geometry": { "type": "Point", "coordinates": [ 140.459736, 37.785625 ] } },
{ "type": "Feature", "properties": { "ID": 730730000050, "正式名称": "みやけ歯科クリニック", "機関区分": 3, "都道府県コード": 7, "市区町村コード": 201, "所在地": "福島県福島市森合町１５番５号", "緯度": 37.762736, "経度": 140.464561, "url": "https://www.iryou.teikyouseido.mhlw.go.jp/znk-web/juminkanja/S2430/initialize?prefCd=07&kikanCd=0730000050&kikanKbn=3", "url2": "http://www.miyake-sika.com/", "内容": "みやけ歯科クリニック【3:歯科】福島県福島市森合町１５番５号" }, "geometry": { "type": "Point", "coordinates": [ 140.464561, 37.762736 ] } },
{ "type": "Feature", "properties": { "ID": 730730000051, "正式名称": "医療法人社団優美会　カーナデンタル＆ビューティークリニック", "機関区分": 3, "都道府県コード": 7, "市区町村コード": 201, "所在地": "福島県福島市大町１－１６　大町カーナビル２階", "緯度": 37.753397, "経度": 140.465456, "url": "https://www.iryou.teikyouseido.mhlw.go.jp/znk-web/juminkanja/S2430/initialize?prefCd=07&kikanCd=0730000051&kikanKbn=3", "url2": "http://carnadental.com/", "内容": "医療法人社団優美会　カーナデンタル＆ビューティークリニック【3:歯科】福島県福島市大町１－１６　大町カーナビル２階" }, "geometry": { "type": "Point", "coordinates": [ 140.465456, 37.753397 ] } },
{ "type": "Feature", "properties": { "ID": 730730000053, "正式名称": "あべ歯科医院", "機関区分": 3, "都道府県コード": 7, "市区町村コード": 201, "所在地": "福島県福島市南中央２丁目３１", "緯度": 37.761097, "経度": 140.435872, "url": "https://www.iryou.teikyouseido.mhlw.go.jp/znk-web/juminkanja/S2430/initialize?prefCd=07&kikanCd=0730000053&kikanKbn=3", "url2": "http://abeshika.cihp.jp/", "内容": "あべ歯科医院【3:歯科】福島県福島市南中央２丁目３１" }, "geometry": { "type": "Point", "coordinates": [ 140.435872, 37.761097 ] } },
{ "type": "Feature", "properties": { "ID": 730730000054, "正式名称": "工藤歯科医院", "機関区分": 3, "都道府県コード": 7, "市区町村コード": 201, "所在地": "福島県福島市飯坂町平野道下１２番地の５", "緯度": 37.808617, "経度": 140.443592, "url": "https://www.iryou.teikyouseido.mhlw.go.jp/znk-web/juminkanja/S2430/initialize?prefCd=07&kikanCd=0730000054&kikanKbn=3", "url2": null, "内容": "工藤歯科医院【3:歯科】福島県福島市飯坂町平野道下１２番地の５" }, "geometry": { "type": "Point", "coordinates": [ 140.443592, 37.808617 ] } },
{ "type": "Feature", "properties": { "ID": 730730000056, "正式名称": "とやの歯科医院", "機関区分": 3, "都道府県コード": 7, "市区町村コード": 201, "所在地": "福島県福島市鳥谷野水汲田４２－３", "緯度": 37.728508, "経度": 140.468481, "url": "https://www.iryou.teikyouseido.mhlw.go.jp/znk-web/juminkanja/S2430/initialize?prefCd=07&kikanCd=0730000056&kikanKbn=3", "url2": null, "内容": "とやの歯科医院【3:歯科】福島県福島市鳥谷野水汲田４２－３" }, "geometry": { "type": "Point", "coordinates": [ 140.468481, 37.728508 ] } },
{ "type": "Feature", "properties": { "ID": 730730000059, "正式名称": "宍戸歯科医院", "機関区分": 3, "都道府県コード": 7, "市区町村コード": 201, "所在地": "福島県福島市矢剣町２０－１１", "緯度": 37.750283, "経度": 140.456711, "url": "https://www.iryou.teikyouseido.mhlw.go.jp/znk-web/juminkanja/S2430/initialize?prefCd=07&kikanCd=0730000059&kikanKbn=3", "url2": null, "内容": "宍戸歯科医院【3:歯科】福島県福島市矢剣町２０－１１" }, "geometry": { "type": "Point", "coordinates": [ 140.456711, 37.750283 ] } },
{ "type": "Feature", "properties": { "ID": 730730000060, "正式名称": "あい歯科医院", "機関区分": 3, "都道府県コード": 7, "市区町村コード": 201, "所在地": "福島県福島市大森字赤沢６０－２", "緯度": 37.737981, "経度": 140.450119, "url": "https://www.iryou.teikyouseido.mhlw.go.jp/znk-web/juminkanja/S2430/initialize?prefCd=07&kikanCd=0730000060&kikanKbn=3", "url2": "https://www.aishikaiin-ryo.com/director.php", "内容": "あい歯科医院【3:歯科】福島県福島市大森字赤沢６０－２" }, "geometry": { "type": "Point", "coordinates": [ 140.450119, 37.737981 ] } },
{ "type": "Feature", "properties": { "ID": 730730000061, "正式名称": "小笠原歯科医院", "機関区分": 3, "都道府県コード": 7, "市区町村コード": 201, "所在地": "福島県福島市飯坂町鯖湖町１９", "緯度": 37.831944, "経度": 140.454075, "url": "https://www.iryou.teikyouseido.mhlw.go.jp/znk-web/juminkanja/S2430/initialize?prefCd=07&kikanCd=0730000061&kikanKbn=3", "url2": null, "内容": "小笠原歯科医院【3:歯科】福島県福島市飯坂町鯖湖町１９" }, "geometry": { "type": "Point", "coordinates": [ 140.454075, 37.831944 ] } },
{ "type": "Feature", "properties": { "ID": 730730000062, "正式名称": "いがり歯科医院", "機関区分": 3, "都道府県コード": 7, "市区町村コード": 201, "所在地": "福島県福島市西中央４－７４－１", "緯度": 37.759706, "経度": 140.428542, "url": "https://www.iryou.teikyouseido.mhlw.go.jp/znk-web/juminkanja/S2430/initialize?prefCd=07&kikanCd=0730000062&kikanKbn=3", "url2": "http://dentist-igari.com", "内容": "いがり歯科医院【3:歯科】福島県福島市西中央４－７４－１" }, "geometry": { "type": "Point", "coordinates": [ 140.428542, 37.759706 ] } },
{ "type": "Feature", "properties": { "ID": 730730000063, "正式名称": "森山　歯科医院", "機関区分": 3, "都道府県コード": 7, "市区町村コード": 201, "所在地": "福島県福島市方木田稲荷塚３３－７", "緯度": 37.743436, "経度": 140.450808, "url": "https://www.iryou.teikyouseido.mhlw.go.jp/znk-web/juminkanja/S2430/initialize?prefCd=07&kikanCd=0730000063&kikanKbn=3", "url2": null, "内容": "森山　歯科医院【3:歯科】福島県福島市方木田稲荷塚３３－７" }, "geometry": { "type": "Point", "coordinates": [ 140.450808, 37.743436 ] } },
{ "type": "Feature", "properties": { "ID": 730730000064, "正式名称": "つつみ歯科医院", "機関区分": 3, "都道府県コード": 7, "市区町村コード": 201, "所在地": "福島県福島市森合上森合７－１", "緯度": 37.767581, "経度": 140.445847, "url": "https://www.iryou.teikyouseido.mhlw.go.jp/znk-web/juminkanja/S2430/initialize?prefCd=07&kikanCd=0730000064&kikanKbn=3", "url2": null, "内容": "つつみ歯科医院【3:歯科】福島県福島市森合上森合７－１" }, "geometry": { "type": "Point", "coordinates": [ 140.445847, 37.767581 ] } },
{ "type": "Feature", "properties": { "ID": 730730000067, "正式名称": "桑名歯科医院", "機関区分": 3, "都道府県コード": 7, "市区町村コード": 201, "所在地": "福島県福島市陣場町７－１６", "緯度": 37.757181, "経度": 140.462411, "url": "https://www.iryou.teikyouseido.mhlw.go.jp/znk-web/juminkanja/S2430/initialize?prefCd=07&kikanCd=0730000067&kikanKbn=3", "url2": null, "内容": "桑名歯科医院【3:歯科】福島県福島市陣場町７－１６" }, "geometry": { "type": "Point", "coordinates": [ 140.462411, 37.757181 ] } },
{ "type": "Feature", "properties": { "ID": 730730000068, "正式名称": "すがや歯科", "機関区分": 3, "都道府県コード": 7, "市区町村コード": 201, "所在地": "福島県福島市北町４－２０", "緯度": 37.754008, "経度": 140.472439, "url": "https://www.iryou.teikyouseido.mhlw.go.jp/znk-web/juminkanja/S2430/initialize?prefCd=07&kikanCd=0730000068&kikanKbn=3", "url2": null, "内容": "すがや歯科【3:歯科】福島県福島市北町４－２０" }, "geometry": { "type": "Point", "coordinates": [ 140.472439, 37.754008 ] } },
{ "type": "Feature", "properties": { "ID": 730730000069, "正式名称": "渡辺歯科", "機関区分": 3, "都道府県コード": 7, "市区町村コード": 201, "所在地": "福島県福島市南沢又桜内４－５", "緯度": 37.778667, "経度": 140.441861, "url": "https://www.iryou.teikyouseido.mhlw.go.jp/znk-web/juminkanja/S2430/initialize?prefCd=07&kikanCd=0730000069&kikanKbn=3", "url2": null, "内容": "渡辺歯科【3:歯科】福島県福島市南沢又桜内４－５" }, "geometry": { "type": "Point", "coordinates": [ 140.441861, 37.778667 ] } },
{ "type": "Feature", "properties": { "ID": 730730000070, "正式名称": "大橋歯科", "機関区分": 3, "都道府県コード": 7, "市区町村コード": 201, "所在地": "福島県福島市笹谷字出歩３－６", "緯度": 37.795506, "経度": 140.430292, "url": "https://www.iryou.teikyouseido.mhlw.go.jp/znk-web/juminkanja/S2430/initialize?prefCd=07&kikanCd=0730000070&kikanKbn=3", "url2": null, "内容": "大橋歯科【3:歯科】福島県福島市笹谷字出歩３－６" }, "geometry": { "type": "Point", "coordinates": [ 140.430292, 37.795506 ] } },
{ "type": "Feature", "properties": { "ID": 730730000071, "正式名称": "小笠原歯科クリニック", "機関区分": 3, "都道府県コード": 7, "市区町村コード": 201, "所在地": "福島県福島市蓬莱町四丁目１－１", "緯度": 37.698206, "経度": 140.470306, "url": "https://www.iryou.teikyouseido.mhlw.go.jp/znk-web/juminkanja/S2430/initialize?prefCd=07&kikanCd=0730000071&kikanKbn=3", "url2": null, "内容": "小笠原歯科クリニック【3:歯科】福島県福島市蓬莱町四丁目１－１" }, "geometry": { "type": "Point", "coordinates": [ 140.470306, 37.698206 ] } },
{ "type": "Feature", "properties": { "ID": 730730000072, "正式名称": "入江歯科医院", "機関区分": 3, "都道府県コード": 7, "市区町村コード": 201, "所在地": "福島県福島市方木田古川５－１", "緯度": 37.744117, "経度": 140.455794, "url": "https://www.iryou.teikyouseido.mhlw.go.jp/znk-web/juminkanja/S2430/initialize?prefCd=07&kikanCd=0730000072&kikanKbn=3", "url2": "http://townpage.goo.ne.jp/shopdetail.php?matomeid=KN0700060700019839", "内容": "入江歯科医院【3:歯科】福島県福島市方木田古川５－１" }, "geometry": { "type": "Point", "coordinates": [ 140.455794, 37.744117 ] } },
{ "type": "Feature", "properties": { "ID": 730730000075, "正式名称": "高橋歯科医院", "機関区分": 3, "都道府県コード": 7, "市区町村コード": 201, "所在地": "福島県福島市太田町３４－３", "緯度": 37.752894, "経度": 140.452492, "url": "https://www.iryou.teikyouseido.mhlw.go.jp/znk-web/juminkanja/S2430/initialize?prefCd=07&kikanCd=0730000075&kikanKbn=3", "url2": null, "内容": "高橋歯科医院【3:歯科】福島県福島市太田町３４－３" }, "geometry": { "type": "Point", "coordinates": [ 140.452492, 37.752894 ] } },
{ "type": "Feature", "properties": { "ID": 730730000076, "正式名称": "片平歯科医院", "機関区分": 3, "都道府県コード": 7, "市区町村コード": 201, "所在地": "福島県福島市成川後田１０－４", "緯度": 37.742764, "経度": 140.425167, "url": "https://www.iryou.teikyouseido.mhlw.go.jp/znk-web/juminkanja/S2430/initialize?prefCd=07&kikanCd=0730000076&kikanKbn=3", "url2": null, "内容": "片平歯科医院【3:歯科】福島県福島市成川後田１０－４" }, "geometry": { "type": "Point", "coordinates": [ 140.425167, 37.742764 ] } },
{ "type": "Feature", "properties": { "ID": 730730000078, "正式名称": "五十嵐歯科クリニック", "機関区分": 3, "都道府県コード": 7, "市区町村コード": 201, "所在地": "福島県福島市仁井田字石塚３６－１", "緯度": 37.749075, "経度": 140.430317, "url": "https://www.iryou.teikyouseido.mhlw.go.jp/znk-web/juminkanja/S2430/initialize?prefCd=07&kikanCd=0730000078&kikanKbn=3", "url2": null, "内容": "五十嵐歯科クリニック【3:歯科】福島県福島市仁井田字石塚３６－１" }, "geometry": { "type": "Point", "coordinates": [ 140.430317, 37.749075 ] } },
{ "type": "Feature", "properties": { "ID": 730730000079, "正式名称": "かたひら歯科医院", "機関区分": 3, "都道府県コード": 7, "市区町村コード": 201, "所在地": "福島県福島市瀬上町論田２５－１８", "緯度": 37.805239, "経度": 140.500142, "url": "https://www.iryou.teikyouseido.mhlw.go.jp/znk-web/juminkanja/S2430/initialize?prefCd=07&kikanCd=0730000079&kikanKbn=3", "url2": null, "内容": "かたひら歯科医院【3:歯科】福島県福島市瀬上町論田２５－１８" }, "geometry": { "type": "Point", "coordinates": [ 140.500142, 37.805239 ] } },
{ "type": "Feature", "properties": { "ID": 730730000080, "正式名称": "大笹生歯科医院", "機関区分": 3, "都道府県コード": 7, "市区町村コード": 201, "所在地": "福島県福島市大笹生中の内３８－１", "緯度": 37.801094, "経度": 140.404706, "url": "https://www.iryou.teikyouseido.mhlw.go.jp/znk-web/juminkanja/S2430/initialize?prefCd=07&kikanCd=0730000080&kikanKbn=3", "url2": null, "内容": "大笹生歯科医院【3:歯科】福島県福島市大笹生中の内３８－１" }, "geometry": { "type": "Point", "coordinates": [ 140.404706, 37.801094 ] } },
{ "type": "Feature", "properties": { "ID": 730730000081, "正式名称": "太平寺歯科クリニック", "機関区分": 3, "都道府県コード": 7, "市区町村コード": 201, "所在地": "福島県福島市太平寺字町ノ内４３－２", "緯度": 37.73255, "経度": 140.459797, "url": "https://www.iryou.teikyouseido.mhlw.go.jp/znk-web/juminkanja/S2430/initialize?prefCd=07&kikanCd=0730000081&kikanKbn=3", "url2": null, "内容": "太平寺歯科クリニック【3:歯科】福島県福島市太平寺字町ノ内４３－２" }, "geometry": { "type": "Point", "coordinates": [ 140.459797, 37.73255 ] } },
{ "type": "Feature", "properties": { "ID": 730730000082, "正式名称": "植木歯科医院", "機関区分": 3, "都道府県コード": 7, "市区町村コード": 201, "所在地": "福島県福島市松川町南諏訪原７８－２", "緯度": 37.657361, "経度": 140.462817, "url": "https://www.iryou.teikyouseido.mhlw.go.jp/znk-web/juminkanja/S2430/initialize?prefCd=07&kikanCd=0730000082&kikanKbn=3", "url2": null, "内容": "植木歯科医院【3:歯科】福島県福島市松川町南諏訪原７８－２" }, "geometry": { "type": "Point", "coordinates": [ 140.462817, 37.657361 ] } },
{ "type": "Feature", "properties": { "ID": 730730000083, "正式名称": "桃井歯科クリニック", "機関区分": 3, "都道府県コード": 7, "市区町村コード": 201, "所在地": "福島県福島市南沢又高木４－４", "緯度": 37.777311, "経度": 140.4306, "url": "https://www.iryou.teikyouseido.mhlw.go.jp/znk-web/juminkanja/S2430/initialize?prefCd=07&kikanCd=0730000083&kikanKbn=3", "url2": null, "内容": "桃井歯科クリニック【3:歯科】福島県福島市南沢又高木４－４" }, "geometry": { "type": "Point", "coordinates": [ 140.4306, 37.777311 ] } },
{ "type": "Feature", "properties": { "ID": 730730000084, "正式名称": "なかがわ歯科医院", "機関区分": 3, "都道府県コード": 7, "市区町村コード": 201, "所在地": "福島県福島市飯坂町平野字西海枝９－１", "緯度": 37.805689, "経度": 140.442378, "url": "https://www.iryou.teikyouseido.mhlw.go.jp/znk-web/juminkanja/S2430/initialize?prefCd=07&kikanCd=0730000084&kikanKbn=3", "url2": null, "内容": "なかがわ歯科医院【3:歯科】福島県福島市飯坂町平野字西海枝９－１" }, "geometry": { "type": "Point", "coordinates": [ 140.442378, 37.805689 ] } },
{ "type": "Feature", "properties": { "ID": 730730000087, "正式名称": "こうじ歯科医院", "機関区分": 3, "都道府県コード": 7, "市区町村コード": 201, "所在地": "福島県福島市丸子東前２－６", "緯度": 37.787014, "経度": 140.484103, "url": "https://www.iryou.teikyouseido.mhlw.go.jp/znk-web/juminkanja/S2430/initialize?prefCd=07&kikanCd=0730000087&kikanKbn=3", "url2": null, "内容": "こうじ歯科医院【3:歯科】福島県福島市丸子東前２－６" }, "geometry": { "type": "Point", "coordinates": [ 140.484103, 37.787014 ] } },
{ "type": "Feature", "properties": { "ID": 730730000088, "正式名称": "小野歯科医院", "機関区分": 3, "都道府県コード": 7, "市区町村コード": 201, "所在地": "福島県福島市荒井辻下８－９", "緯度": 37.730639, "経度": 140.405972, "url": "https://www.iryou.teikyouseido.mhlw.go.jp/znk-web/juminkanja/S2430/initialize?prefCd=07&kikanCd=0730000088&kikanKbn=3", "url2": null, "内容": "小野歯科医院【3:歯科】福島県福島市荒井辻下８－９" }, "geometry": { "type": "Point", "coordinates": [ 140.405972, 37.730639 ] } },
{ "type": "Feature", "properties": { "ID": 730730000089, "正式名称": "渋谷歯科医院", "機関区分": 3, "都道府県コード": 7, "市区町村コード": 201, "所在地": "福島県福島市渡利字番匠町　９２", "緯度": 37.748869, "経度": 140.478675, "url": "https://www.iryou.teikyouseido.mhlw.go.jp/znk-web/juminkanja/S2430/initialize?prefCd=07&kikanCd=0730000089&kikanKbn=3", "url2": null, "内容": "渋谷歯科医院【3:歯科】福島県福島市渡利字番匠町　９２" }, "geometry": { "type": "Point", "coordinates": [ 140.478675, 37.748869 ] } },
{ "type": "Feature", "properties": { "ID": 730730000090, "正式名称": "赤塚歯科クリニック", "機関区分": 3, "都道府県コード": 7, "市区町村コード": 201, "所在地": "福島県福島市栄町６番６号　福島セントランドビル２Ｆ", "緯度": 37.754983, "経度": 140.461192, "url": "https://www.iryou.teikyouseido.mhlw.go.jp/znk-web/juminkanja/S2430/initialize?prefCd=07&kikanCd=0730000090&kikanKbn=3", "url2": "https://www.akatsuka-dc.com/", "内容": "赤塚歯科クリニック【3:歯科】福島県福島市栄町６番６号　福島セントランドビル２Ｆ" }, "geometry": { "type": "Point", "coordinates": [ 140.461192, 37.754983 ] } },
{ "type": "Feature", "properties": { "ID": 730730000091, "正式名称": "おおうち歯科医院", "機関区分": 3, "都道府県コード": 7, "市区町村コード": 201, "所在地": "福島県福島市岡部花房７４－１", "緯度": 37.780358, "経度": 140.502417, "url": "https://www.iryou.teikyouseido.mhlw.go.jp/znk-web/juminkanja/S2430/initialize?prefCd=07&kikanCd=0730000091&kikanKbn=3", "url2": null, "内容": "おおうち歯科医院【3:歯科】福島県福島市岡部花房７４－１" }, "geometry": { "type": "Point", "coordinates": [ 140.502417, 37.780358 ] } },
{ "type": "Feature", "properties": { "ID": 730730000092, "正式名称": "沼崎歯科医院", "機関区分": 3, "都道府県コード": 7, "市区町村コード": 201, "所在地": "福島県福島市旭町９－２７片平ビル２Ｆ", "緯度": 37.764217, "経度": 140.477064, "url": "https://www.iryou.teikyouseido.mhlw.go.jp/znk-web/juminkanja/S2430/initialize?prefCd=07&kikanCd=0730000092&kikanKbn=3", "url2": null, "内容": "沼崎歯科医院【3:歯科】福島県福島市旭町９－２７片平ビル２Ｆ" }, "geometry": { "type": "Point", "coordinates": [ 140.477064, 37.764217 ] } },
{ "type": "Feature", "properties": { "ID": 730730000093, "正式名称": "原田歯科医院", "機関区分": 3, "都道府県コード": 7, "市区町村コード": 201, "所在地": "福島県福島市上名倉田中２７－５", "緯度": 37.736664, "経度": 140.404828, "url": "https://www.iryou.teikyouseido.mhlw.go.jp/znk-web/juminkanja/S2430/initialize?prefCd=07&kikanCd=0730000093&kikanKbn=3", "url2": null, "内容": "原田歯科医院【3:歯科】福島県福島市上名倉田中２７－５" }, "geometry": { "type": "Point", "coordinates": [ 140.404828, 37.736664 ] } },
{ "type": "Feature", "properties": { "ID": 730730000096, "正式名称": "福島市休日救急歯科診療所", "機関区分": 3, "都道府県コード": 7, "市区町村コード": 201, "所在地": "福島県福島市森合町１０－１　福島市保健福祉センター１階", "緯度": 37.762911, "経度": 140.463328, "url": "https://www.iryou.teikyouseido.mhlw.go.jp/znk-web/juminkanja/S2430/initialize?prefCd=07&kikanCd=0730000096&kikanKbn=3", "url2": "https://www.city.fukushima.fukushima.jp/kenko-fukushi/iryo/1/9362.html", "内容": "福島市休日救急歯科診療所【3:歯科】福島県福島市森合町１０－１　福島市保健福祉センター１階" }, "geometry": { "type": "Point", "coordinates": [ 140.463328, 37.762911 ] } },
{ "type": "Feature", "properties": { "ID": 730730000098, "正式名称": "遠藤歯科口腔外科クリニック", "機関区分": 3, "都道府県コード": 7, "市区町村コード": 201, "所在地": "福島県福島市東中央１－１５－６", "緯度": 37.761789, "経度": 140.441889, "url": "https://www.iryou.teikyouseido.mhlw.go.jp/znk-web/juminkanja/S2430/initialize?prefCd=07&kikanCd=0730000098&kikanKbn=3", "url2": null, "内容": "遠藤歯科口腔外科クリニック【3:歯科】福島県福島市東中央１－１５－６" }, "geometry": { "type": "Point", "coordinates": [ 140.441889, 37.761789 ] } },
{ "type": "Feature", "properties": { "ID": 730730000099, "正式名称": "松北歯科クリニック", "機関区分": 3, "都道府県コード": 7, "市区町村コード": 201, "所在地": "福島県福島市北沢又　字　外新田１７－１", "緯度": 37.78315, "経度": 140.434658, "url": "https://www.iryou.teikyouseido.mhlw.go.jp/znk-web/juminkanja/S2430/initialize?prefCd=07&kikanCd=0730000099&kikanKbn=3", "url2": "http://www.shohoku-dc.com", "内容": "松北歯科クリニック【3:歯科】福島県福島市北沢又　字　外新田１７－１" }, "geometry": { "type": "Point", "coordinates": [ 140.434658, 37.78315 ] } },
{ "type": "Feature", "properties": { "ID": 730730000101, "正式名称": "ターミナルデンタルクリニック", "機関区分": 3, "都道府県コード": 7, "市区町村コード": 201, "所在地": "福島県福島市栄町４１－１西口ショッピングセンター内", "緯度": 37.754681, "経度": 140.458533, "url": "https://www.iryou.teikyouseido.mhlw.go.jp/znk-web/juminkanja/S2430/initialize?prefCd=07&kikanCd=0730000101&kikanKbn=3", "url2": null, "内容": "ターミナルデンタルクリニック【3:歯科】福島県福島市栄町４１－１西口ショッピングセンター内" }, "geometry": { "type": "Point", "coordinates": [ 140.458533, 37.754681 ] } },
{ "type": "Feature", "properties": { "ID": 730730000102, "正式名称": "尾形歯科医院", "機関区分": 3, "都道府県コード": 7, "市区町村コード": 201, "所在地": "福島県福島市天神町７－１７", "緯度": 37.762053, "経度": 140.462431, "url": "https://www.iryou.teikyouseido.mhlw.go.jp/znk-web/juminkanja/S2430/initialize?prefCd=07&kikanCd=0730000102&kikanKbn=3", "url2": null, "内容": "尾形歯科医院【3:歯科】福島県福島市天神町７－１７" }, "geometry": { "type": "Point", "coordinates": [ 140.462431, 37.762053 ] } },
{ "type": "Feature", "properties": { "ID": 730730000103, "正式名称": "中江デンタルクリニック", "機関区分": 3, "都道府県コード": 7, "市区町村コード": 201, "所在地": "福島県福島市渡利中江町５０－７", "緯度": 37.749458, "経度": 140.482289, "url": "https://www.iryou.teikyouseido.mhlw.go.jp/znk-web/juminkanja/S2430/initialize?prefCd=07&kikanCd=0730000103&kikanKbn=3", "url2": "http://www.nakae-dental.com/", "内容": "中江デンタルクリニック【3:歯科】福島県福島市渡利中江町５０－７" }, "geometry": { "type": "Point", "coordinates": [ 140.482289, 37.749458 ] } },
{ "type": "Feature", "properties": { "ID": 730730000104, "正式名称": "金谷川歯科医院", "機関区分": 3, "都道府県コード": 7, "市区町村コード": 201, "所在地": "福島県福島市松川町関谷大窪３７", "緯度": 37.682108, "経度": 140.451992, "url": "https://www.iryou.teikyouseido.mhlw.go.jp/znk-web/juminkanja/S2430/initialize?prefCd=07&kikanCd=0730000104&kikanKbn=3", "url2": null, "内容": "金谷川歯科医院【3:歯科】福島県福島市松川町関谷大窪３７" }, "geometry": { "type": "Point", "coordinates": [ 140.451992, 37.682108 ] } },
{ "type": "Feature", "properties": { "ID": 730730000106, "正式名称": "医療法人　創仁会　つじ歯科医院", "機関区分": 3, "都道府県コード": 7, "市区町村コード": 201, "所在地": "福島県福島市荒井字弁天前１７－１", "緯度": 37.723797, "経度": 140.384347, "url": "https://www.iryou.teikyouseido.mhlw.go.jp/znk-web/juminkanja/S2430/initialize?prefCd=07&kikanCd=0730000106&kikanKbn=3", "url2": "sojinkai.or.jp", "内容": "医療法人　創仁会　つじ歯科医院【3:歯科】福島県福島市荒井字弁天前１７－１" }, "geometry": { "type": "Point", "coordinates": [ 140.384347, 37.723797 ] } },
{ "type": "Feature", "properties": { "ID": 730730000107, "正式名称": "医療法人　ひぐち矯正歯科", "機関区分": 3, "都道府県コード": 7, "市区町村コード": 201, "所在地": "福島県福島市置賜町７－６アルプスビル４Ｆ", "緯度": 37.771358, "経度": 140.464978, "url": "https://www.iryou.teikyouseido.mhlw.go.jp/znk-web/juminkanja/S2430/initialize?prefCd=07&kikanCd=0730000107&kikanKbn=3", "url2": "https://higuchi-smile.com", "内容": "医療法人　ひぐち矯正歯科【3:歯科】福島県福島市置賜町７－６アルプスビル４Ｆ" }, "geometry": { "type": "Point", "coordinates": [ 140.464978, 37.771358 ] } },
{ "type": "Feature", "properties": { "ID": 730730000108, "正式名称": "高橋歯科クリニック", "機関区分": 3, "都道府県コード": 7, "市区町村コード": 201, "所在地": "福島県福島市南矢野目字中屋敷５３－５", "緯度": 37.790464, "経度": 140.450564, "url": "https://www.iryou.teikyouseido.mhlw.go.jp/znk-web/juminkanja/S2430/initialize?prefCd=07&kikanCd=0730000108&kikanKbn=3", "url2": null, "内容": "高橋歯科クリニック【3:歯科】福島県福島市南矢野目字中屋敷５３－５" }, "geometry": { "type": "Point", "coordinates": [ 140.450564, 37.790464 ] } },
{ "type": "Feature", "properties": { "ID": 730730000110, "正式名称": "けやき歯科医院", "機関区分": 3, "都道府県コード": 7, "市区町村コード": 201, "所在地": "福島県福島市泉堀之内１０－２", "緯度": 37.775281, "経度": 140.44765, "url": "https://www.iryou.teikyouseido.mhlw.go.jp/znk-web/juminkanja/S2430/initialize?prefCd=07&kikanCd=0730000110&kikanKbn=3", "url2": null, "内容": "けやき歯科医院【3:歯科】福島県福島市泉堀之内１０－２" }, "geometry": { "type": "Point", "coordinates": [ 140.44765, 37.775281 ] } },
{ "type": "Feature", "properties": { "ID": 730730000111, "正式名称": "松川歯科医院", "機関区分": 3, "都道府県コード": 7, "市区町村コード": 201, "所在地": "福島県福島市松川町字本町４０－３", "緯度": 37.659569, "経度": 140.461639, "url": "https://www.iryou.teikyouseido.mhlw.go.jp/znk-web/juminkanja/S2430/initialize?prefCd=07&kikanCd=0730000111&kikanKbn=3", "url2": null, "内容": "松川歯科医院【3:歯科】福島県福島市松川町字本町４０－３" }, "geometry": { "type": "Point", "coordinates": [ 140.461639, 37.659569 ] } },
{ "type": "Feature", "properties": { "ID": 730730000113, "正式名称": "医療法人ＭＤＣ　まえだ歯科クリニック", "機関区分": 3, "都道府県コード": 7, "市区町村コード": 201, "所在地": "福島県福島市北矢野目戸の内１－３", "緯度": 37.790378, "経度": 140.479417, "url": "https://www.iryou.teikyouseido.mhlw.go.jp/znk-web/juminkanja/S2430/initialize?prefCd=07&kikanCd=0730000113&kikanKbn=3", "url2": null, "内容": "医療法人ＭＤＣ　まえだ歯科クリニック【3:歯科】福島県福島市北矢野目戸の内１－３" }, "geometry": { "type": "Point", "coordinates": [ 140.479417, 37.790378 ] } },
{ "type": "Feature", "properties": { "ID": 730730000115, "正式名称": "ささきの歯科医院", "機関区分": 3, "都道府県コード": 7, "市区町村コード": 201, "所在地": "福島県福島市笹木野中小屋６－１１", "緯度": 37.774878, "経度": 140.42431, "url": "https://www.iryou.teikyouseido.mhlw.go.jp/znk-web/juminkanja/S2430/initialize?prefCd=07&kikanCd=0730000115&kikanKbn=3", "url2": null, "内容": "ささきの歯科医院【3:歯科】福島県福島市笹木野中小屋６－１１" }, "geometry": { "type": "Point", "coordinates": [ 140.42431, 37.774878 ] } },
{ "type": "Feature", "properties": { "ID": 730730000116, "正式名称": "かさはら歯科", "機関区分": 3, "都道府県コード": 7, "市区町村コード": 201, "所在地": "福島県福島市丸子町頭１９－３", "緯度": 37.785175, "経度": 140.475703, "url": "https://www.iryou.teikyouseido.mhlw.go.jp/znk-web/juminkanja/S2430/initialize?prefCd=07&kikanCd=0730000116&kikanKbn=3", "url2": null, "内容": "かさはら歯科【3:歯科】福島県福島市丸子町頭１９－３" }, "geometry": { "type": "Point", "coordinates": [ 140.475703, 37.785175 ] } },
{ "type": "Feature", "properties": { "ID": 730730000117, "正式名称": "こしのはま歯科クリニック", "機関区分": 3, "都道府県コード": 7, "市区町村コード": 201, "所在地": "福島県福島市腰浜町７－１", "緯度": 37.756456, "経度": 140.479919, "url": "https://www.iryou.teikyouseido.mhlw.go.jp/znk-web/juminkanja/S2430/initialize?prefCd=07&kikanCd=0730000117&kikanKbn=3", "url2": null, "内容": "こしのはま歯科クリニック【3:歯科】福島県福島市腰浜町７－１" }, "geometry": { "type": "Point", "coordinates": [ 140.479919, 37.756456 ] } },
{ "type": "Feature", "properties": { "ID": 730730000123, "正式名称": "菊地歯科医院", "機関区分": 3, "都道府県コード": 7, "市区町村コード": 201, "所在地": "福島県福島市陣場町９－２１", "緯度": 37.758156, "経度": 140.463431, "url": "https://www.iryou.teikyouseido.mhlw.go.jp/znk-web/juminkanja/S2430/initialize?prefCd=07&kikanCd=0730000123&kikanKbn=3", "url2": "http://www.kikuchi-dc.jp", "内容": "菊地歯科医院【3:歯科】福島県福島市陣場町９－２１" }, "geometry": { "type": "Point", "coordinates": [ 140.463431, 37.758156 ] } },
{ "type": "Feature", "properties": { "ID": 730730000124, "正式名称": "医療法人　末永歯科医院", "機関区分": 3, "都道府県コード": 7, "市区町村コード": 201, "所在地": "福島県福島市笹谷中屋敷１３－１０", "緯度": 37.796214, "経度": 140.439469, "url": "https://www.iryou.teikyouseido.mhlw.go.jp/znk-web/juminkanja/S2430/initialize?prefCd=07&kikanCd=0730000124&kikanKbn=3", "url2": "http://www.dentist-suenaga.com", "内容": "医療法人　末永歯科医院【3:歯科】福島県福島市笹谷中屋敷１３－１０" }, "geometry": { "type": "Point", "coordinates": [ 140.439469, 37.796214 ] } },
{ "type": "Feature", "properties": { "ID": 730730000128, "正式名称": "郷野目かおる歯科クリニック", "機関区分": 3, "都道府県コード": 7, "市区町村コード": 201, "所在地": "福島県福島市郷野目上２", "緯度": 37.735644, "経度": 140.461006, "url": "https://www.iryou.teikyouseido.mhlw.go.jp/znk-web/juminkanja/S2430/initialize?prefCd=07&kikanCd=0730000128&kikanKbn=3", "url2": "http://www.kaorudental.com/", "内容": "郷野目かおる歯科クリニック【3:歯科】福島県福島市郷野目上２" }, "geometry": { "type": "Point", "coordinates": [ 140.461006, 37.735644 ] } },
{ "type": "Feature", "properties": { "ID": 730730000129, "正式名称": "おやま歯科医院", "機関区分": 3, "都道府県コード": 7, "市区町村コード": 201, "所在地": "福島県福島市御山字上谷地１２－３", "緯度": 37.776222, "経度": 140.457711, "url": "https://www.iryou.teikyouseido.mhlw.go.jp/znk-web/juminkanja/S2430/initialize?prefCd=07&kikanCd=0730000129&kikanKbn=3", "url2": "https://oyama-dental.com/.", "内容": "おやま歯科医院【3:歯科】福島県福島市御山字上谷地１２－３" }, "geometry": { "type": "Point", "coordinates": [ 140.457711, 37.776222 ] } },
{ "type": "Feature", "properties": { "ID": 730730000131, "正式名称": "医療法人腎済会　佐久間デンタルクリニック", "機関区分": 3, "都道府県コード": 7, "市区町村コード": 201, "所在地": "福島県福島市森合屋敷中１５－１", "緯度": 37.76495, "経度": 140.456117, "url": "https://www.iryou.teikyouseido.mhlw.go.jp/znk-web/juminkanja/S2430/initialize?prefCd=07&kikanCd=0730000131&kikanKbn=3", "url2": "http://www.sakumadental.com/", "内容": "医療法人腎済会　佐久間デンタルクリニック【3:歯科】福島県福島市森合屋敷中１５－１" }, "geometry": { "type": "Point", "coordinates": [ 140.456117, 37.76495 ] } },
{ "type": "Feature", "properties": { "ID": 730730000132, "正式名称": "ホワイト歯科クリニック", "機関区分": 3, "都道府県コード": 7, "市区町村コード": 201, "所在地": "福島県福島市中町１－１２サンライズ中町ビルＢ棟２階", "緯度": 37.751533, "経度": 140.464492, "url": "https://www.iryou.teikyouseido.mhlw.go.jp/znk-web/juminkanja/S2430/initialize?prefCd=07&kikanCd=0730000132&kikanKbn=3", "url2": "https://www.wdc-fukushima.com/", "内容": "ホワイト歯科クリニック【3:歯科】福島県福島市中町１－１２サンライズ中町ビルＢ棟２階" }, "geometry": { "type": "Point", "coordinates": [ 140.464492, 37.751533 ] } },
{ "type": "Feature", "properties": { "ID": 730730000133, "正式名称": "フォレスト歯科医院", "機関区分": 3, "都道府県コード": 7, "市区町村コード": 201, "所在地": "福島県福島市大森字街道下１２－７", "緯度": 37.735758, "経度": 140.453175, "url": "https://www.iryou.teikyouseido.mhlw.go.jp/znk-web/juminkanja/S2430/initialize?prefCd=07&kikanCd=0730000133&kikanKbn=3", "url2": "http://nttbj.itp.ne.jp/0245463810/index.html", "内容": "フォレスト歯科医院【3:歯科】福島県福島市大森字街道下１２－７" }, "geometry": { "type": "Point", "coordinates": [ 140.453175, 37.735758 ] } },
{ "type": "Feature", "properties": { "ID": 730730000134, "正式名称": "もみの木歯科", "機関区分": 3, "都道府県コード": 7, "市区町村コード": 201, "所在地": "福島県福島市南矢野目字境田１１－３", "緯度": 37.786553, "経度": 140.453978, "url": "https://www.iryou.teikyouseido.mhlw.go.jp/znk-web/juminkanja/S2430/initialize?prefCd=07&kikanCd=0730000134&kikanKbn=3", "url2": "http://mominokisika.fc2web.com", "内容": "もみの木歯科【3:歯科】福島県福島市南矢野目字境田１１－３" }, "geometry": { "type": "Point", "coordinates": [ 140.453978, 37.786553 ] } },
{ "type": "Feature", "properties": { "ID": 730730000135, "正式名称": "たんじデンタルクリニック", "機関区分": 3, "都道府県コード": 7, "市区町村コード": 201, "所在地": "福島県福島市矢剣町１６－２４", "緯度": 37.748119, "経度": 140.456653, "url": "https://www.iryou.teikyouseido.mhlw.go.jp/znk-web/juminkanja/S2430/initialize?prefCd=07&kikanCd=0730000135&kikanKbn=3", "url2": "https://tanjidc.com", "内容": "たんじデンタルクリニック【3:歯科】福島県福島市矢剣町１６－２４" }, "geometry": { "type": "Point", "coordinates": [ 140.456653, 37.748119 ] } },
{ "type": "Feature", "properties": { "ID": 730730000136, "正式名称": "あぶくま歯科", "機関区分": 3, "都道府県コード": 7, "市区町村コード": 201, "所在地": "福島県福島市小倉寺字神の前４－６", "緯度": 37.727592, "経度": 140.473306, "url": "https://www.iryou.teikyouseido.mhlw.go.jp/znk-web/juminkanja/S2430/initialize?prefCd=07&kikanCd=0730000136&kikanKbn=3", "url2": null, "内容": "あぶくま歯科【3:歯科】福島県福島市小倉寺字神の前４－６" }, "geometry": { "type": "Point", "coordinates": [ 140.473306, 37.727592 ] } },
{ "type": "Feature", "properties": { "ID": 730730000138, "正式名称": "吉倉歯科クリニック", "機関区分": 3, "都道府県コード": 7, "市区町村コード": 201, "所在地": "福島県福島市吉倉字八幡３６－４", "緯度": 37.742964, "経度": 140.439133, "url": "https://www.iryou.teikyouseido.mhlw.go.jp/znk-web/juminkanja/S2430/initialize?prefCd=07&kikanCd=0730000138&kikanKbn=3", "url2": null, "内容": "吉倉歯科クリニック【3:歯科】福島県福島市吉倉字八幡３６－４" }, "geometry": { "type": "Point", "coordinates": [ 140.439133, 37.742964 ] } },
{ "type": "Feature", "properties": { "ID": 730730000139, "正式名称": "藤井歯科医院", "機関区分": 3, "都道府県コード": 7, "市区町村コード": 201, "所在地": "福島県福島市黒岩堂の後７１番２号", "緯度": 37.726294, "経度": 140.468825, "url": "https://www.iryou.teikyouseido.mhlw.go.jp/znk-web/juminkanja/S2430/initialize?prefCd=07&kikanCd=0730000139&kikanKbn=3", "url2": "www.f-fdo.com", "内容": "藤井歯科医院【3:歯科】福島県福島市黒岩堂の後７１番２号" }, "geometry": { "type": "Point", "coordinates": [ 140.468825, 37.726294 ] } },
{ "type": "Feature", "properties": { "ID": 730730000140, "正式名称": "佐藤歯科医院", "機関区分": 3, "都道府県コード": 7, "市区町村コード": 201, "所在地": "福島県福島市渡利馬場町３２－１", "緯度": 37.745928, "経度": 140.47595, "url": "https://www.iryou.teikyouseido.mhlw.go.jp/znk-web/juminkanja/S2430/initialize?prefCd=07&kikanCd=0730000140&kikanKbn=3", "url2": null, "内容": "佐藤歯科医院【3:歯科】福島県福島市渡利馬場町３２－１" }, "geometry": { "type": "Point", "coordinates": [ 140.47595, 37.745928 ] } },
{ "type": "Feature", "properties": { "ID": 730730000141, "正式名称": "黒江歯科医院", "機関区分": 3, "都道府県コード": 7, "市区町村コード": 201, "所在地": "福島県福島市大森北滝の前２４－４", "緯度": 37.729489, "経度": 140.435431, "url": "https://www.iryou.teikyouseido.mhlw.go.jp/znk-web/juminkanja/S2430/initialize?prefCd=07&kikanCd=0730000141&kikanKbn=3", "url2": null, "内容": "黒江歯科医院【3:歯科】福島県福島市大森北滝の前２４－４" }, "geometry": { "type": "Point", "coordinates": [ 140.435431, 37.729489 ] } },
{ "type": "Feature", "properties": { "ID": 730730000143, "正式名称": "医療法人　穂徹会　デンティストワタナベ", "機関区分": 3, "都道府県コード": 7, "市区町村コード": 210, "所在地": "福島県二本松市若宮２－１６４－３", "緯度": 37.589875, "経度": 140.429947, "url": "https://www.iryou.teikyouseido.mhlw.go.jp/znk-web/juminkanja/S2430/initialize?prefCd=07&kikanCd=0730000143&kikanKbn=3", "url2": "http://www.dentist-watanabe.JP", "内容": "医療法人　穂徹会　デンティストワタナベ【3:歯科】福島県二本松市若宮２－１６４－３" }, "geometry": { "type": "Point", "coordinates": [ 140.429947, 37.589875 ] } },
{ "type": "Feature", "properties": { "ID": 730730000144, "正式名称": "渡辺歯科医院", "機関区分": 3, "都道府県コード": 7, "市区町村コード": 210, "所在地": "福島県二本松市本町２－１９０", "緯度": 37.590383, "経度": 140.436019, "url": "https://www.iryou.teikyouseido.mhlw.go.jp/znk-web/juminkanja/S2430/initialize?prefCd=07&kikanCd=0730000144&kikanKbn=3", "url2": "http://www.watanabedc.info", "内容": "渡辺歯科医院【3:歯科】福島県二本松市本町２－１９０" }, "geometry": { "type": "Point", "coordinates": [ 140.436019, 37.590383 ] } },
{ "type": "Feature", "properties": { "ID": 730730000148, "正式名称": "佐藤歯科医院", "機関区分": 3, "都道府県コード": 7, "市区町村コード": 210, "所在地": "福島県二本松市小浜新町１８番地", "緯度": 37.561264, "経度": 140.508036, "url": "https://www.iryou.teikyouseido.mhlw.go.jp/znk-web/juminkanja/S2430/initialize?prefCd=07&kikanCd=0730000148&kikanKbn=3", "url2": null, "内容": "佐藤歯科医院【3:歯科】福島県二本松市小浜新町１８番地" }, "geometry": { "type": "Point", "coordinates": [ 140.508036, 37.561264 ] } },
{ "type": "Feature", "properties": { "ID": 730730000149, "正式名称": "岩本歯科医院", "機関区分": 3, "都道府県コード": 7, "市区町村コード": 210, "所在地": "福島県二本松市本町２－１９５番地", "緯度": 37.590306, "経度": 140.435633, "url": "https://www.iryou.teikyouseido.mhlw.go.jp/znk-web/juminkanja/S2430/initialize?prefCd=07&kikanCd=0730000149&kikanKbn=3", "url2": null, "内容": "岩本歯科医院【3:歯科】福島県二本松市本町２－１９５番地" }, "geometry": { "type": "Point", "coordinates": [ 140.435633, 37.590306 ] } },
{ "type": "Feature", "properties": { "ID": 730730000150, "正式名称": "大内歯科医院", "機関区分": 3, "都道府県コード": 7, "市区町村コード": 210, "所在地": "福島県二本松市向原２６４－９", "緯度": 37.584422, "経度": 140.426936, "url": "https://www.iryou.teikyouseido.mhlw.go.jp/znk-web/juminkanja/S2430/initialize?prefCd=07&kikanCd=0730000150&kikanKbn=3", "url2": null, "内容": "大内歯科医院【3:歯科】福島県二本松市向原２６４－９" }, "geometry": { "type": "Point", "coordinates": [ 140.426936, 37.584422 ] } },
{ "type": "Feature", "properties": { "ID": 730730000151, "正式名称": "伊藤歯科医院", "機関区分": 3, "都道府県コード": 7, "市区町村コード": 210, "所在地": "福島県二本松市金色久保１９６番地", "緯度": 37.584342, "経度": 140.435522, "url": "https://www.iryou.teikyouseido.mhlw.go.jp/znk-web/juminkanja/S2430/initialize?prefCd=07&kikanCd=0730000151&kikanKbn=3", "url2": null, "内容": "伊藤歯科医院【3:歯科】福島県二本松市金色久保１９６番地" }, "geometry": { "type": "Point", "coordinates": [ 140.435522, 37.584342 ] } },
{ "type": "Feature", "properties": { "ID": 730730000152, "正式名称": "みうら歯科医院", "機関区分": 3, "都道府県コード": 7, "市区町村コード": 210, "所在地": "福島県二本松市小浜鳥居町１１８番地", "緯度": 37.559453, "経度": 140.509133, "url": "https://www.iryou.teikyouseido.mhlw.go.jp/znk-web/juminkanja/S2430/initialize?prefCd=07&kikanCd=0730000152&kikanKbn=3", "url2": null, "内容": "みうら歯科医院【3:歯科】福島県二本松市小浜鳥居町１１８番地" }, "geometry": { "type": "Point", "coordinates": [ 140.509133, 37.559453 ] } },
{ "type": "Feature", "properties": { "ID": 730730000154, "正式名称": "金子歯科", "機関区分": 3, "都道府県コード": 7, "市区町村コード": 210, "所在地": "福島県二本松市郭内１－１５番", "緯度": 37.598028, "経度": 140.438131, "url": "https://www.iryou.teikyouseido.mhlw.go.jp/znk-web/juminkanja/S2430/initialize?prefCd=07&kikanCd=0730000154&kikanKbn=3", "url2": null, "内容": "金子歯科【3:歯科】福島県二本松市郭内１－１５番" }, "geometry": { "type": "Point", "coordinates": [ 140.438131, 37.598028 ] } },
{ "type": "Feature", "properties": { "ID": 730730000156, "正式名称": "あだたら歯科医院", "機関区分": 3, "都道府県コード": 7, "市区町村コード": 210, "所在地": "福島県二本松市亀谷２－２１４－１", "緯度": 37.592206, "経度": 140.444142, "url": "https://www.iryou.teikyouseido.mhlw.go.jp/znk-web/juminkanja/S2430/initialize?prefCd=07&kikanCd=0730000156&kikanKbn=3", "url2": null, "内容": "あだたら歯科医院【3:歯科】福島県二本松市亀谷２－２１４－１" }, "geometry": { "type": "Point", "coordinates": [ 140.444142, 37.592206 ] } },
{ "type": "Feature", "properties": { "ID": 730730000159, "正式名称": "とうのす歯科医院", "機関区分": 3, "都道府県コード": 7, "市区町村コード": 210, "所在地": "福島県二本松市油井八軒町２３１", "緯度": 37.601733, "経度": 140.458456, "url": "https://www.iryou.teikyouseido.mhlw.go.jp/znk-web/juminkanja/S2430/initialize?prefCd=07&kikanCd=0730000159&kikanKbn=3", "url2": null, "内容": "とうのす歯科医院【3:歯科】福島県二本松市油井八軒町２３１" }, "geometry": { "type": "Point", "coordinates": [ 140.458456, 37.601733 ] } },
{ "type": "Feature", "properties": { "ID": 730730000160, "正式名称": "医療法人　岩崎歯科医院", "機関区分": 3, "都道府県コード": 7, "市区町村コード": 210, "所在地": "福島県二本松市藤之前３３－５", "緯度": 37.577906, "経度": 140.415122, "url": "https://www.iryou.teikyouseido.mhlw.go.jp/znk-web/juminkanja/S2430/initialize?prefCd=07&kikanCd=0730000160&kikanKbn=3", "url2": "http://www.iwasaki-do.com", "内容": "医療法人　岩崎歯科医院【3:歯科】福島県二本松市藤之前３３－５" }, "geometry": { "type": "Point", "coordinates": [ 140.415122, 37.577906 ] } },
{ "type": "Feature", "properties": { "ID": 730730000162, "正式名称": "ほんだ歯科クリニック", "機関区分": 3, "都道府県コード": 7, "市区町村コード": 210, "所在地": "福島県二本松市本町１－２４", "緯度": 37.593636, "経度": 140.434764, "url": "https://www.iryou.teikyouseido.mhlw.go.jp/znk-web/juminkanja/S2430/initialize?prefCd=07&kikanCd=0730000162&kikanKbn=3", "url2": null, "内容": "ほんだ歯科クリニック【3:歯科】福島県二本松市本町１－２４" }, "geometry": { "type": "Point", "coordinates": [ 140.434764, 37.593636 ] } },
{ "type": "Feature", "properties": { "ID": 730730000163, "正式名称": "今古堂歯科医院", "機関区分": 3, "都道府県コード": 7, "市区町村コード": 210, "所在地": "福島県二本松市西新殿松林６３", "緯度": 37.537964, "経度": 140.561186, "url": "https://www.iryou.teikyouseido.mhlw.go.jp/znk-web/juminkanja/S2430/initialize?prefCd=07&kikanCd=0730000163&kikanKbn=3", "url2": null, "内容": "今古堂歯科医院【3:歯科】福島県二本松市西新殿松林６３" }, "geometry": { "type": "Point", "coordinates": [ 140.561186, 37.537964 ] } },
{ "type": "Feature", "properties": { "ID": 730730000164, "正式名称": "さいとう歯科医院", "機関区分": 3, "都道府県コード": 7, "市区町村コード": 210, "所在地": "福島県二本松市針道字町９－１", "緯度": 37.601567, "経度": 140.57875, "url": "https://www.iryou.teikyouseido.mhlw.go.jp/znk-web/juminkanja/S2430/initialize?prefCd=07&kikanCd=0730000164&kikanKbn=3", "url2": null, "内容": "さいとう歯科医院【3:歯科】福島県二本松市針道字町９－１" }, "geometry": { "type": "Point", "coordinates": [ 140.57875, 37.601567 ] } },
{ "type": "Feature", "properties": { "ID": 730730000166, "正式名称": "さとうデンタルクリニック", "機関区分": 3, "都道府県コード": 7, "市区町村コード": 210, "所在地": "福島県二本松市油井字福岡１６１－３", "緯度": 37.611458, "経度": 140.462092, "url": "https://www.iryou.teikyouseido.mhlw.go.jp/znk-web/juminkanja/S2430/initialize?prefCd=07&kikanCd=0730000166&kikanKbn=3", "url2": null, "内容": "さとうデンタルクリニック【3:歯科】福島県二本松市油井字福岡１６１－３" }, "geometry": { "type": "Point", "coordinates": [ 140.462092, 37.611458 ] } },
{ "type": "Feature", "properties": { "ID": 730730000167, "正式名称": "西川歯科医院", "機関区分": 3, "都道府県コード": 7, "市区町村コード": 213, "所在地": "福島県伊達市南堀３０－７", "緯度": 37.819253, "経度": 140.498875, "url": "https://www.iryou.teikyouseido.mhlw.go.jp/znk-web/juminkanja/S2430/initialize?prefCd=07&kikanCd=0730000167&kikanKbn=3", "url2": null, "内容": "西川歯科医院【3:歯科】福島県伊達市南堀３０－７" }, "geometry": { "type": "Point", "coordinates": [ 140.498875, 37.819253 ] } },
{ "type": "Feature", "properties": { "ID": 730730000168, "正式名称": "医療法人社団譽会　譽田歯科医院", "機関区分": 3, "都道府県コード": 7, "市区町村コード": 213, "所在地": "福島県伊達市梁川町中町９－２", "緯度": 37.855122, "経度": 140.605597, "url": "https://www.iryou.teikyouseido.mhlw.go.jp/znk-web/juminkanja/S2430/initialize?prefCd=07&kikanCd=0730000168&kikanKbn=3", "url2": null, "内容": "医療法人社団譽会　譽田歯科医院【3:歯科】福島県伊達市梁川町中町９－２" }, "geometry": { "type": "Point", "coordinates": [ 140.605597, 37.855122 ] } },
{ "type": "Feature", "properties": { "ID": 730730000170, "正式名称": "こもりや歯科", "機関区分": 3, "都道府県コード": 7, "市区町村コード": 213, "所在地": "福島県伊達市保原町字城の内１６－１", "緯度": 37.820067, "経度": 140.55765, "url": "https://www.iryou.teikyouseido.mhlw.go.jp/znk-web/juminkanja/S2430/initialize?prefCd=07&kikanCd=0730000170&kikanKbn=3", "url2": "https://www.komo-dc.com", "内容": "こもりや歯科【3:歯科】福島県伊達市保原町字城の内１６－１" }, "geometry": { "type": "Point", "coordinates": [ 140.55765, 37.820067 ] } },
{ "type": "Feature", "properties": { "ID": 730730000172, "正式名称": "高野歯科医院", "機関区分": 3, "都道府県コード": 7, "市区町村コード": 213, "所在地": "福島県伊達市保原町５－１５－１", "緯度": 37.819208, "経度": 140.553544, "url": "https://www.iryou.teikyouseido.mhlw.go.jp/znk-web/juminkanja/S2430/initialize?prefCd=07&kikanCd=0730000172&kikanKbn=3", "url2": "www.takanodental.jp", "内容": "高野歯科医院【3:歯科】福島県伊達市保原町５－１５－１" }, "geometry": { "type": "Point", "coordinates": [ 140.553544, 37.819208 ] } },
{ "type": "Feature", "properties": { "ID": 730730000174, "正式名称": "医療法人大橋デンタル　梁川診療所", "機関区分": 3, "都道府県コード": 7, "市区町村コード": 213, "所在地": "福島県伊達市梁川町山城舘４２－２", "緯度": 37.856375, "経度": 140.600967, "url": "https://www.iryou.teikyouseido.mhlw.go.jp/znk-web/juminkanja/S2430/initialize?prefCd=07&kikanCd=0730000174&kikanKbn=3", "url2": null, "内容": "医療法人大橋デンタル　梁川診療所【3:歯科】福島県伊達市梁川町山城舘４２－２" }, "geometry": { "type": "Point", "coordinates": [ 140.600967, 37.856375 ] } },
{ "type": "Feature", "properties": { "ID": 730730000180, "正式名称": "佳医会　福田歯科医院", "機関区分": 3, "都道府県コード": 7, "市区町村コード": 213, "所在地": "福島県伊達市梁川町栄町１－１　佳医会タワー", "緯度": 37.851281, "経度": 140.604808, "url": "https://www.iryou.teikyouseido.mhlw.go.jp/znk-web/juminkanja/S2430/initialize?prefCd=07&kikanCd=0730000180&kikanKbn=3", "url2": null, "内容": "佳医会　福田歯科医院【3:歯科】福島県伊達市梁川町栄町１－１　佳医会タワー" }, "geometry": { "type": "Point", "coordinates": [ 140.604808, 37.851281 ] } },
{ "type": "Feature", "properties": { "ID": 730730000181, "正式名称": "医療法人中木歯科医院", "機関区分": 3, "都道府県コード": 7, "市区町村コード": 213, "所在地": "福島県伊達市梁川町幸町１３", "緯度": 37.849817, "経度": 140.600833, "url": "https://www.iryou.teikyouseido.mhlw.go.jp/znk-web/juminkanja/S2430/initialize?prefCd=07&kikanCd=0730000181&kikanKbn=3", "url2": "www.nakakishika.com", "内容": "医療法人中木歯科医院【3:歯科】福島県伊達市梁川町幸町１３" }, "geometry": { "type": "Point", "coordinates": [ 140.600833, 37.849817 ] } },
{ "type": "Feature", "properties": { "ID": 730730000182, "正式名称": "医療法人東城歯科クリニック", "機関区分": 3, "都道府県コード": 7, "市区町村コード": 213, "所在地": "福島県伊達市保原町大泉字大地内９５番地の５", "緯度": 37.820919, "経度": 140.564183, "url": "https://www.iryou.teikyouseido.mhlw.go.jp/znk-web/juminkanja/S2430/initialize?prefCd=07&kikanCd=0730000182&kikanKbn=3", "url2": null, "内容": "医療法人東城歯科クリニック【3:歯科】福島県伊達市保原町大泉字大地内９５番地の５" }, "geometry": { "type": "Point", "coordinates": [ 140.564183, 37.820919 ] } },
{ "type": "Feature", "properties": { "ID": 730730000183, "正式名称": "池田歯科医院", "機関区分": 3, "都道府県コード": 7, "市区町村コード": 213, "所在地": "福島県伊達市梁川町右城町４６－１", "緯度": 37.857103, "経度": 140.608072, "url": "https://www.iryou.teikyouseido.mhlw.go.jp/znk-web/juminkanja/S2430/initialize?prefCd=07&kikanCd=0730000183&kikanKbn=3", "url2": "https://ikeda-dental-office.jp/", "内容": "池田歯科医院【3:歯科】福島県伊達市梁川町右城町４６－１" }, "geometry": { "type": "Point", "coordinates": [ 140.608072, 37.857103 ] } },
{ "type": "Feature", "properties": { "ID": 730730000184, "正式名称": "さいとう歯科医院", "機関区分": 3, "都道府県コード": 7, "市区町村コード": 213, "所在地": "福島県伊達市保原町元木８８－４", "緯度": 37.824022, "経度": 140.556928, "url": "https://www.iryou.teikyouseido.mhlw.go.jp/znk-web/juminkanja/S2430/initialize?prefCd=07&kikanCd=0730000184&kikanKbn=3", "url2": null, "内容": "さいとう歯科医院【3:歯科】福島県伊達市保原町元木８８－４" }, "geometry": { "type": "Point", "coordinates": [ 140.556928, 37.824022 ] } },
{ "type": "Feature", "properties": { "ID": 730730000185, "正式名称": "鈴木歯科医院", "機関区分": 3, "都道府県コード": 7, "市区町村コード": 213, "所在地": "福島県伊達市霊山町掛田西裏５４", "緯度": 37.785062, "経度": 140.593292, "url": "https://www.iryou.teikyouseido.mhlw.go.jp/znk-web/juminkanja/S2430/initialize?prefCd=07&kikanCd=0730000185&kikanKbn=3", "url2": null, "内容": "鈴木歯科医院【3:歯科】福島県伊達市霊山町掛田西裏５４" }, "geometry": { "type": "Point", "coordinates": [ 140.593292, 37.785062 ] } },
{ "type": "Feature", "properties": { "ID": 730730000190, "正式名称": "あい歯科クリニック", "機関区分": 3, "都道府県コード": 7, "市区町村コード": 214, "所在地": "福島県本宮市本宮南町裡４７", "緯度": 37.514289, "経度": 140.400594, "url": "https://www.iryou.teikyouseido.mhlw.go.jp/znk-web/juminkanja/S2430/initialize?prefCd=07&kikanCd=0730000190&kikanKbn=3", "url2": "http://www.ai-sika.jp", "内容": "あい歯科クリニック【3:歯科】福島県本宮市本宮南町裡４７" }, "geometry": { "type": "Point", "coordinates": [ 140.400594, 37.514289 ] } },
{ "type": "Feature", "properties": { "ID": 730730000191, "正式名称": "医療法人鈴木歯科医院", "機関区分": 3, "都道府県コード": 7, "市区町村コード": 214, "所在地": "福島県本宮市高木　字平内６７番地５", "緯度": 37.516208, "経度": 140.409542, "url": "https://www.iryou.teikyouseido.mhlw.go.jp/znk-web/juminkanja/S2430/initialize?prefCd=07&kikanCd=0730000191&kikanKbn=3", "url2": null, "内容": "医療法人鈴木歯科医院【3:歯科】福島県本宮市高木　字平内６７番地５" }, "geometry": { "type": "Point", "coordinates": [ 140.409542, 37.516208 ] } },
{ "type": "Feature", "properties": { "ID": 730730000192, "正式名称": "大道寺歯科医院", "機関区分": 3, "都道府県コード": 7, "市区町村コード": 214, "所在地": "福島県本宮市本宮下町５０番５", "緯度": 37.515667, "経度": 140.403492, "url": "https://www.iryou.teikyouseido.mhlw.go.jp/znk-web/juminkanja/S2430/initialize?prefCd=07&kikanCd=0730000192&kikanKbn=3", "url2": "https://haisha-yoyaku.jp/bun2sdental/detail/index/id/0731430021/", "内容": "大道寺歯科医院【3:歯科】福島県本宮市本宮下町５０番５" }, "geometry": { "type": "Point", "coordinates": [ 140.403492, 37.515667 ] } },
{ "type": "Feature", "properties": { "ID": 730730000193, "正式名称": "国分歯科医院", "機関区分": 3, "都道府県コード": 7, "市区町村コード": 214, "所在地": "福島県本宮市本宮字兼谷５４", "緯度": 37.506208, "経度": 140.401039, "url": "https://www.iryou.teikyouseido.mhlw.go.jp/znk-web/juminkanja/S2430/initialize?prefCd=07&kikanCd=0730000193&kikanKbn=3", "url2": null, "内容": "国分歯科医院【3:歯科】福島県本宮市本宮字兼谷５４" }, "geometry": { "type": "Point", "coordinates": [ 140.401039, 37.506208 ] } },
{ "type": "Feature", "properties": { "ID": 730730000194, "正式名称": "白沢中央歯科医院", "機関区分": 3, "都道府県コード": 7, "市区町村コード": 214, "所在地": "福島県本宮市糠沢字石神１１２", "緯度": 37.509258, "経度": 140.436964, "url": "https://www.iryou.teikyouseido.mhlw.go.jp/znk-web/juminkanja/S2430/initialize?prefCd=07&kikanCd=0730000194&kikanKbn=3", "url2": null, "内容": "白沢中央歯科医院【3:歯科】福島県本宮市糠沢字石神１１２" }, "geometry": { "type": "Point", "coordinates": [ 140.436964, 37.509258 ] } },
{ "type": "Feature", "properties": { "ID": 730730000195, "正式名称": "荒井歯科クリニック", "機関区分": 3, "都道府県コード": 7, "市区町村コード": 214, "所在地": "福島県本宮市荒井字久保田９２－１", "緯度": 37.488103, "経度": 140.372167, "url": "https://www.iryou.teikyouseido.mhlw.go.jp/znk-web/juminkanja/S2430/initialize?prefCd=07&kikanCd=0730000195&kikanKbn=3", "url2": null, "内容": "荒井歯科クリニック【3:歯科】福島県本宮市荒井字久保田９２－１" }, "geometry": { "type": "Point", "coordinates": [ 140.372167, 37.488103 ] } },
{ "type": "Feature", "properties": { "ID": 730730000196, "正式名称": "のうち歯科クリニック", "機関区分": 3, "都道府県コード": 7, "市区町村コード": 214, "所在地": "福島県本宮市本宮字万世１３２－３", "緯度": 37.513064, "経度": 140.396236, "url": "https://www.iryou.teikyouseido.mhlw.go.jp/znk-web/juminkanja/S2430/initialize?prefCd=07&kikanCd=0730000196&kikanKbn=3", "url2": null, "内容": "のうち歯科クリニック【3:歯科】福島県本宮市本宮字万世１３２－３" }, "geometry": { "type": "Point", "coordinates": [ 140.396236, 37.513064 ] } },
{ "type": "Feature", "properties": { "ID": 730730000197, "正式名称": "もとみやデンタルクリニック", "機関区分": 3, "都道府県コード": 7, "市区町村コード": 214, "所在地": "福島県本宮市高木字滝ノ入５１－５０", "緯度": 37.511647, "経度": 140.413936, "url": "https://www.iryou.teikyouseido.mhlw.go.jp/znk-web/juminkanja/S2430/initialize?prefCd=07&kikanCd=0730000197&kikanKbn=3", "url2": "http://www.motomiyadental.jp/", "内容": "もとみやデンタルクリニック【3:歯科】福島県本宮市高木字滝ノ入５１－５０" }, "geometry": { "type": "Point", "coordinates": [ 140.413936, 37.511647 ] } },
{ "type": "Feature", "properties": { "ID": 730730000199, "正式名称": "医療法人国分歯科医院", "機関区分": 3, "都道府県コード": 7, "市区町村コード": 214, "所在地": "福島県本宮市本宮中條３０－８", "緯度": 37.514428, "経度": 140.402044, "url": "https://www.iryou.teikyouseido.mhlw.go.jp/znk-web/juminkanja/S2430/initialize?prefCd=07&kikanCd=0730000199&kikanKbn=3", "url2": null, "内容": "医療法人国分歯科医院【3:歯科】福島県本宮市本宮中條３０－８" }, "geometry": { "type": "Point", "coordinates": [ 140.402044, 37.514428 ] } },
{ "type": "Feature", "properties": { "ID": 730730000201, "正式名称": "医療法人　まゆみ歯科クリニック", "機関区分": 3, "都道府県コード": 7, "市区町村コード": 214, "所在地": "福島県本宮市本宮字万世２０９－１", "緯度": 37.514372, "経度": 140.394147, "url": "https://www.iryou.teikyouseido.mhlw.go.jp/znk-web/juminkanja/S2430/initialize?prefCd=07&kikanCd=0730000201&kikanKbn=3", "url2": null, "内容": "医療法人　まゆみ歯科クリニック【3:歯科】福島県本宮市本宮字万世２０９－１" }, "geometry": { "type": "Point", "coordinates": [ 140.394147, 37.514372 ] } },
{ "type": "Feature", "properties": { "ID": 730730000202, "正式名称": "医療法人　あさひデンタルクリニック", "機関区分": 3, "都道府県コード": 7, "市区町村コード": 214, "所在地": "福島県本宮市荒井字東学壇２８－１", "緯度": 37.489028, "経度": 140.389889, "url": "https://www.iryou.teikyouseido.mhlw.go.jp/znk-web/juminkanja/S2430/initialize?prefCd=07&kikanCd=0730000202&kikanKbn=3", "url2": null, "内容": "医療法人　あさひデンタルクリニック【3:歯科】福島県本宮市荒井字東学壇２８－１" }, "geometry": { "type": "Point", "coordinates": [ 140.389889, 37.489028 ] } },
{ "type": "Feature", "properties": { "ID": 730730000204, "正式名称": "菊池歯科医院", "機関区分": 3, "都道府県コード": 7, "市区町村コード": 301, "所在地": "福島県伊達郡桑折町北町１１１", "緯度": 37.848962, "経度": 140.518696, "url": "https://www.iryou.teikyouseido.mhlw.go.jp/znk-web/juminkanja/S2430/initialize?prefCd=07&kikanCd=0730000204&kikanKbn=3", "url2": null, "内容": "菊池歯科医院【3:歯科】福島県伊達郡桑折町北町１１１" }, "geometry": { "type": "Point", "coordinates": [ 140.518696, 37.848962 ] } },
{ "type": "Feature", "properties": { "ID": 730730000205, "正式名称": "斎藤歯科医院", "機関区分": 3, "都道府県コード": 7, "市区町村コード": 301, "所在地": "福島県伊達郡桑折町谷地石塚２－５", "緯度": 37.856694, "経度": 140.520336, "url": "https://www.iryou.teikyouseido.mhlw.go.jp/znk-web/juminkanja/S2430/initialize?prefCd=07&kikanCd=0730000205&kikanKbn=3", "url2": null, "内容": "斎藤歯科医院【3:歯科】福島県伊達郡桑折町谷地石塚２－５" }, "geometry": { "type": "Point", "coordinates": [ 140.520336, 37.856694 ] } },
{ "type": "Feature", "properties": { "ID": 730730000206, "正式名称": "馬場歯科医院", "機関区分": 3, "都道府県コード": 7, "市区町村コード": 301, "所在地": "福島県伊達郡桑折町本町３５", "緯度": 37.846172, "経度": 140.51775, "url": "https://www.iryou.teikyouseido.mhlw.go.jp/znk-web/juminkanja/S2430/initialize?prefCd=07&kikanCd=0730000206&kikanKbn=3", "url2": null, "内容": "馬場歯科医院【3:歯科】福島県伊達郡桑折町本町３５" }, "geometry": { "type": "Point", "coordinates": [ 140.51775, 37.846172 ] } },
{ "type": "Feature", "properties": { "ID": 730730000207, "正式名称": "トオル歯科医院", "機関区分": 3, "都道府県コード": 7, "市区町村コード": 301, "所在地": "福島県伊達郡桑折町大字万正寺字道東７－３", "緯度": 37.839792, "経度": 140.512169, "url": "https://www.iryou.teikyouseido.mhlw.go.jp/znk-web/juminkanja/S2430/initialize?prefCd=07&kikanCd=0730000207&kikanKbn=3", "url2": null, "内容": "トオル歯科医院【3:歯科】福島県伊達郡桑折町大字万正寺字道東７－３" }, "geometry": { "type": "Point", "coordinates": [ 140.512169, 37.839792 ] } },
{ "type": "Feature", "properties": { "ID": 730730000209, "正式名称": "鈴木歯科医院", "機関区分": 3, "都道府県コード": 7, "市区町村コード": 301, "所在地": "福島県伊達郡桑折町上郡堰上１－１１", "緯度": 37.852014, "経度": 140.522672, "url": "https://www.iryou.teikyouseido.mhlw.go.jp/znk-web/juminkanja/S2430/initialize?prefCd=07&kikanCd=0730000209&kikanKbn=3", "url2": null, "内容": "鈴木歯科医院【3:歯科】福島県伊達郡桑折町上郡堰上１－１１" }, "geometry": { "type": "Point", "coordinates": [ 140.522672, 37.852014 ] } },
{ "type": "Feature", "properties": { "ID": 730730000210, "正式名称": "赤井畑歯科医院", "機関区分": 3, "都道府県コード": 7, "市区町村コード": 303, "所在地": "福島県伊達郡国見町山崎太子堂３－３", "緯度": 37.877156, "経度": 140.540872, "url": "https://www.iryou.teikyouseido.mhlw.go.jp/znk-web/juminkanja/S2430/initialize?prefCd=07&kikanCd=0730000210&kikanKbn=3", "url2": null, "内容": "赤井畑歯科医院【3:歯科】福島県伊達郡国見町山崎太子堂３－３" }, "geometry": { "type": "Point", "coordinates": [ 140.540872, 37.877156 ] } },
{ "type": "Feature", "properties": { "ID": 730730000211, "正式名称": "ひまわりデンタルクリニック", "機関区分": 3, "都道府県コード": 7, "市区町村コード": 303, "所在地": "福島県伊達郡国見町藤田中沢一１０番２１号", "緯度": 37.873189, "経度": 140.542006, "url": "https://www.iryou.teikyouseido.mhlw.go.jp/znk-web/juminkanja/S2430/initialize?prefCd=07&kikanCd=0730000211&kikanKbn=3", "url2": null, "内容": "ひまわりデンタルクリニック【3:歯科】福島県伊達郡国見町藤田中沢一１０番２１号" }, "geometry": { "type": "Point", "coordinates": [ 140.542006, 37.873189 ] } },
{ "type": "Feature", "properties": { "ID": 730730000212, "正式名称": "国見歯科口腔外科", "機関区分": 3, "都道府県コード": 7, "市区町村コード": 303, "所在地": "福島県伊達郡国見町藤田町尻二１２－１", "緯度": 37.878583, "経度": 140.547528, "url": "https://www.iryou.teikyouseido.mhlw.go.jp/znk-web/juminkanja/S2430/initialize?prefCd=07&kikanCd=0730000212&kikanKbn=3", "url2": "http://www.andou-dc.com/", "内容": "国見歯科口腔外科【3:歯科】福島県伊達郡国見町藤田町尻二１２－１" }, "geometry": { "type": "Point", "coordinates": [ 140.547528, 37.878583 ] } },
{ "type": "Feature", "properties": { "ID": 730730000215, "正式名称": "加藤歯科医院", "機関区分": 3, "都道府県コード": 7, "市区町村コード": 308, "所在地": "福島県伊達郡川俣町新中町２８", "緯度": 37.660872, "経度": 140.604389, "url": "https://www.iryou.teikyouseido.mhlw.go.jp/znk-web/juminkanja/S2430/initialize?prefCd=07&kikanCd=0730000215&kikanKbn=3", "url2": null, "内容": "加藤歯科医院【3:歯科】福島県伊達郡川俣町新中町２８" }, "geometry": { "type": "Point", "coordinates": [ 140.604389, 37.660872 ] } },
{ "type": "Feature", "properties": { "ID": 730730000216, "正式名称": "笆歯科医院", "機関区分": 3, "都道府県コード": 7, "市区町村コード": 308, "所在地": "福島県伊達郡川俣町瓦町７６", "緯度": 37.664617, "経度": 140.603231, "url": "https://www.iryou.teikyouseido.mhlw.go.jp/znk-web/juminkanja/S2430/initialize?prefCd=07&kikanCd=0730000216&kikanKbn=3", "url2": null, "内容": "笆歯科医院【3:歯科】福島県伊達郡川俣町瓦町７６" }, "geometry": { "type": "Point", "coordinates": [ 140.603231, 37.664617 ] } },
{ "type": "Feature", "properties": { "ID": 730730000217, "正式名称": "藤川歯科医院", "機関区分": 3, "都道府県コード": 7, "市区町村コード": 308, "所在地": "福島県伊達郡川俣町大内６－１４", "緯度": 37.667067, "経度": 140.60755, "url": "https://www.iryou.teikyouseido.mhlw.go.jp/znk-web/juminkanja/S2430/initialize?prefCd=07&kikanCd=0730000217&kikanKbn=3", "url2": null, "内容": "藤川歯科医院【3:歯科】福島県伊達郡川俣町大内６－１４" }, "geometry": { "type": "Point", "coordinates": [ 140.60755, 37.667067 ] } },
{ "type": "Feature", "properties": { "ID": 730730000218, "正式名称": "シルク歯科医院", "機関区分": 3, "都道府県コード": 7, "市区町村コード": 308, "所在地": "福島県伊達郡川俣町大字鶴沢字芦ヶ作１０－２", "緯度": 37.669347, "経度": 140.573994, "url": "https://www.iryou.teikyouseido.mhlw.go.jp/znk-web/juminkanja/S2430/initialize?prefCd=07&kikanCd=0730000218&kikanKbn=3", "url2": null, "内容": "シルク歯科医院【3:歯科】福島県伊達郡川俣町大字鶴沢字芦ヶ作１０－２" }, "geometry": { "type": "Point", "coordinates": [ 140.573994, 37.669347 ] } },
{ "type": "Feature", "properties": { "ID": 730730000219, "正式名称": "飯久保歯科医院", "機関区分": 3, "都道府県コード": 7, "市区町村コード": 201, "所在地": "福島県福島市飯野町字町５０", "緯度": 37.65635, "経度": 140.537322, "url": "https://www.iryou.teikyouseido.mhlw.go.jp/znk-web/juminkanja/S2430/initialize?prefCd=07&kikanCd=0730000219&kikanKbn=3", "url2": null, "内容": "飯久保歯科医院【3:歯科】福島県福島市飯野町字町５０" }, "geometry": { "type": "Point", "coordinates": [ 140.537322, 37.65635 ] } },
{ "type": "Feature", "properties": { "ID": 730730000222, "正式名称": "五十嵐歯科クリニック", "機関区分": 3, "都道府県コード": 7, "市区町村コード": 322, "所在地": "福島県安達郡大玉村大山字仲江３２１", "緯度": 37.541983, "経度": 140.397592, "url": "https://www.iryou.teikyouseido.mhlw.go.jp/znk-web/juminkanja/S2430/initialize?prefCd=07&kikanCd=0730000222&kikanKbn=3", "url2": null, "内容": "五十嵐歯科クリニック【3:歯科】福島県安達郡大玉村大山字仲江３２１" }, "geometry": { "type": "Point", "coordinates": [ 140.397592, 37.541983 ] } },
{ "type": "Feature", "properties": { "ID": 730730000223, "正式名称": "田代歯科医院", "機関区分": 3, "都道府県コード": 7, "市区町村コード": 207, "所在地": "福島県須賀川市東町５３－３", "緯度": 37.287722, "経度": 140.376306, "url": "https://www.iryou.teikyouseido.mhlw.go.jp/znk-web/juminkanja/S2430/initialize?prefCd=07&kikanCd=0730000223&kikanKbn=3", "url2": null, "内容": "田代歯科医院【3:歯科】福島県須賀川市東町５３－３" }, "geometry": { "type": "Point", "coordinates": [ 140.376306, 37.287722 ] } },
{ "type": "Feature", "properties": { "ID": 730730000227, "正式名称": "松井歯科医院", "機関区分": 3, "都道府県コード": 7, "市区町村コード": 207, "所在地": "福島県須賀川市大町２７４", "緯度": 37.284628, "経度": 140.374569, "url": "https://www.iryou.teikyouseido.mhlw.go.jp/znk-web/juminkanja/S2430/initialize?prefCd=07&kikanCd=0730000227&kikanKbn=3", "url2": null, "内容": "松井歯科医院【3:歯科】福島県須賀川市大町２７４" }, "geometry": { "type": "Point", "coordinates": [ 140.374569, 37.284628 ] } },
{ "type": "Feature", "properties": { "ID": 730730000228, "正式名称": "印南歯科医院", "機関区分": 3, "都道府県コード": 7, "市区町村コード": 207, "所在地": "福島県須賀川市塚田１４６", "緯度": 37.297508, "経度": 140.373667, "url": "https://www.iryou.teikyouseido.mhlw.go.jp/znk-web/juminkanja/S2430/initialize?prefCd=07&kikanCd=0730000228&kikanKbn=3", "url2": null, "内容": "印南歯科医院【3:歯科】福島県須賀川市塚田１４６" }, "geometry": { "type": "Point", "coordinates": [ 140.373667, 37.297508 ] } },
{ "type": "Feature", "properties": { "ID": 730730000229, "正式名称": "大内歯科医院", "機関区分": 3, "都道府県コード": 7, "市区町村コード": 207, "所在地": "福島県須賀川市丸田町２５５", "緯度": 37.291308, "経度": 140.363894, "url": "https://www.iryou.teikyouseido.mhlw.go.jp/znk-web/juminkanja/S2430/initialize?prefCd=07&kikanCd=0730000229&kikanKbn=3", "url2": null, "内容": "大内歯科医院【3:歯科】福島県須賀川市丸田町２５５" }, "geometry": { "type": "Point", "coordinates": [ 140.363894, 37.291308 ] } },
{ "type": "Feature", "properties": { "ID": 730730000230, "正式名称": "阪本歯科医院須賀川診療所", "機関区分": 3, "都道府県コード": 7, "市区町村コード": 207, "所在地": "福島県須賀川市小作田湯名塚１－３", "緯度": 37.270769, "経度": 140.413003, "url": "https://www.iryou.teikyouseido.mhlw.go.jp/znk-web/juminkanja/S2430/initialize?prefCd=07&kikanCd=0730000230&kikanKbn=3", "url2": null, "内容": "阪本歯科医院須賀川診療所【3:歯科】福島県須賀川市小作田湯名塚１－３" }, "geometry": { "type": "Point", "coordinates": [ 140.413003, 37.270769 ] } },
{ "type": "Feature", "properties": { "ID": 730730000231, "正式名称": "草野歯科医院", "機関区分": 3, "都道府県コード": 7, "市区町村コード": 207, "所在地": "福島県須賀川市大町１２５", "緯度": 37.28575, "経度": 140.372478, "url": "https://www.iryou.teikyouseido.mhlw.go.jp/znk-web/juminkanja/S2430/initialize?prefCd=07&kikanCd=0730000231&kikanKbn=3", "url2": null, "内容": "草野歯科医院【3:歯科】福島県須賀川市大町１２５" }, "geometry": { "type": "Point", "coordinates": [ 140.372478, 37.28575 ] } },
{ "type": "Feature", "properties": { "ID": 730730000232, "正式名称": "遠藤歯科医院", "機関区分": 3, "都道府県コード": 7, "市区町村コード": 207, "所在地": "福島県須賀川市本町７２", "緯度": 37.285767, "経度": 140.375242, "url": "https://www.iryou.teikyouseido.mhlw.go.jp/znk-web/juminkanja/S2430/initialize?prefCd=07&kikanCd=0730000232&kikanKbn=3", "url2": "http://www.endo-shika.info/", "内容": "遠藤歯科医院【3:歯科】福島県須賀川市本町７２" }, "geometry": { "type": "Point", "coordinates": [ 140.375242, 37.285767 ] } },
{ "type": "Feature", "properties": { "ID": 730730000237, "正式名称": "佐藤歯科医院", "機関区分": 3, "都道府県コード": 7, "市区町村コード": 207, "所在地": "福島県須賀川市諏訪町１０２", "緯度": 37.290842, "経度": 140.374225, "url": "https://www.iryou.teikyouseido.mhlw.go.jp/znk-web/juminkanja/S2430/initialize?prefCd=07&kikanCd=0730000237&kikanKbn=3", "url2": null, "内容": "佐藤歯科医院【3:歯科】福島県須賀川市諏訪町１０２" }, "geometry": { "type": "Point", "coordinates": [ 140.374225, 37.290842 ] } },
{ "type": "Feature", "properties": { "ID": 730730000239, "正式名称": "向陽歯科医院", "機関区分": 3, "都道府県コード": 7, "市区町村コード": 207, "所在地": "福島県須賀川市向陽町８４１", "緯度": 37.341228, "経度": 140.345275, "url": "https://www.iryou.teikyouseido.mhlw.go.jp/znk-web/juminkanja/S2430/initialize?prefCd=07&kikanCd=0730000239&kikanKbn=3", "url2": null, "内容": "向陽歯科医院【3:歯科】福島県須賀川市向陽町８４１" }, "geometry": { "type": "Point", "coordinates": [ 140.345275, 37.341228 ] } },
{ "type": "Feature", "properties": { "ID": 730730000240, "正式名称": "すずき歯科医院", "機関区分": 3, "都道府県コード": 7, "市区町村コード": 207, "所在地": "福島県須賀川市南町３０－１", "緯度": 37.281044, "経度": 140.370714, "url": "https://www.iryou.teikyouseido.mhlw.go.jp/znk-web/juminkanja/S2430/initialize?prefCd=07&kikanCd=0730000240&kikanKbn=3", "url2": null, "内容": "すずき歯科医院【3:歯科】福島県須賀川市南町３０－１" }, "geometry": { "type": "Point", "coordinates": [ 140.370714, 37.281044 ] } },
{ "type": "Feature", "properties": { "ID": 730730000241, "正式名称": "小橋歯科医院", "機関区分": 3, "都道府県コード": 7, "市区町村コード": 207, "所在地": "福島県須賀川市和田作の内３６－１", "緯度": 37.286522, "経度": 140.393897, "url": "https://www.iryou.teikyouseido.mhlw.go.jp/znk-web/juminkanja/S2430/initialize?prefCd=07&kikanCd=0730000241&kikanKbn=3", "url2": null, "内容": "小橋歯科医院【3:歯科】福島県須賀川市和田作の内３６－１" }, "geometry": { "type": "Point", "coordinates": [ 140.393897, 37.286522 ] } },
{ "type": "Feature", "properties": { "ID": 730730000242, "正式名称": "かわしま歯科", "機関区分": 3, "都道府県コード": 7, "市区町村コード": 207, "所在地": "福島県須賀川市大町９５", "緯度": 37.28485, "経度": 140.371281, "url": "https://www.iryou.teikyouseido.mhlw.go.jp/znk-web/juminkanja/S2430/initialize?prefCd=07&kikanCd=0730000242&kikanKbn=3", "url2": null, "内容": "かわしま歯科【3:歯科】福島県須賀川市大町９５" }, "geometry": { "type": "Point", "coordinates": [ 140.371281, 37.28485 ] } },
{ "type": "Feature", "properties": { "ID": 730730000243, "正式名称": "本田歯科医院", "機関区分": 3, "都道府県コード": 7, "市区町村コード": 207, "所在地": "福島県須賀川市南上町１５９－１１", "緯度": 37.281081, "経度": 140.385817, "url": "https://www.iryou.teikyouseido.mhlw.go.jp/znk-web/juminkanja/S2430/initialize?prefCd=07&kikanCd=0730000243&kikanKbn=3", "url2": null, "内容": "本田歯科医院【3:歯科】福島県須賀川市南上町１５９－１１" }, "geometry": { "type": "Point", "coordinates": [ 140.385817, 37.281081 ] } },
{ "type": "Feature", "properties": { "ID": 730730000245, "正式名称": "新妻歯科医院", "機関区分": 3, "都道府県コード": 7, "市区町村コード": 207, "所在地": "福島県須賀川市西山寺町７０番地", "緯度": 37.303792, "経度": 140.359717, "url": "https://www.iryou.teikyouseido.mhlw.go.jp/znk-web/juminkanja/S2430/initialize?prefCd=07&kikanCd=0730000245&kikanKbn=3", "url2": null, "内容": "新妻歯科医院【3:歯科】福島県須賀川市西山寺町７０番地" }, "geometry": { "type": "Point", "coordinates": [ 140.359717, 37.303792 ] } },
{ "type": "Feature", "properties": { "ID": 730730000246, "正式名称": "石井じゅんデンタルクリニック", "機関区分": 3, "都道府県コード": 7, "市区町村コード": 207, "所在地": "福島県須賀川市山寺町１３６　メゾンドミュー１Ｆ", "緯度": 37.304092, "経度": 140.362189, "url": "https://www.iryou.teikyouseido.mhlw.go.jp/znk-web/juminkanja/S2430/initialize?prefCd=07&kikanCd=0730000246&kikanKbn=3", "url2": null, "内容": "石井じゅんデンタルクリニック【3:歯科】福島県須賀川市山寺町１３６　メゾンドミュー１Ｆ" }, "geometry": { "type": "Point", "coordinates": [ 140.362189, 37.304092 ] } },
{ "type": "Feature", "properties": { "ID": 730730000249, "正式名称": "鈴木歯科医院", "機関区分": 3, "都道府県コード": 7, "市区町村コード": 207, "所在地": "福島県須賀川市下宿町８６", "緯度": 37.307986, "経度": 140.374611, "url": "https://www.iryou.teikyouseido.mhlw.go.jp/znk-web/juminkanja/S2430/initialize?prefCd=07&kikanCd=0730000249&kikanKbn=3", "url2": null, "内容": "鈴木歯科医院【3:歯科】福島県須賀川市下宿町８６" }, "geometry": { "type": "Point", "coordinates": [ 140.374611, 37.307986 ] } },
{ "type": "Feature", "properties": { "ID": 730730000250, "正式名称": "にしむらデンタルオフィス", "機関区分": 3, "都道府県コード": 7, "市区町村コード": 207, "所在地": "福島県須賀川市山寺町１１８", "緯度": 37.301181, "経度": 140.364669, "url": "https://www.iryou.teikyouseido.mhlw.go.jp/znk-web/juminkanja/S2430/initialize?prefCd=07&kikanCd=0730000250&kikanKbn=3", "url2": "http://www16.ocn.ne.jp/~d_nishim/", "内容": "にしむらデンタルオフィス【3:歯科】福島県須賀川市山寺町１１８" }, "geometry": { "type": "Point", "coordinates": [ 140.364669, 37.301181 ] } },
{ "type": "Feature", "properties": { "ID": 730730000252, "正式名称": "森宿歯科医院", "機関区分": 3, "都道府県コード": 7, "市区町村コード": 207, "所在地": "福島県須賀川市森宿字御膳田３８－１６", "緯度": 37.310633, "経度": 140.368947, "url": "https://www.iryou.teikyouseido.mhlw.go.jp/znk-web/juminkanja/S2430/initialize?prefCd=07&kikanCd=0730000252&kikanKbn=3", "url2": "http://www.morijyukushika.com//", "内容": "森宿歯科医院【3:歯科】福島県須賀川市森宿字御膳田３８－１６" }, "geometry": { "type": "Point", "coordinates": [ 140.368947, 37.310633 ] } },
{ "type": "Feature", "properties": { "ID": 730730000253, "正式名称": "くりの木小児歯科", "機関区分": 3, "都道府県コード": 7, "市区町村コード": 207, "所在地": "福島県須賀川市東作１４１－５", "緯度": 37.279567, "経度": 140.384831, "url": "https://www.iryou.teikyouseido.mhlw.go.jp/znk-web/juminkanja/S2430/initialize?prefCd=07&kikanCd=0730000253&kikanKbn=3", "url2": null, "内容": "くりの木小児歯科【3:歯科】福島県須賀川市東作１４１－５" }, "geometry": { "type": "Point", "coordinates": [ 140.384831, 37.279567 ] } },
{ "type": "Feature", "properties": { "ID": 730730000254, "正式名称": "おがわ矯正歯科クリニック", "機関区分": 3, "都道府県コード": 7, "市区町村コード": 207, "所在地": "福島県須賀川市山寺町　１７１", "緯度": 37.303778, "経度": 140.365178, "url": "https://www.iryou.teikyouseido.mhlw.go.jp/znk-web/juminkanja/S2430/initialize?prefCd=07&kikanCd=0730000254&kikanKbn=3", "url2": "ogawa-kyousei.com", "内容": "おがわ矯正歯科クリニック【3:歯科】福島県須賀川市山寺町　１７１" }, "geometry": { "type": "Point", "coordinates": [ 140.365178, 37.303778 ] } },
{ "type": "Feature", "properties": { "ID": 730730000257, "正式名称": "ライフ　デンタル　オフィス", "機関区分": 3, "都道府県コード": 7, "市区町村コード": 207, "所在地": "福島県須賀川市岡東町１４８－２", "緯度": 37.296494, "経度": 140.361531, "url": "https://www.iryou.teikyouseido.mhlw.go.jp/znk-web/juminkanja/S2430/initialize?prefCd=07&kikanCd=0730000257&kikanKbn=3", "url2": null, "内容": "ライフ　デンタル　オフィス【3:歯科】福島県須賀川市岡東町１４８－２" }, "geometry": { "type": "Point", "coordinates": [ 140.361531, 37.296494 ] } },
{ "type": "Feature", "properties": { "ID": 730730000259, "正式名称": "佐熊歯科医院", "機関区分": 3, "都道府県コード": 7, "市区町村コード": 207, "所在地": "福島県須賀川市長沼字町尻４２－１", "緯度": 37.288642, "経度": 140.219733, "url": "https://www.iryou.teikyouseido.mhlw.go.jp/znk-web/juminkanja/S2430/initialize?prefCd=07&kikanCd=0730000259&kikanKbn=3", "url2": null, "内容": "佐熊歯科医院【3:歯科】福島県須賀川市長沼字町尻４２－１" }, "geometry": { "type": "Point", "coordinates": [ 140.219733, 37.288642 ] } },
{ "type": "Feature", "properties": { "ID": 730730000260, "正式名称": "桑名歯科医院", "機関区分": 3, "都道府県コード": 7, "市区町村コード": 207, "所在地": "福島県須賀川市木之崎上之内２５－１", "緯度": 37.280542, "経度": 140.272906, "url": "https://www.iryou.teikyouseido.mhlw.go.jp/znk-web/juminkanja/S2430/initialize?prefCd=07&kikanCd=0730000260&kikanKbn=3", "url2": null, "内容": "桑名歯科医院【3:歯科】福島県須賀川市木之崎上之内２５－１" }, "geometry": { "type": "Point", "coordinates": [ 140.272906, 37.280542 ] } },
{ "type": "Feature", "properties": { "ID": 730730000261, "正式名称": "岩瀬歯科医院", "機関区分": 3, "都道府県コード": 7, "市区町村コード": 207, "所在地": "福島県須賀川市柱田長井７６番地５", "緯度": 37.318919, "経度": 140.275044, "url": "https://www.iryou.teikyouseido.mhlw.go.jp/znk-web/juminkanja/S2430/initialize?prefCd=07&kikanCd=0730000261&kikanKbn=3", "url2": null, "内容": "岩瀬歯科医院【3:歯科】福島県須賀川市柱田長井７６番地５" }, "geometry": { "type": "Point", "coordinates": [ 140.275044, 37.318919 ] } },
{ "type": "Feature", "properties": { "ID": 730730000262, "正式名称": "天栄歯科医院", "機関区分": 3, "都道府県コード": 7, "市区町村コード": 344, "所在地": "福島県岩瀬郡天栄村大字白子字家内神１４－３", "緯度": 37.255261, "経度": 140.249839, "url": "https://www.iryou.teikyouseido.mhlw.go.jp/znk-web/juminkanja/S2430/initialize?prefCd=07&kikanCd=0730000262&kikanKbn=3", "url2": null, "内容": "天栄歯科医院【3:歯科】福島県岩瀬郡天栄村大字白子字家内神１４－３" }, "geometry": { "type": "Point", "coordinates": [ 140.249839, 37.255261 ] } },
{ "type": "Feature", "properties": { "ID": 730730000264, "正式名称": "関根歯科医院", "機関区分": 3, "都道府県コード": 7, "市区町村コード": 342, "所在地": "福島県岩瀬郡鏡石町本町２４１－３", "緯度": 37.253624, "経度": 140.347437, "url": "https://www.iryou.teikyouseido.mhlw.go.jp/znk-web/juminkanja/S2430/initialize?prefCd=07&kikanCd=0730000264&kikanKbn=3", "url2": null, "内容": "関根歯科医院【3:歯科】福島県岩瀬郡鏡石町本町２４１－３" }, "geometry": { "type": "Point", "coordinates": [ 140.347437, 37.253624 ] } },
{ "type": "Feature", "properties": { "ID": 730730000265, "正式名称": "松本歯科医院", "機関区分": 3, "都道府県コード": 7, "市区町村コード": 342, "所在地": "福島県岩瀬郡鏡石町中央１７５－２", "緯度": 37.249906, "経度": 140.343925, "url": "https://www.iryou.teikyouseido.mhlw.go.jp/znk-web/juminkanja/S2430/initialize?prefCd=07&kikanCd=0730000265&kikanKbn=3", "url2": null, "内容": "松本歯科医院【3:歯科】福島県岩瀬郡鏡石町中央１７５－２" }, "geometry": { "type": "Point", "coordinates": [ 140.343925, 37.249906 ] } },
{ "type": "Feature", "properties": { "ID": 730730000266, "正式名称": "曽根歯科医院", "機関区分": 3, "都道府県コード": 7, "市区町村コード": 342, "所在地": "福島県岩瀬郡鏡石町岡ノ内１９８－２", "緯度": 37.25505, "経度": 140.340064, "url": "https://www.iryou.teikyouseido.mhlw.go.jp/znk-web/juminkanja/S2430/initialize?prefCd=07&kikanCd=0730000266&kikanKbn=3", "url2": null, "内容": "曽根歯科医院【3:歯科】福島県岩瀬郡鏡石町岡ノ内１９８－２" }, "geometry": { "type": "Point", "coordinates": [ 140.340064, 37.25505 ] } },
{ "type": "Feature", "properties": { "ID": 730730000267, "正式名称": "医療法人和修会　本田歯科医院", "機関区分": 3, "都道府県コード": 7, "市区町村コード": 521, "所在地": "福島県田村郡三春町大町１６１", "緯度": 37.441178, "経度": 140.493008, "url": "https://www.iryou.teikyouseido.mhlw.go.jp/znk-web/juminkanja/S2430/initialize?prefCd=07&kikanCd=0730000267&kikanKbn=3", "url2": null, "内容": "医療法人和修会　本田歯科医院【3:歯科】福島県田村郡三春町大町１６１" }, "geometry": { "type": "Point", "coordinates": [ 140.493008, 37.441178 ] } },
{ "type": "Feature", "properties": { "ID": 730730000268, "正式名称": "医療法人　宗像歯科医院", "機関区分": 3, "都道府県コード": 7, "市区町村コード": 521, "所在地": "福島県田村郡三春町下舞木間明田２６－１", "緯度": 37.420742, "経度": 140.426531, "url": "https://www.iryou.teikyouseido.mhlw.go.jp/znk-web/juminkanja/S2430/initialize?prefCd=07&kikanCd=0730000268&kikanKbn=3", "url2": null, "内容": "医療法人　宗像歯科医院【3:歯科】福島県田村郡三春町下舞木間明田２６－１" }, "geometry": { "type": "Point", "coordinates": [ 140.426531, 37.420742 ] } },
{ "type": "Feature", "properties": { "ID": 730730000270, "正式名称": "小山歯科医院", "機関区分": 3, "都道府県コード": 7, "市区町村コード": 521, "所在地": "福島県田村郡三春町中町３０－３", "緯度": 37.441033, "経度": 140.487594, "url": "https://www.iryou.teikyouseido.mhlw.go.jp/znk-web/juminkanja/S2430/initialize?prefCd=07&kikanCd=0730000270&kikanKbn=3", "url2": null, "内容": "小山歯科医院【3:歯科】福島県田村郡三春町中町３０－３" }, "geometry": { "type": "Point", "coordinates": [ 140.487594, 37.441033 ] } },
{ "type": "Feature", "properties": { "ID": 730730000271, "正式名称": "斉藤歯科クリニック", "機関区分": 3, "都道府県コード": 7, "市区町村コード": 521, "所在地": "福島県田村郡三春町字雁木田１９－３", "緯度": 37.4384, "経度": 140.483361, "url": "https://www.iryou.teikyouseido.mhlw.go.jp/znk-web/juminkanja/S2430/initialize?prefCd=07&kikanCd=0730000271&kikanKbn=3", "url2": null, "内容": "斉藤歯科クリニック【3:歯科】福島県田村郡三春町字雁木田１９－３" }, "geometry": { "type": "Point", "coordinates": [ 140.483361, 37.4384 ] } },
{ "type": "Feature", "properties": { "ID": 730730000274, "正式名称": "山田歯科医院", "機関区分": 3, "都道府県コード": 7, "市区町村コード": 522, "所在地": "福島県田村郡小野町小野新町東馬番３－１", "緯度": 37.283494, "経度": 140.634597, "url": "https://www.iryou.teikyouseido.mhlw.go.jp/znk-web/juminkanja/S2430/initialize?prefCd=07&kikanCd=0730000274&kikanKbn=3", "url2": null, "内容": "山田歯科医院【3:歯科】福島県田村郡小野町小野新町東馬番３－１" }, "geometry": { "type": "Point", "coordinates": [ 140.634597, 37.283494 ] } },
{ "type": "Feature", "properties": { "ID": 730730000275, "正式名称": "小野デンタルクリニック", "機関区分": 3, "都道府県コード": 7, "市区町村コード": 522, "所在地": "福島県田村郡小野町大字皮籠石字寺脇１７－１", "緯度": 37.285131, "経度": 140.616342, "url": "https://www.iryou.teikyouseido.mhlw.go.jp/znk-web/juminkanja/S2430/initialize?prefCd=07&kikanCd=0730000275&kikanKbn=3", "url2": null, "内容": "小野デンタルクリニック【3:歯科】福島県田村郡小野町大字皮籠石字寺脇１７－１" }, "geometry": { "type": "Point", "coordinates": [ 140.616342, 37.285131 ] } },
{ "type": "Feature", "properties": { "ID": 730730000278, "正式名称": "瀬下歯科医院", "機関区分": 3, "都道府県コード": 7, "市区町村コード": 211, "所在地": "福島県田村市滝根町神俣関場５３６", "緯度": 37.325139, "経度": 140.657492, "url": "https://www.iryou.teikyouseido.mhlw.go.jp/znk-web/juminkanja/S2430/initialize?prefCd=07&kikanCd=0730000278&kikanKbn=3", "url2": null, "内容": "瀬下歯科医院【3:歯科】福島県田村市滝根町神俣関場５３６" }, "geometry": { "type": "Point", "coordinates": [ 140.657492, 37.325139 ] } },
{ "type": "Feature", "properties": { "ID": 730730000279, "正式名称": "遠藤歯科医院", "機関区分": 3, "都道府県コード": 7, "市区町村コード": 211, "所在地": "福島県田村市滝根町神俣町５６", "緯度": 37.325358, "経度": 140.657672, "url": "https://www.iryou.teikyouseido.mhlw.go.jp/znk-web/juminkanja/S2430/initialize?prefCd=07&kikanCd=0730000279&kikanKbn=3", "url2": null, "内容": "遠藤歯科医院【3:歯科】福島県田村市滝根町神俣町５６" }, "geometry": { "type": "Point", "coordinates": [ 140.657672, 37.325358 ] } },
{ "type": "Feature", "properties": { "ID": 730730000280, "正式名称": "土屋歯科医院", "機関区分": 3, "都道府県コード": 7, "市区町村コード": 211, "所在地": "福島県田村市大越町上大越字槻木２６３－１", "緯度": 37.381608, "経度": 140.634564, "url": "https://www.iryou.teikyouseido.mhlw.go.jp/znk-web/juminkanja/S2430/initialize?prefCd=07&kikanCd=0730000280&kikanKbn=3", "url2": null, "内容": "土屋歯科医院【3:歯科】福島県田村市大越町上大越字槻木２６３－１" }, "geometry": { "type": "Point", "coordinates": [ 140.634564, 37.381608 ] } },
{ "type": "Feature", "properties": { "ID": 730730000281, "正式名称": "田村市立都路歯科診療所", "機関区分": 3, "都道府県コード": 7, "市区町村コード": 211, "所在地": "福島県田村市都路町古道字寺下５０", "緯度": 37.434378, "経度": 140.792422, "url": "https://www.iryou.teikyouseido.mhlw.go.jp/znk-web/juminkanja/S2430/initialize?prefCd=07&kikanCd=0730000281&kikanKbn=3", "url2": null, "内容": "田村市立都路歯科診療所【3:歯科】福島県田村市都路町古道字寺下５０" }, "geometry": { "type": "Point", "coordinates": [ 140.792422, 37.434378 ] } },
{ "type": "Feature", "properties": { "ID": 730730000286, "正式名称": "医療法人積誠会博多歯科医院", "機関区分": 3, "都道府県コード": 7, "市区町村コード": 211, "所在地": "福島県田村市船引町船引和尚坦１３", "緯度": 37.442367, "経度": 140.578431, "url": "https://www.iryou.teikyouseido.mhlw.go.jp/znk-web/juminkanja/S2430/initialize?prefCd=07&kikanCd=0730000286&kikanKbn=3", "url2": "https://www.hakata-dental.com", "内容": "医療法人積誠会博多歯科医院【3:歯科】福島県田村市船引町船引和尚坦１３" }, "geometry": { "type": "Point", "coordinates": [ 140.578431, 37.442367 ] } },
{ "type": "Feature", "properties": { "ID": 730730000287, "正式名称": "医療法人賢歯会　佐藤歯科医院", "機関区分": 3, "都道府県コード": 7, "市区町村コード": 211, "所在地": "福島県田村市船引町船引字扇田８０", "緯度": 37.442033, "経度": 140.567311, "url": "https://www.iryou.teikyouseido.mhlw.go.jp/znk-web/juminkanja/S2430/initialize?prefCd=07&kikanCd=0730000287&kikanKbn=3", "url2": "https://kenshikai-satodentalclinic.com/", "内容": "医療法人賢歯会　佐藤歯科医院【3:歯科】福島県田村市船引町船引字扇田８０" }, "geometry": { "type": "Point", "coordinates": [ 140.567311, 37.442033 ] } },
{ "type": "Feature", "properties": { "ID": 730730000288, "正式名称": "さいす歯科", "機関区分": 3, "都道府県コード": 7, "市区町村コード": 211, "所在地": "福島県田村市船引町船引字下中田６", "緯度": 37.441794, "経度": 140.577456, "url": "https://www.iryou.teikyouseido.mhlw.go.jp/znk-web/juminkanja/S2430/initialize?prefCd=07&kikanCd=0730000288&kikanKbn=3", "url2": null, "内容": "さいす歯科【3:歯科】福島県田村市船引町船引字下中田６" }, "geometry": { "type": "Point", "coordinates": [ 140.577456, 37.441794 ] } },
{ "type": "Feature", "properties": { "ID": 730730000290, "正式名称": "渡辺歯科医院", "機関区分": 3, "都道府県コード": 7, "市区町村コード": 211, "所在地": "福島県田村市船引町船引字五升車６９－１１", "緯度": 37.442017, "経度": 140.574258, "url": "https://www.iryou.teikyouseido.mhlw.go.jp/znk-web/juminkanja/S2430/initialize?prefCd=07&kikanCd=0730000290&kikanKbn=3", "url2": null, "内容": "渡辺歯科医院【3:歯科】福島県田村市船引町船引字五升車６９－１１" }, "geometry": { "type": "Point", "coordinates": [ 140.574258, 37.442017 ] } },
{ "type": "Feature", "properties": { "ID": 730730000292, "正式名称": "医療法人菅野歯科医院", "機関区分": 3, "都道府県コード": 7, "市区町村コード": 211, "所在地": "福島県田村市船引町船引原田３５", "緯度": 37.439592, "経度": 140.570111, "url": "https://www.iryou.teikyouseido.mhlw.go.jp/znk-web/juminkanja/S2430/initialize?prefCd=07&kikanCd=0730000292&kikanKbn=3", "url2": null, "内容": "医療法人菅野歯科医院【3:歯科】福島県田村市船引町船引原田３５" }, "geometry": { "type": "Point", "coordinates": [ 140.570111, 37.439592 ] } },
{ "type": "Feature", "properties": { "ID": 730730000293, "正式名称": "おくあき歯科医院", "機関区分": 3, "都道府県コード": 7, "市区町村コード": 211, "所在地": "福島県田村市船引町東部台３－５１", "緯度": 37.443289, "経度": 140.586081, "url": "https://www.iryou.teikyouseido.mhlw.go.jp/znk-web/juminkanja/S2430/initialize?prefCd=07&kikanCd=0730000293&kikanKbn=3", "url2": null, "内容": "おくあき歯科医院【3:歯科】福島県田村市船引町東部台３－５１" }, "geometry": { "type": "Point", "coordinates": [ 140.586081, 37.443289 ] } },
{ "type": "Feature", "properties": { "ID": 730730000294, "正式名称": "近内歯科医院", "機関区分": 3, "都道府県コード": 7, "市区町村コード": 501, "所在地": "福島県石川郡石川町南町５９－２", "緯度": 37.146633, "経度": 140.453667, "url": "https://www.iryou.teikyouseido.mhlw.go.jp/znk-web/juminkanja/S2430/initialize?prefCd=07&kikanCd=0730000294&kikanKbn=3", "url2": null, "内容": "近内歯科医院【3:歯科】福島県石川郡石川町南町５９－２" }, "geometry": { "type": "Point", "coordinates": [ 140.453667, 37.146633 ] } },
{ "type": "Feature", "properties": { "ID": 730730000298, "正式名称": "福田歯科医院", "機関区分": 3, "都道府県コード": 7, "市区町村コード": 501, "所在地": "福島県石川郡石川町湯郷渡米子平１９５－１", "緯度": 37.173383, "経度": 140.468936, "url": "https://www.iryou.teikyouseido.mhlw.go.jp/znk-web/juminkanja/S2430/initialize?prefCd=07&kikanCd=0730000298&kikanKbn=3", "url2": null, "内容": "福田歯科医院【3:歯科】福島県石川郡石川町湯郷渡米子平１９５－１" }, "geometry": { "type": "Point", "coordinates": [ 140.468936, 37.173383 ] } },
{ "type": "Feature", "properties": { "ID": 730730000299, "正式名称": "医療法人社団青柳歯科医院", "機関区分": 3, "都道府県コード": 7, "市区町村コード": 501, "所在地": "福島県石川郡石川町下泉１６９", "緯度": 37.143958, "経度": 140.453703, "url": "https://www.iryou.teikyouseido.mhlw.go.jp/znk-web/juminkanja/S2430/initialize?prefCd=07&kikanCd=0730000299&kikanKbn=3", "url2": null, "内容": "医療法人社団青柳歯科医院【3:歯科】福島県石川郡石川町下泉１６９" }, "geometry": { "type": "Point", "coordinates": [ 140.453703, 37.143958 ] } },
{ "type": "Feature", "properties": { "ID": 730730000300, "正式名称": "三瓶歯科医院", "機関区分": 3, "都道府県コード": 7, "市区町村コード": 501, "所在地": "福島県石川郡石川町屋敷入６５－１", "緯度": 37.153794, "経度": 140.458253, "url": "https://www.iryou.teikyouseido.mhlw.go.jp/znk-web/juminkanja/S2430/initialize?prefCd=07&kikanCd=0730000300&kikanKbn=3", "url2": null, "内容": "三瓶歯科医院【3:歯科】福島県石川郡石川町屋敷入６５－１" }, "geometry": { "type": "Point", "coordinates": [ 140.458253, 37.153794 ] } },
{ "type": "Feature", "properties": { "ID": 730730000303, "正式名称": "医療法人社団七曜会　月田歯科医院", "機関区分": 3, "都道府県コード": 7, "市区町村コード": 502, "所在地": "福島県石川郡玉川村中道上６－２", "緯度": 37.223208, "経度": 140.403597, "url": "https://www.iryou.teikyouseido.mhlw.go.jp/znk-web/juminkanja/S2430/initialize?prefCd=07&kikanCd=0730000303&kikanKbn=3", "url2": null, "内容": "医療法人社団七曜会　月田歯科医院【3:歯科】福島県石川郡玉川村中道上６－２" }, "geometry": { "type": "Point", "coordinates": [ 140.403597, 37.223208 ] } },
{ "type": "Feature", "properties": { "ID": 730730000304, "正式名称": "東北平田歯科医院", "機関区分": 3, "都道府県コード": 7, "市区町村コード": 503, "所在地": "福島県石川郡平田村上蓬田新屋敷３３", "緯度": 37.239031, "経度": 140.569331, "url": "https://www.iryou.teikyouseido.mhlw.go.jp/znk-web/juminkanja/S2430/initialize?prefCd=07&kikanCd=0730000304&kikanKbn=3", "url2": null, "内容": "東北平田歯科医院【3:歯科】福島県石川郡平田村上蓬田新屋敷３３" }, "geometry": { "type": "Point", "coordinates": [ 140.569331, 37.239031 ] } },
{ "type": "Feature", "properties": { "ID": 730730000305, "正式名称": "中井歯科医院", "機関区分": 3, "都道府県コード": 7, "市区町村コード": 503, "所在地": "福島県石川郡平田村大字東山字宮ノ田和５２", "緯度": 37.194878, "経度": 140.584064, "url": "https://www.iryou.teikyouseido.mhlw.go.jp/znk-web/juminkanja/S2430/initialize?prefCd=07&kikanCd=0730000305&kikanKbn=3", "url2": null, "内容": "中井歯科医院【3:歯科】福島県石川郡平田村大字東山字宮ノ田和５２" }, "geometry": { "type": "Point", "coordinates": [ 140.584064, 37.194878 ] } },
{ "type": "Feature", "properties": { "ID": 730730000306, "正式名称": "中井歯科蓬田分院", "機関区分": 3, "都道府県コード": 7, "市区町村コード": 503, "所在地": "福島県石川郡平田村大字上蓬田字大石１５", "緯度": 37.24115, "経度": 140.569822, "url": "https://www.iryou.teikyouseido.mhlw.go.jp/znk-web/juminkanja/S2430/initialize?prefCd=07&kikanCd=0730000306&kikanKbn=3", "url2": null, "内容": "中井歯科蓬田分院【3:歯科】福島県石川郡平田村大字上蓬田字大石１５" }, "geometry": { "type": "Point", "coordinates": [ 140.569822, 37.24115 ] } },
{ "type": "Feature", "properties": { "ID": 730730000307, "正式名称": "藤田歯科医院", "機関区分": 3, "都道府県コード": 7, "市区町村コード": 504, "所在地": "福島県石川郡浅川町東大畑大名大塚３５", "緯度": 37.076325, "経度": 140.415647, "url": "https://www.iryou.teikyouseido.mhlw.go.jp/znk-web/juminkanja/S2430/initialize?prefCd=07&kikanCd=0730000307&kikanKbn=3", "url2": null, "内容": "藤田歯科医院【3:歯科】福島県石川郡浅川町東大畑大名大塚３５" }, "geometry": { "type": "Point", "coordinates": [ 140.415647, 37.076325 ] } },
{ "type": "Feature", "properties": { "ID": 730730000309, "正式名称": "野木歯科医院", "機関区分": 3, "都道府県コード": 7, "市区町村コード": 505, "所在地": "福島県石川郡古殿町竹貫竹貫３２", "緯度": 37.092828, "経度": 140.550292, "url": "https://www.iryou.teikyouseido.mhlw.go.jp/znk-web/juminkanja/S2430/initialize?prefCd=07&kikanCd=0730000309&kikanKbn=3", "url2": null, "内容": "野木歯科医院【3:歯科】福島県石川郡古殿町竹貫竹貫３２" }, "geometry": { "type": "Point", "coordinates": [ 140.550292, 37.092828 ] } },
{ "type": "Feature", "properties": { "ID": 730730000310, "正式名称": "永沼歯科医院役場前", "機関区分": 3, "都道府県コード": 7, "市区町村コード": 505, "所在地": "福島県石川郡古殿町松川字新桑原４２－１", "緯度": 37.089425, "経度": 140.555111, "url": "https://www.iryou.teikyouseido.mhlw.go.jp/znk-web/juminkanja/S2430/initialize?prefCd=07&kikanCd=0730000310&kikanKbn=3", "url2": null, "内容": "永沼歯科医院役場前【3:歯科】福島県石川郡古殿町松川字新桑原４２－１" }, "geometry": { "type": "Point", "coordinates": [ 140.555111, 37.089425 ] } },
{ "type": "Feature", "properties": { "ID": 730730000311, "正式名称": "三森歯科医院", "機関区分": 3, "都道府県コード": 7, "市区町村コード": 205, "所在地": "福島県白河市愛宕町５１", "緯度": 37.127456, "経度": 140.211381, "url": "https://www.iryou.teikyouseido.mhlw.go.jp/znk-web/juminkanja/S2430/initialize?prefCd=07&kikanCd=0730000311&kikanKbn=3", "url2": "www.mimori-shika.com/", "内容": "三森歯科医院【3:歯科】福島県白河市愛宕町５１" }, "geometry": { "type": "Point", "coordinates": [ 140.211381, 37.127456 ] } },
{ "type": "Feature", "properties": { "ID": 730730000313, "正式名称": "五十嵐歯科医院", "機関区分": 3, "都道府県コード": 7, "市区町村コード": 205, "所在地": "福島県白河市本町３６", "緯度": 37.125494, "経度": 140.217681, "url": "https://www.iryou.teikyouseido.mhlw.go.jp/znk-web/juminkanja/S2430/initialize?prefCd=07&kikanCd=0730000313&kikanKbn=3", "url2": null, "内容": "五十嵐歯科医院【3:歯科】福島県白河市本町３６" }, "geometry": { "type": "Point", "coordinates": [ 140.217681, 37.125494 ] } },
{ "type": "Feature", "properties": { "ID": 730730000314, "正式名称": "大栄歯科クリニック", "機関区分": 3, "都道府県コード": 7, "市区町村コード": 205, "所在地": "福島県白河市中町４２", "緯度": 37.127714, "経度": 140.215486, "url": "https://www.iryou.teikyouseido.mhlw.go.jp/znk-web/juminkanja/S2430/initialize?prefCd=07&kikanCd=0730000314&kikanKbn=3", "url2": null, "内容": "大栄歯科クリニック【3:歯科】福島県白河市中町４２" }, "geometry": { "type": "Point", "coordinates": [ 140.215486, 37.127714 ] } },
{ "type": "Feature", "properties": { "ID": 730730000315, "正式名称": "鈴木歯科医院", "機関区分": 3, "都道府県コード": 7, "市区町村コード": 205, "所在地": "福島県白河市立石１２７－１　菅原ビル１Ｆ", "緯度": 37.128044, "経度": 140.1987, "url": "https://www.iryou.teikyouseido.mhlw.go.jp/znk-web/juminkanja/S2430/initialize?prefCd=07&kikanCd=0730000315&kikanKbn=3", "url2": "https://peraichi.com/landing_pages/view/suzukident", "内容": "鈴木歯科医院【3:歯科】福島県白河市立石１２７－１　菅原ビル１Ｆ" }, "geometry": { "type": "Point", "coordinates": [ 140.1987, 37.128044 ] } },
{ "type": "Feature", "properties": { "ID": 730730000317, "正式名称": "円谷歯科医院", "機関区分": 3, "都道府県コード": 7, "市区町村コード": 205, "所在地": "福島県白河市北中川原１５８", "緯度": 37.123567, "経度": 140.225139, "url": "https://www.iryou.teikyouseido.mhlw.go.jp/znk-web/juminkanja/S2430/initialize?prefCd=07&kikanCd=0730000317&kikanKbn=3", "url2": null, "内容": "円谷歯科医院【3:歯科】福島県白河市北中川原１５８" }, "geometry": { "type": "Point", "coordinates": [ 140.225139, 37.123567 ] } },
{ "type": "Feature", "properties": { "ID": 730730000318, "正式名称": "かたの歯科医院", "機関区分": 3, "都道府県コード": 7, "市区町村コード": 205, "所在地": "福島県白河市結城７２", "緯度": 37.119331, "経度": 140.2304, "url": "https://www.iryou.teikyouseido.mhlw.go.jp/znk-web/juminkanja/S2430/initialize?prefCd=07&kikanCd=0730000318&kikanKbn=3", "url2": null, "内容": "かたの歯科医院【3:歯科】福島県白河市結城７２" }, "geometry": { "type": "Point", "coordinates": [ 140.2304, 37.119331 ] } },
{ "type": "Feature", "properties": { "ID": 730730000319, "正式名称": "永山歯科医院", "機関区分": 3, "都道府県コード": 7, "市区町村コード": 205, "所在地": "福島県白河市馬町下１１－６", "緯度": 37.123381, "経度": 140.218531, "url": "https://www.iryou.teikyouseido.mhlw.go.jp/znk-web/juminkanja/S2430/initialize?prefCd=07&kikanCd=0730000319&kikanKbn=3", "url2": null, "内容": "永山歯科医院【3:歯科】福島県白河市馬町下１１－６" }, "geometry": { "type": "Point", "coordinates": [ 140.218531, 37.123381 ] } },
{ "type": "Feature", "properties": { "ID": 730730000320, "正式名称": "はやし歯科医院", "機関区分": 3, "都道府県コード": 7, "市区町村コード": 205, "所在地": "福島県白河市道場町１５", "緯度": 37.129192, "経度": 140.205111, "url": "https://www.iryou.teikyouseido.mhlw.go.jp/znk-web/juminkanja/S2430/initialize?prefCd=07&kikanCd=0730000320&kikanKbn=3", "url2": null, "内容": "はやし歯科医院【3:歯科】福島県白河市道場町１５" }, "geometry": { "type": "Point", "coordinates": [ 140.205111, 37.129192 ] } },
{ "type": "Feature", "properties": { "ID": 730730000321, "正式名称": "安部歯科医院", "機関区分": 3, "都道府県コード": 7, "市区町村コード": 205, "所在地": "福島県白河市新蔵町９", "緯度": 37.126103, "経度": 140.214694, "url": "https://www.iryou.teikyouseido.mhlw.go.jp/znk-web/juminkanja/S2430/initialize?prefCd=07&kikanCd=0730000321&kikanKbn=3", "url2": null, "内容": "安部歯科医院【3:歯科】福島県白河市新蔵町９" }, "geometry": { "type": "Point", "coordinates": [ 140.214694, 37.126103 ] } },
{ "type": "Feature", "properties": { "ID": 730730000322, "正式名称": "山本歯科医院", "機関区分": 3, "都道府県コード": 7, "市区町村コード": 205, "所在地": "福島県白河市昭和町１４８－５", "緯度": 37.129578, "経度": 140.203414, "url": "https://www.iryou.teikyouseido.mhlw.go.jp/znk-web/juminkanja/S2430/initialize?prefCd=07&kikanCd=0730000322&kikanKbn=3", "url2": "http://www.citydo.com/prf/fukushima/guide/sg/150000899.html", "内容": "山本歯科医院【3:歯科】福島県白河市昭和町１４８－５" }, "geometry": { "type": "Point", "coordinates": [ 140.203414, 37.129578 ] } },
{ "type": "Feature", "properties": { "ID": 730730000325, "正式名称": "早坂歯科医院", "機関区分": 3, "都道府県コード": 7, "市区町村コード": 205, "所在地": "福島県白河市合戦坂１６", "緯度": 37.104389, "経度": 140.230797, "url": "https://www.iryou.teikyouseido.mhlw.go.jp/znk-web/juminkanja/S2430/initialize?prefCd=07&kikanCd=0730000325&kikanKbn=3", "url2": null, "内容": "早坂歯科医院【3:歯科】福島県白河市合戦坂１６" }, "geometry": { "type": "Point", "coordinates": [ 140.230797, 37.104389 ] } },
{ "type": "Feature", "properties": { "ID": 730730000326, "正式名称": "ひまわり歯科医院", "機関区分": 3, "都道府県コード": 7, "市区町村コード": 205, "所在地": "福島県白河市関辺引目橋２９－１０", "緯度": 37.100528, "経度": 140.235314, "url": "https://www.iryou.teikyouseido.mhlw.go.jp/znk-web/juminkanja/S2430/initialize?prefCd=07&kikanCd=0730000326&kikanKbn=3", "url2": "http://www.himawari-shika-iin.com", "内容": "ひまわり歯科医院【3:歯科】福島県白河市関辺引目橋２９－１０" }, "geometry": { "type": "Point", "coordinates": [ 140.235314, 37.100528 ] } },
{ "type": "Feature", "properties": { "ID": 730730000329, "正式名称": "佐藤歯科医院", "機関区分": 3, "都道府県コード": 7, "市区町村コード": 205, "所在地": "福島県白河市中山南３－１２", "緯度": 37.129644, "経度": 140.183156, "url": "https://www.iryou.teikyouseido.mhlw.go.jp/znk-web/juminkanja/S2430/initialize?prefCd=07&kikanCd=0730000329&kikanKbn=3", "url2": null, "内容": "佐藤歯科医院【3:歯科】福島県白河市中山南３－１２" }, "geometry": { "type": "Point", "coordinates": [ 140.183156, 37.129644 ] } },
{ "type": "Feature", "properties": { "ID": 730730000330, "正式名称": "白河歯科クリニック", "機関区分": 3, "都道府県コード": 7, "市区町村コード": 205, "所在地": "福島県白河市会津町３４－６０", "緯度": 37.132017, "経度": 140.208253, "url": "https://www.iryou.teikyouseido.mhlw.go.jp/znk-web/juminkanja/S2430/initialize?prefCd=07&kikanCd=0730000330&kikanKbn=3", "url2": null, "内容": "白河歯科クリニック【3:歯科】福島県白河市会津町３４－６０" }, "geometry": { "type": "Point", "coordinates": [ 140.208253, 37.132017 ] } },
{ "type": "Feature", "properties": { "ID": 730730000331, "正式名称": "内藤歯科クリニック", "機関区分": 3, "都道府県コード": 7, "市区町村コード": 205, "所在地": "福島県白河市久田野前田５５－１", "緯度": 37.131363, "経度": 140.26561, "url": "https://www.iryou.teikyouseido.mhlw.go.jp/znk-web/juminkanja/S2430/initialize?prefCd=07&kikanCd=0730000331&kikanKbn=3", "url2": "http://www.citydo.com/sp/naito-dc", "内容": "内藤歯科クリニック【3:歯科】福島県白河市久田野前田５５－１" }, "geometry": { "type": "Point", "coordinates": [ 140.26561, 37.131363 ] } },
{ "type": "Feature", "properties": { "ID": 730730000332, "正式名称": "医）白河みなみ歯科クリニック", "機関区分": 3, "都道府県コード": 7, "市区町村コード": 205, "所在地": "福島県白河市薄葉４番地１３１", "緯度": 37.141664, "経度": 140.221003, "url": "https://www.iryou.teikyouseido.mhlw.go.jp/znk-web/juminkanja/S2430/initialize?prefCd=07&kikanCd=0730000332&kikanKbn=3", "url2": null, "内容": "医）白河みなみ歯科クリニック【3:歯科】福島県白河市薄葉４番地１３１" }, "geometry": { "type": "Point", "coordinates": [ 140.221003, 37.141664 ] } },
{ "type": "Feature", "properties": { "ID": 730730000333, "正式名称": "高山歯科医院", "機関区分": 3, "都道府県コード": 7, "市区町村コード": 205, "所在地": "福島県白河市新白河３丁目１０２", "緯度": 37.119575, "経度": 140.190233, "url": "https://www.iryou.teikyouseido.mhlw.go.jp/znk-web/juminkanja/S2430/initialize?prefCd=07&kikanCd=0730000333&kikanKbn=3", "url2": null, "内容": "高山歯科医院【3:歯科】福島県白河市新白河３丁目１０２" }, "geometry": { "type": "Point", "coordinates": [ 140.190233, 37.119575 ] } },
{ "type": "Feature", "properties": { "ID": 730730000334, "正式名称": "だいらく歯科クリニック", "機関区分": 3, "都道府県コード": 7, "市区町村コード": 205, "所在地": "福島県白河市新白河１丁目２３０", "緯度": 37.123167, "経度": 140.196753, "url": "https://www.iryou.teikyouseido.mhlw.go.jp/znk-web/juminkanja/S2430/initialize?prefCd=07&kikanCd=0730000334&kikanKbn=3", "url2": null, "内容": "だいらく歯科クリニック【3:歯科】福島県白河市新白河１丁目２３０" }, "geometry": { "type": "Point", "coordinates": [ 140.196753, 37.123167 ] } },
{ "type": "Feature", "properties": { "ID": 730730000335, "正式名称": "須藤歯科医院", "機関区分": 3, "都道府県コード": 7, "市区町村コード": 205, "所在地": "福島県白河市郭内１２３－１", "緯度": 37.126431, "経度": 140.216267, "url": "https://www.iryou.teikyouseido.mhlw.go.jp/znk-web/juminkanja/S2430/initialize?prefCd=07&kikanCd=0730000335&kikanKbn=3", "url2": null, "内容": "須藤歯科医院【3:歯科】福島県白河市郭内１２３－１" }, "geometry": { "type": "Point", "coordinates": [ 140.216267, 37.126431 ] } },
{ "type": "Feature", "properties": { "ID": 730730000336, "正式名称": "九番町歯科クリニック", "機関区分": 3, "都道府県コード": 7, "市区町村コード": 205, "所在地": "福島県白河市九番町２６－１", "緯度": 37.118769, "経度": 140.205956, "url": "https://www.iryou.teikyouseido.mhlw.go.jp/znk-web/juminkanja/S2430/initialize?prefCd=07&kikanCd=0730000336&kikanKbn=3", "url2": "http://www.kubancho-shika.com/", "内容": "九番町歯科クリニック【3:歯科】福島県白河市九番町２６－１" }, "geometry": { "type": "Point", "coordinates": [ 140.205956, 37.118769 ] } },
{ "type": "Feature", "properties": { "ID": 730730000337, "正式名称": "医療法人社団健育会　サンデンタルクリニック", "機関区分": 3, "都道府県コード": 7, "市区町村コード": 205, "所在地": "福島県白河市新白河１丁目１２０", "緯度": 37.124078, "経度": 140.193967, "url": "https://www.iryou.teikyouseido.mhlw.go.jp/znk-web/juminkanja/S2430/initialize?prefCd=07&kikanCd=0730000337&kikanKbn=3", "url2": null, "内容": "医療法人社団健育会　サンデンタルクリニック【3:歯科】福島県白河市新白河１丁目１２０" }, "geometry": { "type": "Point", "coordinates": [ 140.193967, 37.124078 ] } },
{ "type": "Feature", "properties": { "ID": 730730000338, "正式名称": "Ｂｅｌｌｅデンタルクリニック", "機関区分": 3, "都道府県コード": 7, "市区町村コード": 205, "所在地": "福島県白河市老久保１５－１", "緯度": 37.117056, "経度": 140.201892, "url": "https://www.iryou.teikyouseido.mhlw.go.jp/znk-web/juminkanja/S2430/initialize?prefCd=07&kikanCd=0730000338&kikanKbn=3", "url2": null, "内容": "Ｂｅｌｌｅデンタルクリニック【3:歯科】福島県白河市老久保１５－１" }, "geometry": { "type": "Point", "coordinates": [ 140.201892, 37.117056 ] } },
{ "type": "Feature", "properties": { "ID": 730730000339, "正式名称": "斎須歯科医院", "機関区分": 3, "都道府県コード": 7, "市区町村コード": 205, "所在地": "福島県白河市表郷金山字井戸尻１００－２", "緯度": 37.058408, "経度": 140.297208, "url": "https://www.iryou.teikyouseido.mhlw.go.jp/znk-web/juminkanja/S2430/initialize?prefCd=07&kikanCd=0730000339&kikanKbn=3", "url2": "http://www.saisushika.com/", "内容": "斎須歯科医院【3:歯科】福島県白河市表郷金山字井戸尻１００－２" }, "geometry": { "type": "Point", "coordinates": [ 140.297208, 37.058408 ] } },
{ "type": "Feature", "properties": { "ID": 730730000340, "正式名称": "鈴木歯科医院", "機関区分": 3, "都道府県コード": 7, "市区町村コード": 205, "所在地": "福島県白河市表郷金山字竹ノ内１６", "緯度": 37.058217, "経度": 140.29545, "url": "https://www.iryou.teikyouseido.mhlw.go.jp/znk-web/juminkanja/S2430/initialize?prefCd=07&kikanCd=0730000340&kikanKbn=3", "url2": null, "内容": "鈴木歯科医院【3:歯科】福島県白河市表郷金山字竹ノ内１６" }, "geometry": { "type": "Point", "coordinates": [ 140.29545, 37.058217 ] } },
{ "type": "Feature", "properties": { "ID": 730730000341, "正式名称": "秋山歯科医院", "機関区分": 3, "都道府県コード": 7, "市区町村コード": 205, "所在地": "福島県白河市東深仁井田刈敷坂８６", "緯度": 37.115581, "経度": 140.351356, "url": "https://www.iryou.teikyouseido.mhlw.go.jp/znk-web/juminkanja/S2430/initialize?prefCd=07&kikanCd=0730000341&kikanKbn=3", "url2": null, "内容": "秋山歯科医院【3:歯科】福島県白河市東深仁井田刈敷坂８６" }, "geometry": { "type": "Point", "coordinates": [ 140.351356, 37.115581 ] } },
{ "type": "Feature", "properties": { "ID": 730730000343, "正式名称": "たいしん歯科診療所", "機関区分": 3, "都道府県コード": 7, "市区町村コード": 205, "所在地": "福島県白河市大信町屋字沢田１２", "緯度": 37.203867, "経度": 140.246803, "url": "https://www.iryou.teikyouseido.mhlw.go.jp/znk-web/juminkanja/S2430/initialize?prefCd=07&kikanCd=0730000343&kikanKbn=3", "url2": "http://www.taisinclinic.jp/", "内容": "たいしん歯科診療所【3:歯科】福島県白河市大信町屋字沢田１２" }, "geometry": { "type": "Point", "coordinates": [ 140.246803, 37.203867 ] } },
{ "type": "Feature", "properties": { "ID": 730730000344, "正式名称": "国井歯科医院", "機関区分": 3, "都道府県コード": 7, "市区町村コード": 205, "所在地": "福島県白河市大信増見字増見３０６－１", "緯度": 37.200331, "経度": 140.245581, "url": "https://www.iryou.teikyouseido.mhlw.go.jp/znk-web/juminkanja/S2430/initialize?prefCd=07&kikanCd=0730000344&kikanKbn=3", "url2": null, "内容": "国井歯科医院【3:歯科】福島県白河市大信増見字増見３０６－１" }, "geometry": { "type": "Point", "coordinates": [ 140.245581, 37.200331 ] } },
{ "type": "Feature", "properties": { "ID": 730730000345, "正式名称": "医療法人　内藤歯科医院", "機関区分": 3, "都道府県コード": 7, "市区町村コード": 461, "所在地": "福島県西白河郡西郷村大字熊倉字折口原１５３－５", "緯度": 37.139053, "経度": 140.156178, "url": "https://www.iryou.teikyouseido.mhlw.go.jp/znk-web/juminkanja/S2430/initialize?prefCd=07&kikanCd=0730000345&kikanKbn=3", "url2": "http://www.naito-shika.jp", "内容": "医療法人　内藤歯科医院【3:歯科】福島県西白河郡西郷村大字熊倉字折口原１５３－５" }, "geometry": { "type": "Point", "coordinates": [ 140.156178, 37.139053 ] } },
{ "type": "Feature", "properties": { "ID": 730730000346, "正式名称": "海野歯科医院", "機関区分": 3, "都道府県コード": 7, "市区町村コード": 461, "所在地": "福島県西白河郡西郷村大字米字西原２６", "緯度": 37.133, "経度": 140.169667, "url": "https://www.iryou.teikyouseido.mhlw.go.jp/znk-web/juminkanja/S2430/initialize?prefCd=07&kikanCd=0730000346&kikanKbn=3", "url2": null, "内容": "海野歯科医院【3:歯科】福島県西白河郡西郷村大字米字西原２６" }, "geometry": { "type": "Point", "coordinates": [ 140.169667, 37.133 ] } },
{ "type": "Feature", "properties": { "ID": 730730000348, "正式名称": "ゆりのき歯科クリニック", "機関区分": 3, "都道府県コード": 7, "市区町村コード": 461, "所在地": "福島県西白河郡西郷村字下前田東５－１大松ビル３Ｆ", "緯度": 37.122914, "経度": 140.190336, "url": "https://www.iryou.teikyouseido.mhlw.go.jp/znk-web/juminkanja/S2430/initialize?prefCd=07&kikanCd=0730000348&kikanKbn=3", "url2": null, "内容": "ゆりのき歯科クリニック【3:歯科】福島県西白河郡西郷村字下前田東５－１大松ビル３Ｆ" }, "geometry": { "type": "Point", "coordinates": [ 140.190336, 37.122914 ] } },
{ "type": "Feature", "properties": { "ID": 730730000349, "正式名称": "芳賀医院歯科室", "機関区分": 3, "都道府県コード": 7, "市区町村コード": 461, "所在地": "福島県西白河郡西郷村大字小田倉字上野原４５１", "緯度": 37.117603, "経度": 140.150267, "url": "https://www.iryou.teikyouseido.mhlw.go.jp/znk-web/juminkanja/S2430/initialize?prefCd=07&kikanCd=0730000349&kikanKbn=3", "url2": "http://www.haga-dental.jp", "内容": "芳賀医院歯科室【3:歯科】福島県西白河郡西郷村大字小田倉字上野原４５１" }, "geometry": { "type": "Point", "coordinates": [ 140.150267, 37.117603 ] } },
{ "type": "Feature", "properties": { "ID": 730730000350, "正式名称": "赤沼歯科医院", "機関区分": 3, "都道府県コード": 7, "市区町村コード": 464, "所在地": "福島県西白河郡泉崎村泉崎下宿５３番地", "緯度": 37.158667, "経度": 140.295317, "url": "https://www.iryou.teikyouseido.mhlw.go.jp/znk-web/juminkanja/S2430/initialize?prefCd=07&kikanCd=0730000350&kikanKbn=3", "url2": "www.akanuma.jp", "内容": "赤沼歯科医院【3:歯科】福島県西白河郡泉崎村泉崎下宿５３番地" }, "geometry": { "type": "Point", "coordinates": [ 140.295317, 37.158667 ] } },
{ "type": "Feature", "properties": { "ID": 730730000351, "正式名称": "本柳歯科医院", "機関区分": 3, "都道府県コード": 7, "市区町村コード": 464, "所在地": "福島県西白河郡泉崎村泉崎八丸７５－５", "緯度": 37.154225, "経度": 140.301036, "url": "https://www.iryou.teikyouseido.mhlw.go.jp/znk-web/juminkanja/S2430/initialize?prefCd=07&kikanCd=0730000351&kikanKbn=3", "url2": null, "内容": "本柳歯科医院【3:歯科】福島県西白河郡泉崎村泉崎八丸７５－５" }, "geometry": { "type": "Point", "coordinates": [ 140.301036, 37.154225 ] } },
{ "type": "Feature", "properties": { "ID": 730730000354, "正式名称": "水野谷歯科医院", "機関区分": 3, "都道府県コード": 7, "市区町村コード": 465, "所在地": "福島県西白河郡中島村大字滑津字元村７８", "緯度": 37.153958, "経度": 140.365169, "url": "https://www.iryou.teikyouseido.mhlw.go.jp/znk-web/juminkanja/S2430/initialize?prefCd=07&kikanCd=0730000354&kikanKbn=3", "url2": null, "内容": "水野谷歯科医院【3:歯科】福島県西白河郡中島村大字滑津字元村７８" }, "geometry": { "type": "Point", "coordinates": [ 140.365169, 37.153958 ] } },
{ "type": "Feature", "properties": { "ID": 730730000355, "正式名称": "吉田歯科クリニック", "機関区分": 3, "都道府県コード": 7, "市区町村コード": 465, "所在地": "福島県西白河郡中島村大字二子塚字前田１７－１０", "緯度": 37.144061, "経度": 140.348133, "url": "https://www.iryou.teikyouseido.mhlw.go.jp/znk-web/juminkanja/S2430/initialize?prefCd=07&kikanCd=0730000355&kikanKbn=3", "url2": null, "内容": "吉田歯科クリニック【3:歯科】福島県西白河郡中島村大字二子塚字前田１７－１０" }, "geometry": { "type": "Point", "coordinates": [ 140.348133, 37.144061 ] } },
{ "type": "Feature", "properties": { "ID": 730730000356, "正式名称": "酒井歯科医院", "機関区分": 3, "都道府県コード": 7, "市区町村コード": 466, "所在地": "福島県西白河郡矢吹町中町３２５", "緯度": 37.202858, "経度": 140.326614, "url": "https://www.iryou.teikyouseido.mhlw.go.jp/znk-web/juminkanja/S2430/initialize?prefCd=07&kikanCd=0730000356&kikanKbn=3", "url2": "www.ht-net21.ne.jp/sakai-dc/", "内容": "酒井歯科医院【3:歯科】福島県西白河郡矢吹町中町３２５" }, "geometry": { "type": "Point", "coordinates": [ 140.326614, 37.202858 ] } },
{ "type": "Feature", "properties": { "ID": 730730000359, "正式名称": "和田歯科医院", "機関区分": 3, "都道府県コード": 7, "市区町村コード": 466, "所在地": "福島県西白河郡矢吹町曙町１９５", "緯度": 37.201458, "経度": 140.327592, "url": "https://www.iryou.teikyouseido.mhlw.go.jp/znk-web/juminkanja/S2430/initialize?prefCd=07&kikanCd=0730000359&kikanKbn=3", "url2": null, "内容": "和田歯科医院【3:歯科】福島県西白河郡矢吹町曙町１９５" }, "geometry": { "type": "Point", "coordinates": [ 140.327592, 37.201458 ] } },
{ "type": "Feature", "properties": { "ID": 730730000360, "正式名称": "たまち歯科医院", "機関区分": 3, "都道府県コード": 7, "市区町村コード": 466, "所在地": "福島県西白河郡矢吹町田町１９１－４", "緯度": 37.192039, "経度": 140.320036, "url": "https://www.iryou.teikyouseido.mhlw.go.jp/znk-web/juminkanja/S2430/initialize?prefCd=07&kikanCd=0730000360&kikanKbn=3", "url2": "http://www.tamatisika.com", "内容": "たまち歯科医院【3:歯科】福島県西白河郡矢吹町田町１９１－４" }, "geometry": { "type": "Point", "coordinates": [ 140.320036, 37.192039 ] } },
{ "type": "Feature", "properties": { "ID": 730730000361, "正式名称": "すずき歯科", "機関区分": 3, "都道府県コード": 7, "市区町村コード": 466, "所在地": "福島県西白河郡矢吹町八幡町２６８－８", "緯度": 37.197194, "経度": 140.330939, "url": "https://www.iryou.teikyouseido.mhlw.go.jp/znk-web/juminkanja/S2430/initialize?prefCd=07&kikanCd=0730000361&kikanKbn=3", "url2": null, "内容": "すずき歯科【3:歯科】福島県西白河郡矢吹町八幡町２６８－８" }, "geometry": { "type": "Point", "coordinates": [ 140.330939, 37.197194 ] } },
{ "type": "Feature", "properties": { "ID": 730730000363, "正式名称": "佐久間歯科医院", "機関区分": 3, "都道府県コード": 7, "市区町村コード": 466, "所在地": "福島県西白河郡矢吹町本町４０－３", "緯度": 37.208, "経度": 140.327031, "url": "https://www.iryou.teikyouseido.mhlw.go.jp/znk-web/juminkanja/S2430/initialize?prefCd=07&kikanCd=0730000363&kikanKbn=3", "url2": "http://sakumasika.web.fc2.com/", "内容": "佐久間歯科医院【3:歯科】福島県西白河郡矢吹町本町４０－３" }, "geometry": { "type": "Point", "coordinates": [ 140.327031, 37.208 ] } },
{ "type": "Feature", "properties": { "ID": 730730000364, "正式名称": "むつみ歯科医院", "機関区分": 3, "都道府県コード": 7, "市区町村コード": 466, "所在地": "福島県西白河郡矢吹町八幡町６０１番３", "緯度": 37.194081, "経度": 140.334194, "url": "https://www.iryou.teikyouseido.mhlw.go.jp/znk-web/juminkanja/S2430/initialize?prefCd=07&kikanCd=0730000364&kikanKbn=3", "url2": null, "内容": "むつみ歯科医院【3:歯科】福島県西白河郡矢吹町八幡町６０１番３" }, "geometry": { "type": "Point", "coordinates": [ 140.334194, 37.194081 ] } },
{ "type": "Feature", "properties": { "ID": 730730000365, "正式名称": "塩田博文歯科", "機関区分": 3, "都道府県コード": 7, "市区町村コード": 481, "所在地": "福島県東白川郡棚倉町大字棚倉字新町５２－１", "緯度": 37.033006, "経度": 140.385389, "url": "https://www.iryou.teikyouseido.mhlw.go.jp/znk-web/juminkanja/S2430/initialize?prefCd=07&kikanCd=0730000365&kikanKbn=3", "url2": "http://www.shiodagijyuku.com/index.html", "内容": "塩田博文歯科【3:歯科】福島県東白川郡棚倉町大字棚倉字新町５２－１" }, "geometry": { "type": "Point", "coordinates": [ 140.385389, 37.033006 ] } },
{ "type": "Feature", "properties": { "ID": 730730000368, "正式名称": "中島歯科クリニック", "機関区分": 3, "都道府県コード": 7, "市区町村コード": 481, "所在地": "福島県東白川郡棚倉町大字逆川字前山１１－５", "緯度": 37.055958, "経度": 140.371111, "url": "https://www.iryou.teikyouseido.mhlw.go.jp/znk-web/juminkanja/S2430/initialize?prefCd=07&kikanCd=0730000368&kikanKbn=3", "url2": null, "内容": "中島歯科クリニック【3:歯科】福島県東白川郡棚倉町大字逆川字前山１１－５" }, "geometry": { "type": "Point", "coordinates": [ 140.371111, 37.055958 ] } },
{ "type": "Feature", "properties": { "ID": 730730000369, "正式名称": "あきやま歯科医院", "機関区分": 3, "都道府県コード": 7, "市区町村コード": 481, "所在地": "福島県東白川郡棚倉町大字棚倉字観音向１", "緯度": 37.036792, "経度": 140.380064, "url": "https://www.iryou.teikyouseido.mhlw.go.jp/znk-web/juminkanja/S2430/initialize?prefCd=07&kikanCd=0730000369&kikanKbn=3", "url2": null, "内容": "あきやま歯科医院【3:歯科】福島県東白川郡棚倉町大字棚倉字観音向１" }, "geometry": { "type": "Point", "coordinates": [ 140.380064, 37.036792 ] } },
{ "type": "Feature", "properties": { "ID": 730730000370, "正式名称": "棚倉中央歯科医院", "機関区分": 3, "都道府県コード": 7, "市区町村コード": 481, "所在地": "福島県東白川郡棚倉町大字棚倉字宮下１９９－３", "緯度": 37.025928, "経度": 140.384992, "url": "https://www.iryou.teikyouseido.mhlw.go.jp/znk-web/juminkanja/S2430/initialize?prefCd=07&kikanCd=0730000370&kikanKbn=3", "url2": "http://www.m-y-w.com", "内容": "棚倉中央歯科医院【3:歯科】福島県東白川郡棚倉町大字棚倉字宮下１９９－３" }, "geometry": { "type": "Point", "coordinates": [ 140.384992, 37.025928 ] } },
{ "type": "Feature", "properties": { "ID": 730730000373, "正式名称": "古張歯科医院", "機関区分": 3, "都道府県コード": 7, "市区町村コード": 482, "所在地": "福島県東白川郡矢祭町大字東舘字粧神場１", "緯度": 36.872128, "経度": 140.420831, "url": "https://www.iryou.teikyouseido.mhlw.go.jp/znk-web/juminkanja/S2430/initialize?prefCd=07&kikanCd=0730000373&kikanKbn=3", "url2": null, "内容": "古張歯科医院【3:歯科】福島県東白川郡矢祭町大字東舘字粧神場１" }, "geometry": { "type": "Point", "coordinates": [ 140.420831, 36.872128 ] } },
{ "type": "Feature", "properties": { "ID": 730730000374, "正式名称": "佐藤歯科医院", "機関区分": 3, "都道府県コード": 7, "市区町村コード": 482, "所在地": "福島県東白川郡矢祭町大字東舘字石田２４－１", "緯度": 36.870108, "経度": 140.423897, "url": "https://www.iryou.teikyouseido.mhlw.go.jp/znk-web/juminkanja/S2430/initialize?prefCd=07&kikanCd=0730000374&kikanKbn=3", "url2": null, "内容": "佐藤歯科医院【3:歯科】福島県東白川郡矢祭町大字東舘字石田２４－１" }, "geometry": { "type": "Point", "coordinates": [ 140.423897, 36.870108 ] } },
{ "type": "Feature", "properties": { "ID": 730730000375, "正式名称": "やえしま歯科医院", "機関区分": 3, "都道府県コード": 7, "市区町村コード": 483, "所在地": "福島県東白川郡塙町大字塙字代官町５８－４", "緯度": 36.952786, "経度": 140.413569, "url": "https://www.iryou.teikyouseido.mhlw.go.jp/znk-web/juminkanja/S2430/initialize?prefCd=07&kikanCd=0730000375&kikanKbn=3", "url2": null, "内容": "やえしま歯科医院【3:歯科】福島県東白川郡塙町大字塙字代官町５８－４" }, "geometry": { "type": "Point", "coordinates": [ 140.413569, 36.952786 ] } },
{ "type": "Feature", "properties": { "ID": 730730000376, "正式名称": "かなざわ歯科医院", "機関区分": 3, "都道府県コード": 7, "市区町村コード": 483, "所在地": "福島県東白川郡塙町大字塙字大町２－１４", "緯度": 36.958672, "経度": 140.40925, "url": "https://www.iryou.teikyouseido.mhlw.go.jp/znk-web/juminkanja/S2430/initialize?prefCd=07&kikanCd=0730000376&kikanKbn=3", "url2": null, "内容": "かなざわ歯科医院【3:歯科】福島県東白川郡塙町大字塙字大町２－１４" }, "geometry": { "type": "Point", "coordinates": [ 140.40925, 36.958672 ] } },
{ "type": "Feature", "properties": { "ID": 730730000377, "正式名称": "穂積歯科医院", "機関区分": 3, "都道府県コード": 7, "市区町村コード": 483, "所在地": "福島県東白川郡塙町大字塙字大町１－２７", "緯度": 36.957281, "経度": 140.411658, "url": "https://www.iryou.teikyouseido.mhlw.go.jp/znk-web/juminkanja/S2430/initialize?prefCd=07&kikanCd=0730000377&kikanKbn=3", "url2": "http://www.hozumi-shika.com/", "内容": "穂積歯科医院【3:歯科】福島県東白川郡塙町大字塙字大町１－２７" }, "geometry": { "type": "Point", "coordinates": [ 140.411658, 36.957281 ] } },
{ "type": "Feature", "properties": { "ID": 730730000378, "正式名称": "緑川歯科医院", "機関区分": 3, "都道府県コード": 7, "市区町村コード": 483, "所在地": "福島県東白川郡塙町大字塙字大町３－２７－１", "緯度": 36.956633, "経度": 140.410411, "url": "https://www.iryou.teikyouseido.mhlw.go.jp/znk-web/juminkanja/S2430/initialize?prefCd=07&kikanCd=0730000378&kikanKbn=3", "url2": null, "内容": "緑川歯科医院【3:歯科】福島県東白川郡塙町大字塙字大町３－２７－１" }, "geometry": { "type": "Point", "coordinates": [ 140.410411, 36.956633 ] } },
{ "type": "Feature", "properties": { "ID": 730730000380, "正式名称": "佐藤歯科医院", "機関区分": 3, "都道府県コード": 7, "市区町村コード": 202, "所在地": "福島県会津若松市日新町１３－４３", "緯度": 37.497222, "経度": 139.923886, "url": "https://www.iryou.teikyouseido.mhlw.go.jp/znk-web/juminkanja/S2430/initialize?prefCd=07&kikanCd=0730000380&kikanKbn=3", "url2": null, "内容": "佐藤歯科医院【3:歯科】福島県会津若松市日新町１３－４３" }, "geometry": { "type": "Point", "coordinates": [ 139.923886, 37.497222 ] } },
{ "type": "Feature", "properties": { "ID": 730730000381, "正式名称": "瓜生歯科医院", "機関区分": 3, "都道府県コード": 7, "市区町村コード": 202, "所在地": "福島県会津若松市七日町６－１２", "緯度": 37.500631, "経度": 139.920872, "url": "https://www.iryou.teikyouseido.mhlw.go.jp/znk-web/juminkanja/S2430/initialize?prefCd=07&kikanCd=0730000381&kikanKbn=3", "url2": null, "内容": "瓜生歯科医院【3:歯科】福島県会津若松市七日町６－１２" }, "geometry": { "type": "Point", "coordinates": [ 139.920872, 37.500631 ] } },
{ "type": "Feature", "properties": { "ID": 730730000383, "正式名称": "大竹歯科医院", "機関区分": 3, "都道府県コード": 7, "市区町村コード": 202, "所在地": "福島県会津若松市中央３－５－２２", "緯度": 37.505522, "経度": 139.932297, "url": "https://www.iryou.teikyouseido.mhlw.go.jp/znk-web/juminkanja/S2430/initialize?prefCd=07&kikanCd=0730000383&kikanKbn=3", "url2": "http://ohtakeshika.com", "内容": "大竹歯科医院【3:歯科】福島県会津若松市中央３－５－２２" }, "geometry": { "type": "Point", "coordinates": [ 139.932297, 37.505522 ] } },
{ "type": "Feature", "properties": { "ID": 730730000384, "正式名称": "医療法人かみお歯科医院", "機関区分": 3, "都道府県コード": 7, "市区町村コード": 202, "所在地": "福島県会津若松市中央１－５－１６", "緯度": 37.500427, "経度": 139.929737, "url": "https://www.iryou.teikyouseido.mhlw.go.jp/znk-web/juminkanja/S2430/initialize?prefCd=07&kikanCd=0730000384&kikanKbn=3", "url2": "www.kamio-dc.com/", "内容": "医療法人かみお歯科医院【3:歯科】福島県会津若松市中央１－５－１６" }, "geometry": { "type": "Point", "coordinates": [ 139.929737, 37.500427 ] } },
{ "type": "Feature", "properties": { "ID": 730730000385, "正式名称": "中央歯科医院", "機関区分": 3, "都道府県コード": 7, "市区町村コード": 202, "所在地": "福島県会津若松市中町２－１５", "緯度": 37.495775, "経度": 139.925181, "url": "https://www.iryou.teikyouseido.mhlw.go.jp/znk-web/juminkanja/S2430/initialize?prefCd=07&kikanCd=0730000385&kikanKbn=3", "url2": null, "内容": "中央歯科医院【3:歯科】福島県会津若松市中町２－１５" }, "geometry": { "type": "Point", "coordinates": [ 139.925181, 37.495775 ] } },
{ "type": "Feature", "properties": { "ID": 730730000386, "正式名称": "小山歯科医院", "機関区分": 3, "都道府県コード": 7, "市区町村コード": 202, "所在地": "福島県会津若松市米代１丁目３番３号", "緯度": 37.487903, "経度": 139.926261, "url": "https://www.iryou.teikyouseido.mhlw.go.jp/znk-web/juminkanja/S2430/initialize?prefCd=07&kikanCd=0730000386&kikanKbn=3", "url2": "https://koyamadental.wixsite.com/koyamadentalsmt/koyamadental", "内容": "小山歯科医院【3:歯科】福島県会津若松市米代１丁目３番３号" }, "geometry": { "type": "Point", "coordinates": [ 139.926261, 37.487903 ] } },
{ "type": "Feature", "properties": { "ID": 730730000387, "正式名称": "渡部歯科医院", "機関区分": 3, "都道府県コード": 7, "市区町村コード": 202, "所在地": "福島県会津若松市城東町１４－５１", "緯度": 37.484928, "経度": 139.935247, "url": "https://www.iryou.teikyouseido.mhlw.go.jp/znk-web/juminkanja/S2430/initialize?prefCd=07&kikanCd=0730000387&kikanKbn=3", "url2": null, "内容": "渡部歯科医院【3:歯科】福島県会津若松市城東町１４－５１" }, "geometry": { "type": "Point", "coordinates": [ 139.935247, 37.484928 ] } },
{ "type": "Feature", "properties": { "ID": 730730000389, "正式名称": "やなだ歯科医院", "機関区分": 3, "都道府県コード": 7, "市区町村コード": 202, "所在地": "福島県会津若松市湯川町４－２", "緯度": 37.488578, "経度": 139.920322, "url": "https://www.iryou.teikyouseido.mhlw.go.jp/znk-web/juminkanja/S2430/initialize?prefCd=07&kikanCd=0730000389&kikanKbn=3", "url2": "http://www.yanada-dc.com", "内容": "やなだ歯科医院【3:歯科】福島県会津若松市湯川町４－２" }, "geometry": { "type": "Point", "coordinates": [ 139.920322, 37.488578 ] } },
{ "type": "Feature", "properties": { "ID": 730730000390, "正式名称": "高島歯科医院", "機関区分": 3, "都道府県コード": 7, "市区町村コード": 202, "所在地": "福島県会津若松市大町２－１３－１１", "緯度": 37.502314, "経度": 139.930003, "url": "https://www.iryou.teikyouseido.mhlw.go.jp/znk-web/juminkanja/S2430/initialize?prefCd=07&kikanCd=0730000390&kikanKbn=3", "url2": null, "内容": "高島歯科医院【3:歯科】福島県会津若松市大町２－１３－１１" }, "geometry": { "type": "Point", "coordinates": [ 139.930003, 37.502314 ] } },
{ "type": "Feature", "properties": { "ID": 730730000391, "正式名称": "高島慎二歯科医院", "機関区分": 3, "都道府県コード": 7, "市区町村コード": 202, "所在地": "福島県会津若松市表町１－３８", "緯度": 37.483031, "経度": 139.927206, "url": "https://www.iryou.teikyouseido.mhlw.go.jp/znk-web/juminkanja/S2430/initialize?prefCd=07&kikanCd=0730000391&kikanKbn=3", "url2": null, "内容": "高島慎二歯科医院【3:歯科】福島県会津若松市表町１－３８" }, "geometry": { "type": "Point", "coordinates": [ 139.927206, 37.483031 ] } },
{ "type": "Feature", "properties": { "ID": 730730000392, "正式名称": "加藤歯科医院", "機関区分": 3, "都道府県コード": 7, "市区町村コード": 202, "所在地": "福島県会津若松市蚕養町１－９", "緯度": 37.503369, "経度": 139.939272, "url": "https://www.iryou.teikyouseido.mhlw.go.jp/znk-web/juminkanja/S2430/initialize?prefCd=07&kikanCd=0730000392&kikanKbn=3", "url2": null, "内容": "加藤歯科医院【3:歯科】福島県会津若松市蚕養町１－９" }, "geometry": { "type": "Point", "coordinates": [ 139.939272, 37.503369 ] } },
{ "type": "Feature", "properties": { "ID": 730730000393, "正式名称": "高橋歯科医院", "機関区分": 3, "都道府県コード": 7, "市区町村コード": 202, "所在地": "福島県会津若松市東千石２丁目３番１１号", "緯度": 37.498256, "経度": 139.944675, "url": "https://www.iryou.teikyouseido.mhlw.go.jp/znk-web/juminkanja/S2430/initialize?prefCd=07&kikanCd=0730000393&kikanKbn=3", "url2": null, "内容": "高橋歯科医院【3:歯科】福島県会津若松市東千石２丁目３番１１号" }, "geometry": { "type": "Point", "coordinates": [ 139.944675, 37.498256 ] } },
{ "type": "Feature", "properties": { "ID": 730730000396, "正式名称": "栗城宏昌歯科医院", "機関区分": 3, "都道府県コード": 7, "市区町村コード": 202, "所在地": "福島県会津若松市館脇町４－７", "緯度": 37.479867, "経度": 139.919775, "url": "https://www.iryou.teikyouseido.mhlw.go.jp/znk-web/juminkanja/S2430/initialize?prefCd=07&kikanCd=0730000396&kikanKbn=3", "url2": null, "内容": "栗城宏昌歯科医院【3:歯科】福島県会津若松市館脇町４－７" }, "geometry": { "type": "Point", "coordinates": [ 139.919775, 37.479867 ] } },
{ "type": "Feature", "properties": { "ID": 730730000397, "正式名称": "武藤歯科医院", "機関区分": 3, "都道府県コード": 7, "市区町村コード": 202, "所在地": "福島県会津若松市西栄町８－３５", "緯度": 37.494922, "経度": 139.926097, "url": "https://www.iryou.teikyouseido.mhlw.go.jp/znk-web/juminkanja/S2430/initialize?prefCd=07&kikanCd=0730000397&kikanKbn=3", "url2": "https://www.muto-dental.net/", "内容": "武藤歯科医院【3:歯科】福島県会津若松市西栄町８－３５" }, "geometry": { "type": "Point", "coordinates": [ 139.926097, 37.494922 ] } },
{ "type": "Feature", "properties": { "ID": 730730000398, "正式名称": "駅前佐藤歯科医院", "機関区分": 3, "都道府県コード": 7, "市区町村コード": 202, "所在地": "福島県会津若松市白虎町２１７", "緯度": 37.508483, "経度": 139.932853, "url": "https://www.iryou.teikyouseido.mhlw.go.jp/znk-web/juminkanja/S2430/initialize?prefCd=07&kikanCd=0730000398&kikanKbn=3", "url2": null, "内容": "駅前佐藤歯科医院【3:歯科】福島県会津若松市白虎町２１７" }, "geometry": { "type": "Point", "coordinates": [ 139.932853, 37.508483 ] } },
{ "type": "Feature", "properties": { "ID": 730730000400, "正式名称": "遠藤歯科医院", "機関区分": 3, "都道府県コード": 7, "市区町村コード": 202, "所在地": "福島県会津若松市門田町中野大道西２３－１２", "緯度": 37.467542, "経度": 139.921342, "url": "https://www.iryou.teikyouseido.mhlw.go.jp/znk-web/juminkanja/S2430/initialize?prefCd=07&kikanCd=0730000400&kikanKbn=3", "url2": null, "内容": "遠藤歯科医院【3:歯科】福島県会津若松市門田町中野大道西２３－１２" }, "geometry": { "type": "Point", "coordinates": [ 139.921342, 37.467542 ] } },
{ "type": "Feature", "properties": { "ID": 730730000401, "正式名称": "白虎歯科クリニック", "機関区分": 3, "都道府県コード": 7, "市区町村コード": 202, "所在地": "福島県会津若松市白虎１丁目７－１９", "緯度": 37.507764, "経度": 139.937156, "url": "https://www.iryou.teikyouseido.mhlw.go.jp/znk-web/juminkanja/S2430/initialize?prefCd=07&kikanCd=0730000401&kikanKbn=3", "url2": null, "内容": "白虎歯科クリニック【3:歯科】福島県会津若松市白虎１丁目７－１９" }, "geometry": { "type": "Point", "coordinates": [ 139.937156, 37.507764 ] } },
{ "type": "Feature", "properties": { "ID": 730730000403, "正式名称": "医療法人　シンドウ歯科", "機関区分": 3, "都道府県コード": 7, "市区町村コード": 202, "所在地": "福島県会津若松市東栄町１－３９", "緯度": 37.492664, "経度": 139.927686, "url": "https://www.iryou.teikyouseido.mhlw.go.jp/znk-web/juminkanja/S2430/initialize?prefCd=07&kikanCd=0730000403&kikanKbn=3", "url2": "https://www.shindo-dental.com/", "内容": "医療法人　シンドウ歯科【3:歯科】福島県会津若松市東栄町１－３９" }, "geometry": { "type": "Point", "coordinates": [ 139.927686, 37.492664 ] } },
{ "type": "Feature", "properties": { "ID": 730730000404, "正式名称": "大村歯科医院", "機関区分": 3, "都道府県コード": 7, "市区町村コード": 202, "所在地": "福島県会津若松市馬場町３－２０", "緯度": 37.498872, "経度": 139.931289, "url": "https://www.iryou.teikyouseido.mhlw.go.jp/znk-web/juminkanja/S2430/initialize?prefCd=07&kikanCd=0730000404&kikanKbn=3", "url2": null, "内容": "大村歯科医院【3:歯科】福島県会津若松市馬場町３－２０" }, "geometry": { "type": "Point", "coordinates": [ 139.931289, 37.498872 ] } },
{ "type": "Feature", "properties": { "ID": 730730000405, "正式名称": "森川歯科クリニック", "機関区分": 3, "都道府県コード": 7, "市区町村コード": 202, "所在地": "福島県会津若松市大町１－９－４　森川ビル２Ｆ", "緯度": 37.498725, "経度": 139.928239, "url": "https://www.iryou.teikyouseido.mhlw.go.jp/znk-web/juminkanja/S2430/initialize?prefCd=07&kikanCd=0730000405&kikanKbn=3", "url2": null, "内容": "森川歯科クリニック【3:歯科】福島県会津若松市大町１－９－４　森川ビル２Ｆ" }, "geometry": { "type": "Point", "coordinates": [ 139.928239, 37.498725 ] } },
{ "type": "Feature", "properties": { "ID": 730730000406, "正式名称": "小汲歯科医院", "機関区分": 3, "都道府県コード": 7, "市区町村コード": 202, "所在地": "福島県会津若松市中央１－２－３３", "緯度": 37.498658, "経度": 139.929897, "url": "https://www.iryou.teikyouseido.mhlw.go.jp/znk-web/juminkanja/S2430/initialize?prefCd=07&kikanCd=0730000406&kikanKbn=3", "url2": null, "内容": "小汲歯科医院【3:歯科】福島県会津若松市中央１－２－３３" }, "geometry": { "type": "Point", "coordinates": [ 139.929897, 37.498658 ] } },
{ "type": "Feature", "properties": { "ID": 730730000407, "正式名称": "長峯歯科医院", "機関区分": 3, "都道府県コード": 7, "市区町村コード": 202, "所在地": "福島県会津若松市住吉町２２－１９", "緯度": 37.487333, "経度": 139.903506, "url": "https://www.iryou.teikyouseido.mhlw.go.jp/znk-web/juminkanja/S2430/initialize?prefCd=07&kikanCd=0730000407&kikanKbn=3", "url2": null, "内容": "長峯歯科医院【3:歯科】福島県会津若松市住吉町２２－１９" }, "geometry": { "type": "Point", "coordinates": [ 139.903506, 37.487333 ] } },
{ "type": "Feature", "properties": { "ID": 730730000408, "正式名称": "平山歯科矯正歯科医院", "機関区分": 3, "都道府県コード": 7, "市区町村コード": 202, "所在地": "福島県会津若松市大町１－１－１３", "緯度": 37.498428, "経度": 139.925786, "url": "https://www.iryou.teikyouseido.mhlw.go.jp/znk-web/juminkanja/S2430/initialize?prefCd=07&kikanCd=0730000408&kikanKbn=3", "url2": null, "内容": "平山歯科矯正歯科医院【3:歯科】福島県会津若松市大町１－１－１３" }, "geometry": { "type": "Point", "coordinates": [ 139.925786, 37.498428 ] } },
{ "type": "Feature", "properties": { "ID": 730730000409, "正式名称": "目黒歯科医院", "機関区分": 3, "都道府県コード": 7, "市区町村コード": 202, "所在地": "福島県会津若松市駅前町２番１６号", "緯度": 37.505797, "経度": 139.929436, "url": "https://www.iryou.teikyouseido.mhlw.go.jp/znk-web/juminkanja/S2430/initialize?prefCd=07&kikanCd=0730000409&kikanKbn=3", "url2": "http://meguro-dental.com/", "内容": "目黒歯科医院【3:歯科】福島県会津若松市駅前町２番１６号" }, "geometry": { "type": "Point", "coordinates": [ 139.929436, 37.505797 ] } },
{ "type": "Feature", "properties": { "ID": 730730000410, "正式名称": "山口歯科医院", "機関区分": 3, "都道府県コード": 7, "市区町村コード": 202, "所在地": "福島県会津若松市中町２－３２", "緯度": 37.496156, "経度": 139.923875, "url": "https://www.iryou.teikyouseido.mhlw.go.jp/znk-web/juminkanja/S2430/initialize?prefCd=07&kikanCd=0730000410&kikanKbn=3", "url2": "http://yamaguchi-shikaiin.com/", "内容": "山口歯科医院【3:歯科】福島県会津若松市中町２－３２" }, "geometry": { "type": "Point", "coordinates": [ 139.923875, 37.496156 ] } },
{ "type": "Feature", "properties": { "ID": 730730000411, "正式名称": "さとう歯科クリニック", "機関区分": 3, "都道府県コード": 7, "市区町村コード": 202, "所在地": "福島県会津若松市神指町黒川湯川東２２５", "緯度": 37.511, "経度": 139.912644, "url": "https://www.iryou.teikyouseido.mhlw.go.jp/znk-web/juminkanja/S2430/initialize?prefCd=07&kikanCd=0730000411&kikanKbn=3", "url2": null, "内容": "さとう歯科クリニック【3:歯科】福島県会津若松市神指町黒川湯川東２２５" }, "geometry": { "type": "Point", "coordinates": [ 139.912644, 37.511 ] } },
{ "type": "Feature", "properties": { "ID": 730730000412, "正式名称": "医療法人　渡部会　一箕歯科医院", "機関区分": 3, "都道府県コード": 7, "市区町村コード": 202, "所在地": "福島県会津若松市一箕町鶴賀下居合５６－１", "緯度": 37.524217, "経度": 139.943894, "url": "https://www.iryou.teikyouseido.mhlw.go.jp/znk-web/juminkanja/S2430/initialize?prefCd=07&kikanCd=0730000412&kikanKbn=3", "url2": "https://www.watanabekai.org/", "内容": "医療法人　渡部会　一箕歯科医院【3:歯科】福島県会津若松市一箕町鶴賀下居合５６－１" }, "geometry": { "type": "Point", "coordinates": [ 139.943894, 37.524217 ] } },
{ "type": "Feature", "properties": { "ID": 730730000414, "正式名称": "やたべ歯科医院", "機関区分": 3, "都道府県コード": 7, "市区町村コード": 202, "所在地": "福島県会津若松市御旗町１－４９", "緯度": 37.492061, "経度": 139.913403, "url": "https://www.iryou.teikyouseido.mhlw.go.jp/znk-web/juminkanja/S2430/initialize?prefCd=07&kikanCd=0730000414&kikanKbn=3", "url2": null, "内容": "やたべ歯科医院【3:歯科】福島県会津若松市御旗町１－４９" }, "geometry": { "type": "Point", "coordinates": [ 139.913403, 37.492061 ] } },
{ "type": "Feature", "properties": { "ID": 730730000415, "正式名称": "おんだ歯科医院", "機関区分": 3, "都道府県コード": 7, "市区町村コード": 202, "所在地": "福島県会津若松市一箕町鶴賀上居合１３４－２", "緯度": 37.521325, "経度": 139.938625, "url": "https://www.iryou.teikyouseido.mhlw.go.jp/znk-web/juminkanja/S2430/initialize?prefCd=07&kikanCd=0730000415&kikanKbn=3", "url2": null, "内容": "おんだ歯科医院【3:歯科】福島県会津若松市一箕町鶴賀上居合１３４－２" }, "geometry": { "type": "Point", "coordinates": [ 139.938625, 37.521325 ] } },
{ "type": "Feature", "properties": { "ID": 730730000418, "正式名称": "こしば歯科医院", "機関区分": 3, "都道府県コード": 7, "市区町村コード": 202, "所在地": "福島県会津若松市古川町５－１", "緯度": 37.477947, "経度": 139.927914, "url": "https://www.iryou.teikyouseido.mhlw.go.jp/znk-web/juminkanja/S2430/initialize?prefCd=07&kikanCd=0730000418&kikanKbn=3", "url2": null, "内容": "こしば歯科医院【3:歯科】福島県会津若松市古川町５－１" }, "geometry": { "type": "Point", "coordinates": [ 139.927914, 37.477947 ] } },
{ "type": "Feature", "properties": { "ID": 730730000420, "正式名称": "さいとう歯科医院", "機関区分": 3, "都道府県コード": 7, "市区町村コード": 202, "所在地": "福島県会津若松市飯寺南１－２－１２", "緯度": 37.476947, "経度": 139.910644, "url": "https://www.iryou.teikyouseido.mhlw.go.jp/znk-web/juminkanja/S2430/initialize?prefCd=07&kikanCd=0730000420&kikanKbn=3", "url2": "http://.satou-dental.jp", "内容": "さいとう歯科医院【3:歯科】福島県会津若松市飯寺南１－２－１２" }, "geometry": { "type": "Point", "coordinates": [ 139.910644, 37.476947 ] } },
{ "type": "Feature", "properties": { "ID": 730730000423, "正式名称": "みゆき歯科クリニック", "機関区分": 3, "都道府県コード": 7, "市区町村コード": 202, "所在地": "福島県会津若松市中央２丁目５番１号", "緯度": 37.501289, "経度": 139.931947, "url": "https://www.iryou.teikyouseido.mhlw.go.jp/znk-web/juminkanja/S2430/initialize?prefCd=07&kikanCd=0730000423&kikanKbn=3", "url2": null, "内容": "みゆき歯科クリニック【3:歯科】福島県会津若松市中央２丁目５番１号" }, "geometry": { "type": "Point", "coordinates": [ 139.931947, 37.501289 ] } },
{ "type": "Feature", "properties": { "ID": 730730000425, "正式名称": "桑原歯科医院", "機関区分": 3, "都道府県コード": 7, "市区町村コード": 202, "所在地": "福島県会津若松市日新町１－３９", "緯度": 37.495133, "経度": 139.923019, "url": "https://www.iryou.teikyouseido.mhlw.go.jp/znk-web/juminkanja/S2430/initialize?prefCd=07&kikanCd=0730000425&kikanKbn=3", "url2": null, "内容": "桑原歯科医院【3:歯科】福島県会津若松市日新町１－３９" }, "geometry": { "type": "Point", "coordinates": [ 139.923019, 37.495133 ] } },
{ "type": "Feature", "properties": { "ID": 730730000426, "正式名称": "佐野歯科医院", "機関区分": 3, "都道府県コード": 7, "市区町村コード": 202, "所在地": "福島県会津若松市大町１－６－２", "緯度": 37.500664, "経度": 139.929289, "url": "https://www.iryou.teikyouseido.mhlw.go.jp/znk-web/juminkanja/S2430/initialize?prefCd=07&kikanCd=0730000426&kikanKbn=3", "url2": null, "内容": "佐野歯科医院【3:歯科】福島県会津若松市大町１－６－２" }, "geometry": { "type": "Point", "coordinates": [ 139.929289, 37.500664 ] } },
{ "type": "Feature", "properties": { "ID": 730730000427, "正式名称": "筒井歯科医院", "機関区分": 3, "都道府県コード": 7, "市区町村コード": 202, "所在地": "福島県会津若松市天神町３２番７号", "緯度": 37.478364, "経度": 139.931014, "url": "https://www.iryou.teikyouseido.mhlw.go.jp/znk-web/juminkanja/S2430/initialize?prefCd=07&kikanCd=0730000427&kikanKbn=3", "url2": null, "内容": "筒井歯科医院【3:歯科】福島県会津若松市天神町３２番７号" }, "geometry": { "type": "Point", "coordinates": [ 139.931014, 37.478364 ] } },
{ "type": "Feature", "properties": { "ID": 730730000428, "正式名称": "医療法人　おおしお　大塩歯科医院", "機関区分": 3, "都道府県コード": 7, "市区町村コード": 202, "所在地": "福島県会津若松市東栄町１０番１号", "緯度": 37.494661, "経度": 139.931919, "url": "https://www.iryou.teikyouseido.mhlw.go.jp/znk-web/juminkanja/S2430/initialize?prefCd=07&kikanCd=0730000428&kikanKbn=3", "url2": null, "内容": "医療法人　おおしお　大塩歯科医院【3:歯科】福島県会津若松市東栄町１０番１号" }, "geometry": { "type": "Point", "coordinates": [ 139.931919, 37.494661 ] } },
{ "type": "Feature", "properties": { "ID": 730730000430, "正式名称": "渡辺ゆうぞう歯科クリニック", "機関区分": 3, "都道府県コード": 7, "市区町村コード": 202, "所在地": "福島県会津若松市石堂町３－４９", "緯度": 37.508708, "経度": 139.928214, "url": "https://www.iryou.teikyouseido.mhlw.go.jp/znk-web/juminkanja/S2430/initialize?prefCd=07&kikanCd=0730000430&kikanKbn=3", "url2": null, "内容": "渡辺ゆうぞう歯科クリニック【3:歯科】福島県会津若松市石堂町３－４９" }, "geometry": { "type": "Point", "coordinates": [ 139.928214, 37.508708 ] } },
{ "type": "Feature", "properties": { "ID": 730730000431, "正式名称": "真宮歯科クリニック", "機関区分": 3, "都道府県コード": 7, "市区町村コード": 202, "所在地": "福島県会津若松市真宮新町南１－６９", "緯度": 37.513958, "経度": 139.876378, "url": "https://www.iryou.teikyouseido.mhlw.go.jp/znk-web/juminkanja/S2430/initialize?prefCd=07&kikanCd=0730000431&kikanKbn=3", "url2": "https://www.dental-iiha.com/d0069211.html", "内容": "真宮歯科クリニック【3:歯科】福島県会津若松市真宮新町南１－６９" }, "geometry": { "type": "Point", "coordinates": [ 139.876378, 37.513958 ] } },
{ "type": "Feature", "properties": { "ID": 730730000432, "正式名称": "河東歯科医院", "機関区分": 3, "都道府県コード": 7, "市区町村コード": 202, "所在地": "福島県会津若松市河東町郡山字休ミ石１０－１", "緯度": 37.551889, "経度": 139.926856, "url": "https://www.iryou.teikyouseido.mhlw.go.jp/znk-web/juminkanja/S2430/initialize?prefCd=07&kikanCd=0730000432&kikanKbn=3", "url2": null, "内容": "河東歯科医院【3:歯科】福島県会津若松市河東町郡山字休ミ石１０－１" }, "geometry": { "type": "Point", "coordinates": [ 139.926856, 37.551889 ] } },
{ "type": "Feature", "properties": { "ID": 730730000433, "正式名称": "いしかわ歯科医院", "機関区分": 3, "都道府県コード": 7, "市区町村コード": 202, "所在地": "福島県会津若松市河東町倉橋鏡山２２", "緯度": 37.5321, "経度": 139.944514, "url": "https://www.iryou.teikyouseido.mhlw.go.jp/znk-web/juminkanja/S2430/initialize?prefCd=07&kikanCd=0730000433&kikanKbn=3", "url2": null, "内容": "いしかわ歯科医院【3:歯科】福島県会津若松市河東町倉橋鏡山２２" }, "geometry": { "type": "Point", "coordinates": [ 139.944514, 37.5321 ] } },
{ "type": "Feature", "properties": { "ID": 730730000434, "正式名称": "渡部圭一歯科", "機関区分": 3, "都道府県コード": 7, "市区町村コード": 202, "所在地": "福島県会津若松市藤原二丁目５番地の８", "緯度": 37.512853, "経度": 139.941817, "url": "https://www.iryou.teikyouseido.mhlw.go.jp/znk-web/juminkanja/S2430/initialize?prefCd=07&kikanCd=0730000434&kikanKbn=3", "url2": "http://www.watanabe-k-dc.com", "内容": "渡部圭一歯科【3:歯科】福島県会津若松市藤原二丁目５番地の８" }, "geometry": { "type": "Point", "coordinates": [ 139.941817, 37.512853 ] } },
{ "type": "Feature", "properties": { "ID": 730730000436, "正式名称": "井草歯科医院", "機関区分": 3, "都道府県コード": 7, "市区町村コード": 208, "所在地": "福島県喜多方市小田付道上７００２", "緯度": 37.654258, "経度": 139.874914, "url": "https://www.iryou.teikyouseido.mhlw.go.jp/znk-web/juminkanja/S2430/initialize?prefCd=07&kikanCd=0730000436&kikanKbn=3", "url2": null, "内容": "井草歯科医院【3:歯科】福島県喜多方市小田付道上７００２" }, "geometry": { "type": "Point", "coordinates": [ 139.874914, 37.654258 ] } },
{ "type": "Feature", "properties": { "ID": 730730000442, "正式名称": "鈴木歯科医院", "機関区分": 3, "都道府県コード": 7, "市区町村コード": 208, "所在地": "福島県喜多方市字諏訪７０番地", "緯度": 37.655363, "経度": 139.869795, "url": "https://www.iryou.teikyouseido.mhlw.go.jp/znk-web/juminkanja/S2430/initialize?prefCd=07&kikanCd=0730000442&kikanKbn=3", "url2": null, "内容": "鈴木歯科医院【3:歯科】福島県喜多方市字諏訪７０番地" }, "geometry": { "type": "Point", "coordinates": [ 139.869795, 37.655363 ] } },
{ "type": "Feature", "properties": { "ID": 730730000444, "正式名称": "物江歯科医院", "機関区分": 3, "都道府県コード": 7, "市区町村コード": 208, "所在地": "福島県喜多方市小田付道上７０５３", "緯度": 37.654019, "経度": 139.873706, "url": "https://www.iryou.teikyouseido.mhlw.go.jp/znk-web/juminkanja/S2430/initialize?prefCd=07&kikanCd=0730000444&kikanKbn=3", "url2": null, "内容": "物江歯科医院【3:歯科】福島県喜多方市小田付道上７０５３" }, "geometry": { "type": "Point", "coordinates": [ 139.873706, 37.654019 ] } },
{ "type": "Feature", "properties": { "ID": 730730000445, "正式名称": "あきら歯科医院", "機関区分": 3, "都道府県コード": 7, "市区町村コード": 208, "所在地": "福島県喜多方市大坪７６１１－６", "緯度": 37.644319, "経度": 139.8735, "url": "https://www.iryou.teikyouseido.mhlw.go.jp/znk-web/juminkanja/S2430/initialize?prefCd=07&kikanCd=0730000445&kikanKbn=3", "url2": null, "内容": "あきら歯科医院【3:歯科】福島県喜多方市大坪７６１１－６" }, "geometry": { "type": "Point", "coordinates": [ 139.8735, 37.644319 ] } },
{ "type": "Feature", "properties": { "ID": 730730000446, "正式名称": "小汲歯科医院", "機関区分": 3, "都道府県コード": 7, "市区町村コード": 208, "所在地": "福島県喜多方市字寺町南５０１４番地", "緯度": 37.651936, "経度": 139.869792, "url": "https://www.iryou.teikyouseido.mhlw.go.jp/znk-web/juminkanja/S2430/initialize?prefCd=07&kikanCd=0730000446&kikanKbn=3", "url2": null, "内容": "小汲歯科医院【3:歯科】福島県喜多方市字寺町南５０１４番地" }, "geometry": { "type": "Point", "coordinates": [ 139.869792, 37.651936 ] } },
{ "type": "Feature", "properties": { "ID": 730730000447, "正式名称": "大塚歯科クリニック", "機関区分": 3, "都道府県コード": 7, "市区町村コード": 208, "所在地": "福島県喜多方市清水が丘１－７３", "緯度": 37.6646, "経度": 139.869178, "url": "https://www.iryou.teikyouseido.mhlw.go.jp/znk-web/juminkanja/S2430/initialize?prefCd=07&kikanCd=0730000447&kikanKbn=3", "url2": null, "内容": "大塚歯科クリニック【3:歯科】福島県喜多方市清水が丘１－７３" }, "geometry": { "type": "Point", "coordinates": [ 139.869178, 37.6646 ] } },
{ "type": "Feature", "properties": { "ID": 730730000449, "正式名称": "佐藤歯科医院", "機関区分": 3, "都道府県コード": 7, "市区町村コード": 208, "所在地": "福島県喜多方市前田４９８７", "緯度": 37.650492, "経度": 139.868811, "url": "https://www.iryou.teikyouseido.mhlw.go.jp/znk-web/juminkanja/S2430/initialize?prefCd=07&kikanCd=0730000449&kikanKbn=3", "url2": null, "内容": "佐藤歯科医院【3:歯科】福島県喜多方市前田４９８７" }, "geometry": { "type": "Point", "coordinates": [ 139.868811, 37.650492 ] } },
{ "type": "Feature", "properties": { "ID": 730730000450, "正式名称": "医療法人　うえの歯科医院", "機関区分": 3, "都道府県コード": 7, "市区町村コード": 208, "所在地": "福島県喜多方市原田３６２１－１", "緯度": 37.654208, "経度": 139.886367, "url": "https://www.iryou.teikyouseido.mhlw.go.jp/znk-web/juminkanja/S2430/initialize?prefCd=07&kikanCd=0730000450&kikanKbn=3", "url2": null, "内容": "医療法人　うえの歯科医院【3:歯科】福島県喜多方市原田３６２１－１" }, "geometry": { "type": "Point", "coordinates": [ 139.886367, 37.654208 ] } },
{ "type": "Feature", "properties": { "ID": 730730000452, "正式名称": "プラザ歯科医院", "機関区分": 3, "都道府県コード": 7, "市区町村コード": 208, "所在地": "福島県喜多方市字通船場１３１", "緯度": 37.6498, "経度": 139.863139, "url": "https://www.iryou.teikyouseido.mhlw.go.jp/znk-web/juminkanja/S2430/initialize?prefCd=07&kikanCd=0730000452&kikanKbn=3", "url2": "https://www.plaza-dentalclinic.com/", "内容": "プラザ歯科医院【3:歯科】福島県喜多方市字通船場１３１" }, "geometry": { "type": "Point", "coordinates": [ 139.863139, 37.6498 ] } },
{ "type": "Feature", "properties": { "ID": 730730000454, "正式名称": "村澤歯科", "機関区分": 3, "都道府県コード": 7, "市区町村コード": 208, "所在地": "福島県喜多方市塩川町新丁１７８８", "緯度": 37.596236, "経度": 139.888289, "url": "https://www.iryou.teikyouseido.mhlw.go.jp/znk-web/juminkanja/S2430/initialize?prefCd=07&kikanCd=0730000454&kikanKbn=3", "url2": null, "内容": "村澤歯科【3:歯科】福島県喜多方市塩川町新丁１７８８" }, "geometry": { "type": "Point", "coordinates": [ 139.888289, 37.596236 ] } },
{ "type": "Feature", "properties": { "ID": 730730000455, "正式名称": "斎藤歯科医院", "機関区分": 3, "都道府県コード": 7, "市区町村コード": 208, "所在地": "福島県喜多方市塩川町字東栄町２丁目４－５", "緯度": 37.594578, "経度": 139.891858, "url": "https://www.iryou.teikyouseido.mhlw.go.jp/znk-web/juminkanja/S2430/initialize?prefCd=07&kikanCd=0730000455&kikanKbn=3", "url2": null, "内容": "斎藤歯科医院【3:歯科】福島県喜多方市塩川町字東栄町２丁目４－５" }, "geometry": { "type": "Point", "coordinates": [ 139.891858, 37.594578 ] } },
{ "type": "Feature", "properties": { "ID": 730730000457, "正式名称": "さいとう歯科クリニック", "機関区分": 3, "都道府県コード": 7, "市区町村コード": 208, "所在地": "福島県喜多方市山都町字谷地２２９６－３", "緯度": 37.641756, "経度": 139.767728, "url": "https://www.iryou.teikyouseido.mhlw.go.jp/znk-web/juminkanja/S2430/initialize?prefCd=07&kikanCd=0730000457&kikanKbn=3", "url2": null, "内容": "さいとう歯科クリニック【3:歯科】福島県喜多方市山都町字谷地２２９６－３" }, "geometry": { "type": "Point", "coordinates": [ 139.767728, 37.641756 ] } },
{ "type": "Feature", "properties": { "ID": 730730000458, "正式名称": "なるせ歯科医院", "機関区分": 3, "都道府県コード": 7, "市区町村コード": 208, "所在地": "福島県喜多方市稲荷宮２番地４号", "緯度": 37.648275, "経度": 139.876939, "url": "https://www.iryou.teikyouseido.mhlw.go.jp/znk-web/juminkanja/S2430/initialize?prefCd=07&kikanCd=0730000458&kikanKbn=3", "url2": null, "内容": "なるせ歯科医院【3:歯科】福島県喜多方市稲荷宮２番地４号" }, "geometry": { "type": "Point", "coordinates": [ 139.876939, 37.648275 ] } },
{ "type": "Feature", "properties": { "ID": 730730000462, "正式名称": "補生堂歯科医院", "機関区分": 3, "都道府県コード": 7, "市区町村コード": 405, "所在地": "福島県耶麻郡西会津町野沢鹿島前乙２２７７－１", "緯度": 37.586918, "経度": 139.6444, "url": "https://www.iryou.teikyouseido.mhlw.go.jp/znk-web/juminkanja/S2430/initialize?prefCd=07&kikanCd=0730000462&kikanKbn=3", "url2": null, "内容": "補生堂歯科医院【3:歯科】福島県耶麻郡西会津町野沢鹿島前乙２２７７－１" }, "geometry": { "type": "Point", "coordinates": [ 139.6444, 37.586918 ] } },
{ "type": "Feature", "properties": { "ID": 730730000464, "正式名称": "斎藤歯科医院", "機関区分": 3, "都道府県コード": 7, "市区町村コード": 408, "所在地": "福島県耶麻郡猪苗代町川桁西幸野２１４７番地", "緯度": 37.534917, "経度": 140.140283, "url": "https://www.iryou.teikyouseido.mhlw.go.jp/znk-web/juminkanja/S2430/initialize?prefCd=07&kikanCd=0730000464&kikanKbn=3", "url2": null, "内容": "斎藤歯科医院【3:歯科】福島県耶麻郡猪苗代町川桁西幸野２１４７番地" }, "geometry": { "type": "Point", "coordinates": [ 140.140283, 37.534917 ] } },
{ "type": "Feature", "properties": { "ID": 730730000465, "正式名称": "長谷川歯科医院駅前分院", "機関区分": 3, "都道府県コード": 7, "市区町村コード": 408, "所在地": "福島県耶麻郡猪苗代町大字千代田字ドウフケ４７", "緯度": 37.549544, "経度": 140.104806, "url": "https://www.iryou.teikyouseido.mhlw.go.jp/znk-web/juminkanja/S2430/initialize?prefCd=07&kikanCd=0730000465&kikanKbn=3", "url2": "http://www.fukushima-doctors.jp/spn/detail/index_1522.html", "内容": "長谷川歯科医院駅前分院【3:歯科】福島県耶麻郡猪苗代町大字千代田字ドウフケ４７" }, "geometry": { "type": "Point", "coordinates": [ 140.104806, 37.549544 ] } },
{ "type": "Feature", "properties": { "ID": 730730000466, "正式名称": "医療法人恵歯会　あしはら歯科医院", "機関区分": 3, "都道府県コード": 7, "市区町村コード": 408, "所在地": "福島県耶麻郡猪苗代町芦原９１－１", "緯度": 37.556578, "経度": 140.108617, "url": "https://www.iryou.teikyouseido.mhlw.go.jp/znk-web/juminkanja/S2430/initialize?prefCd=07&kikanCd=0730000466&kikanKbn=3", "url2": "www.keishikai.com", "内容": "医療法人恵歯会　あしはら歯科医院【3:歯科】福島県耶麻郡猪苗代町芦原９１－１" }, "geometry": { "type": "Point", "coordinates": [ 140.108617, 37.556578 ] } },
{ "type": "Feature", "properties": { "ID": 730730000468, "正式名称": "大竹歯科医院", "機関区分": 3, "都道府県コード": 7, "市区町村コード": 408, "所在地": "福島県耶麻郡猪苗代町新町４８５８－１・４８５９－２", "緯度": 37.562739, "経度": 140.108047, "url": "https://www.iryou.teikyouseido.mhlw.go.jp/znk-web/juminkanja/S2430/initialize?prefCd=07&kikanCd=0730000468&kikanKbn=3", "url2": "http://otakedc.web.fc2.com/", "内容": "大竹歯科医院【3:歯科】福島県耶麻郡猪苗代町新町４８５８－１・４８５９－２" }, "geometry": { "type": "Point", "coordinates": [ 140.108047, 37.562739 ] } },
{ "type": "Feature", "properties": { "ID": 730730000470, "正式名称": "さとう歯科・矯正歯科クリニック", "機関区分": 3, "都道府県コード": 7, "市区町村コード": 421, "所在地": "福島県河沼郡会津坂下町字市中四番甲３７８４－１", "緯度": 37.561761, "経度": 139.816469, "url": "https://www.iryou.teikyouseido.mhlw.go.jp/znk-web/juminkanja/S2430/initialize?prefCd=07&kikanCd=0730000470&kikanKbn=3", "url2": null, "内容": "さとう歯科・矯正歯科クリニック【3:歯科】福島県河沼郡会津坂下町字市中四番甲３７８４－１" }, "geometry": { "type": "Point", "coordinates": [ 139.816469, 37.561761 ] } },
{ "type": "Feature", "properties": { "ID": 730730000471, "正式名称": "酒井歯科医院", "機関区分": 3, "都道府県コード": 7, "市区町村コード": 421, "所在地": "福島県河沼郡会津坂下町上口５００番地", "緯度": 37.562692, "経度": 139.827, "url": "https://www.iryou.teikyouseido.mhlw.go.jp/znk-web/juminkanja/S2430/initialize?prefCd=07&kikanCd=0730000471&kikanKbn=3", "url2": null, "内容": "酒井歯科医院【3:歯科】福島県河沼郡会津坂下町上口５００番地" }, "geometry": { "type": "Point", "coordinates": [ 139.827, 37.562692 ] } },
{ "type": "Feature", "properties": { "ID": 730730000472, "正式名称": "玉木歯科医院", "機関区分": 3, "都道府県コード": 7, "市区町村コード": 421, "所在地": "福島県河沼郡会津坂下町稲荷塚６４", "緯度": 37.566383, "経度": 139.810467, "url": "https://www.iryou.teikyouseido.mhlw.go.jp/znk-web/juminkanja/S2430/initialize?prefCd=07&kikanCd=0730000472&kikanKbn=3", "url2": null, "内容": "玉木歯科医院【3:歯科】福島県河沼郡会津坂下町稲荷塚６４" }, "geometry": { "type": "Point", "coordinates": [ 139.810467, 37.566383 ] } },
{ "type": "Feature", "properties": { "ID": 730730000473, "正式名称": "中島歯科医院", "機関区分": 3, "都道府県コード": 7, "市区町村コード": 421, "所在地": "福島県河沼郡会津坂下町西南町裏甲４００５－１", "緯度": 37.559506, "経度": 139.821053, "url": "https://www.iryou.teikyouseido.mhlw.go.jp/znk-web/juminkanja/S2430/initialize?prefCd=07&kikanCd=0730000473&kikanKbn=3", "url2": null, "内容": "中島歯科医院【3:歯科】福島県河沼郡会津坂下町西南町裏甲４００５－１" }, "geometry": { "type": "Point", "coordinates": [ 139.821053, 37.559506 ] } },
{ "type": "Feature", "properties": { "ID": 730730000474, "正式名称": "小久保歯科医院", "機関区分": 3, "都道府県コード": 7, "市区町村コード": 421, "所在地": "福島県河沼郡会津坂下町小川原１０３５－３", "緯度": 37.56, "経度": 139.827306, "url": "https://www.iryou.teikyouseido.mhlw.go.jp/znk-web/juminkanja/S2430/initialize?prefCd=07&kikanCd=0730000474&kikanKbn=3", "url2": null, "内容": "小久保歯科医院【3:歯科】福島県河沼郡会津坂下町小川原１０３５－３" }, "geometry": { "type": "Point", "coordinates": [ 139.827306, 37.56 ] } },
{ "type": "Feature", "properties": { "ID": 730730000476, "正式名称": "二瓶歯科", "機関区分": 3, "都道府県コード": 7, "市区町村コード": 423, "所在地": "福島県河沼郡柳津町細八堺乙１０９番地１２", "緯度": 37.545533, "経度": 139.726458, "url": "https://www.iryou.teikyouseido.mhlw.go.jp/znk-web/juminkanja/S2430/initialize?prefCd=07&kikanCd=0730000476&kikanKbn=3", "url2": null, "内容": "二瓶歯科【3:歯科】福島県河沼郡柳津町細八堺乙１０９番地１２" }, "geometry": { "type": "Point", "coordinates": [ 139.726458, 37.545533 ] } },
{ "type": "Feature", "properties": { "ID": 730730000477, "正式名称": "水口歯科医院", "機関区分": 3, "都道府県コード": 7, "市区町村コード": 447, "所在地": "福島県大沼郡会津美里町高田甲２８９０番地", "緯度": 37.460469, "経度": 139.838925, "url": "https://www.iryou.teikyouseido.mhlw.go.jp/znk-web/juminkanja/S2430/initialize?prefCd=07&kikanCd=0730000477&kikanKbn=3", "url2": null, "内容": "水口歯科医院【3:歯科】福島県大沼郡会津美里町高田甲２８９０番地" }, "geometry": { "type": "Point", "coordinates": [ 139.838925, 37.460469 ] } },
{ "type": "Feature", "properties": { "ID": 730730000481, "正式名称": "金子歯科医院", "機関区分": 3, "都道府県コード": 7, "市区町村コード": 447, "所在地": "福島県大沼郡会津美里町北川原２７－１", "緯度": 37.453256, "経度": 139.884664, "url": "https://www.iryou.teikyouseido.mhlw.go.jp/znk-web/juminkanja/S2430/initialize?prefCd=07&kikanCd=0730000481&kikanKbn=3", "url2": null, "内容": "金子歯科医院【3:歯科】福島県大沼郡会津美里町北川原２７－１" }, "geometry": { "type": "Point", "coordinates": [ 139.884664, 37.453256 ] } },
{ "type": "Feature", "properties": { "ID": 730730000482, "正式名称": "江川歯科医院", "機関区分": 3, "都道府県コード": 7, "市区町村コード": 447, "所在地": "福島県大沼郡会津美里町字黒川４６", "緯度": 37.458222, "経度": 139.899781, "url": "https://www.iryou.teikyouseido.mhlw.go.jp/znk-web/juminkanja/S2430/initialize?prefCd=07&kikanCd=0730000482&kikanKbn=3", "url2": null, "内容": "江川歯科医院【3:歯科】福島県大沼郡会津美里町字黒川４６" }, "geometry": { "type": "Point", "coordinates": [ 139.899781, 37.458222 ] } },
{ "type": "Feature", "properties": { "ID": 730730000484, "正式名称": "稲富歯科医院", "機関区分": 3, "都道府県コード": 7, "市区町村コード": 368, "所在地": "福島県南会津郡南会津町田島字上町甲４０１６", "緯度": 37.201078, "経度": 139.770297, "url": "https://www.iryou.teikyouseido.mhlw.go.jp/znk-web/juminkanja/S2430/initialize?prefCd=07&kikanCd=0730000484&kikanKbn=3", "url2": null, "内容": "稲富歯科医院【3:歯科】福島県南会津郡南会津町田島字上町甲４０１６" }, "geometry": { "type": "Point", "coordinates": [ 139.770297, 37.201078 ] } },
{ "type": "Feature", "properties": { "ID": 730730000485, "正式名称": "押部歯科医院", "機関区分": 3, "都道府県コード": 7, "市区町村コード": 368, "所在地": "福島県南会津郡南会津町田島字大坪甲４７１", "緯度": 37.203956, "経度": 139.773542, "url": "https://www.iryou.teikyouseido.mhlw.go.jp/znk-web/juminkanja/S2430/initialize?prefCd=07&kikanCd=0730000485&kikanKbn=3", "url2": null, "内容": "押部歯科医院【3:歯科】福島県南会津郡南会津町田島字大坪甲４７１" }, "geometry": { "type": "Point", "coordinates": [ 139.773542, 37.203956 ] } },
{ "type": "Feature", "properties": { "ID": 730730000486, "正式名称": "長谷川歯科医院", "機関区分": 3, "都道府県コード": 7, "市区町村コード": 368, "所在地": "福島県南会津郡南会津町田島字本町甲３８９４－２", "緯度": 37.201894, "経度": 139.776667, "url": "https://www.iryou.teikyouseido.mhlw.go.jp/znk-web/juminkanja/S2430/initialize?prefCd=07&kikanCd=0730000486&kikanKbn=3", "url2": null, "内容": "長谷川歯科医院【3:歯科】福島県南会津郡南会津町田島字本町甲３８９４－２" }, "geometry": { "type": "Point", "coordinates": [ 139.776667, 37.201894 ] } },
{ "type": "Feature", "properties": { "ID": 730730000487, "正式名称": "医療法人社団慈愛恵真会あらかい歯科医院", "機関区分": 3, "都道府県コード": 7, "市区町村コード": 368, "所在地": "福島県南会津郡南会津町関本字下休場７２９番地１", "緯度": 37.154972, "経度": 139.735325, "url": "https://www.iryou.teikyouseido.mhlw.go.jp/znk-web/juminkanja/S2430/initialize?prefCd=07&kikanCd=0730000487&kikanKbn=3", "url2": "http://www.gds.or.jp/", "内容": "医療法人社団慈愛恵真会あらかい歯科医院【3:歯科】福島県南会津郡南会津町関本字下休場７２９番地１" }, "geometry": { "type": "Point", "coordinates": [ 139.735325, 37.154972 ] } },
{ "type": "Feature", "properties": { "ID": 730730000488, "正式名称": "なかむら歯科医院", "機関区分": 3, "都道府県コード": 7, "市区町村コード": 368, "所在地": "福島県南会津郡南会津町田島字北下原１９８－１", "緯度": 37.205497, "経度": 139.785597, "url": "https://www.iryou.teikyouseido.mhlw.go.jp/znk-web/juminkanja/S2430/initialize?prefCd=07&kikanCd=0730000488&kikanKbn=3", "url2": null, "内容": "なかむら歯科医院【3:歯科】福島県南会津郡南会津町田島字北下原１９８－１" }, "geometry": { "type": "Point", "coordinates": [ 139.785597, 37.205497 ] } },
{ "type": "Feature", "properties": { "ID": 730730000489, "正式名称": "むろい歯科医院", "機関区分": 3, "都道府県コード": 7, "市区町村コード": 368, "所在地": "福島県南会津郡南会津町田島字本町甲３８４１－６", "緯度": 37.201889, "経度": 139.772831, "url": "https://www.iryou.teikyouseido.mhlw.go.jp/znk-web/juminkanja/S2430/initialize?prefCd=07&kikanCd=0730000489&kikanKbn=3", "url2": null, "内容": "むろい歯科医院【3:歯科】福島県南会津郡南会津町田島字本町甲３８４１－６" }, "geometry": { "type": "Point", "coordinates": [ 139.772831, 37.201889 ] } },
{ "type": "Feature", "properties": { "ID": 730730000492, "正式名称": "羽染歯科医院", "機関区分": 3, "都道府県コード": 7, "市区町村コード": 368, "所在地": "福島県南会津郡南会津町古町字居平１１－５", "緯度": 37.177892, "経度": 139.527439, "url": "https://www.iryou.teikyouseido.mhlw.go.jp/znk-web/juminkanja/S2430/initialize?prefCd=07&kikanCd=0730000492&kikanKbn=3", "url2": null, "内容": "羽染歯科医院【3:歯科】福島県南会津郡南会津町古町字居平１１－５" }, "geometry": { "type": "Point", "coordinates": [ 139.527439, 37.177892 ] } },
{ "type": "Feature", "properties": { "ID": 730730000493, "正式名称": "新藤歯科医院", "機関区分": 3, "都道府県コード": 7, "市区町村コード": 368, "所在地": "福島県南会津郡南会津町大新田字松原上９０６－１", "緯度": 37.217928, "経度": 139.533992, "url": "https://www.iryou.teikyouseido.mhlw.go.jp/znk-web/juminkanja/S2430/initialize?prefCd=07&kikanCd=0730000493&kikanKbn=3", "url2": null, "内容": "新藤歯科医院【3:歯科】福島県南会津郡南会津町大新田字松原上９０６－１" }, "geometry": { "type": "Point", "coordinates": [ 139.533992, 37.217928 ] } },
{ "type": "Feature", "properties": { "ID": 730730000495, "正式名称": "赤塚歯科医院", "機関区分": 3, "都道府県コード": 7, "市区町村コード": 367, "所在地": "福島県南会津郡只見町大字只見字上ノ原１７８９－８", "緯度": 37.349322, "経度": 139.316608, "url": "https://www.iryou.teikyouseido.mhlw.go.jp/znk-web/juminkanja/S2430/initialize?prefCd=07&kikanCd=0730000495&kikanKbn=3", "url2": null, "内容": "赤塚歯科医院【3:歯科】福島県南会津郡只見町大字只見字上ノ原１７８９－８" }, "geometry": { "type": "Point", "coordinates": [ 139.316608, 37.349322 ] } },
{ "type": "Feature", "properties": { "ID": 730730000496, "正式名称": "板倉歯科医院", "機関区分": 3, "都道府県コード": 7, "市区町村コード": 212, "所在地": "福島県南相馬市原町区大町１－４２－１", "緯度": 37.640306, "経度": 140.962003, "url": "https://www.iryou.teikyouseido.mhlw.go.jp/znk-web/juminkanja/S2430/initialize?prefCd=07&kikanCd=0730000496&kikanKbn=3", "url2": null, "内容": "板倉歯科医院【3:歯科】福島県南相馬市原町区大町１－４２－１" }, "geometry": { "type": "Point", "coordinates": [ 140.962003, 37.640306 ] } },
{ "type": "Feature", "properties": { "ID": 730730000497, "正式名称": "羽生歯科医院", "機関区分": 3, "都道府県コード": 7, "市区町村コード": 212, "所在地": "福島県南相馬市原町区栄町２－８３", "緯度": 37.637061, "経度": 140.962606, "url": "https://www.iryou.teikyouseido.mhlw.go.jp/znk-web/juminkanja/S2430/initialize?prefCd=07&kikanCd=0730000497&kikanKbn=3", "url2": "https://8020net.com", "内容": "羽生歯科医院【3:歯科】福島県南相馬市原町区栄町２－８３" }, "geometry": { "type": "Point", "coordinates": [ 140.962606, 37.637061 ] } },
{ "type": "Feature", "properties": { "ID": 730730000500, "正式名称": "森岡歯科医院", "機関区分": 3, "都道府県コード": 7, "市区町村コード": 212, "所在地": "福島県南相馬市原町区橋本町一丁目１０７番地", "緯度": 37.633406, "経度": 140.962581, "url": "https://www.iryou.teikyouseido.mhlw.go.jp/znk-web/juminkanja/S2430/initialize?prefCd=07&kikanCd=0730000500&kikanKbn=3", "url2": null, "内容": "森岡歯科医院【3:歯科】福島県南相馬市原町区橋本町一丁目１０７番地" }, "geometry": { "type": "Point", "coordinates": [ 140.962581, 37.633406 ] } },
{ "type": "Feature", "properties": { "ID": 730730000501, "正式名称": "新開歯科医院", "機関区分": 3, "都道府県コード": 7, "市区町村コード": 209, "所在地": "福島県相馬市中村字宇多川町６１", "緯度": 37.797344, "経度": 140.922406, "url": "https://www.iryou.teikyouseido.mhlw.go.jp/znk-web/juminkanja/S2430/initialize?prefCd=07&kikanCd=0730000501&kikanKbn=3", "url2": null, "内容": "新開歯科医院【3:歯科】福島県相馬市中村字宇多川町６１" }, "geometry": { "type": "Point", "coordinates": [ 140.922406, 37.797344 ] } },
{ "type": "Feature", "properties": { "ID": 730730000502, "正式名称": "原田歯科医院", "機関区分": 3, "都道府県コード": 7, "市区町村コード": 209, "所在地": "福島県相馬市中村字北町２６", "緯度": 37.800208, "経度": 140.918325, "url": "https://www.iryou.teikyouseido.mhlw.go.jp/znk-web/juminkanja/S2430/initialize?prefCd=07&kikanCd=0730000502&kikanKbn=3", "url2": null, "内容": "原田歯科医院【3:歯科】福島県相馬市中村字北町２６" }, "geometry": { "type": "Point", "coordinates": [ 140.918325, 37.800208 ] } },
{ "type": "Feature", "properties": { "ID": 730730000504, "正式名称": "八巻歯科医院", "機関区分": 3, "都道府県コード": 7, "市区町村コード": 209, "所在地": "福島県相馬市中村１丁目８－１０", "緯度": 37.8007, "経度": 140.92525, "url": "https://www.iryou.teikyouseido.mhlw.go.jp/znk-web/juminkanja/S2430/initialize?prefCd=07&kikanCd=0730000504&kikanKbn=3", "url2": null, "内容": "八巻歯科医院【3:歯科】福島県相馬市中村１丁目８－１０" }, "geometry": { "type": "Point", "coordinates": [ 140.92525, 37.8007 ] } },
{ "type": "Feature", "properties": { "ID": 730730000505, "正式名称": "わたなべ歯科クリニック", "機関区分": 3, "都道府県コード": 7, "市区町村コード": 209, "所在地": "福島県相馬市中村新町１７", "緯度": 37.799781, "経度": 140.924078, "url": "https://www.iryou.teikyouseido.mhlw.go.jp/znk-web/juminkanja/S2430/initialize?prefCd=07&kikanCd=0730000505&kikanKbn=3", "url2": null, "内容": "わたなべ歯科クリニック【3:歯科】福島県相馬市中村新町１７" }, "geometry": { "type": "Point", "coordinates": [ 140.924078, 37.799781 ] } },
{ "type": "Feature", "properties": { "ID": 730730000506, "正式名称": "佐藤歯科医院", "機関区分": 3, "都道府県コード": 7, "市区町村コード": 209, "所在地": "福島県相馬市中村字新町８６－１", "緯度": 37.799747, "経度": 140.922622, "url": "https://www.iryou.teikyouseido.mhlw.go.jp/znk-web/juminkanja/S2430/initialize?prefCd=07&kikanCd=0730000506&kikanKbn=3", "url2": null, "内容": "佐藤歯科医院【3:歯科】福島県相馬市中村字新町８６－１" }, "geometry": { "type": "Point", "coordinates": [ 140.922622, 37.799747 ] } },
{ "type": "Feature", "properties": { "ID": 730730000507, "正式名称": "黒沢歯科医院", "機関区分": 3, "都道府県コード": 7, "市区町村コード": 209, "所在地": "福島県相馬市中村桜ヶ丘８６", "緯度": 37.801869, "経度": 140.917942, "url": "https://www.iryou.teikyouseido.mhlw.go.jp/znk-web/juminkanja/S2430/initialize?prefCd=07&kikanCd=0730000507&kikanKbn=3", "url2": null, "内容": "黒沢歯科医院【3:歯科】福島県相馬市中村桜ヶ丘８６" }, "geometry": { "type": "Point", "coordinates": [ 140.917942, 37.801869 ] } },
{ "type": "Feature", "properties": { "ID": 730730000508, "正式名称": "梶田歯科医院", "機関区分": 3, "都道府県コード": 7, "市区町村コード": 209, "所在地": "福島県相馬市中村２丁目５－６", "緯度": 37.798353, "経度": 140.924847, "url": "https://www.iryou.teikyouseido.mhlw.go.jp/znk-web/juminkanja/S2430/initialize?prefCd=07&kikanCd=0730000508&kikanKbn=3", "url2": null, "内容": "梶田歯科医院【3:歯科】福島県相馬市中村２丁目５－６" }, "geometry": { "type": "Point", "coordinates": [ 140.924847, 37.798353 ] } },
{ "type": "Feature", "properties": { "ID": 730730000514, "正式名称": "荒川歯科医院", "機関区分": 3, "都道府県コード": 7, "市区町村コード": 212, "所在地": "福島県南相馬市原町区旭町１－６５", "緯度": 37.637503, "経度": 140.966494, "url": "https://www.iryou.teikyouseido.mhlw.go.jp/znk-web/juminkanja/S2430/initialize?prefCd=07&kikanCd=0730000514&kikanKbn=3", "url2": null, "内容": "荒川歯科医院【3:歯科】福島県南相馬市原町区旭町１－６５" }, "geometry": { "type": "Point", "coordinates": [ 140.966494, 37.637503 ] } },
{ "type": "Feature", "properties": { "ID": 730730000515, "正式名称": "医療法人　斎藤歯科医院", "機関区分": 3, "都道府県コード": 7, "市区町村コード": 209, "所在地": "福島県相馬市中村錦町４－３", "緯度": 37.803422, "経度": 140.922025, "url": "https://www.iryou.teikyouseido.mhlw.go.jp/znk-web/juminkanja/S2430/initialize?prefCd=07&kikanCd=0730000515&kikanKbn=3", "url2": null, "内容": "医療法人　斎藤歯科医院【3:歯科】福島県相馬市中村錦町４－３" }, "geometry": { "type": "Point", "coordinates": [ 140.922025, 37.803422 ] } },
{ "type": "Feature", "properties": { "ID": 730730000516, "正式名称": "西町歯科医院", "機関区分": 3, "都道府県コード": 7, "市区町村コード": 212, "所在地": "福島県南相馬市鹿島区西町一丁目１１８番地１", "緯度": 37.703547, "経度": 140.963725, "url": "https://www.iryou.teikyouseido.mhlw.go.jp/znk-web/juminkanja/S2430/initialize?prefCd=07&kikanCd=0730000516&kikanKbn=3", "url2": null, "内容": "西町歯科医院【3:歯科】福島県南相馬市鹿島区西町一丁目１１８番地１" }, "geometry": { "type": "Point", "coordinates": [ 140.963725, 37.703547 ] } },
{ "type": "Feature", "properties": { "ID": 730730000518, "正式名称": "草野歯科", "機関区分": 3, "都道府県コード": 7, "市区町村コード": 212, "所在地": "福島県南相馬市原町区本陣前１丁目１－５", "緯度": 37.626894, "経度": 140.95645, "url": "https://www.iryou.teikyouseido.mhlw.go.jp/znk-web/juminkanja/S2430/initialize?prefCd=07&kikanCd=0730000518&kikanKbn=3", "url2": null, "内容": "草野歯科【3:歯科】福島県南相馬市原町区本陣前１丁目１－５" }, "geometry": { "type": "Point", "coordinates": [ 140.95645, 37.626894 ] } },
{ "type": "Feature", "properties": { "ID": 730730000519, "正式名称": "かとう歯科医院", "機関区分": 3, "都道府県コード": 7, "市区町村コード": 212, "所在地": "福島県南相馬市原町区西町１丁目３番地－１", "緯度": 37.637308, "経度": 140.947717, "url": "https://www.iryou.teikyouseido.mhlw.go.jp/znk-web/juminkanja/S2430/initialize?prefCd=07&kikanCd=0730000519&kikanKbn=3", "url2": null, "内容": "かとう歯科医院【3:歯科】福島県南相馬市原町区西町１丁目３番地－１" }, "geometry": { "type": "Point", "coordinates": [ 140.947717, 37.637308 ] } },
{ "type": "Feature", "properties": { "ID": 730730000520, "正式名称": "菅野歯科医院", "機関区分": 3, "都道府県コード": 7, "市区町村コード": 209, "所在地": "福島県相馬市塚ノ町２丁目６－１５", "緯度": 37.803794, "経度": 140.930647, "url": "https://www.iryou.teikyouseido.mhlw.go.jp/znk-web/juminkanja/S2430/initialize?prefCd=07&kikanCd=0730000520&kikanKbn=3", "url2": "http://www16.ocn.ne.jp/~kanno/", "内容": "菅野歯科医院【3:歯科】福島県相馬市塚ノ町２丁目６－１５" }, "geometry": { "type": "Point", "coordinates": [ 140.930647, 37.803794 ] } },
{ "type": "Feature", "properties": { "ID": 730730000523, "正式名称": "竹林歯科医院", "機関区分": 3, "都道府県コード": 7, "市区町村コード": 212, "所在地": "福島県南相馬市原町区日の出町１９７の８", "緯度": 37.630883, "経度": 140.985761, "url": "https://www.iryou.teikyouseido.mhlw.go.jp/znk-web/juminkanja/S2430/initialize?prefCd=07&kikanCd=0730000523&kikanKbn=3", "url2": null, "内容": "竹林歯科医院【3:歯科】福島県南相馬市原町区日の出町１９７の８" }, "geometry": { "type": "Point", "coordinates": [ 140.985761, 37.630883 ] } },
{ "type": "Feature", "properties": { "ID": 730730000524, "正式名称": "新地歯科医院", "機関区分": 3, "都道府県コード": 7, "市区町村コード": 561, "所在地": "福島県相馬郡新地町小川字北原１２１－１", "緯度": 37.872681, "経度": 140.918528, "url": "https://www.iryou.teikyouseido.mhlw.go.jp/znk-web/juminkanja/S2430/initialize?prefCd=07&kikanCd=0730000524&kikanKbn=3", "url2": null, "内容": "新地歯科医院【3:歯科】福島県相馬郡新地町小川字北原１２１－１" }, "geometry": { "type": "Point", "coordinates": [ 140.918528, 37.872681 ] } },
{ "type": "Feature", "properties": { "ID": 730730000525, "正式名称": "グリーン歯科", "機関区分": 3, "都道府県コード": 7, "市区町村コード": 209, "所在地": "福島県相馬市小泉高池４３８－１", "緯度": 37.807939, "経度": 140.919956, "url": "https://www.iryou.teikyouseido.mhlw.go.jp/znk-web/juminkanja/S2430/initialize?prefCd=07&kikanCd=0730000525&kikanKbn=3", "url2": null, "内容": "グリーン歯科【3:歯科】福島県相馬市小泉高池４３８－１" }, "geometry": { "type": "Point", "coordinates": [ 140.919956, 37.807939 ] } },
{ "type": "Feature", "properties": { "ID": 730730000526, "正式名称": "山本歯科医院", "機関区分": 3, "都道府県コード": 7, "市区町村コード": 209, "所在地": "福島県相馬市中野字寺前４５－１", "緯度": 37.795094, "経度": 140.925158, "url": "https://www.iryou.teikyouseido.mhlw.go.jp/znk-web/juminkanja/S2430/initialize?prefCd=07&kikanCd=0730000526&kikanKbn=3", "url2": null, "内容": "山本歯科医院【3:歯科】福島県相馬市中野字寺前４５－１" }, "geometry": { "type": "Point", "coordinates": [ 140.925158, 37.795094 ] } },
{ "type": "Feature", "properties": { "ID": 730730000527, "正式名称": "あべ歯科医院", "機関区分": 3, "都道府県コード": 7, "市区町村コード": 209, "所在地": "福島県相馬市馬場野字山越８３", "緯度": 37.792492, "経度": 140.931292, "url": "https://www.iryou.teikyouseido.mhlw.go.jp/znk-web/juminkanja/S2430/initialize?prefCd=07&kikanCd=0730000527&kikanKbn=3", "url2": null, "内容": "あべ歯科医院【3:歯科】福島県相馬市馬場野字山越８３" }, "geometry": { "type": "Point", "coordinates": [ 140.931292, 37.792492 ] } },
{ "type": "Feature", "properties": { "ID": 730730000529, "正式名称": "山田歯科医院", "機関区分": 3, "都道府県コード": 7, "市区町村コード": 212, "所在地": "福島県南相馬市原町区本町３－２３", "緯度": 37.643633, "経度": 140.958681, "url": "https://www.iryou.teikyouseido.mhlw.go.jp/znk-web/juminkanja/S2430/initialize?prefCd=07&kikanCd=0730000529&kikanKbn=3", "url2": null, "内容": "山田歯科医院【3:歯科】福島県南相馬市原町区本町３－２３" }, "geometry": { "type": "Point", "coordinates": [ 140.958681, 37.643633 ] } },
{ "type": "Feature", "properties": { "ID": 730730000530, "正式名称": "木幡歯科医院", "機関区分": 3, "都道府県コード": 7, "市区町村コード": 212, "所在地": "福島県南相馬市鹿島区鹿島字御前ノ内１０８－２", "緯度": 37.700706, "経度": 140.970606, "url": "https://www.iryou.teikyouseido.mhlw.go.jp/znk-web/juminkanja/S2430/initialize?prefCd=07&kikanCd=0730000530&kikanKbn=3", "url2": null, "内容": "木幡歯科医院【3:歯科】福島県南相馬市鹿島区鹿島字御前ノ内１０８－２" }, "geometry": { "type": "Point", "coordinates": [ 140.970606, 37.700706 ] } },
{ "type": "Feature", "properties": { "ID": 730730000532, "正式名称": "ヒロシ歯科クリニック", "機関区分": 3, "都道府県コード": 7, "市区町村コード": 209, "所在地": "福島県相馬市中村字塚田５０", "緯度": 37.804394, "経度": 140.911722, "url": "https://www.iryou.teikyouseido.mhlw.go.jp/znk-web/juminkanja/S2430/initialize?prefCd=07&kikanCd=0730000532&kikanKbn=3", "url2": null, "内容": "ヒロシ歯科クリニック【3:歯科】福島県相馬市中村字塚田５０" }, "geometry": { "type": "Point", "coordinates": [ 140.911722, 37.804394 ] } },
{ "type": "Feature", "properties": { "ID": 730730000534, "正式名称": "すすむ歯科医院", "機関区分": 3, "都道府県コード": 7, "市区町村コード": 212, "所在地": "福島県南相馬市原町区高見町２－１２２－３", "緯度": 37.637453, "経度": 140.985933, "url": "https://www.iryou.teikyouseido.mhlw.go.jp/znk-web/juminkanja/S2430/initialize?prefCd=07&kikanCd=0730000534&kikanKbn=3", "url2": "http://susumu-shika.cihp2.jp/", "内容": "すすむ歯科医院【3:歯科】福島県南相馬市原町区高見町２－１２２－３" }, "geometry": { "type": "Point", "coordinates": [ 140.985933, 37.637453 ] } },
{ "type": "Feature", "properties": { "ID": 730730000538, "正式名称": "穴田歯科医院", "機関区分": 3, "都道府県コード": 7, "市区町村コード": 543, "所在地": "福島県双葉郡富岡町夜の森南３－５４", "緯度": 37.360597, "経度": 140.992767, "url": "https://www.iryou.teikyouseido.mhlw.go.jp/znk-web/juminkanja/S2430/initialize?prefCd=07&kikanCd=0730000538&kikanKbn=3", "url2": null, "内容": "穴田歯科医院【3:歯科】福島県双葉郡富岡町夜の森南３－５４" }, "geometry": { "type": "Point", "coordinates": [ 140.992767, 37.360597 ] } },
{ "type": "Feature", "properties": { "ID": 730730000549, "正式名称": "医療法人社団　新妻歯科医院広野", "機関区分": 3, "都道府県コード": 7, "市区町村コード": 541, "所在地": "福島県双葉郡広野町下北迫前川原６１", "緯度": 37.219033, "経度": 141.002919, "url": "https://www.iryou.teikyouseido.mhlw.go.jp/znk-web/juminkanja/S2430/initialize?prefCd=07&kikanCd=0730000549&kikanKbn=3", "url2": null, "内容": "医療法人社団　新妻歯科医院広野【3:歯科】福島県双葉郡広野町下北迫前川原６１" }, "geometry": { "type": "Point", "coordinates": [ 141.002919, 37.219033 ] } },
{ "type": "Feature", "properties": { "ID": 730730000560, "正式名称": "豊嶋歯科医院", "機関区分": 3, "都道府県コード": 7, "市区町村コード": 547, "所在地": "福島県双葉郡浪江町大字権現堂字南深町８－２", "緯度": 37.493644, "経度": 140.992714, "url": "https://www.iryou.teikyouseido.mhlw.go.jp/znk-web/juminkanja/S2430/initialize?prefCd=07&kikanCd=0730000560&kikanKbn=3", "url2": "https://toyoshimadc.jp", "内容": "豊嶋歯科医院【3:歯科】福島県双葉郡浪江町大字権現堂字南深町８－２" }, "geometry": { "type": "Point", "coordinates": [ 140.992714, 37.493644 ] } },
{ "type": "Feature", "properties": { "ID": 730730000561, "正式名称": "相良歯科医院", "機関区分": 3, "都道府県コード": 7, "市区町村コード": 212, "所在地": "福島県南相馬市鹿島区鹿島字町１６７", "緯度": 37.701022, "経度": 140.967633, "url": "https://www.iryou.teikyouseido.mhlw.go.jp/znk-web/juminkanja/S2430/initialize?prefCd=07&kikanCd=0730000561&kikanKbn=3", "url2": null, "内容": "相良歯科医院【3:歯科】福島県南相馬市鹿島区鹿島字町１６７" }, "geometry": { "type": "Point", "coordinates": [ 140.967633, 37.701022 ] } },
{ "type": "Feature", "properties": { "ID": 730730000562, "正式名称": "医療法人白耀会　くまがみ歯科医院", "機関区分": 3, "都道府県コード": 7, "市区町村コード": 212, "所在地": "福島県南相馬市原町区桜井町１－１２９", "緯度": 37.636922, "経度": 140.976914, "url": "https://www.iryou.teikyouseido.mhlw.go.jp/znk-web/juminkanja/S2430/initialize?prefCd=07&kikanCd=0730000562&kikanKbn=3", "url2": "http://www.kumagami-haisha.com", "内容": "医療法人白耀会　くまがみ歯科医院【3:歯科】福島県南相馬市原町区桜井町１－１２９" }, "geometry": { "type": "Point", "coordinates": [ 140.976914, 37.636922 ] } },
{ "type": "Feature", "properties": { "ID": 730730000563, "正式名称": "いしばし歯科", "機関区分": 3, "都道府県コード": 7, "市区町村コード": 212, "所在地": "福島県南相馬市原町区北長野字北原田３０６", "緯度": 37.658692, "経度": 140.932686, "url": "https://www.iryou.teikyouseido.mhlw.go.jp/znk-web/juminkanja/S2430/initialize?prefCd=07&kikanCd=0730000563&kikanKbn=3", "url2": null, "内容": "いしばし歯科【3:歯科】福島県南相馬市原町区北長野字北原田３０６" }, "geometry": { "type": "Point", "coordinates": [ 140.932686, 37.658692 ] } },
{ "type": "Feature", "properties": { "ID": 730730000564, "正式名称": "篠山歯科医院", "機関区分": 3, "都道府県コード": 7, "市区町村コード": 209, "所在地": "福島県相馬市沖ノ内２丁目１０－１　ＫＭＳビル１階", "緯度": 37.806983, "経度": 140.930264, "url": "https://www.iryou.teikyouseido.mhlw.go.jp/znk-web/juminkanja/S2430/initialize?prefCd=07&kikanCd=0730000564&kikanKbn=3", "url2": null, "内容": "篠山歯科医院【3:歯科】福島県相馬市沖ノ内２丁目１０－１　ＫＭＳビル１階" }, "geometry": { "type": "Point", "coordinates": [ 140.930264, 37.806983 ] } },
{ "type": "Feature", "properties": { "ID": 730730000565, "正式名称": "山村デンタルクリニック", "機関区分": 3, "都道府県コード": 7, "市区町村コード": 547, "所在地": "福島県双葉郡浪江町加倉下加倉９９－３", "緯度": 37.497478, "経度": 140.970267, "url": "https://www.iryou.teikyouseido.mhlw.go.jp/znk-web/juminkanja/S2430/initialize?prefCd=07&kikanCd=0730000565&kikanKbn=3", "url2": null, "内容": "山村デンタルクリニック【3:歯科】福島県双葉郡浪江町加倉下加倉９９－３" }, "geometry": { "type": "Point", "coordinates": [ 140.970267, 37.497478 ] } },
{ "type": "Feature", "properties": { "ID": 730730000566, "正式名称": "松本歯科医院", "機関区分": 3, "都道府県コード": 7, "市区町村コード": 212, "所在地": "福島県南相馬市原町区錦町１丁目８１番地", "緯度": 37.639811, "経度": 140.974311, "url": "https://www.iryou.teikyouseido.mhlw.go.jp/znk-web/juminkanja/S2430/initialize?prefCd=07&kikanCd=0730000566&kikanKbn=3", "url2": null, "内容": "松本歯科医院【3:歯科】福島県南相馬市原町区錦町１丁目８１番地" }, "geometry": { "type": "Point", "coordinates": [ 140.974311, 37.639811 ] } },
{ "type": "Feature", "properties": { "ID": 730730000568, "正式名称": "沖田歯科クリニック", "機関区分": 3, "都道府県コード": 7, "市区町村コード": 212, "所在地": "福島県南相馬市原町区南町３丁目９７－８", "緯度": 37.633494, "経度": 140.958956, "url": "https://www.iryou.teikyouseido.mhlw.go.jp/znk-web/juminkanja/S2430/initialize?prefCd=07&kikanCd=0730000568&kikanKbn=3", "url2": null, "内容": "沖田歯科クリニック【3:歯科】福島県南相馬市原町区南町３丁目９７－８" }, "geometry": { "type": "Point", "coordinates": [ 140.958956, 37.633494 ] } },
{ "type": "Feature", "properties": { "ID": 730730000570, "正式名称": "葛尾歯科診療所", "機関区分": 3, "都道府県コード": 7, "市区町村コード": 548, "所在地": "福島県双葉郡葛尾村落合字菅ノ又６－１", "緯度": 37.499789, "経度": 140.759203, "url": "https://www.iryou.teikyouseido.mhlw.go.jp/znk-web/juminkanja/S2430/initialize?prefCd=07&kikanCd=0730000570&kikanKbn=3", "url2": null, "内容": "葛尾歯科診療所【3:歯科】福島県双葉郡葛尾村落合字菅ノ又６－１" }, "geometry": { "type": "Point", "coordinates": [ 140.759203, 37.499789 ] } },
{ "type": "Feature", "properties": { "ID": 730730000572, "正式名称": "さくら歯科医院", "機関区分": 3, "都道府県コード": 7, "市区町村コード": 543, "所在地": "福島県双葉郡富岡町本岡関ノ前１９７－７", "緯度": 37.343542, "経度": 141.010667, "url": "https://www.iryou.teikyouseido.mhlw.go.jp/znk-web/juminkanja/S2430/initialize?prefCd=07&kikanCd=0730000572&kikanKbn=3", "url2": null, "内容": "さくら歯科医院【3:歯科】福島県双葉郡富岡町本岡関ノ前１９７－７" }, "geometry": { "type": "Point", "coordinates": [ 141.010667, 37.343542 ] } },
{ "type": "Feature", "properties": { "ID": 730730000573, "正式名称": "国見歯科診療所", "機関区分": 3, "都道府県コード": 7, "市区町村コード": 212, "所在地": "福島県南相馬市原町区国見町２丁目１１３番地１", "緯度": 37.629881, "経度": 140.954714, "url": "https://www.iryou.teikyouseido.mhlw.go.jp/znk-web/juminkanja/S2430/initialize?prefCd=07&kikanCd=0730000573&kikanKbn=3", "url2": null, "内容": "国見歯科診療所【3:歯科】福島県南相馬市原町区国見町２丁目１１３番地１" }, "geometry": { "type": "Point", "coordinates": [ 140.954714, 37.629881 ] } },
{ "type": "Feature", "properties": { "ID": 730730000574, "正式名称": "小林歯科医院", "機関区分": 3, "都道府県コード": 7, "市区町村コード": 212, "所在地": "福島県南相馬市原町区桜井町２丁目８６番地の１", "緯度": 37.639203, "経度": 140.979142, "url": "https://www.iryou.teikyouseido.mhlw.go.jp/znk-web/juminkanja/S2430/initialize?prefCd=07&kikanCd=0730000574&kikanKbn=3", "url2": "https://www.kobayashidentalclinicsince2007.com/", "内容": "小林歯科医院【3:歯科】福島県南相馬市原町区桜井町２丁目８６番地の１" }, "geometry": { "type": "Point", "coordinates": [ 140.979142, 37.639203 ] } },
{ "type": "Feature", "properties": { "ID": 730730000576, "正式名称": "河田歯科医院", "機関区分": 3, "都道府県コード": 7, "市区町村コード": 212, "所在地": "福島県南相馬市原町区栄町３－６５", "緯度": 37.636747, "経度": 140.963933, "url": "https://www.iryou.teikyouseido.mhlw.go.jp/znk-web/juminkanja/S2430/initialize?prefCd=07&kikanCd=0730000576&kikanKbn=3", "url2": "kawada-shika.com", "内容": "河田歯科医院【3:歯科】福島県南相馬市原町区栄町３－６５" }, "geometry": { "type": "Point", "coordinates": [ 140.963933, 37.636747 ] } },
{ "type": "Feature", "properties": { "ID": 730730000577, "正式名称": "阪本歯科医院", "機関区分": 3, "都道府県コード": 7, "市区町村コード": 203, "所在地": "福島県郡山市田村町守山中町２６－９", "緯度": 37.331292, "経度": 140.408342, "url": "https://www.iryou.teikyouseido.mhlw.go.jp/znk-web/juminkanja/S2430/initialize?prefCd=07&kikanCd=0730000577&kikanKbn=3", "url2": null, "内容": "阪本歯科医院【3:歯科】福島県郡山市田村町守山中町２６－９" }, "geometry": { "type": "Point", "coordinates": [ 140.408342, 37.331292 ] } },
{ "type": "Feature", "properties": { "ID": 730730000578, "正式名称": "渡辺歯科医院", "機関区分": 3, "都道府県コード": 7, "市区町村コード": 203, "所在地": "福島県郡山市堂前町３１－５", "緯度": 37.393725, "経度": 140.381753, "url": "https://www.iryou.teikyouseido.mhlw.go.jp/znk-web/juminkanja/S2430/initialize?prefCd=07&kikanCd=0730000578&kikanKbn=3", "url2": null, "内容": "渡辺歯科医院【3:歯科】福島県郡山市堂前町３１－５" }, "geometry": { "type": "Point", "coordinates": [ 140.381753, 37.393725 ] } },
{ "type": "Feature", "properties": { "ID": 730730000579, "正式名称": "坪井歯科医院", "機関区分": 3, "都道府県コード": 7, "市区町村コード": 203, "所在地": "福島県郡山市駅前２－８－１８", "緯度": 37.399969, "経度": 140.386625, "url": "https://www.iryou.teikyouseido.mhlw.go.jp/znk-web/juminkanja/S2430/initialize?prefCd=07&kikanCd=0730000579&kikanKbn=3", "url2": "http://tsuboi8814dental.cihp2.jp/", "内容": "坪井歯科医院【3:歯科】福島県郡山市駅前２－８－１８" }, "geometry": { "type": "Point", "coordinates": [ 140.386625, 37.399969 ] } },
{ "type": "Feature", "properties": { "ID": 730730000580, "正式名称": "小沼歯科医院", "機関区分": 3, "都道府県コード": 7, "市区町村コード": 203, "所在地": "福島県郡山市富久山町久保田上野２５の１", "緯度": 37.413464, "経度": 140.388761, "url": "https://www.iryou.teikyouseido.mhlw.go.jp/znk-web/juminkanja/S2430/initialize?prefCd=07&kikanCd=0730000580&kikanKbn=3", "url2": null, "内容": "小沼歯科医院【3:歯科】福島県郡山市富久山町久保田上野２５の１" }, "geometry": { "type": "Point", "coordinates": [ 140.388761, 37.413464 ] } },
{ "type": "Feature", "properties": { "ID": 730730000586, "正式名称": "中村歯科医院", "機関区分": 3, "都道府県コード": 7, "市区町村コード": 203, "所在地": "福島県郡山市清水台２－７－２５", "緯度": 37.399431, "経度": 140.381869, "url": "https://www.iryou.teikyouseido.mhlw.go.jp/znk-web/juminkanja/S2430/initialize?prefCd=07&kikanCd=0730000586&kikanKbn=3", "url2": "https://www.nakamura-dentaloffice.jp/", "内容": "中村歯科医院【3:歯科】福島県郡山市清水台２－７－２５" }, "geometry": { "type": "Point", "coordinates": [ 140.381869, 37.399431 ] } },
{ "type": "Feature", "properties": { "ID": 730730000588, "正式名称": "ファミリー歯科医院", "機関区分": 3, "都道府県コード": 7, "市区町村コード": 203, "所在地": "福島県郡山市小原田５－２０－２８", "緯度": 37.377464, "経度": 140.381778, "url": "https://www.iryou.teikyouseido.mhlw.go.jp/znk-web/juminkanja/S2430/initialize?prefCd=07&kikanCd=0730000588&kikanKbn=3", "url2": "https://family-dc.jp/", "内容": "ファミリー歯科医院【3:歯科】福島県郡山市小原田５－２０－２８" }, "geometry": { "type": "Point", "coordinates": [ 140.381778, 37.377464 ] } },
{ "type": "Feature", "properties": { "ID": 730730000589, "正式名称": "村上歯科クリニック", "機関区分": 3, "都道府県コード": 7, "市区町村コード": 203, "所在地": "福島県郡山市安積北井二丁目２４１番地", "緯度": 37.372367, "経度": 140.3621, "url": "https://www.iryou.teikyouseido.mhlw.go.jp/znk-web/juminkanja/S2430/initialize?prefCd=07&kikanCd=0730000589&kikanKbn=3", "url2": null, "内容": "村上歯科クリニック【3:歯科】福島県郡山市安積北井二丁目２４１番地" }, "geometry": { "type": "Point", "coordinates": [ 140.3621, 37.372367 ] } },
{ "type": "Feature", "properties": { "ID": 730730000593, "正式名称": "歯科・大内クリニック", "機関区分": 3, "都道府県コード": 7, "市区町村コード": 203, "所在地": "福島県郡山市清水台１－８－７", "緯度": 37.39925, "経度": 140.379922, "url": "https://www.iryou.teikyouseido.mhlw.go.jp/znk-web/juminkanja/S2430/initialize?prefCd=07&kikanCd=0730000593&kikanKbn=3", "url2": null, "内容": "歯科・大内クリニック【3:歯科】福島県郡山市清水台１－８－７" }, "geometry": { "type": "Point", "coordinates": [ 140.379922, 37.39925 ] } },
{ "type": "Feature", "properties": { "ID": 730730000595, "正式名称": "田中歯科医院", "機関区分": 3, "都道府県コード": 7, "市区町村コード": 203, "所在地": "福島県郡山市安積町荒井字柴宮山５５－５３", "緯度": 37.375417, "経度": 140.3375, "url": "https://www.iryou.teikyouseido.mhlw.go.jp/znk-web/juminkanja/S2430/initialize?prefCd=07&kikanCd=0730000595&kikanKbn=3", "url2": null, "内容": "田中歯科医院【3:歯科】福島県郡山市安積町荒井字柴宮山５５－５３" }, "geometry": { "type": "Point", "coordinates": [ 140.3375, 37.375417 ] } },
{ "type": "Feature", "properties": { "ID": 730730000596, "正式名称": "オーツキ歯科医院", "機関区分": 3, "都道府県コード": 7, "市区町村コード": 203, "所在地": "福島県郡山市大槻町字原ノ町３８－５", "緯度": 37.391903, "経度": 140.319614, "url": "https://www.iryou.teikyouseido.mhlw.go.jp/znk-web/juminkanja/S2430/initialize?prefCd=07&kikanCd=0730000596&kikanKbn=3", "url2": null, "内容": "オーツキ歯科医院【3:歯科】福島県郡山市大槻町字原ノ町３８－５" }, "geometry": { "type": "Point", "coordinates": [ 140.319614, 37.391903 ] } },
{ "type": "Feature", "properties": { "ID": 730730000601, "正式名称": "池田歯科医院", "機関区分": 3, "都道府県コード": 7, "市区町村コード": 203, "所在地": "福島県郡山市亀田１－４８－２２", "緯度": 37.403222, "経度": 140.343456, "url": "https://www.iryou.teikyouseido.mhlw.go.jp/znk-web/juminkanja/S2430/initialize?prefCd=07&kikanCd=0730000601&kikanKbn=3", "url2": null, "内容": "池田歯科医院【3:歯科】福島県郡山市亀田１－４８－２２" }, "geometry": { "type": "Point", "coordinates": [ 140.343456, 37.403222 ] } },
{ "type": "Feature", "properties": { "ID": 730730000605, "正式名称": "たなか歯科", "機関区分": 3, "都道府県コード": 7, "市区町村コード": 203, "所在地": "福島県郡山市大槻町牛道１の１５", "緯度": 37.382083, "経度": 140.357919, "url": "https://www.iryou.teikyouseido.mhlw.go.jp/znk-web/juminkanja/S2430/initialize?prefCd=07&kikanCd=0730000605&kikanKbn=3", "url2": null, "内容": "たなか歯科【3:歯科】福島県郡山市大槻町牛道１の１５" }, "geometry": { "type": "Point", "coordinates": [ 140.357919, 37.382083 ] } },
{ "type": "Feature", "properties": { "ID": 730730000606, "正式名称": "もりた歯科", "機関区分": 3, "都道府県コード": 7, "市区町村コード": 203, "所在地": "福島県郡山市富久山町久保田上野１５８－２", "緯度": 37.411969, "経度": 140.385744, "url": "https://www.iryou.teikyouseido.mhlw.go.jp/znk-web/juminkanja/S2430/initialize?prefCd=07&kikanCd=0730000606&kikanKbn=3", "url2": "https://www.morita-dc-koriyama.com/", "内容": "もりた歯科【3:歯科】福島県郡山市富久山町久保田上野１５８－２" }, "geometry": { "type": "Point", "coordinates": [ 140.385744, 37.411969 ] } },
{ "type": "Feature", "properties": { "ID": 730730000607, "正式名称": "柳田歯科医院", "機関区分": 3, "都道府県コード": 7, "市区町村コード": 203, "所在地": "福島県郡山市熱海町熱海１－３３１", "緯度": 37.482311, "経度": 140.275944, "url": "https://www.iryou.teikyouseido.mhlw.go.jp/znk-web/juminkanja/S2430/initialize?prefCd=07&kikanCd=0730000607&kikanKbn=3", "url2": null, "内容": "柳田歯科医院【3:歯科】福島県郡山市熱海町熱海１－３３１" }, "geometry": { "type": "Point", "coordinates": [ 140.275944, 37.482311 ] } },
{ "type": "Feature", "properties": { "ID": 730730000608, "正式名称": "おお町歯科", "機関区分": 3, "都道府県コード": 7, "市区町村コード": 203, "所在地": "福島県郡山市大町１－２－１７　大町プラザビル２Ｆ", "緯度": 37.398708, "経度": 140.384817, "url": "https://www.iryou.teikyouseido.mhlw.go.jp/znk-web/juminkanja/S2430/initialize?prefCd=07&kikanCd=0730000608&kikanKbn=3", "url2": null, "内容": "おお町歯科【3:歯科】福島県郡山市大町１－２－１７　大町プラザビル２Ｆ" }, "geometry": { "type": "Point", "coordinates": [ 140.384817, 37.398708 ] } },
{ "type": "Feature", "properties": { "ID": 730730000610, "正式名称": "菜根歯科クリニック", "機関区分": 3, "都道府県コード": 7, "市区町村コード": 203, "所在地": "福島県郡山市菜根５－９－１２", "緯度": 37.383767, "経度": 140.361314, "url": "https://www.iryou.teikyouseido.mhlw.go.jp/znk-web/juminkanja/S2430/initialize?prefCd=07&kikanCd=0730000610&kikanKbn=3", "url2": null, "内容": "菜根歯科クリニック【3:歯科】福島県郡山市菜根５－９－１２" }, "geometry": { "type": "Point", "coordinates": [ 140.361314, 37.383767 ] } },
{ "type": "Feature", "properties": { "ID": 730730000612, "正式名称": "桑野佐藤歯科医院", "機関区分": 3, "都道府県コード": 7, "市区町村コード": 203, "所在地": "福島県郡山市桑野２－４－３　タチバナビル２Ｆ", "緯度": 37.403944, "経度": 140.357261, "url": "https://www.iryou.teikyouseido.mhlw.go.jp/znk-web/juminkanja/S2430/initialize?prefCd=07&kikanCd=0730000612&kikanKbn=3", "url2": null, "内容": "桑野佐藤歯科医院【3:歯科】福島県郡山市桑野２－４－３　タチバナビル２Ｆ" }, "geometry": { "type": "Point", "coordinates": [ 140.357261, 37.403944 ] } },
{ "type": "Feature", "properties": { "ID": 730730000613, "正式名称": "鈴木歯科医院", "機関区分": 3, "都道府県コード": 7, "市区町村コード": 203, "所在地": "福島県郡山市台新１－３３－１", "緯度": 37.392428, "経度": 140.341022, "url": "https://www.iryou.teikyouseido.mhlw.go.jp/znk-web/juminkanja/S2430/initialize?prefCd=07&kikanCd=0730000613&kikanKbn=3", "url2": null, "内容": "鈴木歯科医院【3:歯科】福島県郡山市台新１－３３－１" }, "geometry": { "type": "Point", "coordinates": [ 140.341022, 37.392428 ] } },
{ "type": "Feature", "properties": { "ID": 730730000614, "正式名称": "石井歯科医院", "機関区分": 3, "都道府県コード": 7, "市区町村コード": 203, "所在地": "福島県郡山市湖南町三代字御代１２１７", "緯度": 37.380433, "経度": 140.116678, "url": "https://www.iryou.teikyouseido.mhlw.go.jp/znk-web/juminkanja/S2430/initialize?prefCd=07&kikanCd=0730000614&kikanKbn=3", "url2": null, "内容": "石井歯科医院【3:歯科】福島県郡山市湖南町三代字御代１２１７" }, "geometry": { "type": "Point", "coordinates": [ 140.116678, 37.380433 ] } },
{ "type": "Feature", "properties": { "ID": 730730000617, "正式名称": "フルタ歯科医院", "機関区分": 3, "都道府県コード": 7, "市区町村コード": 203, "所在地": "福島県郡山市鶴見坦１－６－３", "緯度": 37.395356, "経度": 140.364667, "url": "https://www.iryou.teikyouseido.mhlw.go.jp/znk-web/juminkanja/S2430/initialize?prefCd=07&kikanCd=0730000617&kikanKbn=3", "url2": "http://furuta-dental.jp/", "内容": "フルタ歯科医院【3:歯科】福島県郡山市鶴見坦１－６－３" }, "geometry": { "type": "Point", "coordinates": [ 140.364667, 37.395356 ] } },
{ "type": "Feature", "properties": { "ID": 730730000619, "正式名称": "松井歯科医院", "機関区分": 3, "都道府県コード": 7, "市区町村コード": 203, "所在地": "福島県郡山市安積町荒井字前田１１－１", "緯度": 37.373767, "経度": 140.342633, "url": "https://www.iryou.teikyouseido.mhlw.go.jp/znk-web/juminkanja/S2430/initialize?prefCd=07&kikanCd=0730000619&kikanKbn=3", "url2": "lunatic-vespa.jimdo.com", "内容": "松井歯科医院【3:歯科】福島県郡山市安積町荒井字前田１１－１" }, "geometry": { "type": "Point", "coordinates": [ 140.342633, 37.373767 ] } },
{ "type": "Feature", "properties": { "ID": 730730000622, "正式名称": "医療法人　倖和会　きたみ歯科医院", "機関区分": 3, "都道府県コード": 7, "市区町村コード": 203, "所在地": "福島県郡山市安積町荒井北大部１－１２", "緯度": 37.372028, "経度": 140.356783, "url": "https://www.iryou.teikyouseido.mhlw.go.jp/znk-web/juminkanja/S2430/initialize?prefCd=07&kikanCd=0730000622&kikanKbn=3", "url2": "https://www.kitami-dc..cm/", "内容": "医療法人　倖和会　きたみ歯科医院【3:歯科】福島県郡山市安積町荒井北大部１－１２" }, "geometry": { "type": "Point", "coordinates": [ 140.356783, 37.372028 ] } },
{ "type": "Feature", "properties": { "ID": 730730000624, "正式名称": "本田歯科クリニック", "機関区分": 3, "都道府県コード": 7, "市区町村コード": 203, "所在地": "福島県郡山市鶴見坦３－１－３", "緯度": 37.392656, "経度": 140.362047, "url": "https://www.iryou.teikyouseido.mhlw.go.jp/znk-web/juminkanja/S2430/initialize?prefCd=07&kikanCd=0730000624&kikanKbn=3", "url2": null, "内容": "本田歯科クリニック【3:歯科】福島県郡山市鶴見坦３－１－３" }, "geometry": { "type": "Point", "coordinates": [ 140.362047, 37.392656 ] } },
{ "type": "Feature", "properties": { "ID": 730730000625, "正式名称": "南山歯科医院", "機関区分": 3, "都道府県コード": 7, "市区町村コード": 203, "所在地": "福島県郡山市安積町荒井字萬海５０－８", "緯度": 37.376328, "経度": 140.342175, "url": "https://www.iryou.teikyouseido.mhlw.go.jp/znk-web/juminkanja/S2430/initialize?prefCd=07&kikanCd=0730000625&kikanKbn=3", "url2": "https://www.minamiyamashikaiin.com/", "内容": "南山歯科医院【3:歯科】福島県郡山市安積町荒井字萬海５０－８" }, "geometry": { "type": "Point", "coordinates": [ 140.342175, 37.376328 ] } },
{ "type": "Feature", "properties": { "ID": 730730000628, "正式名称": "まつい歯科医院", "機関区分": 3, "都道府県コード": 7, "市区町村コード": 203, "所在地": "福島県郡山市大槻町城の内６６－２", "緯度": 37.389564, "経度": 140.316553, "url": "https://www.iryou.teikyouseido.mhlw.go.jp/znk-web/juminkanja/S2430/initialize?prefCd=07&kikanCd=0730000628&kikanKbn=3", "url2": null, "内容": "まつい歯科医院【3:歯科】福島県郡山市大槻町城の内６６－２" }, "geometry": { "type": "Point", "coordinates": [ 140.316553, 37.389564 ] } },
{ "type": "Feature", "properties": { "ID": 730730000630, "正式名称": "安積台遠藤歯科医院", "機関区分": 3, "都道府県コード": 7, "市区町村コード": 203, "所在地": "福島県郡山市安積町笹川北向６－２４", "緯度": 37.348467, "経度": 140.354331, "url": "https://www.iryou.teikyouseido.mhlw.go.jp/znk-web/juminkanja/S2430/initialize?prefCd=07&kikanCd=0730000630&kikanKbn=3", "url2": null, "内容": "安積台遠藤歯科医院【3:歯科】福島県郡山市安積町笹川北向６－２４" }, "geometry": { "type": "Point", "coordinates": [ 140.354331, 37.348467 ] } },
{ "type": "Feature", "properties": { "ID": 730730000631, "正式名称": "宗形歯科医院", "機関区分": 3, "都道府県コード": 7, "市区町村コード": 203, "所在地": "福島県郡山市土瓜１－５６", "緯度": 37.399681, "経度": 140.333942, "url": "https://www.iryou.teikyouseido.mhlw.go.jp/znk-web/juminkanja/S2430/initialize?prefCd=07&kikanCd=0730000631&kikanKbn=3", "url2": "https//:www.shika-munakata.com", "内容": "宗形歯科医院【3:歯科】福島県郡山市土瓜１－５６" }, "geometry": { "type": "Point", "coordinates": [ 140.333942, 37.399681 ] } },
{ "type": "Feature", "properties": { "ID": 730730000632, "正式名称": "柳橋歯科", "機関区分": 3, "都道府県コード": 7, "市区町村コード": 203, "所在地": "福島県郡山市中田町柳橋町４４５－１", "緯度": 37.364219, "経度": 140.528444, "url": "https://www.iryou.teikyouseido.mhlw.go.jp/znk-web/juminkanja/S2430/initialize?prefCd=07&kikanCd=0730000632&kikanKbn=3", "url2": null, "内容": "柳橋歯科【3:歯科】福島県郡山市中田町柳橋町４４５－１" }, "geometry": { "type": "Point", "coordinates": [ 140.528444, 37.364219 ] } },
{ "type": "Feature", "properties": { "ID": 730730000634, "正式名称": "医療法人　大柳会　大柳歯科クリニック", "機関区分": 3, "都道府県コード": 7, "市区町村コード": 203, "所在地": "福島県郡山市富田町字久ノ内１１２", "緯度": 37.419322, "経度": 140.346694, "url": "https://www.iryou.teikyouseido.mhlw.go.jp/znk-web/juminkanja/S2430/initialize?prefCd=07&kikanCd=0730000634&kikanKbn=3", "url2": "http://oyanagidentalclinic.cihp2.jp/", "内容": "医療法人　大柳会　大柳歯科クリニック【3:歯科】福島県郡山市富田町字久ノ内１１２" }, "geometry": { "type": "Point", "coordinates": [ 140.346694, 37.419322 ] } },
{ "type": "Feature", "properties": { "ID": 730730000635, "正式名称": "ヨコタ歯科医院", "機関区分": 3, "都道府県コード": 7, "市区町村コード": 203, "所在地": "福島県郡山市安積荒井本町３４番地", "緯度": 37.366942, "経度": 140.363017, "url": "https://www.iryou.teikyouseido.mhlw.go.jp/znk-web/juminkanja/S2430/initialize?prefCd=07&kikanCd=0730000635&kikanKbn=3", "url2": null, "内容": "ヨコタ歯科医院【3:歯科】福島県郡山市安積荒井本町３４番地" }, "geometry": { "type": "Point", "coordinates": [ 140.363017, 37.366942 ] } },
{ "type": "Feature", "properties": { "ID": 730730000636, "正式名称": "野田桑野歯科医院", "機関区分": 3, "都道府県コード": 7, "市区町村コード": 203, "所在地": "福島県郡山市桑野３－１６－１２", "緯度": 37.405583, "経度": 140.352867, "url": "https://www.iryou.teikyouseido.mhlw.go.jp/znk-web/juminkanja/S2430/initialize?prefCd=07&kikanCd=0730000636&kikanKbn=3", "url2": null, "内容": "野田桑野歯科医院【3:歯科】福島県郡山市桑野３－１６－１２" }, "geometry": { "type": "Point", "coordinates": [ 140.352867, 37.405583 ] } },
{ "type": "Feature", "properties": { "ID": 730730000638, "正式名称": "冨塚歯科医院", "機関区分": 3, "都道府県コード": 7, "市区町村コード": 203, "所在地": "福島県郡山市巳六段６５番地", "緯度": 37.371336, "経度": 140.351067, "url": "https://www.iryou.teikyouseido.mhlw.go.jp/znk-web/juminkanja/S2430/initialize?prefCd=07&kikanCd=0730000638&kikanKbn=3", "url2": "http://www.tomitsuka-dc.com/", "内容": "冨塚歯科医院【3:歯科】福島県郡山市巳六段６５番地" }, "geometry": { "type": "Point", "coordinates": [ 140.351067, 37.371336 ] } },
{ "type": "Feature", "properties": { "ID": 730730000639, "正式名称": "山本歯科医院", "機関区分": 3, "都道府県コード": 7, "市区町村コード": 203, "所在地": "福島県郡山市久留米４－１８１", "緯度": 37.379619, "経度": 140.354222, "url": "https://www.iryou.teikyouseido.mhlw.go.jp/znk-web/juminkanja/S2430/initialize?prefCd=07&kikanCd=0730000639&kikanKbn=3", "url2": "http://dentalofficeyamamoto.web.fc2.com/", "内容": "山本歯科医院【3:歯科】福島県郡山市久留米４－１８１" }, "geometry": { "type": "Point", "coordinates": [ 140.354222, 37.379619 ] } },
{ "type": "Feature", "properties": { "ID": 730730000640, "正式名称": "くめ歯科医院", "機関区分": 3, "都道府県コード": 7, "市区町村コード": 203, "所在地": "福島県郡山市字山崎４２－１０", "緯度": 37.379722, "経度": 140.365736, "url": "https://www.iryou.teikyouseido.mhlw.go.jp/znk-web/juminkanja/S2430/initialize?prefCd=07&kikanCd=0730000640&kikanKbn=3", "url2": null, "内容": "くめ歯科医院【3:歯科】福島県郡山市字山崎４２－１０" }, "geometry": { "type": "Point", "coordinates": [ 140.365736, 37.379722 ] } },
{ "type": "Feature", "properties": { "ID": 730730000641, "正式名称": "スマイル歯科クリニック", "機関区分": 3, "都道府県コード": 7, "市区町村コード": 203, "所在地": "福島県郡山市富田町字舘南２９－２", "緯度": 37.415336, "経度": 140.339344, "url": "https://www.iryou.teikyouseido.mhlw.go.jp/znk-web/juminkanja/S2430/initialize?prefCd=07&kikanCd=0730000641&kikanKbn=3", "url2": "http://smile-dental.byoinnavi.jp/", "内容": "スマイル歯科クリニック【3:歯科】福島県郡山市富田町字舘南２９－２" }, "geometry": { "type": "Point", "coordinates": [ 140.339344, 37.415336 ] } },
{ "type": "Feature", "properties": { "ID": 730730000642, "正式名称": "村上歯科医院", "機関区分": 3, "都道府県コード": 7, "市区町村コード": 203, "所在地": "福島県郡山市桑野２－３４－１３", "緯度": 37.402581, "経度": 140.352853, "url": "https://www.iryou.teikyouseido.mhlw.go.jp/znk-web/juminkanja/S2430/initialize?prefCd=07&kikanCd=0730000642&kikanKbn=3", "url2": null, "内容": "村上歯科医院【3:歯科】福島県郡山市桑野２－３４－１３" }, "geometry": { "type": "Point", "coordinates": [ 140.352853, 37.402581 ] } },
{ "type": "Feature", "properties": { "ID": 730730000643, "正式名称": "医療法人東部歯科クリニック", "機関区分": 3, "都道府県コード": 7, "市区町村コード": 203, "所在地": "福島県郡山市方八町２－１１－１７", "緯度": 37.393456, "経度": 140.393378, "url": "https://www.iryou.teikyouseido.mhlw.go.jp/znk-web/juminkanja/S2430/initialize?prefCd=07&kikanCd=0730000643&kikanKbn=3", "url2": null, "内容": "医療法人東部歯科クリニック【3:歯科】福島県郡山市方八町２－１１－１７" }, "geometry": { "type": "Point", "coordinates": [ 140.393378, 37.393456 ] } },
{ "type": "Feature", "properties": { "ID": 730730000644, "正式名称": "高橋歯科医院", "機関区分": 3, "都道府県コード": 7, "市区町村コード": 203, "所在地": "福島県郡山市日和田町日和田１５６－６", "緯度": 37.448539, "経度": 140.390583, "url": "https://www.iryou.teikyouseido.mhlw.go.jp/znk-web/juminkanja/S2430/initialize?prefCd=07&kikanCd=0730000644&kikanKbn=3", "url2": null, "内容": "高橋歯科医院【3:歯科】福島県郡山市日和田町日和田１５６－６" }, "geometry": { "type": "Point", "coordinates": [ 140.390583, 37.448539 ] } },
{ "type": "Feature", "properties": { "ID": 730730000645, "正式名称": "医療法人　ごん歯科医院", "機関区分": 3, "都道府県コード": 7, "市区町村コード": 203, "所在地": "福島県郡山市小原田３－１６－１９", "緯度": 37.380789, "経度": 140.386619, "url": "https://www.iryou.teikyouseido.mhlw.go.jp/znk-web/juminkanja/S2430/initialize?prefCd=07&kikanCd=0730000645&kikanKbn=3", "url2": "http://www.gonshika.com", "内容": "医療法人　ごん歯科医院【3:歯科】福島県郡山市小原田３－１６－１９" }, "geometry": { "type": "Point", "coordinates": [ 140.386619, 37.380789 ] } },
{ "type": "Feature", "properties": { "ID": 730730000646, "正式名称": "クレール歯科医院", "機関区分": 3, "都道府県コード": 7, "市区町村コード": 203, "所在地": "福島県郡山市堤下町１－７５", "緯度": 37.390717, "経度": 140.378053, "url": "https://www.iryou.teikyouseido.mhlw.go.jp/znk-web/juminkanja/S2430/initialize?prefCd=07&kikanCd=0730000646&kikanKbn=3", "url2": null, "内容": "クレール歯科医院【3:歯科】福島県郡山市堤下町１－７５" }, "geometry": { "type": "Point", "coordinates": [ 140.378053, 37.390717 ] } },
{ "type": "Feature", "properties": { "ID": 730730000648, "正式名称": "医療法人　苅部歯科医院", "機関区分": 3, "都道府県コード": 7, "市区町村コード": 203, "所在地": "福島県郡山市日和田町日向８３", "緯度": 37.447672, "経度": 140.392403, "url": "https://www.iryou.teikyouseido.mhlw.go.jp/znk-web/juminkanja/S2430/initialize?prefCd=07&kikanCd=0730000648&kikanKbn=3", "url2": null, "内容": "医療法人　苅部歯科医院【3:歯科】福島県郡山市日和田町日向８３" }, "geometry": { "type": "Point", "coordinates": [ 140.392403, 37.447672 ] } },
{ "type": "Feature", "properties": { "ID": 730730000649, "正式名称": "羽鳥歯科医院", "機関区分": 3, "都道府県コード": 7, "市区町村コード": 203, "所在地": "福島県郡山市開成２丁目２９－１１", "緯度": 37.394056, "経度": 140.358433, "url": "https://www.iryou.teikyouseido.mhlw.go.jp/znk-web/juminkanja/S2430/initialize?prefCd=07&kikanCd=0730000649&kikanKbn=3", "url2": null, "内容": "羽鳥歯科医院【3:歯科】福島県郡山市開成２丁目２９－１１" }, "geometry": { "type": "Point", "coordinates": [ 140.358433, 37.394056 ] } },
{ "type": "Feature", "properties": { "ID": 730730000652, "正式名称": "みほた歯科医院", "機関区分": 3, "都道府県コード": 7, "市区町村コード": 203, "所在地": "福島県郡山市三穂田町駒屋石橋４０－２", "緯度": 37.363528, "経度": 140.303017, "url": "https://www.iryou.teikyouseido.mhlw.go.jp/znk-web/juminkanja/S2430/initialize?prefCd=07&kikanCd=0730000652&kikanKbn=3", "url2": null, "内容": "みほた歯科医院【3:歯科】福島県郡山市三穂田町駒屋石橋４０－２" }, "geometry": { "type": "Point", "coordinates": [ 140.303017, 37.363528 ] } },
{ "type": "Feature", "properties": { "ID": 730730000653, "正式名称": "橋本歯科医院", "機関区分": 3, "都道府県コード": 7, "市区町村コード": 203, "所在地": "福島県郡山市芳賀２－１２－１４", "緯度": 37.389608, "経度": 140.397764, "url": "https://www.iryou.teikyouseido.mhlw.go.jp/znk-web/juminkanja/S2430/initialize?prefCd=07&kikanCd=0730000653&kikanKbn=3", "url2": null, "内容": "橋本歯科医院【3:歯科】福島県郡山市芳賀２－１２－１４" }, "geometry": { "type": "Point", "coordinates": [ 140.397764, 37.389608 ] } },
{ "type": "Feature", "properties": { "ID": 730730000654, "正式名称": "いわた歯科医院", "機関区分": 3, "都道府県コード": 7, "市区町村コード": 203, "所在地": "福島県郡山市虎丸町７－２", "緯度": 37.398228, "経度": 140.374289, "url": "https://www.iryou.teikyouseido.mhlw.go.jp/znk-web/juminkanja/S2430/initialize?prefCd=07&kikanCd=0730000654&kikanKbn=3", "url2": "http://www.geocities.jp/iwatashika6480/", "内容": "いわた歯科医院【3:歯科】福島県郡山市虎丸町７－２" }, "geometry": { "type": "Point", "coordinates": [ 140.374289, 37.398228 ] } },
{ "type": "Feature", "properties": { "ID": 730730000656, "正式名称": "フレンド歯科", "機関区分": 3, "都道府県コード": 7, "市区町村コード": 203, "所在地": "福島県郡山市八山田５－８１", "緯度": 37.426283, "経度": 140.37905, "url": "https://www.iryou.teikyouseido.mhlw.go.jp/znk-web/juminkanja/S2430/initialize?prefCd=07&kikanCd=0730000656&kikanKbn=3", "url2": "https://www.frienddc.jp", "内容": "フレンド歯科【3:歯科】福島県郡山市八山田５－８１" }, "geometry": { "type": "Point", "coordinates": [ 140.37905, 37.426283 ] } },
{ "type": "Feature", "properties": { "ID": 730730000657, "正式名称": "アップル歯科医院", "機関区分": 3, "都道府県コード": 7, "市区町村コード": 203, "所在地": "福島県郡山市富久山町福原字福原３－２", "緯度": 37.421153, "経度": 140.391233, "url": "https://www.iryou.teikyouseido.mhlw.go.jp/znk-web/juminkanja/S2430/initialize?prefCd=07&kikanCd=0730000657&kikanKbn=3", "url2": null, "内容": "アップル歯科医院【3:歯科】福島県郡山市富久山町福原字福原３－２" }, "geometry": { "type": "Point", "coordinates": [ 140.391233, 37.421153 ] } },
{ "type": "Feature", "properties": { "ID": 730730000658, "正式名称": "宗像歯科クリニック", "機関区分": 3, "都道府県コード": 7, "市区町村コード": 203, "所在地": "福島県郡山市桑野５－１１－５", "緯度": 37.410939, "経度": 140.354344, "url": "https://www.iryou.teikyouseido.mhlw.go.jp/znk-web/juminkanja/S2430/initialize?prefCd=07&kikanCd=0730000658&kikanKbn=3", "url2": null, "内容": "宗像歯科クリニック【3:歯科】福島県郡山市桑野５－１１－５" }, "geometry": { "type": "Point", "coordinates": [ 140.354344, 37.410939 ] } },
{ "type": "Feature", "properties": { "ID": 730730000660, "正式名称": "医療法人健歯会　はしもと歯科医院", "機関区分": 3, "都道府県コード": 7, "市区町村コード": 203, "所在地": "福島県郡山市喜久田町堀之内畑田１９－８", "緯度": 37.451286, "経度": 140.340422, "url": "https://www.iryou.teikyouseido.mhlw.go.jp/znk-web/juminkanja/S2430/initialize?prefCd=07&kikanCd=0730000660&kikanKbn=3", "url2": "www.hashimoto-smile.com", "内容": "医療法人健歯会　はしもと歯科医院【3:歯科】福島県郡山市喜久田町堀之内畑田１９－８" }, "geometry": { "type": "Point", "coordinates": [ 140.340422, 37.451286 ] } },
{ "type": "Feature", "properties": { "ID": 730730000661, "正式名称": "八幡歯科医院", "機関区分": 3, "都道府県コード": 7, "市区町村コード": 203, "所在地": "福島県郡山市備前舘１丁目１４２番地", "緯度": 37.4152, "経度": 140.366522, "url": "https://www.iryou.teikyouseido.mhlw.go.jp/znk-web/juminkanja/S2430/initialize?prefCd=07&kikanCd=0730000661&kikanKbn=3", "url2": null, "内容": "八幡歯科医院【3:歯科】福島県郡山市備前舘１丁目１４２番地" }, "geometry": { "type": "Point", "coordinates": [ 140.366522, 37.4152 ] } },
{ "type": "Feature", "properties": { "ID": 730730000663, "正式名称": "今泉俊一歯科医院", "機関区分": 3, "都道府県コード": 7, "市区町村コード": 203, "所在地": "福島県郡山市安積町笹川字荒池渕１１－１１", "緯度": 37.346744, "経度": 140.351981, "url": "https://www.iryou.teikyouseido.mhlw.go.jp/znk-web/juminkanja/S2430/initialize?prefCd=07&kikanCd=0730000663&kikanKbn=3", "url2": "http://www.isdental.jp/", "内容": "今泉俊一歯科医院【3:歯科】福島県郡山市安積町笹川字荒池渕１１－１１" }, "geometry": { "type": "Point", "coordinates": [ 140.351981, 37.346744 ] } },
{ "type": "Feature", "properties": { "ID": 730730000664, "正式名称": "医療法人社団　宝沢伊藤歯科医院", "機関区分": 3, "都道府県コード": 7, "市区町村コード": 203, "所在地": "福島県郡山市富久山町福原字沼下５５－１３２", "緯度": 37.429383, "経度": 140.383617, "url": "https://www.iryou.teikyouseido.mhlw.go.jp/znk-web/juminkanja/S2430/initialize?prefCd=07&kikanCd=0730000664&kikanKbn=3", "url2": "hosawa-ito.com", "内容": "医療法人社団　宝沢伊藤歯科医院【3:歯科】福島県郡山市富久山町福原字沼下５５－１３２" }, "geometry": { "type": "Point", "coordinates": [ 140.383617, 37.429383 ] } },
{ "type": "Feature", "properties": { "ID": 730730000665, "正式名称": "上村歯科医院", "機関区分": 3, "都道府県コード": 7, "市区町村コード": 203, "所在地": "福島県郡山市田村町金屋杉ノ宮１５－３", "緯度": 37.360256, "経度": 140.396847, "url": "https://www.iryou.teikyouseido.mhlw.go.jp/znk-web/juminkanja/S2430/initialize?prefCd=07&kikanCd=0730000665&kikanKbn=3", "url2": null, "内容": "上村歯科医院【3:歯科】福島県郡山市田村町金屋杉ノ宮１５－３" }, "geometry": { "type": "Point", "coordinates": [ 140.396847, 37.360256 ] } },
{ "type": "Feature", "properties": { "ID": 730730000670, "正式名称": "守山デンタルクリニック", "機関区分": 3, "都道府県コード": 7, "市区町村コード": 203, "所在地": "福島県郡山市田村町岩作字穂多礼９－２", "緯度": 37.326711, "経度": 140.412647, "url": "https://www.iryou.teikyouseido.mhlw.go.jp/znk-web/juminkanja/S2430/initialize?prefCd=07&kikanCd=0730000670&kikanKbn=3", "url2": null, "内容": "守山デンタルクリニック【3:歯科】福島県郡山市田村町岩作字穂多礼９－２" }, "geometry": { "type": "Point", "coordinates": [ 140.412647, 37.326711 ] } },
{ "type": "Feature", "properties": { "ID": 730730000671, "正式名称": "医療法人郡司歯科医院", "機関区分": 3, "都道府県コード": 7, "市区町村コード": 203, "所在地": "福島県郡山市大槻町広町４６－３", "緯度": 37.406364, "経度": 140.340392, "url": "https://www.iryou.teikyouseido.mhlw.go.jp/znk-web/juminkanja/S2430/initialize?prefCd=07&kikanCd=0730000671&kikanKbn=3", "url2": null, "内容": "医療法人郡司歯科医院【3:歯科】福島県郡山市大槻町広町４６－３" }, "geometry": { "type": "Point", "coordinates": [ 140.340392, 37.406364 ] } },
{ "type": "Feature", "properties": { "ID": 730730000672, "正式名称": "あさい歯科クリニック", "機関区分": 3, "都道府県コード": 7, "市区町村コード": 203, "所在地": "福島県郡山市備前舘１丁目２６", "緯度": 37.416392, "経度": 140.364039, "url": "https://www.iryou.teikyouseido.mhlw.go.jp/znk-web/juminkanja/S2430/initialize?prefCd=07&kikanCd=0730000672&kikanKbn=3", "url2": "http://www.asai-dental.jp/", "内容": "あさい歯科クリニック【3:歯科】福島県郡山市備前舘１丁目２６" }, "geometry": { "type": "Point", "coordinates": [ 140.364039, 37.416392 ] } },
{ "type": "Feature", "properties": { "ID": 730730000673, "正式名称": "市場歯科医院", "機関区分": 3, "都道府県コード": 7, "市区町村コード": 203, "所在地": "福島県郡山市西田町三町目字松ヶ作１０４－４", "緯度": 37.453897, "経度": 140.435817, "url": "https://www.iryou.teikyouseido.mhlw.go.jp/znk-web/juminkanja/S2430/initialize?prefCd=07&kikanCd=0730000673&kikanKbn=3", "url2": null, "内容": "市場歯科医院【3:歯科】福島県郡山市西田町三町目字松ヶ作１０４－４" }, "geometry": { "type": "Point", "coordinates": [ 140.435817, 37.453897 ] } },
{ "type": "Feature", "properties": { "ID": 730730000674, "正式名称": "石川歯科医院", "機関区分": 3, "都道府県コード": 7, "市区町村コード": 203, "所在地": "福島県郡山市鶴見坦２－１７－１４サニーライフ石川ビル２Ｆ", "緯度": 37.392278, "経度": 140.362875, "url": "https://www.iryou.teikyouseido.mhlw.go.jp/znk-web/juminkanja/S2430/initialize?prefCd=07&kikanCd=0730000674&kikanKbn=3", "url2": "http://www3.ocn.ne.jp/^i.dent/", "内容": "石川歯科医院【3:歯科】福島県郡山市鶴見坦２－１７－１４サニーライフ石川ビル２Ｆ" }, "geometry": { "type": "Point", "coordinates": [ 140.362875, 37.392278 ] } },
{ "type": "Feature", "properties": { "ID": 730730000675, "正式名称": "いしい歯科医院", "機関区分": 3, "都道府県コード": 7, "市区町村コード": 203, "所在地": "福島県郡山市八山田３－２１２", "緯度": 37.431469, "経度": 140.376389, "url": "https://www.iryou.teikyouseido.mhlw.go.jp/znk-web/juminkanja/S2430/initialize?prefCd=07&kikanCd=0730000675&kikanKbn=3", "url2": null, "内容": "いしい歯科医院【3:歯科】福島県郡山市八山田３－２１２" }, "geometry": { "type": "Point", "coordinates": [ 140.376389, 37.431469 ] } },
{ "type": "Feature", "properties": { "ID": 730730000677, "正式名称": "緑ヶ丘歯科クリニック", "機関区分": 3, "都道府県コード": 7, "市区町村コード": 203, "所在地": "福島県郡山市緑ヶ丘東３－１－６", "緯度": 37.382764, "経度": 140.435186, "url": "https://www.iryou.teikyouseido.mhlw.go.jp/znk-web/juminkanja/S2430/initialize?prefCd=07&kikanCd=0730000677&kikanKbn=3", "url2": null, "内容": "緑ヶ丘歯科クリニック【3:歯科】福島県郡山市緑ヶ丘東３－１－６" }, "geometry": { "type": "Point", "coordinates": [ 140.435186, 37.382764 ] } },
{ "type": "Feature", "properties": { "ID": 730730000678, "正式名称": "藤田歯科医院", "機関区分": 3, "都道府県コード": 7, "市区町村コード": 203, "所在地": "福島県郡山市安積町日出山大洲河原７", "緯度": 37.365194, "経度": 140.385047, "url": "https://www.iryou.teikyouseido.mhlw.go.jp/znk-web/juminkanja/S2430/initialize?prefCd=07&kikanCd=0730000678&kikanKbn=3", "url2": "http://www.dent-fujita.net", "内容": "藤田歯科医院【3:歯科】福島県郡山市安積町日出山大洲河原７" }, "geometry": { "type": "Point", "coordinates": [ 140.385047, 37.365194 ] } },
{ "type": "Feature", "properties": { "ID": 730730000679, "正式名称": "西ノ内歯科クリニック", "機関区分": 3, "都道府県コード": 7, "市区町村コード": 203, "所在地": "福島県郡山市西ノ内１－１１－１２　カーサ国分１０２・１０３号", "緯度": 37.406367, "経度": 140.372539, "url": "https://www.iryou.teikyouseido.mhlw.go.jp/znk-web/juminkanja/S2430/initialize?prefCd=07&kikanCd=0730000679&kikanKbn=3", "url2": null, "内容": "西ノ内歯科クリニック【3:歯科】福島県郡山市西ノ内１－１１－１２　カーサ国分１０２・１０３号" }, "geometry": { "type": "Point", "coordinates": [ 140.372539, 37.406367 ] } },
{ "type": "Feature", "properties": { "ID": 730730000680, "正式名称": "医療法人永井歯科医院", "機関区分": 3, "都道府県コード": 7, "市区町村コード": 203, "所在地": "福島県郡山市富久山町八山田稲荷林２６－１１１", "緯度": 37.437458, "経度": 140.380486, "url": "https://www.iryou.teikyouseido.mhlw.go.jp/znk-web/juminkanja/S2430/initialize?prefCd=07&kikanCd=0730000680&kikanKbn=3", "url2": null, "内容": "医療法人永井歯科医院【3:歯科】福島県郡山市富久山町八山田稲荷林２６－１１１" }, "geometry": { "type": "Point", "coordinates": [ 140.380486, 37.437458 ] } },
{ "type": "Feature", "properties": { "ID": 730730000681, "正式名称": "阪本歯科クリニック", "機関区分": 3, "都道府県コード": 7, "市区町村コード": 203, "所在地": "福島県郡山市田村町下行合字御膳前２－１", "緯度": 37.380247, "経度": 140.407756, "url": "https://www.iryou.teikyouseido.mhlw.go.jp/znk-web/juminkanja/S2430/initialize?prefCd=07&kikanCd=0730000681&kikanKbn=3", "url2": null, "内容": "阪本歯科クリニック【3:歯科】福島県郡山市田村町下行合字御膳前２－１" }, "geometry": { "type": "Point", "coordinates": [ 140.407756, 37.380247 ] } },
{ "type": "Feature", "properties": { "ID": 730730000682, "正式名称": "おおうち歯科医院", "機関区分": 3, "都道府県コード": 7, "市区町村コード": 203, "所在地": "福島県郡山市大槻町南反田７－１", "緯度": 37.392503, "経度": 140.326242, "url": "https://www.iryou.teikyouseido.mhlw.go.jp/znk-web/juminkanja/S2430/initialize?prefCd=07&kikanCd=0730000682&kikanKbn=3", "url2": "https://www.ooutisikaiin.com/", "内容": "おおうち歯科医院【3:歯科】福島県郡山市大槻町南反田７－１" }, "geometry": { "type": "Point", "coordinates": [ 140.326242, 37.392503 ] } },
{ "type": "Feature", "properties": { "ID": 730730000683, "正式名称": "どうまえ鈴木歯科クリニック", "機関区分": 3, "都道府県コード": 7, "市区町村コード": 203, "所在地": "福島県郡山市堂前町１９－６", "緯度": 37.394375, "経度": 140.379764, "url": "https://www.iryou.teikyouseido.mhlw.go.jp/znk-web/juminkanja/S2430/initialize?prefCd=07&kikanCd=0730000683&kikanKbn=3", "url2": null, "内容": "どうまえ鈴木歯科クリニック【3:歯科】福島県郡山市堂前町１９－６" }, "geometry": { "type": "Point", "coordinates": [ 140.379764, 37.394375 ] } },
{ "type": "Feature", "properties": { "ID": 730730000684, "正式名称": "児玉歯科医院", "機関区分": 3, "都道府県コード": 7, "市区町村コード": 203, "所在地": "福島県郡山市御前南１－９８", "緯度": 37.383464, "経度": 140.332981, "url": "https://www.iryou.teikyouseido.mhlw.go.jp/znk-web/juminkanja/S2430/initialize?prefCd=07&kikanCd=0730000684&kikanKbn=3", "url2": null, "内容": "児玉歯科医院【3:歯科】福島県郡山市御前南１－９８" }, "geometry": { "type": "Point", "coordinates": [ 140.332981, 37.383464 ] } },
{ "type": "Feature", "properties": { "ID": 730730000687, "正式名称": "あべ矯正歯科クリニック", "機関区分": 3, "都道府県コード": 7, "市区町村コード": 203, "所在地": "福島県郡山市長者１－２－１８", "緯度": 37.399336, "経度": 140.370647, "url": "https://www.iryou.teikyouseido.mhlw.go.jp/znk-web/juminkanja/S2430/initialize?prefCd=07&kikanCd=0730000687&kikanKbn=3", "url2": "https://abe-kyouseishika.jp", "内容": "あべ矯正歯科クリニック【3:歯科】福島県郡山市長者１－２－１８" }, "geometry": { "type": "Point", "coordinates": [ 140.370647, 37.399336 ] } },
{ "type": "Feature", "properties": { "ID": 730730000689, "正式名称": "ア－ト歯科", "機関区分": 3, "都道府県コード": 7, "市区町村コード": 203, "所在地": "福島県郡山市松木町２－８８", "緯度": 37.390228, "経度": 140.387682, "url": "https://www.iryou.teikyouseido.mhlw.go.jp/znk-web/juminkanja/S2430/initialize?prefCd=07&kikanCd=0730000689&kikanKbn=3", "url2": "art-shika.com", "内容": "ア－ト歯科【3:歯科】福島県郡山市松木町２－８８" }, "geometry": { "type": "Point", "coordinates": [ 140.387682, 37.390228 ] } },
{ "type": "Feature", "properties": { "ID": 730730000690, "正式名称": "わたなべ歯科クリニック", "機関区分": 3, "都道府県コード": 7, "市区町村コード": 203, "所在地": "福島県郡山市安積２－１８", "緯度": 37.362781, "経度": 140.366556, "url": "https://www.iryou.teikyouseido.mhlw.go.jp/znk-web/juminkanja/S2430/initialize?prefCd=07&kikanCd=0730000690&kikanKbn=3", "url2": "http://watanabedent.com", "内容": "わたなべ歯科クリニック【3:歯科】福島県郡山市安積２－１８" }, "geometry": { "type": "Point", "coordinates": [ 140.366556, 37.362781 ] } },
{ "type": "Feature", "properties": { "ID": 730730000691, "正式名称": "医療法人社団　佐藤歯科医院", "機関区分": 3, "都道府県コード": 7, "市区町村コード": 203, "所在地": "福島県郡山市開成４－２－８", "緯度": 37.392078, "経度": 140.355419, "url": "https://www.iryou.teikyouseido.mhlw.go.jp/znk-web/juminkanja/S2430/initialize?prefCd=07&kikanCd=0730000691&kikanKbn=3", "url2": null, "内容": "医療法人社団　佐藤歯科医院【3:歯科】福島県郡山市開成４－２－８" }, "geometry": { "type": "Point", "coordinates": [ 140.355419, 37.392078 ] } },
{ "type": "Feature", "properties": { "ID": 730730000692, "正式名称": "ホワイト歯科クリニック", "機関区分": 3, "都道府県コード": 7, "市区町村コード": 203, "所在地": "福島県郡山市菜根３丁目１５番２０号", "緯度": 37.382517, "経度": 140.368439, "url": "https://www.iryou.teikyouseido.mhlw.go.jp/znk-web/juminkanja/S2430/initialize?prefCd=07&kikanCd=0730000692&kikanKbn=3", "url2": null, "内容": "ホワイト歯科クリニック【3:歯科】福島県郡山市菜根３丁目１５番２０号" }, "geometry": { "type": "Point", "coordinates": [ 140.368439, 37.382517 ] } },
{ "type": "Feature", "properties": { "ID": 730730000697, "正式名称": "きたばたけ歯科医院", "機関区分": 3, "都道府県コード": 7, "市区町村コード": 203, "所在地": "福島県郡山市富久山町久保田我妻２３－３", "緯度": 37.416897, "経度": 140.39205, "url": "https://www.iryou.teikyouseido.mhlw.go.jp/znk-web/juminkanja/S2430/initialize?prefCd=07&kikanCd=0730000697&kikanKbn=3", "url2": null, "内容": "きたばたけ歯科医院【3:歯科】福島県郡山市富久山町久保田我妻２３－３" }, "geometry": { "type": "Point", "coordinates": [ 140.39205, 37.416897 ] } },
{ "type": "Feature", "properties": { "ID": 730730000698, "正式名称": "医療法人社団　光進会　うすい歯科医院", "機関区分": 3, "都道府県コード": 7, "市区町村コード": 203, "所在地": "福島県郡山市富久山町久保田梅田７８", "緯度": 37.406383, "経度": 140.387764, "url": "https://www.iryou.teikyouseido.mhlw.go.jp/znk-web/juminkanja/S2430/initialize?prefCd=07&kikanCd=0730000698&kikanKbn=3", "url2": "http://www.usui-dc.com", "内容": "医療法人社団　光進会　うすい歯科医院【3:歯科】福島県郡山市富久山町久保田梅田７８" }, "geometry": { "type": "Point", "coordinates": [ 140.387764, 37.406383 ] } },
{ "type": "Feature", "properties": { "ID": 730730000699, "正式名称": "古川歯科医院", "機関区分": 3, "都道府県コード": 7, "市区町村コード": 203, "所在地": "福島県郡山市小原田１－１５－１３", "緯度": 37.381867, "経度": 140.381383, "url": "https://www.iryou.teikyouseido.mhlw.go.jp/znk-web/juminkanja/S2430/initialize?prefCd=07&kikanCd=0730000699&kikanKbn=3", "url2": null, "内容": "古川歯科医院【3:歯科】福島県郡山市小原田１－１５－１３" }, "geometry": { "type": "Point", "coordinates": [ 140.381383, 37.381867 ] } },
{ "type": "Feature", "properties": { "ID": 730730000702, "正式名称": "永山歯科クリニック", "機関区分": 3, "都道府県コード": 7, "市区町村コード": 203, "所在地": "福島県郡山市長者１－８－９", "緯度": 37.398292, "経度": 140.364647, "url": "https://www.iryou.teikyouseido.mhlw.go.jp/znk-web/juminkanja/S2430/initialize?prefCd=07&kikanCd=0730000702&kikanKbn=3", "url2": "https://www.nagayama-shika.info", "内容": "永山歯科クリニック【3:歯科】福島県郡山市長者１－８－９" }, "geometry": { "type": "Point", "coordinates": [ 140.364647, 37.398292 ] } },
{ "type": "Feature", "properties": { "ID": 730730000703, "正式名称": "牧歯科医院", "機関区分": 3, "都道府県コード": 7, "市区町村コード": 203, "所在地": "福島県郡山市八山田西５丁目５２", "緯度": 37.426825, "経度": 140.366431, "url": "https://www.iryou.teikyouseido.mhlw.go.jp/znk-web/juminkanja/S2430/initialize?prefCd=07&kikanCd=0730000703&kikanKbn=3", "url2": null, "内容": "牧歯科医院【3:歯科】福島県郡山市八山田西５丁目５２" }, "geometry": { "type": "Point", "coordinates": [ 140.366431, 37.426825 ] } },
{ "type": "Feature", "properties": { "ID": 730730000704, "正式名称": "竹島デンタルクリニック", "機関区分": 3, "都道府県コード": 7, "市区町村コード": 203, "所在地": "福島県郡山市菜根２丁目１２－９", "緯度": 37.386594, "経度": 140.358031, "url": "https://www.iryou.teikyouseido.mhlw.go.jp/znk-web/juminkanja/S2430/initialize?prefCd=07&kikanCd=0730000704&kikanKbn=3", "url2": null, "内容": "竹島デンタルクリニック【3:歯科】福島県郡山市菜根２丁目１２－９" }, "geometry": { "type": "Point", "coordinates": [ 140.358031, 37.386594 ] } },
{ "type": "Feature", "properties": { "ID": 730730000705, "正式名称": "駅前ときわ歯科", "機関区分": 3, "都道府県コード": 7, "市区町村コード": 203, "所在地": "福島県郡山市駅前１－９－１０", "緯度": 37.395478, "経度": 140.387067, "url": "https://www.iryou.teikyouseido.mhlw.go.jp/znk-web/juminkanja/S2430/initialize?prefCd=07&kikanCd=0730000705&kikanKbn=3", "url2": "http://www.ekimaetokiwa-dentaloffice.com", "内容": "駅前ときわ歯科【3:歯科】福島県郡山市駅前１－９－１０" }, "geometry": { "type": "Point", "coordinates": [ 140.387067, 37.395478 ] } },
{ "type": "Feature", "properties": { "ID": 730730000706, "正式名称": "サンデー歯科クリニック", "機関区分": 3, "都道府県コード": 7, "市区町村コード": 203, "所在地": "福島県郡山市大槻町三ツ坦７－７", "緯度": 37.385261, "経度": 140.339858, "url": "https://www.iryou.teikyouseido.mhlw.go.jp/znk-web/juminkanja/S2430/initialize?prefCd=07&kikanCd=0730000706&kikanKbn=3", "url2": "http://www.sunday-shika.com/PC/", "内容": "サンデー歯科クリニック【3:歯科】福島県郡山市大槻町三ツ坦７－７" }, "geometry": { "type": "Point", "coordinates": [ 140.339858, 37.385261 ] } },
{ "type": "Feature", "properties": { "ID": 730730000707, "正式名称": "しま歯科クリニック", "機関区分": 3, "都道府県コード": 7, "市区町村コード": 203, "所在地": "福島県郡山市島１丁目５－１０", "緯度": 37.4011, "経度": 140.351367, "url": "https://www.iryou.teikyouseido.mhlw.go.jp/znk-web/juminkanja/S2430/initialize?prefCd=07&kikanCd=0730000707&kikanKbn=3", "url2": "http://www.shima-shika.com", "内容": "しま歯科クリニック【3:歯科】福島県郡山市島１丁目５－１０" }, "geometry": { "type": "Point", "coordinates": [ 140.351367, 37.4011 ] } },
{ "type": "Feature", "properties": { "ID": 730730000708, "正式名称": "ニコニコ歯科医院", "機関区分": 3, "都道府県コード": 7, "市区町村コード": 203, "所在地": "福島県郡山市安積町成田高田７３－１", "緯度": 37.364214, "経度": 140.339778, "url": "https://www.iryou.teikyouseido.mhlw.go.jp/znk-web/juminkanja/S2430/initialize?prefCd=07&kikanCd=0730000708&kikanKbn=3", "url2": null, "内容": "ニコニコ歯科医院【3:歯科】福島県郡山市安積町成田高田７３－１" }, "geometry": { "type": "Point", "coordinates": [ 140.339778, 37.364214 ] } },
{ "type": "Feature", "properties": { "ID": 730730000709, "正式名称": "医療法人弓弦会しろくま歯科医院", "機関区分": 3, "都道府県コード": 7, "市区町村コード": 203, "所在地": "福島県郡山市富田東四丁目１５２番地", "緯度": 37.424289, "経度": 140.371114, "url": "https://www.iryou.teikyouseido.mhlw.go.jp/znk-web/juminkanja/S2430/initialize?prefCd=07&kikanCd=0730000709&kikanKbn=3", "url2": "http://www.shirokuma-d.com/", "内容": "医療法人弓弦会しろくま歯科医院【3:歯科】福島県郡山市富田東四丁目１５２番地" }, "geometry": { "type": "Point", "coordinates": [ 140.371114, 37.424289 ] } },
{ "type": "Feature", "properties": { "ID": 730730000710, "正式名称": "高原歯科クリニック", "機関区分": 3, "都道府県コード": 7, "市区町村コード": 203, "所在地": "福島県郡山市堤３－１９７－２", "緯度": 37.395894, "経度": 140.333369, "url": "https://www.iryou.teikyouseido.mhlw.go.jp/znk-web/juminkanja/S2430/initialize?prefCd=07&kikanCd=0730000710&kikanKbn=3", "url2": "http://www.takahara-c.jp", "内容": "高原歯科クリニック【3:歯科】福島県郡山市堤３－１９７－２" }, "geometry": { "type": "Point", "coordinates": [ 140.333369, 37.395894 ] } },
{ "type": "Feature", "properties": { "ID": 730730000711, "正式名称": "ひまわり歯科医院", "機関区分": 3, "都道府県コード": 7, "市区町村コード": 203, "所在地": "福島県郡山市昭和２丁目３－１０", "緯度": 37.386144, "経度": 140.392617, "url": "https://www.iryou.teikyouseido.mhlw.go.jp/znk-web/juminkanja/S2430/initialize?prefCd=07&kikanCd=0730000711&kikanKbn=3", "url2": null, "内容": "ひまわり歯科医院【3:歯科】福島県郡山市昭和２丁目３－１０" }, "geometry": { "type": "Point", "coordinates": [ 140.392617, 37.386144 ] } },
{ "type": "Feature", "properties": { "ID": 730730000712, "正式名称": "医療法人　安積歯科・こども歯科", "機関区分": 3, "都道府県コード": 7, "市区町村コード": 203, "所在地": "福島県郡山市安積３－３３１", "緯度": 37.358719, "経度": 140.36365, "url": "https://www.iryou.teikyouseido.mhlw.go.jp/znk-web/juminkanja/S2430/initialize?prefCd=07&kikanCd=0730000712&kikanKbn=3", "url2": null, "内容": "医療法人　安積歯科・こども歯科【3:歯科】福島県郡山市安積３－３３１" }, "geometry": { "type": "Point", "coordinates": [ 140.36365, 37.358719 ] } },
{ "type": "Feature", "properties": { "ID": 730730000713, "正式名称": "外島歯科医院", "機関区分": 3, "都道府県コード": 7, "市区町村コード": 203, "所在地": "福島県郡山市八山田６丁目６６", "緯度": 37.423522, "経度": 140.383111, "url": "https://www.iryou.teikyouseido.mhlw.go.jp/znk-web/juminkanja/S2430/initialize?prefCd=07&kikanCd=0730000713&kikanKbn=3", "url2": null, "内容": "外島歯科医院【3:歯科】福島県郡山市八山田６丁目６６" }, "geometry": { "type": "Point", "coordinates": [ 140.383111, 37.423522 ] } },
{ "type": "Feature", "properties": { "ID": 730730000714, "正式名称": "いまむら歯科クリニック", "機関区分": 3, "都道府県コード": 7, "市区町村コード": 203, "所在地": "福島県郡山市虎丸町２４－１", "緯度": 37.398775, "経度": 140.377544, "url": "https://www.iryou.teikyouseido.mhlw.go.jp/znk-web/juminkanja/S2430/initialize?prefCd=07&kikanCd=0730000714&kikanKbn=3", "url2": null, "内容": "いまむら歯科クリニック【3:歯科】福島県郡山市虎丸町２４－１" }, "geometry": { "type": "Point", "coordinates": [ 140.377544, 37.398775 ] } },
{ "type": "Feature", "properties": { "ID": 730730000716, "正式名称": "まつかわ歯科医院", "機関区分": 3, "都道府県コード": 7, "市区町村コード": 203, "所在地": "福島県郡山市安積町長久保３－４－１５", "緯度": 37.355989, "経度": 140.361533, "url": "https://www.iryou.teikyouseido.mhlw.go.jp/znk-web/juminkanja/S2430/initialize?prefCd=07&kikanCd=0730000716&kikanKbn=3", "url2": null, "内容": "まつかわ歯科医院【3:歯科】福島県郡山市安積町長久保３－４－１５" }, "geometry": { "type": "Point", "coordinates": [ 140.361533, 37.355989 ] } },
{ "type": "Feature", "properties": { "ID": 730730000717, "正式名称": "美術館通り　武藤歯科医院", "機関区分": 3, "都道府県コード": 7, "市区町村コード": 203, "所在地": "福島県郡山市横塚２－１５－１０", "緯度": 37.399142, "経度": 140.400181, "url": "https://www.iryou.teikyouseido.mhlw.go.jp/znk-web/juminkanja/S2430/initialize?prefCd=07&kikanCd=0730000717&kikanKbn=3", "url2": null, "内容": "美術館通り　武藤歯科医院【3:歯科】福島県郡山市横塚２－１５－１０" }, "geometry": { "type": "Point", "coordinates": [ 140.400181, 37.399142 ] } },
{ "type": "Feature", "properties": { "ID": 730730000719, "正式名称": "医療法人　にしむら矯正歯科医院", "機関区分": 3, "都道府県コード": 7, "市区町村コード": 203, "所在地": "福島県郡山市朝日３－４－１６", "緯度": 37.406369, "経度": 140.359831, "url": "https://www.iryou.teikyouseido.mhlw.go.jp/znk-web/juminkanja/S2430/initialize?prefCd=07&kikanCd=0730000719&kikanKbn=3", "url2": "HP:http://www.nishimurakyosei.com", "内容": "医療法人　にしむら矯正歯科医院【3:歯科】福島県郡山市朝日３－４－１６" }, "geometry": { "type": "Point", "coordinates": [ 140.359831, 37.406369 ] } },
{ "type": "Feature", "properties": { "ID": 730730000722, "正式名称": "Ｋｉｄ’ｓ　Ｄｅｎｔａｌ　Ｃｌｉｎｉｃ　Ｂｒｅｅｚｅ", "機関区分": 3, "都道府県コード": 7, "市区町村コード": 203, "所在地": "福島県郡山市富久山町久保田伊賀河原８４－３", "緯度": 37.412261, "経度": 140.372914, "url": "https://www.iryou.teikyouseido.mhlw.go.jp/znk-web/juminkanja/S2430/initialize?prefCd=07&kikanCd=0730000722&kikanKbn=3", "url2": "http://www.kids-dental-breeze.com", "内容": "Ｋｉｄ’ｓ　Ｄｅｎｔａｌ　Ｃｌｉｎｉｃ　Ｂｒｅｅｚｅ【3:歯科】福島県郡山市富久山町久保田伊賀河原８４－３" }, "geometry": { "type": "Point", "coordinates": [ 140.372914, 37.412261 ] } },
{ "type": "Feature", "properties": { "ID": 730730000723, "正式名称": "くろだ歯科・矯正歯科クリニック", "機関区分": 3, "都道府県コード": 7, "市区町村コード": 203, "所在地": "福島県郡山市富久山町久保田字石堂３１－４", "緯度": 37.409403, "経度": 140.381447, "url": "https://www.iryou.teikyouseido.mhlw.go.jp/znk-web/juminkanja/S2430/initialize?prefCd=07&kikanCd=0730000723&kikanKbn=3", "url2": "http://www.kuroda-dental.com", "内容": "くろだ歯科・矯正歯科クリニック【3:歯科】福島県郡山市富久山町久保田字石堂３１－４" }, "geometry": { "type": "Point", "coordinates": [ 140.381447, 37.409403 ] } },
{ "type": "Feature", "properties": { "ID": 730730000725, "正式名称": "郡山ラポール歯科", "機関区分": 3, "都道府県コード": 7, "市区町村コード": 203, "所在地": "福島県郡山市御前南５－７４", "緯度": 37.386108, "経度": 140.324867, "url": "https://www.iryou.teikyouseido.mhlw.go.jp/znk-web/juminkanja/S2430/initialize?prefCd=07&kikanCd=0730000725&kikanKbn=3", "url2": "http://rapport-dental.net/", "内容": "郡山ラポール歯科【3:歯科】福島県郡山市御前南５－７４" }, "geometry": { "type": "Point", "coordinates": [ 140.324867, 37.386108 ] } },
{ "type": "Feature", "properties": { "ID": 730730000726, "正式名称": "中嶋デンタルクリニック", "機関区分": 3, "都道府県コード": 7, "市区町村コード": 203, "所在地": "福島県郡山市東原２－１１９", "緯度": 37.433014, "経度": 140.351703, "url": "https://www.iryou.teikyouseido.mhlw.go.jp/znk-web/juminkanja/S2430/initialize?prefCd=07&kikanCd=0730000726&kikanKbn=3", "url2": "http://www.nakajima-dentalclinic.com/", "内容": "中嶋デンタルクリニック【3:歯科】福島県郡山市東原２－１１９" }, "geometry": { "type": "Point", "coordinates": [ 140.351703, 37.433014 ] } },
{ "type": "Feature", "properties": { "ID": 730730000728, "正式名称": "医療法人　福清会　福内歯科医院", "機関区分": 3, "都道府県コード": 7, "市区町村コード": 203, "所在地": "福島県郡山市深沢２－３－３", "緯度": 37.390261, "経度": 140.371441, "url": "https://www.iryou.teikyouseido.mhlw.go.jp/znk-web/juminkanja/S2430/initialize?prefCd=07&kikanCd=0730000728&kikanKbn=3", "url2": "http://www.fukuuchi-alice.com", "内容": "医療法人　福清会　福内歯科医院【3:歯科】福島県郡山市深沢２－３－３" }, "geometry": { "type": "Point", "coordinates": [ 140.371441, 37.390261 ] } },
{ "type": "Feature", "properties": { "ID": 730730000732, "正式名称": "医療法人　健幸会　さくら歯科クリニック", "機関区分": 3, "都道府県コード": 7, "市区町村コード": 203, "所在地": "福島県郡山市島２－４８－１７", "緯度": 37.398011, "経度": 140.348189, "url": "https://www.iryou.teikyouseido.mhlw.go.jp/znk-web/juminkanja/S2430/initialize?prefCd=07&kikanCd=0730000732&kikanKbn=3", "url2": "https://www.sakura-sika-clinic.com/", "内容": "医療法人　健幸会　さくら歯科クリニック【3:歯科】福島県郡山市島２－４８－１７" }, "geometry": { "type": "Point", "coordinates": [ 140.348189, 37.398011 ] } },
{ "type": "Feature", "properties": { "ID": 730730000733, "正式名称": "水島歯科クリニック", "機関区分": 3, "都道府県コード": 7, "市区町村コード": 203, "所在地": "福島県郡山市富田町字大徳南１７－１１", "緯度": 37.407231, "経度": 140.333503, "url": "https://www.iryou.teikyouseido.mhlw.go.jp/znk-web/juminkanja/S2430/initialize?prefCd=07&kikanCd=0730000733&kikanKbn=3", "url2": null, "内容": "水島歯科クリニック【3:歯科】福島県郡山市富田町字大徳南１７－１１" }, "geometry": { "type": "Point", "coordinates": [ 140.333503, 37.407231 ] } },
{ "type": "Feature", "properties": { "ID": 730730000735, "正式名称": "根本歯科医院", "機関区分": 3, "都道府県コード": 7, "市区町村コード": 203, "所在地": "福島県郡山市駅前１－２－９", "緯度": 37.396714, "経度": 140.385614, "url": "https://www.iryou.teikyouseido.mhlw.go.jp/znk-web/juminkanja/S2430/initialize?prefCd=07&kikanCd=0730000735&kikanKbn=3", "url2": null, "内容": "根本歯科医院【3:歯科】福島県郡山市駅前１－２－９" }, "geometry": { "type": "Point", "coordinates": [ 140.385614, 37.396714 ] } },
{ "type": "Feature", "properties": { "ID": 730730000738, "正式名称": "あおぞら歯科クリニック", "機関区分": 3, "都道府県コード": 7, "市区町村コード": 203, "所在地": "福島県郡山市富田西２丁目２６８番地", "緯度": 37.420756, "経度": 140.335678, "url": "https://www.iryou.teikyouseido.mhlw.go.jp/znk-web/juminkanja/S2430/initialize?prefCd=07&kikanCd=0730000738&kikanKbn=3", "url2": null, "内容": "あおぞら歯科クリニック【3:歯科】福島県郡山市富田西２丁目２６８番地" }, "geometry": { "type": "Point", "coordinates": [ 140.335678, 37.420756 ] } },
{ "type": "Feature", "properties": { "ID": 730730000739, "正式名称": "医療法人　ａｌｏｈａ　郡山ユニバース歯科クリニック", "機関区分": 3, "都道府県コード": 7, "市区町村コード": 203, "所在地": "福島県郡山市燧田１９５Ｓ－ＰＡＬ郡山１Ｆ", "緯度": 37.393772, "経度": 140.388097, "url": "https://www.iryou.teikyouseido.mhlw.go.jp/znk-web/juminkanja/S2430/initialize?prefCd=07&kikanCd=0730000739&kikanKbn=3", "url2": "http://www.universe-dc.com", "内容": "医療法人　ａｌｏｈａ　郡山ユニバース歯科クリニック【3:歯科】福島県郡山市燧田１９５Ｓ－ＰＡＬ郡山１Ｆ" }, "geometry": { "type": "Point", "coordinates": [ 140.388097, 37.393772 ] } },
{ "type": "Feature", "properties": { "ID": 730730000740, "正式名称": "きらきら歯科クリニック", "機関区分": 3, "都道府県コード": 7, "市区町村コード": 203, "所在地": "福島県郡山市八山田西一丁目５１", "緯度": 37.426044, "経度": 140.362956, "url": "https://www.iryou.teikyouseido.mhlw.go.jp/znk-web/juminkanja/S2430/initialize?prefCd=07&kikanCd=0730000740&kikanKbn=3", "url2": "https://www.kirakira-shika-clinic.jp/", "内容": "きらきら歯科クリニック【3:歯科】福島県郡山市八山田西一丁目５１" }, "geometry": { "type": "Point", "coordinates": [ 140.362956, 37.426044 ] } },
{ "type": "Feature", "properties": { "ID": 730730000742, "正式名称": "医療法人慈繁会付属デンタルヘルスクリニック", "機関区分": 3, "都道府県コード": 7, "市区町村コード": 203, "所在地": "福島県郡山市山崎１７３番地", "緯度": 37.377822, "経度": 140.369083, "url": "https://www.iryou.teikyouseido.mhlw.go.jp/znk-web/juminkanja/S2430/initialize?prefCd=07&kikanCd=0730000742&kikanKbn=3", "url2": "http://www.jihankai.jp", "内容": "医療法人慈繁会付属デンタルヘルスクリニック【3:歯科】福島県郡山市山崎１７３番地" }, "geometry": { "type": "Point", "coordinates": [ 140.369083, 37.377822 ] } },
{ "type": "Feature", "properties": { "ID": 730730000743, "正式名称": "どんぐり歯科医院", "機関区分": 3, "都道府県コード": 7, "市区町村コード": 203, "所在地": "福島県郡山市富久山町福原一里坦３", "緯度": 37.419822, "経度": 140.391806, "url": "https://www.iryou.teikyouseido.mhlw.go.jp/znk-web/juminkanja/S2430/initialize?prefCd=07&kikanCd=0730000743&kikanKbn=3", "url2": "http://www8.plala.or.jp/don-guri/", "内容": "どんぐり歯科医院【3:歯科】福島県郡山市富久山町福原一里坦３" }, "geometry": { "type": "Point", "coordinates": [ 140.391806, 37.419822 ] } },
{ "type": "Feature", "properties": { "ID": 730730000744, "正式名称": "医療法人藤の会　和歯科クリニック", "機関区分": 3, "都道府県コード": 7, "市区町村コード": 203, "所在地": "福島県郡山市富田西５－１３３", "緯度": 37.424614, "経度": 140.340169, "url": "https://www.iryou.teikyouseido.mhlw.go.jp/znk-web/juminkanja/S2430/initialize?prefCd=07&kikanCd=0730000744&kikanKbn=3", "url2": "http://www.kazu-dc.jp", "内容": "医療法人藤の会　和歯科クリニック【3:歯科】福島県郡山市富田西５－１３３" }, "geometry": { "type": "Point", "coordinates": [ 140.340169, 37.424614 ] } },
{ "type": "Feature", "properties": { "ID": 730730000745, "正式名称": "若松歯科医院", "機関区分": 3, "都道府県コード": 7, "市区町村コード": 204, "所在地": "福島県いわき市遠野町上遠野字太田７１－４", "緯度": 37.006411, "経度": 140.742289, "url": "https://www.iryou.teikyouseido.mhlw.go.jp/znk-web/juminkanja/S2430/initialize?prefCd=07&kikanCd=0730000745&kikanKbn=3", "url2": null, "内容": "若松歯科医院【3:歯科】福島県いわき市遠野町上遠野字太田７１－４" }, "geometry": { "type": "Point", "coordinates": [ 140.742289, 37.006411 ] } },
{ "type": "Feature", "properties": { "ID": 730730000746, "正式名称": "医療法人社団にいつま歯科", "機関区分": 3, "都道府県コード": 7, "市区町村コード": 204, "所在地": "福島県いわき市常磐関船町二丁目３－１", "緯度": 36.998226, "経度": 140.856853, "url": "https://www.iryou.teikyouseido.mhlw.go.jp/znk-web/juminkanja/S2430/initialize?prefCd=07&kikanCd=0730000746&kikanKbn=3", "url2": "http://www.niitsuma-dentaloffice.jp", "内容": "医療法人社団にいつま歯科【3:歯科】福島県いわき市常磐関船町二丁目３－１" }, "geometry": { "type": "Point", "coordinates": [ 140.856853, 36.998226 ] } },
{ "type": "Feature", "properties": { "ID": 730730000747, "正式名称": "医療法人　和美会　宮沢歯科クリニック", "機関区分": 3, "都道府県コード": 7, "市区町村コード": 204, "所在地": "福島県いわき市内郷御厩町１－１３３", "緯度": 37.043794, "経度": 140.868581, "url": "https://www.iryou.teikyouseido.mhlw.go.jp/znk-web/juminkanja/S2430/initialize?prefCd=07&kikanCd=0730000747&kikanKbn=3", "url2": null, "内容": "医療法人　和美会　宮沢歯科クリニック【3:歯科】福島県いわき市内郷御厩町１－１３３" }, "geometry": { "type": "Point", "coordinates": [ 140.868581, 37.043794 ] } },
{ "type": "Feature", "properties": { "ID": 730730000748, "正式名称": "あなだ歯科医院", "機関区分": 3, "都道府県コード": 7, "市区町村コード": 204, "所在地": "福島県いわき市錦町江栗３－１０９番地", "緯度": 36.912647, "経度": 140.7746, "url": "https://www.iryou.teikyouseido.mhlw.go.jp/znk-web/juminkanja/S2430/initialize?prefCd=07&kikanCd=0730000748&kikanKbn=3", "url2": "https://www.anadashika.com/", "内容": "あなだ歯科医院【3:歯科】福島県いわき市錦町江栗３－１０９番地" }, "geometry": { "type": "Point", "coordinates": [ 140.7746, 36.912647 ] } },
{ "type": "Feature", "properties": { "ID": 730730000750, "正式名称": "医療法人　香雪歯科", "機関区分": 3, "都道府県コード": 7, "市区町村コード": 204, "所在地": "福島県いわき市平赤井字笹目田１０－６", "緯度": 37.085511, "経度": 140.863444, "url": "https://www.iryou.teikyouseido.mhlw.go.jp/znk-web/juminkanja/S2430/initialize?prefCd=07&kikanCd=0730000750&kikanKbn=3", "url2": null, "内容": "医療法人　香雪歯科【3:歯科】福島県いわき市平赤井字笹目田１０－６" }, "geometry": { "type": "Point", "coordinates": [ 140.863444, 37.085511 ] } },
{ "type": "Feature", "properties": { "ID": 730730000752, "正式名称": "星野歯科矯正歯科医院", "機関区分": 3, "都道府県コード": 7, "市区町村コード": 204, "所在地": "福島県いわき市平字大工町８－７", "緯度": 37.056981, "経度": 140.896211, "url": "https://www.iryou.teikyouseido.mhlw.go.jp/znk-web/juminkanja/S2430/initialize?prefCd=07&kikanCd=0730000752&kikanKbn=3", "url2": null, "内容": "星野歯科矯正歯科医院【3:歯科】福島県いわき市平字大工町８－７" }, "geometry": { "type": "Point", "coordinates": [ 140.896211, 37.056981 ] } },
{ "type": "Feature", "properties": { "ID": 730730000754, "正式名称": "木村歯科クリニック", "機関区分": 3, "都道府県コード": 7, "市区町村コード": 204, "所在地": "福島県いわき市小名浜後宿１８－１", "緯度": 36.9514, "経度": 140.908247, "url": "https://www.iryou.teikyouseido.mhlw.go.jp/znk-web/juminkanja/S2430/initialize?prefCd=07&kikanCd=0730000754&kikanKbn=3", "url2": null, "内容": "木村歯科クリニック【3:歯科】福島県いわき市小名浜後宿１８－１" }, "geometry": { "type": "Point", "coordinates": [ 140.908247, 36.9514 ] } },
{ "type": "Feature", "properties": { "ID": 730730000755, "正式名称": "はらぐち歯科クリニック", "機関区分": 3, "都道府県コード": 7, "市区町村コード": 204, "所在地": "福島県いわき市泉ヶ丘２丁目１０－３", "緯度": 36.964519, "経度": 140.854831, "url": "https://www.iryou.teikyouseido.mhlw.go.jp/znk-web/juminkanja/S2430/initialize?prefCd=07&kikanCd=0730000755&kikanKbn=3", "url2": "http://www.fukushima-doctors.jp/detail/index_2254.html", "内容": "はらぐち歯科クリニック【3:歯科】福島県いわき市泉ヶ丘２丁目１０－３" }, "geometry": { "type": "Point", "coordinates": [ 140.854831, 36.964519 ] } },
{ "type": "Feature", "properties": { "ID": 730730000756, "正式名称": "医療法人　しんデンタルクリニック", "機関区分": 3, "都道府県コード": 7, "市区町村コード": 204, "所在地": "福島県いわき市中央台高久２丁目１１－５", "緯度": 37.006978, "経度": 140.927206, "url": "https://www.iryou.teikyouseido.mhlw.go.jp/znk-web/juminkanja/S2430/initialize?prefCd=07&kikanCd=0730000756&kikanKbn=3", "url2": "http://www.shin-dental.jp/", "内容": "医療法人　しんデンタルクリニック【3:歯科】福島県いわき市中央台高久２丁目１１－５" }, "geometry": { "type": "Point", "coordinates": [ 140.927206, 37.006978 ] } },
{ "type": "Feature", "properties": { "ID": 730730000757, "正式名称": "医療法人　城東歯科クリニック", "機関区分": 3, "都道府県コード": 7, "市区町村コード": 204, "所在地": "福島県いわき市平九品寺町１番１４", "緯度": 37.063411, "経度": 140.895708, "url": "https://www.iryou.teikyouseido.mhlw.go.jp/znk-web/juminkanja/S2430/initialize?prefCd=07&kikanCd=0730000757&kikanKbn=3", "url2": "jyoutou-dc.jp", "内容": "医療法人　城東歯科クリニック【3:歯科】福島県いわき市平九品寺町１番１４" }, "geometry": { "type": "Point", "coordinates": [ 140.895708, 37.063411 ] } },
{ "type": "Feature", "properties": { "ID": 730730000758, "正式名称": "いわき市休日救急　歯科診療所", "機関区分": 3, "都道府県コード": 7, "市区町村コード": 204, "所在地": "福島県いわき市内郷高坂町四方木田１９１", "緯度": 37.043869, "経度": 140.863597, "url": "https://www.iryou.teikyouseido.mhlw.go.jp/znk-web/juminkanja/S2430/initialize?prefCd=07&kikanCd=0730000758&kikanKbn=3", "url2": null, "内容": "いわき市休日救急　歯科診療所【3:歯科】福島県いわき市内郷高坂町四方木田１９１" }, "geometry": { "type": "Point", "coordinates": [ 140.863597, 37.043869 ] } },
{ "type": "Feature", "properties": { "ID": 730730000760, "正式名称": "鎌田山歯科クリニック", "機関区分": 3, "都道府県コード": 7, "市区町村コード": 204, "所在地": "福島県いわき市平鎌田町３－１", "緯度": 37.058044, "経度": 140.902556, "url": "https://www.iryou.teikyouseido.mhlw.go.jp/znk-web/juminkanja/S2430/initialize?prefCd=07&kikanCd=0730000760&kikanKbn=3", "url2": null, "内容": "鎌田山歯科クリニック【3:歯科】福島県いわき市平鎌田町３－１" }, "geometry": { "type": "Point", "coordinates": [ 140.902556, 37.058044 ] } },
{ "type": "Feature", "properties": { "ID": 730730000764, "正式名称": "シオタ歯科医院", "機関区分": 3, "都道府県コード": 7, "市区町村コード": 204, "所在地": "福島県いわき市平下平窪八木内２６－１４", "緯度": 37.077739, "経度": 140.880272, "url": "https://www.iryou.teikyouseido.mhlw.go.jp/znk-web/juminkanja/S2430/initialize?prefCd=07&kikanCd=0730000764&kikanKbn=3", "url2": null, "内容": "シオタ歯科医院【3:歯科】福島県いわき市平下平窪八木内２６－１４" }, "geometry": { "type": "Point", "coordinates": [ 140.880272, 37.077739 ] } },
{ "type": "Feature", "properties": { "ID": 730730000765, "正式名称": "スズキ歯科", "機関区分": 3, "都道府県コード": 7, "市区町村コード": 204, "所在地": "福島県いわき市平字四町目３－２", "緯度": 37.055872, "経度": 140.893511, "url": "https://www.iryou.teikyouseido.mhlw.go.jp/znk-web/juminkanja/S2430/initialize?prefCd=07&kikanCd=0730000765&kikanKbn=3", "url2": "https://haisha-yoyaku.jp/sp/bun2sdental/detail/index/id/TP00082045", "内容": "スズキ歯科【3:歯科】福島県いわき市平字四町目３－２" }, "geometry": { "type": "Point", "coordinates": [ 140.893511, 37.055872 ] } },
{ "type": "Feature", "properties": { "ID": 730730000768, "正式名称": "村岡歯科医院", "機関区分": 3, "都道府県コード": 7, "市区町村コード": 204, "所在地": "福島県いわき市久之浜町久之浜字後原１", "緯度": 37.140506, "経度": 140.997706, "url": "https://www.iryou.teikyouseido.mhlw.go.jp/znk-web/juminkanja/S2430/initialize?prefCd=07&kikanCd=0730000768&kikanKbn=3", "url2": "http://www.muraoka-shika.com/", "内容": "村岡歯科医院【3:歯科】福島県いわき市久之浜町久之浜字後原１" }, "geometry": { "type": "Point", "coordinates": [ 140.997706, 37.140506 ] } },
{ "type": "Feature", "properties": { "ID": 730730000769, "正式名称": "医療法人　なかはら歯科医院", "機関区分": 3, "都道府県コード": 7, "市区町村コード": 204, "所在地": "福島県いわき市平泉崎字向原２４－１", "緯度": 37.075128, "経度": 140.949733, "url": "https://www.iryou.teikyouseido.mhlw.go.jp/znk-web/juminkanja/S2430/initialize?prefCd=07&kikanCd=0730000769&kikanKbn=3", "url2": null, "内容": "医療法人　なかはら歯科医院【3:歯科】福島県いわき市平泉崎字向原２４－１" }, "geometry": { "type": "Point", "coordinates": [ 140.949733, 37.075128 ] } },
{ "type": "Feature", "properties": { "ID": 730730000771, "正式名称": "小林歯科", "機関区分": 3, "都道府県コード": 7, "市区町村コード": 204, "所在地": "福島県いわき市小名浜西君ヶ塚町５－１３", "緯度": 36.959778, "経度": 140.896694, "url": "https://www.iryou.teikyouseido.mhlw.go.jp/znk-web/juminkanja/S2430/initialize?prefCd=07&kikanCd=0730000771&kikanKbn=3", "url2": null, "内容": "小林歯科【3:歯科】福島県いわき市小名浜西君ヶ塚町５－１３" }, "geometry": { "type": "Point", "coordinates": [ 140.896694, 36.959778 ] } },
{ "type": "Feature", "properties": { "ID": 730730000774, "正式名称": "小林歯科医院", "機関区分": 3, "都道府県コード": 7, "市区町村コード": 204, "所在地": "福島県いわき市平字四町目５０", "緯度": 37.055469, "経度": 140.893886, "url": "https://www.iryou.teikyouseido.mhlw.go.jp/znk-web/juminkanja/S2430/initialize?prefCd=07&kikanCd=0730000774&kikanKbn=3", "url2": null, "内容": "小林歯科医院【3:歯科】福島県いわき市平字四町目５０" }, "geometry": { "type": "Point", "coordinates": [ 140.893886, 37.055469 ] } },
{ "type": "Feature", "properties": { "ID": 730730000777, "正式名称": "鈴木歯科・小児歯科医院", "機関区分": 3, "都道府県コード": 7, "市区町村コード": 204, "所在地": "福島県いわき市内郷御厩町四丁目１１９", "緯度": 37.0499, "経度": 140.874892, "url": "https://www.iryou.teikyouseido.mhlw.go.jp/znk-web/juminkanja/S2430/initialize?prefCd=07&kikanCd=0730000777&kikanKbn=3", "url2": null, "内容": "鈴木歯科・小児歯科医院【3:歯科】福島県いわき市内郷御厩町四丁目１１９" }, "geometry": { "type": "Point", "coordinates": [ 140.874892, 37.0499 ] } },
{ "type": "Feature", "properties": { "ID": 730730000778, "正式名称": "玉橋歯科医院", "機関区分": 3, "都道府県コード": 7, "市区町村コード": 204, "所在地": "福島県いわき市好間町上好間字南町田３４", "緯度": 37.068578, "経度": 140.846211, "url": "https://www.iryou.teikyouseido.mhlw.go.jp/znk-web/juminkanja/S2430/initialize?prefCd=07&kikanCd=0730000778&kikanKbn=3", "url2": null, "内容": "玉橋歯科医院【3:歯科】福島県いわき市好間町上好間字南町田３４" }, "geometry": { "type": "Point", "coordinates": [ 140.846211, 37.068578 ] } },
{ "type": "Feature", "properties": { "ID": 730730000779, "正式名称": "寺田歯科医院", "機関区分": 3, "都道府県コード": 7, "市区町村コード": 204, "所在地": "福島県いわき市内郷綴町金谷１８－２", "緯度": 37.038011, "経度": 140.863358, "url": "https://www.iryou.teikyouseido.mhlw.go.jp/znk-web/juminkanja/S2430/initialize?prefCd=07&kikanCd=0730000779&kikanKbn=3", "url2": null, "内容": "寺田歯科医院【3:歯科】福島県いわき市内郷綴町金谷１８－２" }, "geometry": { "type": "Point", "coordinates": [ 140.863358, 37.038011 ] } },
{ "type": "Feature", "properties": { "ID": 730730000781, "正式名称": "萩原歯科医院", "機関区分": 3, "都道府県コード": 7, "市区町村コード": 204, "所在地": "福島県いわき市平字鍛冶町１６", "緯度": 37.054128, "経度": 140.889781, "url": "https://www.iryou.teikyouseido.mhlw.go.jp/znk-web/juminkanja/S2430/initialize?prefCd=07&kikanCd=0730000781&kikanKbn=3", "url2": "https://www.hagihara-dc.com/", "内容": "萩原歯科医院【3:歯科】福島県いわき市平字鍛冶町１６" }, "geometry": { "type": "Point", "coordinates": [ 140.889781, 37.054128 ] } },
{ "type": "Feature", "properties": { "ID": 730730000782, "正式名称": "山崎歯科医院", "機関区分": 3, "都道府県コード": 7, "市区町村コード": 204, "所在地": "福島県いわき市平字大町６－２", "緯度": 37.054261, "経度": 140.89345, "url": "https://www.iryou.teikyouseido.mhlw.go.jp/znk-web/juminkanja/S2430/initialize?prefCd=07&kikanCd=0730000782&kikanKbn=3", "url2": "yamazakishikaiin.com", "内容": "山崎歯科医院【3:歯科】福島県いわき市平字大町６－２" }, "geometry": { "type": "Point", "coordinates": [ 140.89345, 37.054261 ] } },
{ "type": "Feature", "properties": { "ID": 730730000785, "正式名称": "成田歯科医院", "機関区分": 3, "都道府県コード": 7, "市区町村コード": 204, "所在地": "福島県いわき市平字三町目１番地", "緯度": 37.055089, "経度": 140.891725, "url": "https://www.iryou.teikyouseido.mhlw.go.jp/znk-web/juminkanja/S2430/initialize?prefCd=07&kikanCd=0730000785&kikanKbn=3", "url2": null, "内容": "成田歯科医院【3:歯科】福島県いわき市平字三町目１番地" }, "geometry": { "type": "Point", "coordinates": [ 140.891725, 37.055089 ] } },
{ "type": "Feature", "properties": { "ID": 730730000787, "正式名称": "（医）社団昭仁会五代儀歯科医院", "機関区分": 3, "都道府県コード": 7, "市区町村コード": 204, "所在地": "福島県いわき市内郷御厩町四丁目３９", "緯度": 37.050328, "経度": 140.874614, "url": "https://www.iryou.teikyouseido.mhlw.go.jp/znk-web/juminkanja/S2430/initialize?prefCd=07&kikanCd=0730000787&kikanKbn=3", "url2": null, "内容": "（医）社団昭仁会五代儀歯科医院【3:歯科】福島県いわき市内郷御厩町四丁目３９" }, "geometry": { "type": "Point", "coordinates": [ 140.874614, 37.050328 ] } },
{ "type": "Feature", "properties": { "ID": 730730000788, "正式名称": "佐藤歯科医院", "機関区分": 3, "都道府県コード": 7, "市区町村コード": 204, "所在地": "福島県いわき市四倉町上仁井田字北姥田５－４", "緯度": 37.095853, "経度": 140.976986, "url": "https://www.iryou.teikyouseido.mhlw.go.jp/znk-web/juminkanja/S2430/initialize?prefCd=07&kikanCd=0730000788&kikanKbn=3", "url2": null, "内容": "佐藤歯科医院【3:歯科】福島県いわき市四倉町上仁井田字北姥田５－４" }, "geometry": { "type": "Point", "coordinates": [ 140.976986, 37.095853 ] } },
{ "type": "Feature", "properties": { "ID": 730730000790, "正式名称": "斎田歯科医院", "機関区分": 3, "都道府県コード": 7, "市区町村コード": 204, "所在地": "福島県いわき市平梅香町２－１８", "緯度": 37.063683, "経度": 140.890531, "url": "https://www.iryou.teikyouseido.mhlw.go.jp/znk-web/juminkanja/S2430/initialize?prefCd=07&kikanCd=0730000790&kikanKbn=3", "url2": "http://saitasikaiinn.sakura.ne.jp", "内容": "斎田歯科医院【3:歯科】福島県いわき市平梅香町２－１８" }, "geometry": { "type": "Point", "coordinates": [ 140.890531, 37.063683 ] } },
{ "type": "Feature", "properties": { "ID": 730730000794, "正式名称": "織田歯科医院", "機関区分": 3, "都道府県コード": 7, "市区町村コード": 204, "所在地": "福島県いわき市常磐下湯長谷町道下２９－３", "緯度": 36.992986, "経度": 140.854014, "url": "https://www.iryou.teikyouseido.mhlw.go.jp/znk-web/juminkanja/S2430/initialize?prefCd=07&kikanCd=0730000794&kikanKbn=3", "url2": "http://www.oda-shika.jp", "内容": "織田歯科医院【3:歯科】福島県いわき市常磐下湯長谷町道下２９－３" }, "geometry": { "type": "Point", "coordinates": [ 140.854014, 36.992986 ] } },
{ "type": "Feature", "properties": { "ID": 730730000795, "正式名称": "加藤歯科医院", "機関区分": 3, "都道府県コード": 7, "市区町村コード": 204, "所在地": "福島県いわき市常磐湯本町天王崎１－７７", "緯度": 37.008061, "経度": 140.84875, "url": "https://www.iryou.teikyouseido.mhlw.go.jp/znk-web/juminkanja/S2430/initialize?prefCd=07&kikanCd=0730000795&kikanKbn=3", "url2": null, "内容": "加藤歯科医院【3:歯科】福島県いわき市常磐湯本町天王崎１－７７" }, "geometry": { "type": "Point", "coordinates": [ 140.84875, 37.008061 ] } },
{ "type": "Feature", "properties": { "ID": 730730000797, "正式名称": "佐藤歯科医院", "機関区分": 3, "都道府県コード": 7, "市区町村コード": 204, "所在地": "福島県いわき市小川町高萩字上代４６－３", "緯度": 37.124303, "経度": 140.858289, "url": "https://www.iryou.teikyouseido.mhlw.go.jp/znk-web/juminkanja/S2430/initialize?prefCd=07&kikanCd=0730000797&kikanKbn=3", "url2": null, "内容": "佐藤歯科医院【3:歯科】福島県いわき市小川町高萩字上代４６－３" }, "geometry": { "type": "Point", "coordinates": [ 140.858289, 37.124303 ] } },
{ "type": "Feature", "properties": { "ID": 730730000799, "正式名称": "鈴木歯科医院", "機関区分": 3, "都道府県コード": 7, "市区町村コード": 204, "所在地": "福島県いわき市平中神谷字宿畑１１－２", "緯度": 37.062883, "経度": 140.934025, "url": "https://www.iryou.teikyouseido.mhlw.go.jp/znk-web/juminkanja/S2430/initialize?prefCd=07&kikanCd=0730000799&kikanKbn=3", "url2": null, "内容": "鈴木歯科医院【3:歯科】福島県いわき市平中神谷字宿畑１１－２" }, "geometry": { "type": "Point", "coordinates": [ 140.934025, 37.062883 ] } },
{ "type": "Feature", "properties": { "ID": 730730000801, "正式名称": "和田歯科医院", "機関区分": 3, "都道府県コード": 7, "市区町村コード": 204, "所在地": "福島県いわき市平字愛谷町１－１－３", "緯度": 37.051775, "経度": 140.905385, "url": "https://www.iryou.teikyouseido.mhlw.go.jp/znk-web/juminkanja/S2430/initialize?prefCd=07&kikanCd=0730000801&kikanKbn=3", "url2": "https://www.wadadc-iwaki.com", "内容": "和田歯科医院【3:歯科】福島県いわき市平字愛谷町１－１－３" }, "geometry": { "type": "Point", "coordinates": [ 140.905385, 37.051775 ] } },
{ "type": "Feature", "properties": { "ID": 730730000803, "正式名称": "会田歯科医院", "機関区分": 3, "都道府県コード": 7, "市区町村コード": 204, "所在地": "福島県いわき市平字田町５４－３", "緯度": 37.151886, "経度": 140.754683, "url": "https://www.iryou.teikyouseido.mhlw.go.jp/znk-web/juminkanja/S2430/initialize?prefCd=07&kikanCd=0730000803&kikanKbn=3", "url2": null, "内容": "会田歯科医院【3:歯科】福島県いわき市平字田町５４－３" }, "geometry": { "type": "Point", "coordinates": [ 140.754683, 37.151886 ] } },
{ "type": "Feature", "properties": { "ID": 730730000808, "正式名称": "杉村歯科医院", "機関区分": 3, "都道府県コード": 7, "市区町村コード": 204, "所在地": "福島県いわき市平下神谷字石淵１－５", "緯度": 37.067739, "経度": 140.942706, "url": "https://www.iryou.teikyouseido.mhlw.go.jp/znk-web/juminkanja/S2430/initialize?prefCd=07&kikanCd=0730000808&kikanKbn=3", "url2": "http://www15.plala.or.jp/k-dent-e/", "内容": "杉村歯科医院【3:歯科】福島県いわき市平下神谷字石淵１－５" }, "geometry": { "type": "Point", "coordinates": [ 140.942706, 37.067739 ] } },
{ "type": "Feature", "properties": { "ID": 730730000812, "正式名称": "高島歯科医院", "機関区分": 3, "都道府県コード": 7, "市区町村コード": 204, "所在地": "福島県いわき市好間町下好間字鬼越１４－１", "緯度": 37.059114, "経度": 140.867597, "url": "https://www.iryou.teikyouseido.mhlw.go.jp/znk-web/juminkanja/S2430/initialize?prefCd=07&kikanCd=0730000812&kikanKbn=3", "url2": null, "内容": "高島歯科医院【3:歯科】福島県いわき市好間町下好間字鬼越１４－１" }, "geometry": { "type": "Point", "coordinates": [ 140.867597, 37.059114 ] } },
{ "type": "Feature", "properties": { "ID": 730730000813, "正式名称": "中里歯科医院", "機関区分": 3, "都道府県コード": 7, "市区町村コード": 204, "所在地": "福島県いわき市平鍛冶町３１－２", "緯度": 37.054075, "経度": 140.888097, "url": "https://www.iryou.teikyouseido.mhlw.go.jp/znk-web/juminkanja/S2430/initialize?prefCd=07&kikanCd=0730000813&kikanKbn=3", "url2": null, "内容": "中里歯科医院【3:歯科】福島県いわき市平鍛冶町３１－２" }, "geometry": { "type": "Point", "coordinates": [ 140.888097, 37.054075 ] } },
{ "type": "Feature", "properties": { "ID": 730730000814, "正式名称": "野木歯科医院", "機関区分": 3, "都道府県コード": 7, "市区町村コード": 204, "所在地": "福島県いわき市常磐上湯長谷町堀ノ内７５－９", "緯度": 37.000419, "経度": 140.843925, "url": "https://www.iryou.teikyouseido.mhlw.go.jp/znk-web/juminkanja/S2430/initialize?prefCd=07&kikanCd=0730000814&kikanKbn=3", "url2": null, "内容": "野木歯科医院【3:歯科】福島県いわき市常磐上湯長谷町堀ノ内７５－９" }, "geometry": { "type": "Point", "coordinates": [ 140.843925, 37.000419 ] } },
{ "type": "Feature", "properties": { "ID": 730730000815, "正式名称": "たんの歯科", "機関区分": 3, "都道府県コード": 7, "市区町村コード": 204, "所在地": "福島県いわき市平字５町目１０", "緯度": 37.056253, "経度": 140.896064, "url": "https://www.iryou.teikyouseido.mhlw.go.jp/znk-web/juminkanja/S2430/initialize?prefCd=07&kikanCd=0730000815&kikanKbn=3", "url2": null, "内容": "たんの歯科【3:歯科】福島県いわき市平字５町目１０" }, "geometry": { "type": "Point", "coordinates": [ 140.896064, 37.056253 ] } },
{ "type": "Feature", "properties": { "ID": 730730000820, "正式名称": "八巻歯科医院", "機関区分": 3, "都道府県コード": 7, "市区町村コード": 204, "所在地": "福島県いわき市四倉町字五丁目１２１番地", "緯度": 37.109028, "経度": 140.992278, "url": "https://www.iryou.teikyouseido.mhlw.go.jp/znk-web/juminkanja/S2430/initialize?prefCd=07&kikanCd=0730000820&kikanKbn=3", "url2": null, "内容": "八巻歯科医院【3:歯科】福島県いわき市四倉町字五丁目１２１番地" }, "geometry": { "type": "Point", "coordinates": [ 140.992278, 37.109028 ] } },
{ "type": "Feature", "properties": { "ID": 730730000821, "正式名称": "池田晴生歯科医院", "機関区分": 3, "都道府県コード": 7, "市区町村コード": 204, "所在地": "福島県いわき市内郷高坂町大平５３－３", "緯度": 37.043292, "経度": 140.859222, "url": "https://www.iryou.teikyouseido.mhlw.go.jp/znk-web/juminkanja/S2430/initialize?prefCd=07&kikanCd=0730000821&kikanKbn=3", "url2": null, "内容": "池田晴生歯科医院【3:歯科】福島県いわき市内郷高坂町大平５３－３" }, "geometry": { "type": "Point", "coordinates": [ 140.859222, 37.043292 ] } },
{ "type": "Feature", "properties": { "ID": 730730000822, "正式名称": "佐久間歯科医院", "機関区分": 3, "都道府県コード": 7, "市区町村コード": 204, "所在地": "福島県いわき市内郷高坂町１－２", "緯度": 37.047197, "経度": 140.861281, "url": "https://www.iryou.teikyouseido.mhlw.go.jp/znk-web/juminkanja/S2430/initialize?prefCd=07&kikanCd=0730000822&kikanKbn=3", "url2": null, "内容": "佐久間歯科医院【3:歯科】福島県いわき市内郷高坂町１－２" }, "geometry": { "type": "Point", "coordinates": [ 140.861281, 37.047197 ] } },
{ "type": "Feature", "properties": { "ID": 730730000823, "正式名称": "木田歯科医院", "機関区分": 3, "都道府県コード": 7, "市区町村コード": 204, "所在地": "福島県いわき市好間町北好間字槐作３１", "緯度": 37.071386, "経度": 140.837242, "url": "https://www.iryou.teikyouseido.mhlw.go.jp/znk-web/juminkanja/S2430/initialize?prefCd=07&kikanCd=0730000823&kikanKbn=3", "url2": "http://www.kida-dent.com/", "内容": "木田歯科医院【3:歯科】福島県いわき市好間町北好間字槐作３１" }, "geometry": { "type": "Point", "coordinates": [ 140.837242, 37.071386 ] } },
{ "type": "Feature", "properties": { "ID": 730730000824, "正式名称": "鈴木歯科医院", "機関区分": 3, "都道府県コード": 7, "市区町村コード": 204, "所在地": "福島県いわき市平字月見町１０－２", "緯度": 37.051325, "経度": 140.896528, "url": "https://www.iryou.teikyouseido.mhlw.go.jp/znk-web/juminkanja/S2430/initialize?prefCd=07&kikanCd=0730000824&kikanKbn=3", "url2": null, "内容": "鈴木歯科医院【3:歯科】福島県いわき市平字月見町１０－２" }, "geometry": { "type": "Point", "coordinates": [ 140.896528, 37.051325 ] } },
{ "type": "Feature", "properties": { "ID": 730730000828, "正式名称": "かのうだ歯科医院", "機関区分": 3, "都道府県コード": 7, "市区町村コード": 204, "所在地": "福島県いわき市好間町下好間字一町坪６５", "緯度": 37.058731, "経度": 140.863478, "url": "https://www.iryou.teikyouseido.mhlw.go.jp/znk-web/juminkanja/S2430/initialize?prefCd=07&kikanCd=0730000828&kikanKbn=3", "url2": null, "内容": "かのうだ歯科医院【3:歯科】福島県いわき市好間町下好間字一町坪６５" }, "geometry": { "type": "Point", "coordinates": [ 140.863478, 37.058731 ] } },
{ "type": "Feature", "properties": { "ID": 730730000830, "正式名称": "やまぐち矯正歯科クリニック", "機関区分": 3, "都道府県コード": 7, "市区町村コード": 204, "所在地": "福島県いわき市内郷綴町高野作６２", "緯度": 37.03795, "経度": 140.866258, "url": "https://www.iryou.teikyouseido.mhlw.go.jp/znk-web/juminkanja/S2430/initialize?prefCd=07&kikanCd=0730000830&kikanKbn=3", "url2": "www.yamaguchi-kyousei.org/top.htm", "内容": "やまぐち矯正歯科クリニック【3:歯科】福島県いわき市内郷綴町高野作６２" }, "geometry": { "type": "Point", "coordinates": [ 140.866258, 37.03795 ] } },
{ "type": "Feature", "properties": { "ID": 730730000833, "正式名称": "サトウ歯科医院", "機関区分": 3, "都道府県コード": 7, "市区町村コード": 204, "所在地": "福島県いわき市平沼之内諏訪原２－１３－４", "緯度": 37.017697, "経度": 140.968797, "url": "https://www.iryou.teikyouseido.mhlw.go.jp/znk-web/juminkanja/S2430/initialize?prefCd=07&kikanCd=0730000833&kikanKbn=3", "url2": null, "内容": "サトウ歯科医院【3:歯科】福島県いわき市平沼之内諏訪原２－１３－４" }, "geometry": { "type": "Point", "coordinates": [ 140.968797, 37.017697 ] } },
{ "type": "Feature", "properties": { "ID": 730730000835, "正式名称": "作田歯科医院", "機関区分": 3, "都道府県コード": 7, "市区町村コード": 204, "所在地": "福島県いわき市平下平窪山土内町７－１", "緯度": 37.083419, "経度": 140.878172, "url": "https://www.iryou.teikyouseido.mhlw.go.jp/znk-web/juminkanja/S2430/initialize?prefCd=07&kikanCd=0730000835&kikanKbn=3", "url2": null, "内容": "作田歯科医院【3:歯科】福島県いわき市平下平窪山土内町７－１" }, "geometry": { "type": "Point", "coordinates": [ 140.878172, 37.083419 ] } },
{ "type": "Feature", "properties": { "ID": 730730000836, "正式名称": "ひらくぼ歯科クリニック", "機関区分": 3, "都道府県コード": 7, "市区町村コード": 204, "所在地": "福島県いわき市平下平窪字諸荷８６－１", "緯度": 37.0822, "経度": 140.879194, "url": "https://www.iryou.teikyouseido.mhlw.go.jp/znk-web/juminkanja/S2430/initialize?prefCd=07&kikanCd=0730000836&kikanKbn=3", "url2": null, "内容": "ひらくぼ歯科クリニック【3:歯科】福島県いわき市平下平窪字諸荷８６－１" }, "geometry": { "type": "Point", "coordinates": [ 140.879194, 37.0822 ] } },
{ "type": "Feature", "properties": { "ID": 730730000837, "正式名称": "鈴木矯正歯科", "機関区分": 3, "都道府県コード": 7, "市区町村コード": 204, "所在地": "福島県いわき市平正月町５５", "緯度": 37.0554, "経度": 140.899092, "url": "https://www.iryou.teikyouseido.mhlw.go.jp/znk-web/juminkanja/S2430/initialize?prefCd=07&kikanCd=0730000837&kikanKbn=3", "url2": "http://suzuki-kyousei.life.coocan.jp", "内容": "鈴木矯正歯科【3:歯科】福島県いわき市平正月町５５" }, "geometry": { "type": "Point", "coordinates": [ 140.899092, 37.0554 ] } },
{ "type": "Feature", "properties": { "ID": 730730000839, "正式名称": "小野歯科医院", "機関区分": 3, "都道府県コード": 7, "市区町村コード": 204, "所在地": "福島県いわき市常磐西郷町落合２７－４", "緯度": 36.986972, "経度": 140.854144, "url": "https://www.iryou.teikyouseido.mhlw.go.jp/znk-web/juminkanja/S2430/initialize?prefCd=07&kikanCd=0730000839&kikanKbn=3", "url2": "http://www.ono-sika.com/", "内容": "小野歯科医院【3:歯科】福島県いわき市常磐西郷町落合２７－４" }, "geometry": { "type": "Point", "coordinates": [ 140.854144, 36.986972 ] } },
{ "type": "Feature", "properties": { "ID": 730730000840, "正式名称": "医療法人ＳＤＣ　酒井歯科医院", "機関区分": 3, "都道府県コード": 7, "市区町村コード": 204, "所在地": "福島県いわき市中央台鹿島３－１２－１", "緯度": 37.005303, "経度": 140.918264, "url": "https://www.iryou.teikyouseido.mhlw.go.jp/znk-web/juminkanja/S2430/initialize?prefCd=07&kikanCd=0730000840&kikanKbn=3", "url2": "https://www.sakai-dent.com", "内容": "医療法人ＳＤＣ　酒井歯科医院【3:歯科】福島県いわき市中央台鹿島３－１２－１" }, "geometry": { "type": "Point", "coordinates": [ 140.918264, 37.005303 ] } },
{ "type": "Feature", "properties": { "ID": 730730000841, "正式名称": "いいの歯科医院", "機関区分": 3, "都道府県コード": 7, "市区町村コード": 204, "所在地": "福島県いわき市平下荒川字五理内１３の１", "緯度": 37.039028, "経度": 140.907519, "url": "https://www.iryou.teikyouseido.mhlw.go.jp/znk-web/juminkanja/S2430/initialize?prefCd=07&kikanCd=0730000841&kikanKbn=3", "url2": "http://www.iino-dc.com/", "内容": "いいの歯科医院【3:歯科】福島県いわき市平下荒川字五理内１３の１" }, "geometry": { "type": "Point", "coordinates": [ 140.907519, 37.039028 ] } },
{ "type": "Feature", "properties": { "ID": 730730000842, "正式名称": "（医）社団飯塚歯科医院", "機関区分": 3, "都道府県コード": 7, "市区町村コード": 204, "所在地": "福島県いわき市小名浜字定西４６飯塚ビル１Ｆ", "緯度": 36.950325, "経度": 140.898097, "url": "https://www.iryou.teikyouseido.mhlw.go.jp/znk-web/juminkanja/S2430/initialize?prefCd=07&kikanCd=0730000842&kikanKbn=3", "url2": null, "内容": "（医）社団飯塚歯科医院【3:歯科】福島県いわき市小名浜字定西４６飯塚ビル１Ｆ" }, "geometry": { "type": "Point", "coordinates": [ 140.898097, 36.950325 ] } },
{ "type": "Feature", "properties": { "ID": 730730000843, "正式名称": "瀬谷歯科医院", "機関区分": 3, "都道府県コード": 7, "市区町村コード": 204, "所在地": "福島県いわき市小名浜字定西１０５", "緯度": 36.949581, "経度": 140.898261, "url": "https://www.iryou.teikyouseido.mhlw.go.jp/znk-web/juminkanja/S2430/initialize?prefCd=07&kikanCd=0730000843&kikanKbn=3", "url2": "https://www.seyashika.com", "内容": "瀬谷歯科医院【3:歯科】福島県いわき市小名浜字定西１０５" }, "geometry": { "type": "Point", "coordinates": [ 140.898261, 36.949581 ] } },
{ "type": "Feature", "properties": { "ID": 730730000844, "正式名称": "医療法人　前山歯科医院", "機関区分": 3, "都道府県コード": 7, "市区町村コード": 204, "所在地": "福島県いわき市小名浜寺廻町１１－１９", "緯度": 36.951036, "経度": 140.900344, "url": "https://www.iryou.teikyouseido.mhlw.go.jp/znk-web/juminkanja/S2430/initialize?prefCd=07&kikanCd=0730000844&kikanKbn=3", "url2": null, "内容": "医療法人　前山歯科医院【3:歯科】福島県いわき市小名浜寺廻町１１－１９" }, "geometry": { "type": "Point", "coordinates": [ 140.900344, 36.951036 ] } },
{ "type": "Feature", "properties": { "ID": 730730000845, "正式名称": "医療法人社団　増山歯科医院", "機関区分": 3, "都道府県コード": 7, "市区町村コード": 204, "所在地": "福島県いわき市泉町３丁目１９－７", "緯度": 36.952278, "経度": 140.858489, "url": "https://www.iryou.teikyouseido.mhlw.go.jp/znk-web/juminkanja/S2430/initialize?prefCd=07&kikanCd=0730000845&kikanKbn=3", "url2": "http://www.masuyama-dentaloffice.com/", "内容": "医療法人社団　増山歯科医院【3:歯科】福島県いわき市泉町３丁目１９－７" }, "geometry": { "type": "Point", "coordinates": [ 140.858489, 36.952278 ] } },
{ "type": "Feature", "properties": { "ID": 730730000846, "正式名称": "村上歯科医院", "機関区分": 3, "都道府県コード": 7, "市区町村コード": 204, "所在地": "福島県いわき市小名浜字竹町３５", "緯度": 36.949492, "経度": 140.904667, "url": "https://www.iryou.teikyouseido.mhlw.go.jp/znk-web/juminkanja/S2430/initialize?prefCd=07&kikanCd=0730000846&kikanKbn=3", "url2": null, "内容": "村上歯科医院【3:歯科】福島県いわき市小名浜字竹町３５" }, "geometry": { "type": "Point", "coordinates": [ 140.904667, 36.949492 ] } },
{ "type": "Feature", "properties": { "ID": 730730000847, "正式名称": "目澤歯科医院", "機関区分": 3, "都道府県コード": 7, "市区町村コード": 204, "所在地": "福島県いわき市小名浜字竹町８", "緯度": 36.948964, "経度": 140.905125, "url": "https://www.iryou.teikyouseido.mhlw.go.jp/znk-web/juminkanja/S2430/initialize?prefCd=07&kikanCd=0730000847&kikanKbn=3", "url2": null, "内容": "目澤歯科医院【3:歯科】福島県いわき市小名浜字竹町８" }, "geometry": { "type": "Point", "coordinates": [ 140.905125, 36.948964 ] } },
{ "type": "Feature", "properties": { "ID": 730730000855, "正式名称": "医療法人社団光仁会小川歯科医院", "機関区分": 3, "都道府県コード": 7, "市区町村コード": 204, "所在地": "福島県いわき市小名浜西君ヶ塚町１２－２", "緯度": 36.955764, "経度": 140.895025, "url": "https://www.iryou.teikyouseido.mhlw.go.jp/znk-web/juminkanja/S2430/initialize?prefCd=07&kikanCd=0730000855&kikanKbn=3", "url2": null, "内容": "医療法人社団光仁会小川歯科医院【3:歯科】福島県いわき市小名浜西君ヶ塚町１２－２" }, "geometry": { "type": "Point", "coordinates": [ 140.895025, 36.955764 ] } },
{ "type": "Feature", "properties": { "ID": 730730000859, "正式名称": "大和歯科医院", "機関区分": 3, "都道府県コード": 7, "市区町村コード": 204, "所在地": "福島県いわき市泉町２－５－１３", "緯度": 36.953353, "経度": 140.85275, "url": "https://www.iryou.teikyouseido.mhlw.go.jp/znk-web/juminkanja/S2430/initialize?prefCd=07&kikanCd=0730000859&kikanKbn=3", "url2": null, "内容": "大和歯科医院【3:歯科】福島県いわき市泉町２－５－１３" }, "geometry": { "type": "Point", "coordinates": [ 140.85275, 36.953353 ] } },
{ "type": "Feature", "properties": { "ID": 730730000860, "正式名称": "小濱歯科医院", "機関区分": 3, "都道府県コード": 7, "市区町村コード": 204, "所在地": "福島県いわき市小名浜岡小名２－４－１０", "緯度": 36.961422, "経度": 140.907761, "url": "https://www.iryou.teikyouseido.mhlw.go.jp/znk-web/juminkanja/S2430/initialize?prefCd=07&kikanCd=0730000860&kikanKbn=3", "url2": "http://www16.ocn.ne.jp/~obama/", "内容": "小濱歯科医院【3:歯科】福島県いわき市小名浜岡小名２－４－１０" }, "geometry": { "type": "Point", "coordinates": [ 140.907761, 36.961422 ] } },
{ "type": "Feature", "properties": { "ID": 730730000861, "正式名称": "鈴木歯科医院", "機関区分": 3, "都道府県コード": 7, "市区町村コード": 204, "所在地": "福島県いわき市小名浜玉川町南１７－１", "緯度": 36.982472, "経度": 140.884811, "url": "https://www.iryou.teikyouseido.mhlw.go.jp/znk-web/juminkanja/S2430/initialize?prefCd=07&kikanCd=0730000861&kikanKbn=3", "url2": null, "内容": "鈴木歯科医院【3:歯科】福島県いわき市小名浜玉川町南１７－１" }, "geometry": { "type": "Point", "coordinates": [ 140.884811, 36.982472 ] } },
{ "type": "Feature", "properties": { "ID": 730730000862, "正式名称": "玉川歯科クリニック", "機関区分": 3, "都道府県コード": 7, "市区町村コード": 204, "所在地": "福島県いわき市小名浜住吉字搦３８－１", "緯度": 36.979956, "経度": 140.885739, "url": "https://www.iryou.teikyouseido.mhlw.go.jp/znk-web/juminkanja/S2430/initialize?prefCd=07&kikanCd=0730000862&kikanKbn=3", "url2": "http://tamagawa-dc.com/", "内容": "玉川歯科クリニック【3:歯科】福島県いわき市小名浜住吉字搦３８－１" }, "geometry": { "type": "Point", "coordinates": [ 140.885739, 36.979956 ] } },
{ "type": "Feature", "properties": { "ID": 730730000863, "正式名称": "村松歯科医院", "機関区分": 3, "都道府県コード": 7, "市区町村コード": 204, "所在地": "福島県いわき市鹿島町下矢田字沢目１３－３", "緯度": 37.003228, "経度": 140.910064, "url": "https://www.iryou.teikyouseido.mhlw.go.jp/znk-web/juminkanja/S2430/initialize?prefCd=07&kikanCd=0730000863&kikanKbn=3", "url2": "https://www.gurutto-iwaki.com/", "内容": "村松歯科医院【3:歯科】福島県いわき市鹿島町下矢田字沢目１３－３" }, "geometry": { "type": "Point", "coordinates": [ 140.910064, 37.003228 ] } },
{ "type": "Feature", "properties": { "ID": 730730000864, "正式名称": "医療法人　社団　隆歯会　小滝歯科医院", "機関区分": 3, "都道府県コード": 7, "市区町村コード": 204, "所在地": "福島県いわき市小名浜大原小滝町６－２", "緯度": 36.965017, "経度": 140.893539, "url": "https://www.iryou.teikyouseido.mhlw.go.jp/znk-web/juminkanja/S2430/initialize?prefCd=07&kikanCd=0730000864&kikanKbn=3", "url2": "kotakishika.com", "内容": "医療法人　社団　隆歯会　小滝歯科医院【3:歯科】福島県いわき市小名浜大原小滝町６－２" }, "geometry": { "type": "Point", "coordinates": [ 140.893539, 36.965017 ] } },
{ "type": "Feature", "properties": { "ID": 730730000866, "正式名称": "中山歯科矯正医院", "機関区分": 3, "都道府県コード": 7, "市区町村コード": 204, "所在地": "福島県いわき市小名浜花畑町１３－２", "緯度": 36.955794, "経度": 140.903172, "url": "https://www.iryou.teikyouseido.mhlw.go.jp/znk-web/juminkanja/S2430/initialize?prefCd=07&kikanCd=0730000866&kikanKbn=3", "url2": "www.nakayama-orthod.com/", "内容": "中山歯科矯正医院【3:歯科】福島県いわき市小名浜花畑町１３－２" }, "geometry": { "type": "Point", "coordinates": [ 140.903172, 36.955794 ] } },
{ "type": "Feature", "properties": { "ID": 730730000867, "正式名称": "いぬい　　歯科医院", "機関区分": 3, "都道府県コード": 7, "市区町村コード": 204, "所在地": "福島県いわき市泉玉露６丁目１９－２２", "緯度": 36.956539, "経度": 140.847189, "url": "https://www.iryou.teikyouseido.mhlw.go.jp/znk-web/juminkanja/S2430/initialize?prefCd=07&kikanCd=0730000867&kikanKbn=3", "url2": null, "内容": "いぬい　　歯科医院【3:歯科】福島県いわき市泉玉露６丁目１９－２２" }, "geometry": { "type": "Point", "coordinates": [ 140.847189, 36.956539 ] } },
{ "type": "Feature", "properties": { "ID": 730730000871, "正式名称": "あきもと歯科医院", "機関区分": 3, "都道府県コード": 7, "市区町村コード": 204, "所在地": "福島県いわき市小名浜玉川町東２５－１", "緯度": 36.984261, "経度": 140.890536, "url": "https://www.iryou.teikyouseido.mhlw.go.jp/znk-web/juminkanja/S2430/initialize?prefCd=07&kikanCd=0730000871&kikanKbn=3", "url2": null, "内容": "あきもと歯科医院【3:歯科】福島県いわき市小名浜玉川町東２５－１" }, "geometry": { "type": "Point", "coordinates": [ 140.890536, 36.984261 ] } },
{ "type": "Feature", "properties": { "ID": 730730000879, "正式名称": "わたなべデンタルクリニック", "機関区分": 3, "都道府県コード": 7, "市区町村コード": 204, "所在地": "福島県いわき市植田町中央１丁目１２の５", "緯度": 36.919431, "経度": 140.798194, "url": "https://www.iryou.teikyouseido.mhlw.go.jp/znk-web/juminkanja/S2430/initialize?prefCd=07&kikanCd=0730000879&kikanKbn=3", "url2": "http://watanabedental-clinic.com/", "内容": "わたなべデンタルクリニック【3:歯科】福島県いわき市植田町中央１丁目１２の５" }, "geometry": { "type": "Point", "coordinates": [ 140.798194, 36.919431 ] } },
{ "type": "Feature", "properties": { "ID": 730730000885, "正式名称": "中央歯科医院", "機関区分": 3, "都道府県コード": 7, "市区町村コード": 204, "所在地": "福島県いわき市植田町中央３－１１－２１", "緯度": 36.922639, "経度": 140.797025, "url": "https://www.iryou.teikyouseido.mhlw.go.jp/znk-web/juminkanja/S2430/initialize?prefCd=07&kikanCd=0730000885&kikanKbn=3", "url2": "http:/www.chuodentalclinic.com", "内容": "中央歯科医院【3:歯科】福島県いわき市植田町中央３－１１－２１" }, "geometry": { "type": "Point", "coordinates": [ 140.797025, 36.922639 ] } },
{ "type": "Feature", "properties": { "ID": 730730000886, "正式名称": "とおの歯科医院", "機関区分": 3, "都道府県コード": 7, "市区町村コード": 204, "所在地": "福島県いわき市遠野町上遠野字本町５５", "緯度": 37.008622, "経度": 140.746647, "url": "https://www.iryou.teikyouseido.mhlw.go.jp/znk-web/juminkanja/S2430/initialize?prefCd=07&kikanCd=0730000886&kikanKbn=3", "url2": null, "内容": "とおの歯科医院【3:歯科】福島県いわき市遠野町上遠野字本町５５" }, "geometry": { "type": "Point", "coordinates": [ 140.746647, 37.008622 ] } },
{ "type": "Feature", "properties": { "ID": 730730000888, "正式名称": "森合歯科医院", "機関区分": 3, "都道府県コード": 7, "市区町村コード": 204, "所在地": "福島県いわき市植田町本町１－１１－８", "緯度": 36.915111, "経度": 140.797394, "url": "https://www.iryou.teikyouseido.mhlw.go.jp/znk-web/juminkanja/S2430/initialize?prefCd=07&kikanCd=0730000888&kikanKbn=3", "url2": "http://www.goodental.com/dental/da77/clinic67211.php", "内容": "森合歯科医院【3:歯科】福島県いわき市植田町本町１－１１－８" }, "geometry": { "type": "Point", "coordinates": [ 140.797394, 36.915111 ] } },
{ "type": "Feature", "properties": { "ID": 730730000891, "正式名称": "おおひら歯科医院", "機関区分": 3, "都道府県コード": 7, "市区町村コード": 204, "所在地": "福島県いわき市植田町根小屋５７－３", "緯度": 36.919414, "経度": 140.802625, "url": "https://www.iryou.teikyouseido.mhlw.go.jp/znk-web/juminkanja/S2430/initialize?prefCd=07&kikanCd=0730000891&kikanKbn=3", "url2": "http://www.ohira-dental.info/hospital.html", "内容": "おおひら歯科医院【3:歯科】福島県いわき市植田町根小屋５７－３" }, "geometry": { "type": "Point", "coordinates": [ 140.802625, 36.919414 ] } },
{ "type": "Feature", "properties": { "ID": 730730000894, "正式名称": "杉本歯科医院", "機関区分": 3, "都道府県コード": 7, "市区町村コード": 204, "所在地": "福島県いわき市小名浜花畑町３６の１５", "緯度": 36.956922, "経度": 140.905419, "url": "https://www.iryou.teikyouseido.mhlw.go.jp/znk-web/juminkanja/S2430/initialize?prefCd=07&kikanCd=0730000894&kikanKbn=3", "url2": null, "内容": "杉本歯科医院【3:歯科】福島県いわき市小名浜花畑町３６の１５" }, "geometry": { "type": "Point", "coordinates": [ 140.905419, 36.956922 ] } },
{ "type": "Feature", "properties": { "ID": 730730000895, "正式名称": "マノメデンタルクリニック", "機関区分": 3, "都道府県コード": 7, "市区町村コード": 204, "所在地": "福島県いわき市小名浜中町境２－６", "緯度": 36.953728, "経度": 140.901906, "url": "https://www.iryou.teikyouseido.mhlw.go.jp/znk-web/juminkanja/S2430/initialize?prefCd=07&kikanCd=0730000895&kikanKbn=3", "url2": "http://www.manome-dc.com", "内容": "マノメデンタルクリニック【3:歯科】福島県いわき市小名浜中町境２－６" }, "geometry": { "type": "Point", "coordinates": [ 140.901906, 36.953728 ] } },
{ "type": "Feature", "properties": { "ID": 730730000896, "正式名称": "いずみ歯科医院", "機関区分": 3, "都道府県コード": 7, "市区町村コード": 204, "所在地": "福島県いわき市泉町滝尻字南坪５５－２", "緯度": 36.953375, "経度": 140.866664, "url": "https://www.iryou.teikyouseido.mhlw.go.jp/znk-web/juminkanja/S2430/initialize?prefCd=07&kikanCd=0730000896&kikanKbn=3", "url2": "https://izumi-dent.com", "内容": "いずみ歯科医院【3:歯科】福島県いわき市泉町滝尻字南坪５５－２" }, "geometry": { "type": "Point", "coordinates": [ 140.866664, 36.953375 ] } },
{ "type": "Feature", "properties": { "ID": 730730000897, "正式名称": "よしだ歯科医院", "機関区分": 3, "都道府県コード": 7, "市区町村コード": 204, "所在地": "福島県いわき市勿来町関田西１－６－６", "緯度": 36.882558, "経度": 140.785247, "url": "https://www.iryou.teikyouseido.mhlw.go.jp/znk-web/juminkanja/S2430/initialize?prefCd=07&kikanCd=0730000897&kikanKbn=3", "url2": "http://www.yoshida-656666.com/", "内容": "よしだ歯科医院【3:歯科】福島県いわき市勿来町関田西１－６－６" }, "geometry": { "type": "Point", "coordinates": [ 140.785247, 36.882558 ] } },
{ "type": "Feature", "properties": { "ID": 730730000898, "正式名称": "医療法人　笹木歯科クリニック", "機関区分": 3, "都道府県コード": 7, "市区町村コード": 204, "所在地": "福島県いわき市平幕ノ内字高田１８ー４", "緯度": 37.066756, "経度": 140.899894, "url": "https://www.iryou.teikyouseido.mhlw.go.jp/znk-web/juminkanja/S2430/initialize?prefCd=07&kikanCd=0730000898&kikanKbn=3", "url2": "http://www.sasaki-dedntaloffice.jp/", "内容": "医療法人　笹木歯科クリニック【3:歯科】福島県いわき市平幕ノ内字高田１８ー４" }, "geometry": { "type": "Point", "coordinates": [ 140.899894, 37.066756 ] } },
{ "type": "Feature", "properties": { "ID": 730730000899, "正式名称": "下の町萩原歯科医院", "機関区分": 3, "都道府県コード": 7, "市区町村コード": 204, "所在地": "福島県いわき市平字下の町５－５", "緯度": 37.050072, "経度": 140.895169, "url": "https://www.iryou.teikyouseido.mhlw.go.jp/znk-web/juminkanja/S2430/initialize?prefCd=07&kikanCd=0730000899&kikanKbn=3", "url2": null, "内容": "下の町萩原歯科医院【3:歯科】福島県いわき市平字下の町５－５" }, "geometry": { "type": "Point", "coordinates": [ 140.895169, 37.050072 ] } },
{ "type": "Feature", "properties": { "ID": 730730000900, "正式名称": "あべ歯科医院", "機関区分": 3, "都道府県コード": 7, "市区町村コード": 204, "所在地": "福島県いわき市内郷御厩町１－１８６－１", "緯度": 37.045961, "経度": 140.868211, "url": "https://www.iryou.teikyouseido.mhlw.go.jp/znk-web/juminkanja/S2430/initialize?prefCd=07&kikanCd=0730000900&kikanKbn=3", "url2": "http://www.abe-dc1118.com", "内容": "あべ歯科医院【3:歯科】福島県いわき市内郷御厩町１－１８６－１" }, "geometry": { "type": "Point", "coordinates": [ 140.868211, 37.045961 ] } },
{ "type": "Feature", "properties": { "ID": 730730000901, "正式名称": "いがり歯科・矯正歯科クリニック", "機関区分": 3, "都道府県コード": 7, "市区町村コード": 204, "所在地": "福島県いわき市東田町２－１８－２", "緯度": 36.921992, "経度": 140.801869, "url": "https://www.iryou.teikyouseido.mhlw.go.jp/znk-web/juminkanja/S2430/initialize?prefCd=07&kikanCd=0730000901&kikanKbn=3", "url2": "https://www.igariwitdoc.com", "内容": "いがり歯科・矯正歯科クリニック【3:歯科】福島県いわき市東田町２－１８－２" }, "geometry": { "type": "Point", "coordinates": [ 140.801869, 36.921992 ] } },
{ "type": "Feature", "properties": { "ID": 730730000903, "正式名称": "平井歯科医院", "機関区分": 3, "都道府県コード": 7, "市区町村コード": 204, "所在地": "福島県いわき市平字長橋町４９", "緯度": 37.052889, "経度": 140.882903, "url": "https://www.iryou.teikyouseido.mhlw.go.jp/znk-web/juminkanja/S2430/initialize?prefCd=07&kikanCd=0730000903&kikanKbn=3", "url2": "https://hiraishika-iwaki.com", "内容": "平井歯科医院【3:歯科】福島県いわき市平字長橋町４９" }, "geometry": { "type": "Point", "coordinates": [ 140.882903, 37.052889 ] } },
{ "type": "Feature", "properties": { "ID": 730730000904, "正式名称": "鈴木歯科医院", "機関区分": 3, "都道府県コード": 7, "市区町村コード": 204, "所在地": "福島県いわき市常磐湯本町天王崎１－６７", "緯度": 37.007353, "経度": 140.849011, "url": "https://www.iryou.teikyouseido.mhlw.go.jp/znk-web/juminkanja/S2430/initialize?prefCd=07&kikanCd=0730000904&kikanKbn=3", "url2": null, "内容": "鈴木歯科医院【3:歯科】福島県いわき市常磐湯本町天王崎１－６７" }, "geometry": { "type": "Point", "coordinates": [ 140.849011, 37.007353 ] } },
{ "type": "Feature", "properties": { "ID": 730730000906, "正式名称": "深沢歯科医院", "機関区分": 3, "都道府県コード": 7, "市区町村コード": 204, "所在地": "福島県いわき市平南白土２－５－６", "緯度": 37.046272, "経度": 140.907606, "url": "https://www.iryou.teikyouseido.mhlw.go.jp/znk-web/juminkanja/S2430/initialize?prefCd=07&kikanCd=0730000906&kikanKbn=3", "url2": null, "内容": "深沢歯科医院【3:歯科】福島県いわき市平南白土２－５－６" }, "geometry": { "type": "Point", "coordinates": [ 140.907606, 37.046272 ] } },
{ "type": "Feature", "properties": { "ID": 730730000908, "正式名称": "原歯科医院", "機関区分": 3, "都道府県コード": 7, "市区町村コード": 204, "所在地": "福島県いわき市平谷川瀬二丁目６ー１", "緯度": 37.046308, "経度": 140.893467, "url": "https://www.iryou.teikyouseido.mhlw.go.jp/znk-web/juminkanja/S2430/initialize?prefCd=07&kikanCd=0730000908&kikanKbn=3", "url2": null, "内容": "原歯科医院【3:歯科】福島県いわき市平谷川瀬二丁目６ー１" }, "geometry": { "type": "Point", "coordinates": [ 140.893467, 37.046308 ] } },
{ "type": "Feature", "properties": { "ID": 730730000910, "正式名称": "遠藤歯科クリニック", "機関区分": 3, "都道府県コード": 7, "市区町村コード": 204, "所在地": "福島県いわき市平谷川瀬一丁目１５－６", "緯度": 37.047733, "経度": 140.891978, "url": "https://www.iryou.teikyouseido.mhlw.go.jp/znk-web/juminkanja/S2430/initialize?prefCd=07&kikanCd=0730000910&kikanKbn=3", "url2": null, "内容": "遠藤歯科クリニック【3:歯科】福島県いわき市平谷川瀬一丁目１５－６" }, "geometry": { "type": "Point", "coordinates": [ 140.891978, 37.047733 ] } },
{ "type": "Feature", "properties": { "ID": 730730000911, "正式名称": "医療法人成和会　かしまひるた歯科医院", "機関区分": 3, "都道府県コード": 7, "市区町村コード": 204, "所在地": "福島県いわき市鹿島町下蔵持里屋８－１", "緯度": 36.992144, "経度": 140.909736, "url": "https://www.iryou.teikyouseido.mhlw.go.jp/znk-web/juminkanja/S2430/initialize?prefCd=07&kikanCd=0730000911&kikanKbn=3", "url2": null, "内容": "医療法人成和会　かしまひるた歯科医院【3:歯科】福島県いわき市鹿島町下蔵持里屋８－１" }, "geometry": { "type": "Point", "coordinates": [ 140.909736, 36.992144 ] } },
{ "type": "Feature", "properties": { "ID": 730730000918, "正式名称": "杉本歯科医院", "機関区分": 3, "都道府県コード": 7, "市区町村コード": 201, "所在地": "福島県福島市上町３－１０", "緯度": 37.754701, "経度": 140.46899, "url": "https://www.iryou.teikyouseido.mhlw.go.jp/znk-web/juminkanja/S2430/initialize?prefCd=07&kikanCd=0730000918&kikanKbn=3", "url2": null, "内容": "杉本歯科医院【3:歯科】福島県福島市上町３－１０" }, "geometry": { "type": "Point", "coordinates": [ 140.46899, 37.754701 ] } },
{ "type": "Feature", "properties": { "ID": 730730000919, "正式名称": "海野歯科医院", "機関区分": 3, "都道府県コード": 7, "市区町村コード": 201, "所在地": "福島県福島市北五老内町８－５", "緯度": 37.761456, "経度": 140.476642, "url": "https://www.iryou.teikyouseido.mhlw.go.jp/znk-web/juminkanja/S2430/initialize?prefCd=07&kikanCd=0730000919&kikanKbn=3", "url2": null, "内容": "海野歯科医院【3:歯科】福島県福島市北五老内町８－５" }, "geometry": { "type": "Point", "coordinates": [ 140.476642, 37.761456 ] } },
{ "type": "Feature", "properties": { "ID": 730730000920, "正式名称": "いがらし歯科クリニック", "機関区分": 3, "都道府県コード": 7, "市区町村コード": 461, "所在地": "福島県西白河郡西郷村字道南西９７", "緯度": 37.123586, "経度": 140.18735, "url": "https://www.iryou.teikyouseido.mhlw.go.jp/znk-web/juminkanja/S2430/initialize?prefCd=07&kikanCd=0730000920&kikanKbn=3", "url2": null, "内容": "いがらし歯科クリニック【3:歯科】福島県西白河郡西郷村字道南西９７" }, "geometry": { "type": "Point", "coordinates": [ 140.18735, 37.123586 ] } },
{ "type": "Feature", "properties": { "ID": 730730000921, "正式名称": "白澤歯科クリニック", "機関区分": 3, "都道府県コード": 7, "市区町村コード": 214, "所在地": "福島県本宮市本宮字万世１６４番１", "緯度": 37.515669, "経度": 140.395453, "url": "https://www.iryou.teikyouseido.mhlw.go.jp/znk-web/juminkanja/S2430/initialize?prefCd=07&kikanCd=0730000921&kikanKbn=3", "url2": null, "内容": "白澤歯科クリニック【3:歯科】福島県本宮市本宮字万世１６４番１" }, "geometry": { "type": "Point", "coordinates": [ 140.395453, 37.515669 ] } },
{ "type": "Feature", "properties": { "ID": 730730000923, "正式名称": "勢島歯科八島田クリニック", "機関区分": 3, "都道府県コード": 7, "市区町村コード": 201, "所在地": "福島県福島市八島田字中干損田５－１", "緯度": 37.768675, "経度": 140.430475, "url": "https://www.iryou.teikyouseido.mhlw.go.jp/znk-web/juminkanja/S2430/initialize?prefCd=07&kikanCd=0730000923&kikanKbn=3", "url2": null, "内容": "勢島歯科八島田クリニック【3:歯科】福島県福島市八島田字中干損田５－１" }, "geometry": { "type": "Point", "coordinates": [ 140.430475, 37.768675 ] } },
{ "type": "Feature", "properties": { "ID": 730730000924, "正式名称": "医療法人　五光会　よしだ歯科クリニック", "機関区分": 3, "都道府県コード": 7, "市区町村コード": 201, "所在地": "福島県福島市万世町３－３６", "緯度": 37.757825, "経度": 140.465275, "url": "https://www.iryou.teikyouseido.mhlw.go.jp/znk-web/juminkanja/S2430/initialize?prefCd=07&kikanCd=0730000924&kikanKbn=3", "url2": null, "内容": "医療法人　五光会　よしだ歯科クリニック【3:歯科】福島県福島市万世町３－３６" }, "geometry": { "type": "Point", "coordinates": [ 140.465275, 37.757825 ] } },
{ "type": "Feature", "properties": { "ID": 730730000926, "正式名称": "あゆり歯科クリニック", "機関区分": 3, "都道府県コード": 7, "市区町村コード": 466, "所在地": "福島県西白河郡矢吹町一本木４６３－２１", "緯度": 37.199594, "経度": 140.334858, "url": "https://www.iryou.teikyouseido.mhlw.go.jp/znk-web/juminkanja/S2430/initialize?prefCd=07&kikanCd=0730000926&kikanKbn=3", "url2": null, "内容": "あゆり歯科クリニック【3:歯科】福島県西白河郡矢吹町一本木４６３－２１" }, "geometry": { "type": "Point", "coordinates": [ 140.334858, 37.199594 ] } },
{ "type": "Feature", "properties": { "ID": 730730000929, "正式名称": "菊地歯科医院", "機関区分": 3, "都道府県コード": 7, "市区町村コード": 202, "所在地": "福島県会津若松市北青木３－１", "緯度": 37.480261, "経度": 139.936839, "url": "https://www.iryou.teikyouseido.mhlw.go.jp/znk-web/juminkanja/S2430/initialize?prefCd=07&kikanCd=0730000929&kikanKbn=3", "url2": null, "内容": "菊地歯科医院【3:歯科】福島県会津若松市北青木３－１" }, "geometry": { "type": "Point", "coordinates": [ 139.936839, 37.480261 ] } },
{ "type": "Feature", "properties": { "ID": 730730000931, "正式名称": "新白河歯科口腔外科医療クリニック", "機関区分": 3, "都道府県コード": 7, "市区町村コード": 205, "所在地": "福島県白河市新白河４丁目５８番　ウィステリアＫ２", "緯度": 37.118164, "経度": 140.188331, "url": "https://www.iryou.teikyouseido.mhlw.go.jp/znk-web/juminkanja/S2430/initialize?prefCd=07&kikanCd=0730000931&kikanKbn=3", "url2": null, "内容": "新白河歯科口腔外科医療クリニック【3:歯科】福島県白河市新白河４丁目５８番　ウィステリアＫ２" }, "geometry": { "type": "Point", "coordinates": [ 140.188331, 37.118164 ] } },
{ "type": "Feature", "properties": { "ID": 730730000932, "正式名称": "本郷歯科診療所", "機関区分": 3, "都道府県コード": 7, "市区町村コード": 447, "所在地": "福島県大沼郡会津美里町字川原町甲１８２３－１", "緯度": 37.455633, "経度": 139.888314, "url": "https://www.iryou.teikyouseido.mhlw.go.jp/znk-web/juminkanja/S2430/initialize?prefCd=07&kikanCd=0730000932&kikanKbn=3", "url2": null, "内容": "本郷歯科診療所【3:歯科】福島県大沼郡会津美里町字川原町甲１８２３－１" }, "geometry": { "type": "Point", "coordinates": [ 139.888314, 37.455633 ] } },
{ "type": "Feature", "properties": { "ID": 730730000933, "正式名称": "なみ歯科クリニック", "機関区分": 3, "都道府県コード": 7, "市区町村コード": 464, "所在地": "福島県西白河郡泉崎村大字関和久字上野舘２１０－３", "緯度": 37.133558, "経度": 140.311631, "url": "https://www.iryou.teikyouseido.mhlw.go.jp/znk-web/juminkanja/S2430/initialize?prefCd=07&kikanCd=0730000933&kikanKbn=3", "url2": "nami-dental.com", "内容": "なみ歯科クリニック【3:歯科】福島県西白河郡泉崎村大字関和久字上野舘２１０－３" }, "geometry": { "type": "Point", "coordinates": [ 140.311631, 37.133558 ] } },
{ "type": "Feature", "properties": { "ID": 730730000934, "正式名称": "医療法人社団青空会大町病院（歯科）", "機関区分": 3, "都道府県コード": 7, "市区町村コード": 212, "所在地": "福島県南相馬市原町区大町３－９７", "緯度": 37.639961, "経度": 140.967664, "url": "https://www.iryou.teikyouseido.mhlw.go.jp/znk-web/juminkanja/S2430/initialize?prefCd=07&kikanCd=0730000934&kikanKbn=3", "url2": "http://ohmachi.jp/", "内容": "医療法人社団青空会大町病院（歯科）【3:歯科】福島県南相馬市原町区大町３－９７" }, "geometry": { "type": "Point", "coordinates": [ 140.967664, 37.639961 ] } },
{ "type": "Feature", "properties": { "ID": 730730000935, "正式名称": "きみ歯科・口腔外科クリニック", "機関区分": 3, "都道府県コード": 7, "市区町村コード": 202, "所在地": "福島県会津若松市門田町大字黒岩字石高１２２－１", "緯度": 37.472642, "経度": 139.936167, "url": "https://www.iryou.teikyouseido.mhlw.go.jp/znk-web/juminkanja/S2430/initialize?prefCd=07&kikanCd=0730000935&kikanKbn=3", "url2": "http://kimi-dental.com", "内容": "きみ歯科・口腔外科クリニック【3:歯科】福島県会津若松市門田町大字黒岩字石高１２２－１" }, "geometry": { "type": "Point", "coordinates": [ 139.936167, 37.472642 ] } },
{ "type": "Feature", "properties": { "ID": 730730000937, "正式名称": "千石デンタルクリニック", "機関区分": 3, "都道府県コード": 7, "市区町村コード": 202, "所在地": "福島県会津若松市南千石町３－１５", "緯度": 37.492675, "経度": 139.942392, "url": "https://www.iryou.teikyouseido.mhlw.go.jp/znk-web/juminkanja/S2430/initialize?prefCd=07&kikanCd=0730000937&kikanKbn=3", "url2": null, "内容": "千石デンタルクリニック【3:歯科】福島県会津若松市南千石町３－１５" }, "geometry": { "type": "Point", "coordinates": [ 139.942392, 37.492675 ] } },
{ "type": "Feature", "properties": { "ID": 730730000939, "正式名称": "ゆき歯科クリニック", "機関区分": 3, "都道府県コード": 7, "市区町村コード": 207, "所在地": "福島県須賀川市宮先町５１", "緯度": 37.290606, "経度": 140.376075, "url": "https://www.iryou.teikyouseido.mhlw.go.jp/znk-web/juminkanja/S2430/initialize?prefCd=07&kikanCd=0730000939&kikanKbn=3", "url2": null, "内容": "ゆき歯科クリニック【3:歯科】福島県須賀川市宮先町５１" }, "geometry": { "type": "Point", "coordinates": [ 140.376075, 37.290606 ] } },
{ "type": "Feature", "properties": { "ID": 730730000940, "正式名称": "みやぎ矯正歯科", "機関区分": 3, "都道府県コード": 7, "市区町村コード": 202, "所在地": "福島県会津若松市インター西５３　１Ｆ", "緯度": 37.522619, "経度": 139.913719, "url": "https://www.iryou.teikyouseido.mhlw.go.jp/znk-web/juminkanja/S2430/initialize?prefCd=07&kikanCd=0730000940&kikanKbn=3", "url2": "http://www.miyagi-ortho.com", "内容": "みやぎ矯正歯科【3:歯科】福島県会津若松市インター西５３　１Ｆ" }, "geometry": { "type": "Point", "coordinates": [ 139.913719, 37.522619 ] } },
{ "type": "Feature", "properties": { "ID": 730730000942, "正式名称": "ファミリア歯科", "機関区分": 3, "都道府県コード": 7, "市区町村コード": 201, "所在地": "福島県福島市大森字北島２９番１", "緯度": 37.739294, "経度": 140.448811, "url": "https://www.iryou.teikyouseido.mhlw.go.jp/znk-web/juminkanja/S2430/initialize?prefCd=07&kikanCd=0730000942&kikanKbn=3", "url2": "https://www.jda.or.jp/search/detail_82829.html", "内容": "ファミリア歯科【3:歯科】福島県福島市大森字北島２９番１" }, "geometry": { "type": "Point", "coordinates": [ 140.448811, 37.739294 ] } },
{ "type": "Feature", "properties": { "ID": 730730000944, "正式名称": "医療法人こわた歯科医院", "機関区分": 3, "都道府県コード": 7, "市区町村コード": 201, "所在地": "福島県福島市南矢野目字道下４３番地３", "緯度": 37.79225, "経度": 140.454628, "url": "https://www.iryou.teikyouseido.mhlw.go.jp/znk-web/juminkanja/S2430/initialize?prefCd=07&kikanCd=0730000944&kikanKbn=3", "url2": "http://www.kowata-dc.com", "内容": "医療法人こわた歯科医院【3:歯科】福島県福島市南矢野目字道下４３番地３" }, "geometry": { "type": "Point", "coordinates": [ 140.454628, 37.79225 ] } },
{ "type": "Feature", "properties": { "ID": 730730000945, "正式名称": "かいせい歯科クリニック", "機関区分": 3, "都道府県コード": 7, "市区町村コード": 203, "所在地": "福島県郡山市希望ヶ丘１１－１９", "緯度": 37.407892, "経度": 140.340619, "url": "https://www.iryou.teikyouseido.mhlw.go.jp/znk-web/juminkanja/S2430/initialize?prefCd=07&kikanCd=0730000945&kikanKbn=3", "url2": null, "内容": "かいせい歯科クリニック【3:歯科】福島県郡山市希望ヶ丘１１－１９" }, "geometry": { "type": "Point", "coordinates": [ 140.340619, 37.407892 ] } },
{ "type": "Feature", "properties": { "ID": 730730000946, "正式名称": "郡山中央歯科", "機関区分": 3, "都道府県コード": 7, "市区町村コード": 203, "所在地": "福島県郡山市深沢二丁目９－７　クレセント深沢１０１", "緯度": 37.386831, "経度": 140.37, "url": "https://www.iryou.teikyouseido.mhlw.go.jp/znk-web/juminkanja/S2430/initialize?prefCd=07&kikanCd=0730000946&kikanKbn=3", "url2": "http://koriyamachuoshika.com/", "内容": "郡山中央歯科【3:歯科】福島県郡山市深沢二丁目９－７　クレセント深沢１０１" }, "geometry": { "type": "Point", "coordinates": [ 140.37, 37.386831 ] } },
{ "type": "Feature", "properties": { "ID": 730730000947, "正式名称": "医療法人社団空港通歯科医院", "機関区分": 3, "都道府県コード": 7, "市区町村コード": 207, "所在地": "福島県須賀川市高久田境８７－１　メガステージ須賀川内", "緯度": 37.273692, "経度": 140.368917, "url": "https://www.iryou.teikyouseido.mhlw.go.jp/znk-web/juminkanja/S2430/initialize?prefCd=07&kikanCd=0730000947&kikanKbn=3", "url2": "https://www.sukagawa-dc.com/", "内容": "医療法人社団空港通歯科医院【3:歯科】福島県須賀川市高久田境８７－１　メガステージ須賀川内" }, "geometry": { "type": "Point", "coordinates": [ 140.368917, 37.273692 ] } },
{ "type": "Feature", "properties": { "ID": 730730000948, "正式名称": "医療法人社団佐藤歯科医院", "機関区分": 3, "都道府県コード": 7, "市区町村コード": 344, "所在地": "福島県岩瀬郡天栄村大字飯豊字上原２３", "緯度": 37.244222, "経度": 140.294803, "url": "https://www.iryou.teikyouseido.mhlw.go.jp/znk-web/juminkanja/S2430/initialize?prefCd=07&kikanCd=0730000948&kikanKbn=3", "url2": null, "内容": "医療法人社団佐藤歯科医院【3:歯科】福島県岩瀬郡天栄村大字飯豊字上原２３" }, "geometry": { "type": "Point", "coordinates": [ 140.294803, 37.244222 ] } },
{ "type": "Feature", "properties": { "ID": 730730000949, "正式名称": "桜ヶ丘歯科クリニック", "機関区分": 3, "都道府県コード": 7, "市区町村コード": 521, "所在地": "福島県田村郡三春町桜ヶ丘一丁目１－６", "緯度": 37.433322, "経度": 140.496828, "url": "https://www.iryou.teikyouseido.mhlw.go.jp/znk-web/juminkanja/S2430/initialize?prefCd=07&kikanCd=0730000949&kikanKbn=3", "url2": "http://sakuragaoka-dental.jp/index.html", "内容": "桜ヶ丘歯科クリニック【3:歯科】福島県田村郡三春町桜ヶ丘一丁目１－６" }, "geometry": { "type": "Point", "coordinates": [ 140.496828, 37.433322 ] } },
{ "type": "Feature", "properties": { "ID": 730730000950, "正式名称": "医療法人さんデンタルクリニック", "機関区分": 3, "都道府県コード": 7, "市区町村コード": 202, "所在地": "福島県会津若松市千石町１０番１８号", "緯度": 37.497922, "経度": 139.939931, "url": "https://www.iryou.teikyouseido.mhlw.go.jp/znk-web/juminkanja/S2430/initialize?prefCd=07&kikanCd=0730000950&kikanKbn=3", "url2": "http://www.sundental-clinic.com/", "内容": "医療法人さんデンタルクリニック【3:歯科】福島県会津若松市千石町１０番１８号" }, "geometry": { "type": "Point", "coordinates": [ 139.939931, 37.497922 ] } },
{ "type": "Feature", "properties": { "ID": 730730000952, "正式名称": "いわき南歯科クリニック", "機関区分": 3, "都道府県コード": 7, "市区町村コード": 204, "所在地": "福島県いわき市錦町竹ノ花７４－１", "緯度": 36.902967, "経度": 140.788517, "url": "https://www.iryou.teikyouseido.mhlw.go.jp/znk-web/juminkanja/S2430/initialize?prefCd=07&kikanCd=0730000952&kikanKbn=3", "url2": null, "内容": "いわき南歯科クリニック【3:歯科】福島県いわき市錦町竹ノ花７４－１" }, "geometry": { "type": "Point", "coordinates": [ 140.788517, 36.902967 ] } },
{ "type": "Feature", "properties": { "ID": 730730000954, "正式名称": "ごらい歯科クリニック", "機関区分": 3, "都道府県コード": 7, "市区町村コード": 204, "所在地": "福島県いわき市内郷内町立町１－１", "緯度": 37.037119, "経度": 140.852064, "url": "https://www.iryou.teikyouseido.mhlw.go.jp/znk-web/juminkanja/S2430/initialize?prefCd=07&kikanCd=0730000954&kikanKbn=3", "url2": "http://www.gorai-dental.com/", "内容": "ごらい歯科クリニック【3:歯科】福島県いわき市内郷内町立町１－１" }, "geometry": { "type": "Point", "coordinates": [ 140.852064, 37.037119 ] } },
{ "type": "Feature", "properties": { "ID": 730730000956, "正式名称": "平中央歯科クリニック", "機関区分": 3, "都道府県コード": 7, "市区町村コード": 204, "所在地": "福島県いわき市平字小太郎町４－７", "緯度": 37.051806, "経度": 140.892681, "url": "https://www.iryou.teikyouseido.mhlw.go.jp/znk-web/juminkanja/S2430/initialize?prefCd=07&kikanCd=0730000956&kikanKbn=3", "url2": "https://www.tairacentral-dc.com", "内容": "平中央歯科クリニック【3:歯科】福島県いわき市平字小太郎町４－７" }, "geometry": { "type": "Point", "coordinates": [ 140.892681, 37.051806 ] } },
{ "type": "Feature", "properties": { "ID": 730730000957, "正式名称": "高野歯科クリニック", "機関区分": 3, "都道府県コード": 7, "市区町村コード": 204, "所在地": "福島県いわき市小名浜愛宕町８－１１　愛宕ビル２Ｆ", "緯度": 36.952989, "経度": 140.894778, "url": "https://www.iryou.teikyouseido.mhlw.go.jp/znk-web/juminkanja/S2430/initialize?prefCd=07&kikanCd=0730000957&kikanKbn=3", "url2": null, "内容": "高野歯科クリニック【3:歯科】福島県いわき市小名浜愛宕町８－１１　愛宕ビル２Ｆ" }, "geometry": { "type": "Point", "coordinates": [ 140.894778, 36.952989 ] } },
{ "type": "Feature", "properties": { "ID": 730730000958, "正式名称": "医療法人社団茶畑会相馬中央病院（歯科）", "機関区分": 3, "都道府県コード": 7, "市区町村コード": 209, "所在地": "福島県相馬市沖ノ内３－５－１８", "緯度": 37.8067, "経度": 140.934331, "url": "https://www.iryou.teikyouseido.mhlw.go.jp/znk-web/juminkanja/S2430/initialize?prefCd=07&kikanCd=0730000958&kikanKbn=3", "url2": "https://soma-ch.com", "内容": "医療法人社団茶畑会相馬中央病院（歯科）【3:歯科】福島県相馬市沖ノ内３－５－１８" }, "geometry": { "type": "Point", "coordinates": [ 140.934331, 37.8067 ] } },
{ "type": "Feature", "properties": { "ID": 730730000959, "正式名称": "医療法人伸裕会渡辺病院（歯科診療科がある病院）", "機関区分": 3, "都道府県コード": 7, "市区町村コード": 561, "所在地": "福島県相馬郡新地町駒ケ嶺字原９２", "緯度": 37.857072, "経度": 140.914339, "url": "https://www.iryou.teikyouseido.mhlw.go.jp/znk-web/juminkanja/S2430/initialize?prefCd=07&kikanCd=0730000959&kikanKbn=3", "url2": "http://www.watanabe-hospital.or.jp/", "内容": "医療法人伸裕会渡辺病院（歯科診療科がある病院）【3:歯科】福島県相馬郡新地町駒ケ嶺字原９２" }, "geometry": { "type": "Point", "coordinates": [ 140.914339, 37.857072 ] } },
{ "type": "Feature", "properties": { "ID": 730730000963, "正式名称": "医療法人積善堂博多歯科クリニック", "機関区分": 3, "都道府県コード": 7, "市区町村コード": 211, "所在地": "福島県田村市滝根町神俣字関場１１", "緯度": 37.3246, "経度": 140.656561, "url": "https://www.iryou.teikyouseido.mhlw.go.jp/znk-web/juminkanja/S2430/initialize?prefCd=07&kikanCd=0730000963&kikanKbn=3", "url2": null, "内容": "医療法人積善堂博多歯科クリニック【3:歯科】福島県田村市滝根町神俣字関場１１" }, "geometry": { "type": "Point", "coordinates": [ 140.656561, 37.3246 ] } },
{ "type": "Feature", "properties": { "ID": 730730000964, "正式名称": "まり歯科クリニック", "機関区分": 3, "都道府県コード": 7, "市区町村コード": 201, "所在地": "福島県福島市北五老内町６－１０", "緯度": 37.760258, "経度": 140.472556, "url": "https://www.iryou.teikyouseido.mhlw.go.jp/znk-web/juminkanja/S2430/initialize?prefCd=07&kikanCd=0730000964&kikanKbn=3", "url2": null, "内容": "まり歯科クリニック【3:歯科】福島県福島市北五老内町６－１０" }, "geometry": { "type": "Point", "coordinates": [ 140.472556, 37.760258 ] } },
{ "type": "Feature", "properties": { "ID": 730730000965, "正式名称": "つげ歯科クリニック", "機関区分": 3, "都道府県コード": 7, "市区町村コード": 201, "所在地": "福島県福島市二子塚字前林２０－２", "緯度": 37.758611, "経度": 140.387053, "url": "https://www.iryou.teikyouseido.mhlw.go.jp/znk-web/juminkanja/S2430/initialize?prefCd=07&kikanCd=0730000965&kikanKbn=3", "url2": "http://www.tsuge-dental.jp", "内容": "つげ歯科クリニック【3:歯科】福島県福島市二子塚字前林２０－２" }, "geometry": { "type": "Point", "coordinates": [ 140.387053, 37.758611 ] } },
{ "type": "Feature", "properties": { "ID": 730730000967, "正式名称": "医療法人社団新妻歯科医院", "機関区分": 3, "都道府県コード": 7, "市区町村コード": 201, "所在地": "福島県福島市町庭坂字長林１７番２", "緯度": 37.768017, "経度": 140.394056, "url": "https://www.iryou.teikyouseido.mhlw.go.jp/znk-web/juminkanja/S2430/initialize?prefCd=07&kikanCd=0730000967&kikanKbn=3", "url2": null, "内容": "医療法人社団新妻歯科医院【3:歯科】福島県福島市町庭坂字長林１７番２" }, "geometry": { "type": "Point", "coordinates": [ 140.394056, 37.768017 ] } },
{ "type": "Feature", "properties": { "ID": 730730000968, "正式名称": "おかだ歯科医院", "機関区分": 3, "都道府県コード": 7, "市区町村コード": 201, "所在地": "福島県福島市大森字本町裏１０－１", "緯度": 37.728014, "経度": 140.441247, "url": "https://www.iryou.teikyouseido.mhlw.go.jp/znk-web/juminkanja/S2430/initialize?prefCd=07&kikanCd=0730000968&kikanKbn=3", "url2": null, "内容": "おかだ歯科医院【3:歯科】福島県福島市大森字本町裏１０－１" }, "geometry": { "type": "Point", "coordinates": [ 140.441247, 37.728014 ] } },
{ "type": "Feature", "properties": { "ID": 730730000969, "正式名称": "おとろ歯科医院", "機関区分": 3, "都道府県コード": 7, "市区町村コード": 203, "所在地": "福島県郡山市富田東二丁目４０３", "緯度": 37.423444, "経度": 140.362972, "url": "https://www.iryou.teikyouseido.mhlw.go.jp/znk-web/juminkanja/S2430/initialize?prefCd=07&kikanCd=0730000969&kikanKbn=3", "url2": null, "内容": "おとろ歯科医院【3:歯科】福島県郡山市富田東二丁目４０３" }, "geometry": { "type": "Point", "coordinates": [ 140.362972, 37.423444 ] } },
{ "type": "Feature", "properties": { "ID": 730730000970, "正式名称": "コスモス歯科医院", "機関区分": 3, "都道府県コード": 7, "市区町村コード": 203, "所在地": "福島県郡山市大槻町字室ノ木北１０－２", "緯度": 37.37925, "経度": 140.329967, "url": "https://www.iryou.teikyouseido.mhlw.go.jp/znk-web/juminkanja/S2430/initialize?prefCd=07&kikanCd=0730000970&kikanKbn=3", "url2": "kosumosu-shika.com", "内容": "コスモス歯科医院【3:歯科】福島県郡山市大槻町字室ノ木北１０－２" }, "geometry": { "type": "Point", "coordinates": [ 140.329967, 37.37925 ] } },
{ "type": "Feature", "properties": { "ID": 730730000971, "正式名称": "アイラブ歯科クリニック", "機関区分": 3, "都道府県コード": 7, "市区町村コード": 203, "所在地": "福島県郡山市堤一丁目２２", "緯度": 37.398811, "経度": 140.339236, "url": "https://www.iryou.teikyouseido.mhlw.go.jp/znk-web/juminkanja/S2430/initialize?prefCd=07&kikanCd=0730000971&kikanKbn=3", "url2": "http://www9.plala.or.jp/i-love/", "内容": "アイラブ歯科クリニック【3:歯科】福島県郡山市堤一丁目２２" }, "geometry": { "type": "Point", "coordinates": [ 140.339236, 37.398811 ] } },
{ "type": "Feature", "properties": { "ID": 730730000972, "正式名称": "たくみ歯科医院", "機関区分": 3, "都道府県コード": 7, "市区町村コード": 203, "所在地": "福島県郡山市東原３丁目１８３番地", "緯度": 37.430445, "経度": 140.354731, "url": "https://www.iryou.teikyouseido.mhlw.go.jp/znk-web/juminkanja/S2430/initialize?prefCd=07&kikanCd=0730000972&kikanKbn=3", "url2": "http://www.963fukushima.com/", "内容": "たくみ歯科医院【3:歯科】福島県郡山市東原３丁目１８３番地" }, "geometry": { "type": "Point", "coordinates": [ 140.354731, 37.430445 ] } },
{ "type": "Feature", "properties": { "ID": 730730000973, "正式名称": "大徳歯科医院", "機関区分": 3, "都道府県コード": 7, "市区町村コード": 203, "所在地": "福島県郡山市富田町字大徳南９－１２", "緯度": 37.407817, "経度": 140.337064, "url": "https://www.iryou.teikyouseido.mhlw.go.jp/znk-web/juminkanja/S2430/initialize?prefCd=07&kikanCd=0730000973&kikanKbn=3", "url2": null, "内容": "大徳歯科医院【3:歯科】福島県郡山市富田町字大徳南９－１２" }, "geometry": { "type": "Point", "coordinates": [ 140.337064, 37.407817 ] } },
{ "type": "Feature", "properties": { "ID": 730730000974, "正式名称": "医療法人さぎりの会歯科医院　美緒", "機関区分": 3, "都道府県コード": 7, "市区町村コード": 203, "所在地": "福島県郡山市久留米六丁目５３－５", "緯度": 37.379553, "経度": 140.348206, "url": "https://www.iryou.teikyouseido.mhlw.go.jp/znk-web/juminkanja/S2430/initialize?prefCd=07&kikanCd=0730000974&kikanKbn=3", "url2": "http://www.shikaiinmio.com/", "内容": "医療法人さぎりの会歯科医院　美緒【3:歯科】福島県郡山市久留米六丁目５３－５" }, "geometry": { "type": "Point", "coordinates": [ 140.348206, 37.379553 ] } },
{ "type": "Feature", "properties": { "ID": 730730000976, "正式名称": "にへい訪問歯科クリニック", "機関区分": 3, "都道府県コード": 7, "市区町村コード": 203, "所在地": "福島県郡山市横塚一丁目９－２６", "緯度": 37.393861, "経度": 140.398233, "url": "https://www.iryou.teikyouseido.mhlw.go.jp/znk-web/juminkanja/S2430/initialize?prefCd=07&kikanCd=0730000976&kikanKbn=3", "url2": "0249449766.com", "内容": "にへい訪問歯科クリニック【3:歯科】福島県郡山市横塚一丁目９－２６" }, "geometry": { "type": "Point", "coordinates": [ 140.398233, 37.393861 ] } },
{ "type": "Feature", "properties": { "ID": 730730000977, "正式名称": "たんぽぽ歯科医院", "機関区分": 3, "都道府県コード": 7, "市区町村コード": 203, "所在地": "福島県郡山市富久山町福原字東苗内６－１", "緯度": 37.414675, "経度": 140.399275, "url": "https://www.iryou.teikyouseido.mhlw.go.jp/znk-web/juminkanja/S2430/initialize?prefCd=07&kikanCd=0730000977&kikanKbn=3", "url2": null, "内容": "たんぽぽ歯科医院【3:歯科】福島県郡山市富久山町福原字東苗内６－１" }, "geometry": { "type": "Point", "coordinates": [ 140.399275, 37.414675 ] } },
{ "type": "Feature", "properties": { "ID": 730730000978, "正式名称": "医療法人翔菜会　デンタルオフィス郡山", "機関区分": 3, "都道府県コード": 7, "市区町村コード": 203, "所在地": "福島県郡山市桑野四丁目６－５", "緯度": 37.408239, "経度": 140.353981, "url": "https://www.iryou.teikyouseido.mhlw.go.jp/znk-web/juminkanja/S2430/initialize?prefCd=07&kikanCd=0730000978&kikanKbn=3", "url2": "http://www.koriyama-do.com/", "内容": "医療法人翔菜会　デンタルオフィス郡山【3:歯科】福島県郡山市桑野四丁目６－５" }, "geometry": { "type": "Point", "coordinates": [ 140.353981, 37.408239 ] } },
{ "type": "Feature", "properties": { "ID": 730730000979, "正式名称": "ポテト歯科クリニック", "機関区分": 3, "都道府県コード": 7, "市区町村コード": 203, "所在地": "福島県郡山市字名倉３５３", "緯度": 37.372722, "経度": 140.366644, "url": "https://www.iryou.teikyouseido.mhlw.go.jp/znk-web/juminkanja/S2430/initialize?prefCd=07&kikanCd=0730000979&kikanKbn=3", "url2": null, "内容": "ポテト歯科クリニック【3:歯科】福島県郡山市字名倉３５３" }, "geometry": { "type": "Point", "coordinates": [ 140.366644, 37.372722 ] } },
{ "type": "Feature", "properties": { "ID": 730730000980, "正式名称": "医療法人咲田デンタルクリニック", "機関区分": 3, "都道府県コード": 7, "市区町村コード": 203, "所在地": "福島県郡山市咲田二丁目１１－４", "緯度": 37.404092, "経度": 140.377664, "url": "https://www.iryou.teikyouseido.mhlw.go.jp/znk-web/juminkanja/S2430/initialize?prefCd=07&kikanCd=0730000980&kikanKbn=3", "url2": null, "内容": "医療法人咲田デンタルクリニック【3:歯科】福島県郡山市咲田二丁目１１－４" }, "geometry": { "type": "Point", "coordinates": [ 140.377664, 37.404092 ] } },
{ "type": "Feature", "properties": { "ID": 730730000982, "正式名称": "すずらん歯科クリニック", "機関区分": 3, "都道府県コード": 7, "市区町村コード": 203, "所在地": "福島県郡山市香久池二丁目７－２４", "緯度": 37.378731, "経度": 140.373478, "url": "https://www.iryou.teikyouseido.mhlw.go.jp/znk-web/juminkanja/S2430/initialize?prefCd=07&kikanCd=0730000982&kikanKbn=3", "url2": "http://www.suzuran-dc.jp/", "内容": "すずらん歯科クリニック【3:歯科】福島県郡山市香久池二丁目７－２４" }, "geometry": { "type": "Point", "coordinates": [ 140.373478, 37.378731 ] } },
{ "type": "Feature", "properties": { "ID": 730730000983, "正式名称": "ドリームデンタルクリニック", "機関区分": 3, "都道府県コード": 7, "市区町村コード": 203, "所在地": "福島県郡山市朝日一丁目７－１", "緯度": 37.403006, "経度": 140.362431, "url": "https://www.iryou.teikyouseido.mhlw.go.jp/znk-web/juminkanja/S2430/initialize?prefCd=07&kikanCd=0730000983&kikanKbn=3", "url2": "https://www.dream-dental-clinic.jp/", "内容": "ドリームデンタルクリニック【3:歯科】福島県郡山市朝日一丁目７－１" }, "geometry": { "type": "Point", "coordinates": [ 140.362431, 37.403006 ] } },
{ "type": "Feature", "properties": { "ID": 730730000984, "正式名称": "にいつま歯科医院", "機関区分": 3, "都道府県コード": 7, "市区町村コード": 203, "所在地": "福島県郡山市堂前町５－１９　日専連郡山ビル２Ｆ", "緯度": 37.395736, "経度": 140.381636, "url": "https://www.iryou.teikyouseido.mhlw.go.jp/znk-web/juminkanja/S2430/initialize?prefCd=07&kikanCd=0730000984&kikanKbn=3", "url2": null, "内容": "にいつま歯科医院【3:歯科】福島県郡山市堂前町５－１９　日専連郡山ビル２Ｆ" }, "geometry": { "type": "Point", "coordinates": [ 140.381636, 37.395736 ] } },
{ "type": "Feature", "properties": { "ID": 730730000985, "正式名称": "釜田歯科医院", "機関区分": 3, "都道府県コード": 7, "市区町村コード": 203, "所在地": "福島県郡山市緑町１番８号　ＮＯＶＡ白亜１０３号", "緯度": 37.400419, "経度": 140.363756, "url": "https://www.iryou.teikyouseido.mhlw.go.jp/znk-web/juminkanja/S2430/initialize?prefCd=07&kikanCd=0730000985&kikanKbn=3", "url2": "http://www.kamada-dental-clinic.jp", "内容": "釜田歯科医院【3:歯科】福島県郡山市緑町１番８号　ＮＯＶＡ白亜１０３号" }, "geometry": { "type": "Point", "coordinates": [ 140.363756, 37.400419 ] } },
{ "type": "Feature", "properties": { "ID": 730730000986, "正式名称": "医療法人　快晴会　　西部歯科クリニック", "機関区分": 3, "都道府県コード": 7, "市区町村コード": 203, "所在地": "福島県郡山市並木四丁目３－２０", "緯度": 37.410033, "経度": 140.358931, "url": "https://www.iryou.teikyouseido.mhlw.go.jp/znk-web/juminkanja/S2430/initialize?prefCd=07&kikanCd=0730000986&kikanKbn=3", "url2": null, "内容": "医療法人　快晴会　　西部歯科クリニック【3:歯科】福島県郡山市並木四丁目３－２０" }, "geometry": { "type": "Point", "coordinates": [ 140.358931, 37.410033 ] } },
{ "type": "Feature", "properties": { "ID": 730730000987, "正式名称": "エムズデンタルクリニック", "機関区分": 3, "都道府県コード": 7, "市区町村コード": 203, "所在地": "福島県郡山市安積町長久保二丁目７－９", "緯度": 37.358458, "経度": 140.354386, "url": "https://www.iryou.teikyouseido.mhlw.go.jp/znk-web/juminkanja/S2430/initialize?prefCd=07&kikanCd=0730000987&kikanKbn=3", "url2": "http://www.ms-dc.jp/", "内容": "エムズデンタルクリニック【3:歯科】福島県郡山市安積町長久保二丁目７－９" }, "geometry": { "type": "Point", "coordinates": [ 140.354386, 37.358458 ] } },
{ "type": "Feature", "properties": { "ID": 730730000989, "正式名称": "医療法人　にしはら歯科クリニック", "機関区分": 3, "都道府県コード": 7, "市区町村コード": 204, "所在地": "福島県いわき市東田町一丁目１３－１４", "緯度": 36.923694, "経度": 140.802744, "url": "https://www.iryou.teikyouseido.mhlw.go.jp/znk-web/juminkanja/S2430/initialize?prefCd=07&kikanCd=0730000989&kikanKbn=3", "url2": "http://nishiharadc.wix.com/nishiharaclinic", "内容": "医療法人　にしはら歯科クリニック【3:歯科】福島県いわき市東田町一丁目１３－１４" }, "geometry": { "type": "Point", "coordinates": [ 140.802744, 36.923694 ] } },
{ "type": "Feature", "properties": { "ID": 730730000992, "正式名称": "しらかわファミリー歯科・矯正歯科", "機関区分": 3, "都道府県コード": 7, "市区町村コード": 205, "所在地": "福島県白河市老久保２８", "緯度": 37.115831, "経度": 140.198444, "url": "https://www.iryou.teikyouseido.mhlw.go.jp/znk-web/juminkanja/S2430/initialize?prefCd=07&kikanCd=0730000992&kikanKbn=3", "url2": "http://shirakawafamilydent.jp/", "内容": "しらかわファミリー歯科・矯正歯科【3:歯科】福島県白河市老久保２８" }, "geometry": { "type": "Point", "coordinates": [ 140.198444, 37.115831 ] } },
{ "type": "Feature", "properties": { "ID": 730730000993, "正式名称": "蒲生歯科医院", "機関区分": 3, "都道府県コード": 7, "市区町村コード": 542, "所在地": "福島県双葉郡楢葉町大字北田字中満２８９番－３", "緯度": 37.276911, "経度": 140.99605, "url": "https://www.iryou.teikyouseido.mhlw.go.jp/znk-web/juminkanja/S2430/initialize?prefCd=07&kikanCd=0730000993&kikanKbn=3", "url2": null, "内容": "蒲生歯科医院【3:歯科】福島県双葉郡楢葉町大字北田字中満２８９番－３" }, "geometry": { "type": "Point", "coordinates": [ 140.99605, 37.276911 ] } },
{ "type": "Feature", "properties": { "ID": 730730000994, "正式名称": "こんの歯科", "機関区分": 3, "都道府県コード": 7, "市区町村コード": 210, "所在地": "福島県二本松市竹田２－７－１", "緯度": 37.601356, "経度": 140.443608, "url": "https://www.iryou.teikyouseido.mhlw.go.jp/znk-web/juminkanja/S2430/initialize?prefCd=07&kikanCd=0730000994&kikanKbn=3", "url2": null, "内容": "こんの歯科【3:歯科】福島県二本松市竹田２－７－１" }, "geometry": { "type": "Point", "coordinates": [ 140.443608, 37.601356 ] } },
{ "type": "Feature", "properties": { "ID": 730730000995, "正式名称": "レオ歯科医院", "機関区分": 3, "都道府県コード": 7, "市区町村コード": 201, "所在地": "福島県福島市北中川原３６－４", "緯度": 37.772486, "経度": 140.488858, "url": "https://www.iryou.teikyouseido.mhlw.go.jp/znk-web/juminkanja/S2430/initialize?prefCd=07&kikanCd=0730000995&kikanKbn=3", "url2": "http://reoshika.jp/", "内容": "レオ歯科医院【3:歯科】福島県福島市北中川原３６－４" }, "geometry": { "type": "Point", "coordinates": [ 140.488858, 37.772486 ] } },
{ "type": "Feature", "properties": { "ID": 730730000996, "正式名称": "医療法人桜季会桜ヶ丘デンタルクリニック", "機関区分": 3, "都道府県コード": 7, "市区町村コード": 209, "所在地": "福島県相馬市中村字川沼４６番地", "緯度": 37.803514, "経度": 140.917814, "url": "https://www.iryou.teikyouseido.mhlw.go.jp/znk-web/juminkanja/S2430/initialize?prefCd=07&kikanCd=0730000996&kikanKbn=3", "url2": "https://sakuragaokadental.net", "内容": "医療法人桜季会桜ヶ丘デンタルクリニック【3:歯科】福島県相馬市中村字川沼４６番地" }, "geometry": { "type": "Point", "coordinates": [ 140.917814, 37.803514 ] } },
{ "type": "Feature", "properties": { "ID": 730730000998, "正式名称": "円谷・山中歯科クリニック", "機関区分": 3, "都道府県コード": 7, "市区町村コード": 207, "所在地": "福島県須賀川市栗谷沢１００－２０", "緯度": 37.288047, "経度": 140.385519, "url": "https://www.iryou.teikyouseido.mhlw.go.jp/znk-web/juminkanja/S2430/initialize?prefCd=07&kikanCd=0730000998&kikanKbn=3", "url2": null, "内容": "円谷・山中歯科クリニック【3:歯科】福島県須賀川市栗谷沢１００－２０" }, "geometry": { "type": "Point", "coordinates": [ 140.385519, 37.288047 ] } },
{ "type": "Feature", "properties": { "ID": 730730000999, "正式名称": "福島わたなべ矯正歯科", "機関区分": 3, "都道府県コード": 7, "市区町村コード": 201, "所在地": "福島県福島市豊田町１番２号", "緯度": 37.7635, "経度": 140.475756, "url": "https://www.iryou.teikyouseido.mhlw.go.jp/znk-web/juminkanja/S2430/initialize?prefCd=07&kikanCd=0730000999&kikanKbn=3", "url2": "http://www.watanabe-orthodontics.jp/", "内容": "福島わたなべ矯正歯科【3:歯科】福島県福島市豊田町１番２号" }, "geometry": { "type": "Point", "coordinates": [ 140.475756, 37.7635 ] } },
{ "type": "Feature", "properties": { "ID": 730730001000, "正式名称": "スリープ歯科福島院", "機関区分": 3, "都道府県コード": 7, "市区町村コード": 201, "所在地": "福島県福島市北町４－５　ＤＡＮビル３階", "緯度": 37.754289, "経度": 140.472347, "url": "https://www.iryou.teikyouseido.mhlw.go.jp/znk-web/juminkanja/S2430/initialize?prefCd=07&kikanCd=0730001000&kikanKbn=3", "url2": "http://www.sleep-dc.net/access", "内容": "スリープ歯科福島院【3:歯科】福島県福島市北町４－５　ＤＡＮビル３階" }, "geometry": { "type": "Point", "coordinates": [ 140.472347, 37.754289 ] } },
{ "type": "Feature", "properties": { "ID": 730730001001, "正式名称": "なかじま歯科クリニック", "機関区分": 3, "都道府県コード": 7, "市区町村コード": 204, "所在地": "福島県いわき市泉町七丁目１１番地の１２", "緯度": 36.946981, "経度": 140.859611, "url": "https://www.iryou.teikyouseido.mhlw.go.jp/znk-web/juminkanja/S2430/initialize?prefCd=07&kikanCd=0730001001&kikanKbn=3", "url2": "http://www.nakajima-dental-clinic.com", "内容": "なかじま歯科クリニック【3:歯科】福島県いわき市泉町七丁目１１番地の１２" }, "geometry": { "type": "Point", "coordinates": [ 140.859611, 36.946981 ] } },
{ "type": "Feature", "properties": { "ID": 730730001002, "正式名称": "四倉あなだ歯科", "機関区分": 3, "都道府県コード": 7, "市区町村コード": 204, "所在地": "福島県いわき市四倉町字西三丁目５－１", "緯度": 37.105189, "経度": 140.985197, "url": "https://www.iryou.teikyouseido.mhlw.go.jp/znk-web/juminkanja/S2430/initialize?prefCd=07&kikanCd=0730001002&kikanKbn=3", "url2": "https://www.anada.jp/", "内容": "四倉あなだ歯科【3:歯科】福島県いわき市四倉町字西三丁目５－１" }, "geometry": { "type": "Point", "coordinates": [ 140.985197, 37.105189 ] } },
{ "type": "Feature", "properties": { "ID": 730730001003, "正式名称": "祐紀実歯科クリニック", "機関区分": 3, "都道府県コード": 7, "市区町村コード": 204, "所在地": "福島県いわき市平字堂根町１－８", "緯度": 37.052283, "経度": 140.888464, "url": "https://www.iryou.teikyouseido.mhlw.go.jp/znk-web/juminkanja/S2430/initialize?prefCd=07&kikanCd=0730001003&kikanKbn=3", "url2": "http://yukimi-dental.com/", "内容": "祐紀実歯科クリニック【3:歯科】福島県いわき市平字堂根町１－８" }, "geometry": { "type": "Point", "coordinates": [ 140.888464, 37.052283 ] } },
{ "type": "Feature", "properties": { "ID": 730730001005, "正式名称": "四家歯科医院", "機関区分": 3, "都道府県コード": 7, "市区町村コード": 204, "所在地": "福島県いわき市小名浜鳥居北１－１", "緯度": 36.950222, "経度": 140.889667, "url": "https://www.iryou.teikyouseido.mhlw.go.jp/znk-web/juminkanja/S2430/initialize?prefCd=07&kikanCd=0730001005&kikanKbn=3", "url2": null, "内容": "四家歯科医院【3:歯科】福島県いわき市小名浜鳥居北１－１" }, "geometry": { "type": "Point", "coordinates": [ 140.889667, 36.950222 ] } },
{ "type": "Feature", "properties": { "ID": 730730001006, "正式名称": "医療法人優心会　小松歯科矯正クリニック", "機関区分": 3, "都道府県コード": 7, "市区町村コード": 204, "所在地": "福島県いわき市小名浜字横町３６－３", "緯度": 36.949375, "経度": 140.905542, "url": "https://www.iryou.teikyouseido.mhlw.go.jp/znk-web/juminkanja/S2430/initialize?prefCd=07&kikanCd=0730001006&kikanKbn=3", "url2": "http://www.komatsu-smile.jp", "内容": "医療法人優心会　小松歯科矯正クリニック【3:歯科】福島県いわき市小名浜字横町３６－３" }, "geometry": { "type": "Point", "coordinates": [ 140.905542, 36.949375 ] } },
{ "type": "Feature", "properties": { "ID": 730730001007, "正式名称": "あい歯科クリニック", "機関区分": 3, "都道府県コード": 7, "市区町村コード": 204, "所在地": "福島県いわき市勿来町窪田町通り二丁目１２４－１", "緯度": 36.890653, "経度": 140.766389, "url": "https://www.iryou.teikyouseido.mhlw.go.jp/znk-web/juminkanja/S2430/initialize?prefCd=07&kikanCd=0730001007&kikanKbn=3", "url2": null, "内容": "あい歯科クリニック【3:歯科】福島県いわき市勿来町窪田町通り二丁目１２４－１" }, "geometry": { "type": "Point", "coordinates": [ 140.766389, 36.890653 ] } },
{ "type": "Feature", "properties": { "ID": 730730001008, "正式名称": "キリン歯科医院", "機関区分": 3, "都道府県コード": 7, "市区町村コード": 203, "所在地": "福島県郡山市富田町字下西田４６－４", "緯度": 37.411442, "経度": 140.337886, "url": "https://www.iryou.teikyouseido.mhlw.go.jp/znk-web/juminkanja/S2430/initialize?prefCd=07&kikanCd=0730001008&kikanKbn=3", "url2": null, "内容": "キリン歯科医院【3:歯科】福島県郡山市富田町字下西田４６－４" }, "geometry": { "type": "Point", "coordinates": [ 140.337886, 37.411442 ] } },
{ "type": "Feature", "properties": { "ID": 730730001009, "正式名称": "医療法人社団　中央台歯科医院", "機関区分": 3, "都道府県コード": 7, "市区町村コード": 204, "所在地": "福島県いわき市中央台飯野５－１－３", "緯度": 37.020717, "経度": 140.910744, "url": "https://www.iryou.teikyouseido.mhlw.go.jp/znk-web/juminkanja/S2430/initialize?prefCd=07&kikanCd=0730001009&kikanKbn=3", "url2": null, "内容": "医療法人社団　中央台歯科医院【3:歯科】福島県いわき市中央台飯野５－１－３" }, "geometry": { "type": "Point", "coordinates": [ 140.910744, 37.020717 ] } },
{ "type": "Feature", "properties": { "ID": 730730001010, "正式名称": "佐藤歯科医院", "機関区分": 3, "都道府県コード": 7, "市区町村コード": 204, "所在地": "福島県いわき市平字四町目２１－１６", "緯度": 37.056647, "経度": 140.895056, "url": "https://www.iryou.teikyouseido.mhlw.go.jp/znk-web/juminkanja/S2430/initialize?prefCd=07&kikanCd=0730001010&kikanKbn=3", "url2": null, "内容": "佐藤歯科医院【3:歯科】福島県いわき市平字四町目２１－１６" }, "geometry": { "type": "Point", "coordinates": [ 140.895056, 37.056647 ] } },
{ "type": "Feature", "properties": { "ID": 730730001011, "正式名称": "門馬歯科医院", "機関区分": 3, "都道府県コード": 7, "市区町村コード": 204, "所在地": "福島県いわき市小名浜字下町１０", "緯度": 36.949156, "経度": 140.909114, "url": "https://www.iryou.teikyouseido.mhlw.go.jp/znk-web/juminkanja/S2430/initialize?prefCd=07&kikanCd=0730001011&kikanKbn=3", "url2": null, "内容": "門馬歯科医院【3:歯科】福島県いわき市小名浜字下町１０" }, "geometry": { "type": "Point", "coordinates": [ 140.909114, 36.949156 ] } },
{ "type": "Feature", "properties": { "ID": 730730001012, "正式名称": "渡辺医院歯科", "機関区分": 3, "都道府県コード": 7, "市区町村コード": 203, "所在地": "福島県郡山市笹川二丁目２０３　渡辺医院ビル　２Ｆ", "緯度": 37.358361, "経度": 140.371472, "url": "https://www.iryou.teikyouseido.mhlw.go.jp/znk-web/juminkanja/S2430/initialize?prefCd=07&kikanCd=0730001012&kikanKbn=3", "url2": null, "内容": "渡辺医院歯科【3:歯科】福島県郡山市笹川二丁目２０３　渡辺医院ビル　２Ｆ" }, "geometry": { "type": "Point", "coordinates": [ 140.371472, 37.358361 ] } },
{ "type": "Feature", "properties": { "ID": 730730001014, "正式名称": "おきなしま大人こども歯科クリニック", "機関区分": 3, "都道府県コード": 7, "市区町村コード": 408, "所在地": "福島県耶麻郡猪苗代町大字三ツ和字家北８０３－１", "緯度": 37.536431, "経度": 140.073817, "url": "https://www.iryou.teikyouseido.mhlw.go.jp/znk-web/juminkanja/S2430/initialize?prefCd=07&kikanCd=0730001014&kikanKbn=3", "url2": null, "内容": "おきなしま大人こども歯科クリニック【3:歯科】福島県耶麻郡猪苗代町大字三ツ和字家北８０３－１" }, "geometry": { "type": "Point", "coordinates": [ 140.073817, 37.536431 ] } },
{ "type": "Feature", "properties": { "ID": 730730001015, "正式名称": "ホームデンタルクリニック", "機関区分": 3, "都道府県コード": 7, "市区町村コード": 201, "所在地": "福島県福島市八木田字神明４２－２", "緯度": 37.750311, "経度": 140.441628, "url": "https://www.iryou.teikyouseido.mhlw.go.jp/znk-web/juminkanja/S2430/initialize?prefCd=07&kikanCd=0730001015&kikanKbn=3", "url2": "http://homedentalclinic.com", "内容": "ホームデンタルクリニック【3:歯科】福島県福島市八木田字神明４２－２" }, "geometry": { "type": "Point", "coordinates": [ 140.441628, 37.750311 ] } },
{ "type": "Feature", "properties": { "ID": 730730001016, "正式名称": "ＪＡ歯科診療所　きらら歯科医院", "機関区分": 3, "都道府県コード": 7, "市区町村コード": 211, "所在地": "福島県田村市田村市船引町今泉字鳥足３４０番地１号", "緯度": 37.430178, "経度": 140.596061, "url": "https://www.iryou.teikyouseido.mhlw.go.jp/znk-web/juminkanja/S2430/initialize?prefCd=07&kikanCd=0730001016&kikanKbn=3", "url2": null, "内容": "ＪＡ歯科診療所　きらら歯科医院【3:歯科】福島県田村市田村市船引町今泉字鳥足３４０番地１号" }, "geometry": { "type": "Point", "coordinates": [ 140.596061, 37.430178 ] } },
{ "type": "Feature", "properties": { "ID": 730730001017, "正式名称": "ゆきあい歯科クリニック", "機関区分": 3, "都道府県コード": 7, "市区町村コード": 203, "所在地": "福島県郡山市田村町下行合字根柄巻２０－２", "緯度": 37.378817, "経度": 140.408664, "url": "https://www.iryou.teikyouseido.mhlw.go.jp/znk-web/juminkanja/S2430/initialize?prefCd=07&kikanCd=0730001017&kikanKbn=3", "url2": "yukiai-dc.com", "内容": "ゆきあい歯科クリニック【3:歯科】福島県郡山市田村町下行合字根柄巻２０－２" }, "geometry": { "type": "Point", "coordinates": [ 140.408664, 37.378817 ] } },
{ "type": "Feature", "properties": { "ID": 730730001018, "正式名称": "大森たぐち歯科クリニック", "機関区分": 3, "都道府県コード": 7, "市区町村コード": 201, "所在地": "福島県福島市大森字中町１６－５", "緯度": 37.725661, "経度": 140.438528, "url": "https://www.iryou.teikyouseido.mhlw.go.jp/znk-web/juminkanja/S2430/initialize?prefCd=07&kikanCd=0730001018&kikanKbn=3", "url2": "https://www.o-taguchi-dc.com/", "内容": "大森たぐち歯科クリニック【3:歯科】福島県福島市大森字中町１６－５" }, "geometry": { "type": "Point", "coordinates": [ 140.438528, 37.725661 ] } },
{ "type": "Feature", "properties": { "ID": 730730001021, "正式名称": "ＪＡ歯科診療所　のぞみ歯科医院", "機関区分": 3, "都道府県コード": 7, "市区町村コード": 204, "所在地": "福島県いわき市後田町柳町５２", "緯度": 36.922722, "経度": 140.7895, "url": "https://www.iryou.teikyouseido.mhlw.go.jp/znk-web/juminkanja/S2430/initialize?prefCd=07&kikanCd=0730001021&kikanKbn=3", "url2": "http://www.ja-fsakura.or.jp/", "内容": "ＪＡ歯科診療所　のぞみ歯科医院【3:歯科】福島県いわき市後田町柳町５２" }, "geometry": { "type": "Point", "coordinates": [ 140.7895, 36.922722 ] } },
{ "type": "Feature", "properties": { "ID": 730730001022, "正式名称": "トミー歯科クリニック", "機関区分": 3, "都道府県コード": 7, "市区町村コード": 204, "所在地": "福島県いわき市内郷綴町金谷１－３", "緯度": 37.037578, "経度": 140.860433, "url": "https://www.iryou.teikyouseido.mhlw.go.jp/znk-web/juminkanja/S2430/initialize?prefCd=07&kikanCd=0730001022&kikanKbn=3", "url2": "http://tommy-dc.com/", "内容": "トミー歯科クリニック【3:歯科】福島県いわき市内郷綴町金谷１－３" }, "geometry": { "type": "Point", "coordinates": [ 140.860433, 37.037578 ] } },
{ "type": "Feature", "properties": { "ID": 730730001024, "正式名称": "ひぐち歯科クリニック", "機関区分": 3, "都道府県コード": 7, "市区町村コード": 466, "所在地": "福島県西白河郡矢吹町大久保３９４－１", "緯度": 37.184208, "経度": 140.342433, "url": "https://www.iryou.teikyouseido.mhlw.go.jp/znk-web/juminkanja/S2430/initialize?prefCd=07&kikanCd=0730001024&kikanKbn=3", "url2": "http://www.higuchi-shika.jp/sp/", "内容": "ひぐち歯科クリニック【3:歯科】福島県西白河郡矢吹町大久保３９４－１" }, "geometry": { "type": "Point", "coordinates": [ 140.342433, 37.184208 ] } },
{ "type": "Feature", "properties": { "ID": 730730001025, "正式名称": "ＪＵＮ　ＤＥＮＴＡＬ　ＣＬＩＮＩＣ", "機関区分": 3, "都道府県コード": 7, "市区町村コード": 205, "所在地": "福島県白河市新白河１丁目９番１０", "緯度": 37.125311, "経度": 140.191236, "url": "https://www.iryou.teikyouseido.mhlw.go.jp/znk-web/juminkanja/S2430/initialize?prefCd=07&kikanCd=0730001025&kikanKbn=3", "url2": null, "内容": "ＪＵＮ　ＤＥＮＴＡＬ　ＣＬＩＮＩＣ【3:歯科】福島県白河市新白河１丁目９番１０" }, "geometry": { "type": "Point", "coordinates": [ 140.191236, 37.125311 ] } },
{ "type": "Feature", "properties": { "ID": 730730001026, "正式名称": "こばり歯科", "機関区分": 3, "都道府県コード": 7, "市区町村コード": 504, "所在地": "福島県石川郡浅川町大字蓑輪字作田７５", "緯度": 37.068519, "経度": 140.404011, "url": "https://www.iryou.teikyouseido.mhlw.go.jp/znk-web/juminkanja/S2430/initialize?prefCd=07&kikanCd=0730001026&kikanKbn=3", "url2": null, "内容": "こばり歯科【3:歯科】福島県石川郡浅川町大字蓑輪字作田７５" }, "geometry": { "type": "Point", "coordinates": [ 140.404011, 37.068519 ] } },
{ "type": "Feature", "properties": { "ID": 730730001028, "正式名称": "グッスリ歯科クリニック", "機関区分": 3, "都道府県コード": 7, "市区町村コード": 203, "所在地": "福島県郡山市並木二丁目１４－１３", "緯度": 37.413942, "経度": 140.361911, "url": "https://www.iryou.teikyouseido.mhlw.go.jp/znk-web/juminkanja/S2430/initialize?prefCd=07&kikanCd=0730001028&kikanKbn=3", "url2": "https://www.gussuri-sika-clinic.com/", "内容": "グッスリ歯科クリニック【3:歯科】福島県郡山市並木二丁目１４－１３" }, "geometry": { "type": "Point", "coordinates": [ 140.361911, 37.413942 ] } },
{ "type": "Feature", "properties": { "ID": 730730001029, "正式名称": "あおぞら歯科医院", "機関区分": 3, "都道府県コード": 7, "市区町村コード": 204, "所在地": "福島県いわき市小名浜大原字甲新地４４－４", "緯度": 36.956806, "経度": 140.892258, "url": "https://www.iryou.teikyouseido.mhlw.go.jp/znk-web/juminkanja/S2430/initialize?prefCd=07&kikanCd=0730001029&kikanKbn=3", "url2": "http://www.aozora-shika-blue.com/", "内容": "あおぞら歯科医院【3:歯科】福島県いわき市小名浜大原字甲新地４４－４" }, "geometry": { "type": "Point", "coordinates": [ 140.892258, 36.956806 ] } },
{ "type": "Feature", "properties": { "ID": 730730001031, "正式名称": "馬陵歯科診療所", "機関区分": 3, "都道府県コード": 7, "市区町村コード": 209, "所在地": "福島県相馬市中村字塚田６１番１号", "緯度": 37.805756, "経度": 140.91245, "url": "https://www.iryou.teikyouseido.mhlw.go.jp/znk-web/juminkanja/S2430/initialize?prefCd=07&kikanCd=0730001031&kikanKbn=3", "url2": "http://www.baryou-shika.com/", "内容": "馬陵歯科診療所【3:歯科】福島県相馬市中村字塚田６１番１号" }, "geometry": { "type": "Point", "coordinates": [ 140.91245, 37.805756 ] } },
{ "type": "Feature", "properties": { "ID": 730730001033, "正式名称": "鈴木歯科医院", "機関区分": 3, "都道府県コード": 7, "市区町村コード": 212, "所在地": "福島県南相馬市原町区本町３－２０", "緯度": 37.643472, "経度": 140.958656, "url": "https://www.iryou.teikyouseido.mhlw.go.jp/znk-web/juminkanja/S2430/initialize?prefCd=07&kikanCd=0730001033&kikanKbn=3", "url2": null, "内容": "鈴木歯科医院【3:歯科】福島県南相馬市原町区本町３－２０" }, "geometry": { "type": "Point", "coordinates": [ 140.958656, 37.643472 ] } },
{ "type": "Feature", "properties": { "ID": 730730001034, "正式名称": "本内たかはし歯科", "機関区分": 3, "都道府県コード": 7, "市区町村コード": 201, "所在地": "福島県福島市本内字上台３１の１", "緯度": 37.785806, "経度": 140.486939, "url": "https://www.iryou.teikyouseido.mhlw.go.jp/znk-web/juminkanja/S2430/initialize?prefCd=07&kikanCd=0730001034&kikanKbn=3", "url2": null, "内容": "本内たかはし歯科【3:歯科】福島県福島市本内字上台３１の１" }, "geometry": { "type": "Point", "coordinates": [ 140.486939, 37.785806 ] } },
{ "type": "Feature", "properties": { "ID": 730730001035, "正式名称": "栗城歯科医院", "機関区分": 3, "都道府県コード": 7, "市区町村コード": 202, "所在地": "福島県会津若松市滝沢町５－９４", "緯度": 37.504683, "経度": 139.941206, "url": "https://www.iryou.teikyouseido.mhlw.go.jp/znk-web/juminkanja/S2430/initialize?prefCd=07&kikanCd=0730001035&kikanKbn=3", "url2": null, "内容": "栗城歯科医院【3:歯科】福島県会津若松市滝沢町５－９４" }, "geometry": { "type": "Point", "coordinates": [ 139.941206, 37.504683 ] } },
{ "type": "Feature", "properties": { "ID": 730730001036, "正式名称": "北見歯科医院", "機関区分": 3, "都道府県コード": 7, "市区町村コード": 208, "所在地": "福島県喜多方市字御清水南７３５６－１", "緯度": 37.647181, "経度": 139.872992, "url": "https://www.iryou.teikyouseido.mhlw.go.jp/znk-web/juminkanja/S2430/initialize?prefCd=07&kikanCd=0730001036&kikanKbn=3", "url2": null, "内容": "北見歯科医院【3:歯科】福島県喜多方市字御清水南７３５６－１" }, "geometry": { "type": "Point", "coordinates": [ 139.872992, 37.647181 ] } },
{ "type": "Feature", "properties": { "ID": 730730001037, "正式名称": "福田歯科医院", "機関区分": 3, "都道府県コード": 7, "市区町村コード": 208, "所在地": "福島県喜多方市字西四ツ谷３１５", "緯度": 37.648639, "経度": 139.879028, "url": "https://www.iryou.teikyouseido.mhlw.go.jp/znk-web/juminkanja/S2430/initialize?prefCd=07&kikanCd=0730001037&kikanKbn=3", "url2": null, "内容": "福田歯科医院【3:歯科】福島県喜多方市字西四ツ谷３１５" }, "geometry": { "type": "Point", "coordinates": [ 139.879028, 37.648639 ] } },
{ "type": "Feature", "properties": { "ID": 730730001038, "正式名称": "オーラルステーションデンタルクリニック", "機関区分": 3, "都道府県コード": 7, "市区町村コード": 213, "所在地": "福島県伊達市保原町字泉町９０番地２９", "緯度": 37.822078, "経度": 140.549833, "url": "https://www.iryou.teikyouseido.mhlw.go.jp/znk-web/juminkanja/S2430/initialize?prefCd=07&kikanCd=0730001038&kikanKbn=3", "url2": "http://www.oral-station.jp", "内容": "オーラルステーションデンタルクリニック【3:歯科】福島県伊達市保原町字泉町９０番地２９" }, "geometry": { "type": "Point", "coordinates": [ 140.549833, 37.822078 ] } },
{ "type": "Feature", "properties": { "ID": 730730001039, "正式名称": "マーク歯科クリニック", "機関区分": 3, "都道府県コード": 7, "市区町村コード": 201, "所在地": "福島県福島市渡利字沖町１００番地の３", "緯度": 37.745692, "経度": 140.479608, "url": "https://www.iryou.teikyouseido.mhlw.go.jp/znk-web/juminkanja/S2430/initialize?prefCd=07&kikanCd=0730001039&kikanKbn=3", "url2": "https://www.mark-dc.com/", "内容": "マーク歯科クリニック【3:歯科】福島県福島市渡利字沖町１００番地の３" }, "geometry": { "type": "Point", "coordinates": [ 140.479608, 37.745692 ] } },
{ "type": "Feature", "properties": { "ID": 730730001040, "正式名称": "ｋｕｒａｂｅ矯正歯科　白河クリニック", "機関区分": 3, "都道府県コード": 7, "市区町村コード": 205, "所在地": "福島県白河市会津町５８－２３", "緯度": 37.130583, "経度": 140.207903, "url": "https://www.iryou.teikyouseido.mhlw.go.jp/znk-web/juminkanja/S2430/initialize?prefCd=07&kikanCd=0730001040&kikanKbn=3", "url2": "https://www.kurabe-orthodontics.com/", "内容": "ｋｕｒａｂｅ矯正歯科　白河クリニック【3:歯科】福島県白河市会津町５８－２３" }, "geometry": { "type": "Point", "coordinates": [ 140.207903, 37.130583 ] } },
{ "type": "Feature", "properties": { "ID": 730730001041, "正式名称": "医療法人社団　美栄会　郡山ファースト歯科矯正歯科", "機関区分": 3, "都道府県コード": 7, "市区町村コード": 203, "所在地": "福島県郡山市大槻町北ノ林２６－１", "緯度": 37.391544, "経度": 140.334289, "url": "https://www.iryou.teikyouseido.mhlw.go.jp/znk-web/juminkanja/S2430/initialize?prefCd=07&kikanCd=0730001041&kikanKbn=3", "url2": "https://www.k-first-dental.com/", "内容": "医療法人社団　美栄会　郡山ファースト歯科矯正歯科【3:歯科】福島県郡山市大槻町北ノ林２６－１" }, "geometry": { "type": "Point", "coordinates": [ 140.334289, 37.391544 ] } },
{ "type": "Feature", "properties": { "ID": 730730001042, "正式名称": "あさひ歯科", "機関区分": 3, "都道府県コード": 7, "市区町村コード": 208, "所在地": "福島県喜多方市東桜ガ丘二丁目２７番４", "緯度": 37.665033, "経度": 139.876194, "url": "https://www.iryou.teikyouseido.mhlw.go.jp/znk-web/juminkanja/S2430/initialize?prefCd=07&kikanCd=0730001042&kikanKbn=3", "url2": "http://kitakata-asahi-dent.com", "内容": "あさひ歯科【3:歯科】福島県喜多方市東桜ガ丘二丁目２７番４" }, "geometry": { "type": "Point", "coordinates": [ 139.876194, 37.665033 ] } },
{ "type": "Feature", "properties": { "ID": 730730001044, "正式名称": "医療法人　北令会　郡山みなみ歯科・口腔外科", "機関区分": 3, "都道府県コード": 7, "市区町村コード": 203, "所在地": "福島県郡山市田村町金屋字冬室９１ー２", "緯度": 37.366186, "経度": 140.39463, "url": "https://www.iryou.teikyouseido.mhlw.go.jp/znk-web/juminkanja/S2430/initialize?prefCd=07&kikanCd=0730001044&kikanKbn=3", "url2": "https://koriyama-minami.jp", "内容": "医療法人　北令会　郡山みなみ歯科・口腔外科【3:歯科】福島県郡山市田村町金屋字冬室９１ー２" }, "geometry": { "type": "Point", "coordinates": [ 140.39463, 37.366186 ] } },
{ "type": "Feature", "properties": { "ID": 730730001045, "正式名称": "医療法人明生会　たかはら歯科", "機関区分": 3, "都道府県コード": 7, "市区町村コード": 204, "所在地": "福島県いわき市泉滝尻３－１３－４", "緯度": 36.953861, "経度": 140.862928, "url": "https://www.iryou.teikyouseido.mhlw.go.jp/znk-web/juminkanja/S2430/initialize?prefCd=07&kikanCd=0730001045&kikanKbn=3", "url2": "https://iwaki-takaharashika.com", "内容": "医療法人明生会　たかはら歯科【3:歯科】福島県いわき市泉滝尻３－１３－４" }, "geometry": { "type": "Point", "coordinates": [ 140.862928, 36.953861 ] } },
{ "type": "Feature", "properties": { "ID": 730730001046, "正式名称": "ひかりのテラス歯科クリニック", "機関区分": 3, "都道府県コード": 7, "市区町村コード": 204, "所在地": "福島県いわき市小名浜字辰巳町７９", "緯度": 36.946867, "経度": 140.904947, "url": "https://www.iryou.teikyouseido.mhlw.go.jp/znk-web/juminkanja/S2430/initialize?prefCd=07&kikanCd=0730001046&kikanKbn=3", "url2": "https://www.hikari-terrace-dc.com", "内容": "ひかりのテラス歯科クリニック【3:歯科】福島県いわき市小名浜字辰巳町７９" }, "geometry": { "type": "Point", "coordinates": [ 140.904947, 36.946867 ] } },
{ "type": "Feature", "properties": { "ID": 730730001048, "正式名称": "すずかけ歯科医院", "機関区分": 3, "都道府県コード": 7, "市区町村コード": 204, "所在地": "福島県いわき市平字作町２丁目１－１５", "緯度": 37.049331, "経度": 140.901317, "url": "https://www.iryou.teikyouseido.mhlw.go.jp/znk-web/juminkanja/S2430/initialize?prefCd=07&kikanCd=0730001048&kikanKbn=3", "url2": null, "内容": "すずかけ歯科医院【3:歯科】福島県いわき市平字作町２丁目１－１５" }, "geometry": { "type": "Point", "coordinates": [ 140.901317, 37.049331 ] } },
{ "type": "Feature", "properties": { "ID": 730730001049, "正式名称": "遠藤歯科医院", "機関区分": 3, "都道府県コード": 7, "市区町村コード": 204, "所在地": "福島県いわき市平字五色町３６－１", "緯度": 37.054139, "経度": 140.901803, "url": "https://www.iryou.teikyouseido.mhlw.go.jp/znk-web/juminkanja/S2430/initialize?prefCd=07&kikanCd=0730001049&kikanKbn=3", "url2": null, "内容": "遠藤歯科医院【3:歯科】福島県いわき市平字五色町３６－１" }, "geometry": { "type": "Point", "coordinates": [ 140.901803, 37.054139 ] } },
{ "type": "Feature", "properties": { "ID": 730730001050, "正式名称": "まつもと歯科・こども歯科", "機関区分": 3, "都道府県コード": 7, "市区町村コード": 204, "所在地": "福島県いわき市好間町中好間字下川原２２－１", "緯度": 37.060989, "経度": 140.858525, "url": "https://www.iryou.teikyouseido.mhlw.go.jp/znk-web/juminkanja/S2430/initialize?prefCd=07&kikanCd=0730001050&kikanKbn=3", "url2": "mkdc.jp", "内容": "まつもと歯科・こども歯科【3:歯科】福島県いわき市好間町中好間字下川原２２－１" }, "geometry": { "type": "Point", "coordinates": [ 140.858525, 37.060989 ] } },
{ "type": "Feature", "properties": { "ID": 730730001051, "正式名称": "翠遙会ポート歯科医院", "機関区分": 3, "都道府県コード": 7, "市区町村コード": 204, "所在地": "福島県いわき市郷ヶ丘四丁目１８－２５", "緯度": 37.028667, "経度": 140.915175, "url": "https://www.iryou.teikyouseido.mhlw.go.jp/znk-web/juminkanja/S2430/initialize?prefCd=07&kikanCd=0730001051&kikanKbn=3", "url2": "www.port-dental.com", "内容": "翠遙会ポート歯科医院【3:歯科】福島県いわき市郷ヶ丘四丁目１８－２５" }, "geometry": { "type": "Point", "coordinates": [ 140.915175, 37.028667 ] } },
{ "type": "Feature", "properties": { "ID": 730730001052, "正式名称": "医療法人社団ヴィート　かどすみ歯科矯正歯科", "機関区分": 3, "都道府県コード": 7, "市区町村コード": 204, "所在地": "福島県いわき市錦町綾ノ内１２３", "緯度": 36.910272, "経度": 140.783211, "url": "https://www.iryou.teikyouseido.mhlw.go.jp/znk-web/juminkanja/S2430/initialize?prefCd=07&kikanCd=0730001052&kikanKbn=3", "url2": "https://kadosumishika.jp/", "内容": "医療法人社団ヴィート　かどすみ歯科矯正歯科【3:歯科】福島県いわき市錦町綾ノ内１２３" }, "geometry": { "type": "Point", "coordinates": [ 140.783211, 36.910272 ] } },
{ "type": "Feature", "properties": { "ID": 730730001053, "正式名称": "高瀬歯科クリニック", "機関区分": 3, "都道府県コード": 7, "市区町村コード": 204, "所在地": "福島県いわき市錦町上中田１６８", "緯度": 36.901444, "経度": 140.786244, "url": "https://www.iryou.teikyouseido.mhlw.go.jp/znk-web/juminkanja/S2430/initialize?prefCd=07&kikanCd=0730001053&kikanKbn=3", "url2": null, "内容": "高瀬歯科クリニック【3:歯科】福島県いわき市錦町上中田１６８" }, "geometry": { "type": "Point", "coordinates": [ 140.786244, 36.901444 ] } },
{ "type": "Feature", "properties": { "ID": 730730001054, "正式名称": "根岸歯科医院", "機関区分": 3, "都道府県コード": 7, "市区町村コード": 204, "所在地": "福島県いわき市錦町大島４－２", "緯度": 36.907614, "経度": 140.790736, "url": "https://www.iryou.teikyouseido.mhlw.go.jp/znk-web/juminkanja/S2430/initialize?prefCd=07&kikanCd=0730001054&kikanKbn=3", "url2": null, "内容": "根岸歯科医院【3:歯科】福島県いわき市錦町大島４－２" }, "geometry": { "type": "Point", "coordinates": [ 140.790736, 36.907614 ] } },
{ "type": "Feature", "properties": { "ID": 730730001055, "正式名称": "塩歯科医院", "機関区分": 3, "都道府県コード": 7, "市区町村コード": 204, "所在地": "福島県いわき市錦町中迎四丁目７－１０", "緯度": 36.908922, "経度": 140.793683, "url": "https://www.iryou.teikyouseido.mhlw.go.jp/znk-web/juminkanja/S2430/initialize?prefCd=07&kikanCd=0730001055&kikanKbn=3", "url2": null, "内容": "塩歯科医院【3:歯科】福島県いわき市錦町中迎四丁目７－１０" }, "geometry": { "type": "Point", "coordinates": [ 140.793683, 36.908922 ] } },
{ "type": "Feature", "properties": { "ID": 730730001057, "正式名称": "弘仁歯科医院", "機関区分": 3, "都道府県コード": 7, "市区町村コード": 204, "所在地": "福島県いわき市常磐下湯長谷町野木前１７－６", "緯度": 36.993714, "経度": 140.846789, "url": "https://www.iryou.teikyouseido.mhlw.go.jp/znk-web/juminkanja/S2430/initialize?prefCd=07&kikanCd=0730001057&kikanKbn=3", "url2": null, "内容": "弘仁歯科医院【3:歯科】福島県いわき市常磐下湯長谷町野木前１７－６" }, "geometry": { "type": "Point", "coordinates": [ 140.846789, 36.993714 ] } },
{ "type": "Feature", "properties": { "ID": 730730001058, "正式名称": "ひろみ歯科医院", "機関区分": 3, "都道府県コード": 7, "市区町村コード": 204, "所在地": "福島県いわき市常磐上湯長谷町釜ノ前７９－３９", "緯度": 36.998853, "経度": 140.835275, "url": "https://www.iryou.teikyouseido.mhlw.go.jp/znk-web/juminkanja/S2430/initialize?prefCd=07&kikanCd=0730001058&kikanKbn=3", "url2": null, "内容": "ひろみ歯科医院【3:歯科】福島県いわき市常磐上湯長谷町釜ノ前７９－３９" }, "geometry": { "type": "Point", "coordinates": [ 140.835275, 36.998853 ] } },
{ "type": "Feature", "properties": { "ID": 730730001059, "正式名称": "すがわら歯科医院", "機関区分": 3, "都道府県コード": 7, "市区町村コード": 204, "所在地": "福島県いわき市常磐西郷町岩崎１９－１", "緯度": 36.985833, "経度": 140.860081, "url": "https://www.iryou.teikyouseido.mhlw.go.jp/znk-web/juminkanja/S2430/initialize?prefCd=07&kikanCd=0730001059&kikanKbn=3", "url2": null, "内容": "すがわら歯科医院【3:歯科】福島県いわき市常磐西郷町岩崎１９－１" }, "geometry": { "type": "Point", "coordinates": [ 140.860081, 36.985833 ] } },
{ "type": "Feature", "properties": { "ID": 730730001060, "正式名称": "永山歯科医院", "機関区分": 3, "都道府県コード": 7, "市区町村コード": 204, "所在地": "福島県いわき市植田町中央一丁目１６－２", "緯度": 36.920864, "経度": 140.797594, "url": "https://www.iryou.teikyouseido.mhlw.go.jp/znk-web/juminkanja/S2430/initialize?prefCd=07&kikanCd=0730001060&kikanKbn=3", "url2": null, "内容": "永山歯科医院【3:歯科】福島県いわき市植田町中央一丁目１６－２" }, "geometry": { "type": "Point", "coordinates": [ 140.797594, 36.920864 ] } },
{ "type": "Feature", "properties": { "ID": 730730001061, "正式名称": "阿部歯科医院", "機関区分": 3, "都道府県コード": 7, "市区町村コード": 204, "所在地": "福島県いわき市植田町本町一丁目２－１８", "緯度": 36.914664, "経度": 140.796006, "url": "https://www.iryou.teikyouseido.mhlw.go.jp/znk-web/juminkanja/S2430/initialize?prefCd=07&kikanCd=0730001061&kikanKbn=3", "url2": null, "内容": "阿部歯科医院【3:歯科】福島県いわき市植田町本町一丁目２－１８" }, "geometry": { "type": "Point", "coordinates": [ 140.796006, 36.914664 ] } },
{ "type": "Feature", "properties": { "ID": 730730001065, "正式名称": "ひらの歯科医院", "機関区分": 3, "都道府県コード": 7, "市区町村コード": 204, "所在地": "福島県いわき市平字三倉６３－３　三倉エレガンスビル２Ｆ", "緯度": 37.051486, "経度": 140.899206, "url": "https://www.iryou.teikyouseido.mhlw.go.jp/znk-web/juminkanja/S2430/initialize?prefCd=07&kikanCd=0730001065&kikanKbn=3", "url2": null, "内容": "ひらの歯科医院【3:歯科】福島県いわき市平字三倉６３－３　三倉エレガンスビル２Ｆ" }, "geometry": { "type": "Point", "coordinates": [ 140.899206, 37.051486 ] } },
{ "type": "Feature", "properties": { "ID": 730730001066, "正式名称": "阿部歯科医院", "機関区分": 3, "都道府県コード": 7, "市区町村コード": 204, "所在地": "福島県いわき市平字三町目８－１", "緯度": 36.914675, "経度": 140.796031, "url": "https://www.iryou.teikyouseido.mhlw.go.jp/znk-web/juminkanja/S2430/initialize?prefCd=07&kikanCd=0730001066&kikanKbn=3", "url2": null, "内容": "阿部歯科医院【3:歯科】福島県いわき市平字三町目８－１" }, "geometry": { "type": "Point", "coordinates": [ 140.796031, 36.914675 ] } },
{ "type": "Feature", "properties": { "ID": 730730001067, "正式名称": "おおまちデンタルオフィス", "機関区分": 3, "都道府県コード": 7, "市区町村コード": 204, "所在地": "福島県いわき市平字大町７－１　平セントラルビルＢ１", "緯度": 37.053528, "経度": 140.893322, "url": "https://www.iryou.teikyouseido.mhlw.go.jp/znk-web/juminkanja/S2430/initialize?prefCd=07&kikanCd=0730001067&kikanKbn=3", "url2": "https://ohmachi-dental.com", "内容": "おおまちデンタルオフィス【3:歯科】福島県いわき市平字大町７－１　平セントラルビルＢ１" }, "geometry": { "type": "Point", "coordinates": [ 140.893322, 37.053528 ] } },
{ "type": "Feature", "properties": { "ID": 730730001068, "正式名称": "なこそ歯科", "機関区分": 3, "都道府県コード": 7, "市区町村コード": 204, "所在地": "福島県いわき市勿来町窪田町通一丁目２１", "緯度": 36.886978, "経度": 140.771475, "url": "https://www.iryou.teikyouseido.mhlw.go.jp/znk-web/juminkanja/S2430/initialize?prefCd=07&kikanCd=0730001068&kikanKbn=3", "url2": null, "内容": "なこそ歯科【3:歯科】福島県いわき市勿来町窪田町通一丁目２１" }, "geometry": { "type": "Point", "coordinates": [ 140.771475, 36.886978 ] } },
{ "type": "Feature", "properties": { "ID": 730730001069, "正式名称": "みやび歯科・小児歯科", "機関区分": 3, "都道府県コード": 7, "市区町村コード": 308, "所在地": "福島県伊達郡川俣町大字鶴沢字西ノ内２８", "緯度": 37.673272, "経度": 140.567033, "url": "https://www.iryou.teikyouseido.mhlw.go.jp/znk-web/juminkanja/S2430/initialize?prefCd=07&kikanCd=0730001069&kikanKbn=3", "url2": "https://www.miyabif.jp/", "内容": "みやび歯科・小児歯科【3:歯科】福島県伊達郡川俣町大字鶴沢字西ノ内２８" }, "geometry": { "type": "Point", "coordinates": [ 140.567033, 37.673272 ] } },
{ "type": "Feature", "properties": { "ID": 730730001070, "正式名称": "医療法人陽雄会　サンデンタルクリニック", "機関区分": 3, "都道府県コード": 7, "市区町村コード": 201, "所在地": "福島県福島市北矢野目字檀ノ腰１２－５", "緯度": 37.793219, "経度": 140.465056, "url": "https://www.iryou.teikyouseido.mhlw.go.jp/znk-web/juminkanja/S2430/initialize?prefCd=07&kikanCd=0730001070&kikanKbn=3", "url2": null, "内容": "医療法人陽雄会　サンデンタルクリニック【3:歯科】福島県福島市北矢野目字檀ノ腰１２－５" }, "geometry": { "type": "Point", "coordinates": [ 140.465056, 37.793219 ] } },
{ "type": "Feature", "properties": { "ID": 730730001072, "正式名称": "中島歯科医院", "機関区分": 3, "都道府県コード": 7, "市区町村コード": 501, "所在地": "福島県石川郡石川町鹿ノ坂２５", "緯度": 37.147328, "経度": 140.451369, "url": "https://www.iryou.teikyouseido.mhlw.go.jp/znk-web/juminkanja/S2430/initialize?prefCd=07&kikanCd=0730001072&kikanKbn=3", "url2": null, "内容": "中島歯科医院【3:歯科】福島県石川郡石川町鹿ノ坂２５" }, "geometry": { "type": "Point", "coordinates": [ 140.451369, 37.147328 ] } },
{ "type": "Feature", "properties": { "ID": 730730001073, "正式名称": "安藤歯科医院", "機関区分": 3, "都道府県コード": 7, "市区町村コード": 204, "所在地": "福島県いわき市平南白土八ツ坂８０－１", "緯度": 37.041667, "経度": 140.905058, "url": "https://www.iryou.teikyouseido.mhlw.go.jp/znk-web/juminkanja/S2430/initialize?prefCd=07&kikanCd=0730001073&kikanKbn=3", "url2": null, "内容": "安藤歯科医院【3:歯科】福島県いわき市平南白土八ツ坂８０－１" }, "geometry": { "type": "Point", "coordinates": [ 140.905058, 37.041667 ] } },
{ "type": "Feature", "properties": { "ID": 730730001074, "正式名称": "ナチュール歯科", "機関区分": 3, "都道府県コード": 7, "市区町村コード": 201, "所在地": "福島県福島市東浜町５－１２", "緯度": 37.763497, "経度": 140.484486, "url": "https://www.iryou.teikyouseido.mhlw.go.jp/znk-web/juminkanja/S2430/initialize?prefCd=07&kikanCd=0730001074&kikanKbn=3", "url2": "https://www.nature-dent.jp", "内容": "ナチュール歯科【3:歯科】福島県福島市東浜町５－１２" }, "geometry": { "type": "Point", "coordinates": [ 140.484486, 37.763497 ] } },
{ "type": "Feature", "properties": { "ID": 730730001075, "正式名称": "須賀川みらい歯科クリニック", "機関区分": 3, "都道府県コード": 7, "市区町村コード": 207, "所在地": "福島県須賀川市塚田１２５番地", "緯度": 37.298581, "経度": 140.374964, "url": "https://www.iryou.teikyouseido.mhlw.go.jp/znk-web/juminkanja/S2430/initialize?prefCd=07&kikanCd=0730001075&kikanKbn=3", "url2": "https://www.mdc-s.com", "内容": "須賀川みらい歯科クリニック【3:歯科】福島県須賀川市塚田１２５番地" }, "geometry": { "type": "Point", "coordinates": [ 140.374964, 37.298581 ] } },
{ "type": "Feature", "properties": { "ID": 730730001076, "正式名称": "山田歯科", "機関区分": 3, "都道府県コード": 7, "市区町村コード": 201, "所在地": "福島県福島市野田町４丁目７番３号", "緯度": 37.761311, "経度": 140.448972, "url": "https://www.iryou.teikyouseido.mhlw.go.jp/znk-web/juminkanja/S2430/initialize?prefCd=07&kikanCd=0730001076&kikanKbn=3", "url2": "https://ydcf.jp/", "内容": "山田歯科【3:歯科】福島県福島市野田町４丁目７番３号" }, "geometry": { "type": "Point", "coordinates": [ 140.448972, 37.761311 ] } },
{ "type": "Feature", "properties": { "ID": 730730001077, "正式名称": "たてまち歯科クリニック", "機関区分": 3, "都道府県コード": 7, "市区町村コード": 214, "所在地": "福島県本宮市本宮字舘町２２２番２", "緯度": 37.519653, "経度": 140.394233, "url": "https://www.iryou.teikyouseido.mhlw.go.jp/znk-web/juminkanja/S2430/initialize?prefCd=07&kikanCd=0730001077&kikanKbn=3", "url2": null, "内容": "たてまち歯科クリニック【3:歯科】福島県本宮市本宮字舘町２２２番２" }, "geometry": { "type": "Point", "coordinates": [ 140.394233, 37.519653 ] } },
{ "type": "Feature", "properties": { "ID": 730730001078, "正式名称": "奥州福島Ｐｒｅｍｉｕｍデンタルクリニック", "機関区分": 3, "都道府県コード": 7, "市区町村コード": 201, "所在地": "福島県福島市本町１番３号　ＭＯＴＯＭＡＣＨＩ　ＴＷＩＮ　ＳＵＳＵＭＵ　１階", "緯度": 37.754056, "経度": 140.464119, "url": "https://www.iryou.teikyouseido.mhlw.go.jp/znk-web/juminkanja/S2430/initialize?prefCd=07&kikanCd=0730001078&kikanKbn=3", "url2": "https://fukushima-premium.com", "内容": "奥州福島Ｐｒｅｍｉｕｍデンタルクリニック【3:歯科】福島県福島市本町１番３号　ＭＯＴＯＭＡＣＨＩ　ＴＷＩＮ　ＳＵＳＵＭＵ　１階" }, "geometry": { "type": "Point", "coordinates": [ 140.464119, 37.754056 ] } },
{ "type": "Feature", "properties": { "ID": 730730001082, "正式名称": "医療法人　恕心会　うねめ通り歯科クリニック", "機関区分": 3, "都道府県コード": 7, "市区町村コード": 203, "所在地": "福島県郡山市桜木二丁目１９番５号", "緯度": 37.408364, "経度": 140.369281, "url": "https://www.iryou.teikyouseido.mhlw.go.jp/znk-web/juminkanja/S2430/initialize?prefCd=07&kikanCd=0730001082&kikanKbn=3", "url2": "https://www.unemestreet-dental.jp", "内容": "医療法人　恕心会　うねめ通り歯科クリニック【3:歯科】福島県郡山市桜木二丁目１９番５号" }, "geometry": { "type": "Point", "coordinates": [ 140.369281, 37.408364 ] } },
{ "type": "Feature", "properties": { "ID": 730730001083, "正式名称": "もとだ歯科", "機関区分": 3, "都道府県コード": 7, "市区町村コード": 203, "所在地": "福島県郡山市菜根３－１３－１０", "緯度": 37.383028, "経度": 140.367572, "url": "https://www.iryou.teikyouseido.mhlw.go.jp/znk-web/juminkanja/S2430/initialize?prefCd=07&kikanCd=0730001083&kikanKbn=3", "url2": null, "内容": "もとだ歯科【3:歯科】福島県郡山市菜根３－１３－１０" }, "geometry": { "type": "Point", "coordinates": [ 140.367572, 37.383028 ] } },
{ "type": "Feature", "properties": { "ID": 730730001084, "正式名称": "アールエス矯正歯科", "機関区分": 3, "都道府県コード": 7, "市区町村コード": 203, "所在地": "福島県郡山市並木１丁目２１－１１７", "緯度": 37.410383, "経度": 140.366261, "url": "https://www.iryou.teikyouseido.mhlw.go.jp/znk-web/juminkanja/S2430/initialize?prefCd=07&kikanCd=0730001084&kikanKbn=3", "url2": "https://www.rs-orthodontics", "内容": "アールエス矯正歯科【3:歯科】福島県郡山市並木１丁目２１－１１７" }, "geometry": { "type": "Point", "coordinates": [ 140.366261, 37.410383 ] } },
{ "type": "Feature", "properties": { "ID": 730730001085, "正式名称": "医療法人侑心会　こだま歯科・口腔外科クリニック", "機関区分": 3, "都道府県コード": 7, "市区町村コード": 203, "所在地": "福島県郡山市中野一丁目２３番地", "緯度": 37.3931, "経度": 140.332444, "url": "https://www.iryou.teikyouseido.mhlw.go.jp/znk-web/juminkanja/S2430/initialize?prefCd=07&kikanCd=0730001085&kikanKbn=3", "url2": "https://www.kodamadentalclinic.com", "内容": "医療法人侑心会　こだま歯科・口腔外科クリニック【3:歯科】福島県郡山市中野一丁目２３番地" }, "geometry": { "type": "Point", "coordinates": [ 140.332444, 37.3931 ] } },
{ "type": "Feature", "properties": { "ID": 730730001086, "正式名称": "こおりやま予防歯科　こどもとファミリー矯正", "機関区分": 3, "都道府県コード": 7, "市区町村コード": 203, "所在地": "福島県郡山市笹川２－２０５", "緯度": 37.358322, "経度": 140.371637, "url": "https://www.iryou.teikyouseido.mhlw.go.jp/znk-web/juminkanja/S2430/initialize?prefCd=07&kikanCd=0730001086&kikanKbn=3", "url2": "koriyama-yobou.com", "内容": "こおりやま予防歯科　こどもとファミリー矯正【3:歯科】福島県郡山市笹川２－２０５" }, "geometry": { "type": "Point", "coordinates": [ 140.371637, 37.358322 ] } },
{ "type": "Feature", "properties": { "ID": 730730001087, "正式名称": "モアナ歯科医院", "機関区分": 3, "都道府県コード": 7, "市区町村コード": 466, "所在地": "福島県西白河郡矢吹町中町２３０", "緯度": 37.204972, "経度": 140.325961, "url": "https://www.iryou.teikyouseido.mhlw.go.jp/znk-web/juminkanja/S2430/initialize?prefCd=07&kikanCd=0730001087&kikanKbn=3", "url2": null, "内容": "モアナ歯科医院【3:歯科】福島県西白河郡矢吹町中町２３０" }, "geometry": { "type": "Point", "coordinates": [ 140.325961, 37.204972 ] } },
{ "type": "Feature", "properties": { "ID": 730730001088, "正式名称": "さがら歯科", "機関区分": 3, "都道府県コード": 7, "市区町村コード": 201, "所在地": "福島県福島市飯坂町平野北原２－１８", "緯度": 37.815953, "経度": 140.445822, "url": "https://www.iryou.teikyouseido.mhlw.go.jp/znk-web/juminkanja/S2430/initialize?prefCd=07&kikanCd=0730001088&kikanKbn=3", "url2": null, "内容": "さがら歯科【3:歯科】福島県福島市飯坂町平野北原２－１８" }, "geometry": { "type": "Point", "coordinates": [ 140.445822, 37.815953 ] } },
{ "type": "Feature", "properties": { "ID": 730730001089, "正式名称": "宮町デンタルクリニック", "機関区分": 3, "都道府県コード": 7, "市区町村コード": 202, "所在地": "福島県会津若松市宮町２－１　エバーグリーン１Ｆ", "緯度": 37.494314, "経度": 139.934225, "url": "https://www.iryou.teikyouseido.mhlw.go.jp/znk-web/juminkanja/S2430/initialize?prefCd=07&kikanCd=0730001089&kikanKbn=3", "url2": "https://www.miyamachi-dc.com", "内容": "宮町デンタルクリニック【3:歯科】福島県会津若松市宮町２－１　エバーグリーン１Ｆ" }, "geometry": { "type": "Point", "coordinates": [ 139.934225, 37.494314 ] } },
{ "type": "Feature", "properties": { "ID": 730730001090, "正式名称": "医療法人片倉クリニック　白河たていし歯科", "機関区分": 3, "都道府県コード": 7, "市区町村コード": 205, "所在地": "福島県白河市立石１２０－６", "緯度": 37.128639, "経度": 140.199197, "url": "https://www.iryou.teikyouseido.mhlw.go.jp/znk-web/juminkanja/S2430/initialize?prefCd=07&kikanCd=0730001090&kikanKbn=3", "url2": "https://www.katakura-clinic.net/", "内容": "医療法人片倉クリニック　白河たていし歯科【3:歯科】福島県白河市立石１２０－６" }, "geometry": { "type": "Point", "coordinates": [ 140.199197, 37.128639 ] } },
{ "type": "Feature", "properties": { "ID": 730730001091, "正式名称": "医療法人豊栄会ふくしま矯正歯科クリニック", "機関区分": 3, "都道府県コード": 7, "市区町村コード": 201, "所在地": "福島県福島市栄町６－１メディアシティエスタビル２階", "緯度": 37.753895, "経度": 140.4611, "url": "https://www.iryou.teikyouseido.mhlw.go.jp/znk-web/juminkanja/S2430/initialize?prefCd=07&kikanCd=0730001091&kikanKbn=3", "url2": null, "内容": "医療法人豊栄会ふくしま矯正歯科クリニック【3:歯科】福島県福島市栄町６－１メディアシティエスタビル２階" }, "geometry": { "type": "Point", "coordinates": [ 140.4611, 37.753895 ] } },
{ "type": "Feature", "properties": { "ID": 730730001092, "正式名称": "ファミリーとシニアの歯科医院　イオン福島診療所", "機関区分": 3, "都道府県コード": 7, "市区町村コード": 201, "所在地": "福島県福島市南矢野目字西荒田５０番地１７　イオン福島店３階", "緯度": 37.788197, "経度": 140.457625, "url": "https://www.iryou.teikyouseido.mhlw.go.jp/znk-web/juminkanja/S2430/initialize?prefCd=07&kikanCd=0730001092&kikanKbn=3", "url2": "https://aeon-fukushima-dental.jp/", "内容": "ファミリーとシニアの歯科医院　イオン福島診療所【3:歯科】福島県福島市南矢野目字西荒田５０番地１７　イオン福島店３階" }, "geometry": { "type": "Point", "coordinates": [ 140.457625, 37.788197 ] } },
{ "type": "Feature", "properties": { "ID": 730730001093, "正式名称": "三浦歯科医院", "機関区分": 3, "都道府県コード": 7, "市区町村コード": 201, "所在地": "福島県福島市笹木野字町東３－１", "緯度": 37.769067, "経度": 140.421786, "url": "https://www.iryou.teikyouseido.mhlw.go.jp/znk-web/juminkanja/S2430/initialize?prefCd=07&kikanCd=0730001093&kikanKbn=3", "url2": null, "内容": "三浦歯科医院【3:歯科】福島県福島市笹木野字町東３－１" }, "geometry": { "type": "Point", "coordinates": [ 140.421786, 37.769067 ] } },
{ "type": "Feature", "properties": { "ID": 730730001095, "正式名称": "行仁歯科", "機関区分": 3, "都道府県コード": 7, "市区町村コード": 202, "所在地": "福島県会津若松市行仁町２－２０山惣ビル１０１号", "緯度": 37.4970081, "経度": 139.9364717, "url": "https://www.iryou.teikyouseido.mhlw.go.jp/znk-web/juminkanja/S2430/initialize?prefCd=07&kikanCd=0730001095&kikanKbn=3", "url2": "https://gyounin-shika.com/", "内容": "行仁歯科【3:歯科】福島県会津若松市行仁町２－２０山惣ビル１０１号" }, "geometry": { "type": "Point", "coordinates": [ 139.9364717, 37.4970081 ] } },
{ "type": "Feature", "properties": { "ID": 730730001096, "正式名称": "はら歯科口腔外科・嚥下　曽根田駅前", "機関区分": 3, "都道府県コード": 7, "市区町村コード": 201, "所在地": "福島県福島市曽根田町１ー１８ＭＡＸふくしま３階", "緯度": 37.75885, "経度": 140.460022, "url": "https://www.iryou.teikyouseido.mhlw.go.jp/znk-web/juminkanja/S2430/initialize?prefCd=07&kikanCd=0730001096&kikanKbn=3", "url2": "www.sikaenge.com", "内容": "はら歯科口腔外科・嚥下　曽根田駅前【3:歯科】福島県福島市曽根田町１ー１８ＭＡＸふくしま３階" }, "geometry": { "type": "Point", "coordinates": [ 140.460022, 37.75885 ] } },
{ "type": "Feature", "properties": { "ID": 734000000001, "正式名称": "きじまファミリー歯科", "機関区分": 3, "都道府県コード": 7, "市区町村コード": 208, "所在地": "福島県喜多方市押切東一丁目１４番", "緯度": 37.658558, "経度": 139.86706, "url": "https://www.iryou.teikyouseido.mhlw.go.jp/znk-web/juminkanja/S2430/initialize?prefCd=07&kikanCd=4000000001&kikanKbn=3", "url2": "https://kijimafamily-dental.com/", "内容": "きじまファミリー歯科【3:歯科】福島県喜多方市押切東一丁目１４番" }, "geometry": { "type": "Point", "coordinates": [ 139.86706, 37.658558 ] } },
{ "type": "Feature", "properties": { "ID": 734000000004, "正式名称": "山田歯科矯正歯科", "機関区分": 3, "都道府県コード": 7, "市区町村コード": 202, "所在地": "福島県会津若松市東山町石山天寧４１－１０", "緯度": 37.488664, "経度": 139.949556, "url": "https://www.iryou.teikyouseido.mhlw.go.jp/znk-web/juminkanja/S2430/initialize?prefCd=07&kikanCd=4000000004&kikanKbn=3", "url2": "http://www.dc-yamada-ortho.jp", "内容": "山田歯科矯正歯科【3:歯科】福島県会津若松市東山町石山天寧４１－１０" }, "geometry": { "type": "Point", "coordinates": [ 139.949556, 37.488664 ] } },
{ "type": "Feature", "properties": { "ID": 736000000001, "正式名称": "ちば歯科ファミリークリニック", "機関区分": 3, "都道府県コード": 7, "市区町村コード": 209, "所在地": "福島県相馬市中村桜ヶ丘１９６－３", "緯度": 37.802414, "経度": 140.915211, "url": "https://www.iryou.teikyouseido.mhlw.go.jp/znk-web/juminkanja/S2430/initialize?prefCd=07&kikanCd=6000000001&kikanKbn=3", "url2": "https://www.chiba-shika-family.com", "内容": "ちば歯科ファミリークリニック【3:歯科】福島県相馬市中村桜ヶ丘１９６－３" }, "geometry": { "type": "Point", "coordinates": [ 140.915211, 37.802414 ] } },
{ "type": "Feature", "properties": { "ID": 738000000001, "正式名称": "医療法人　海野医院　文化通り矯正歯科", "機関区分": 3, "都道府県コード": 7, "市区町村コード": 203, "所在地": "福島県郡山市堂前町３１－９", "緯度": 37.39506, "経度": 140.37946, "url": "https://www.iryou.teikyouseido.mhlw.go.jp/znk-web/juminkanja/S2430/initialize?prefCd=07&kikanCd=8000000001&kikanKbn=3", "url2": "https://www.bunkadori-ortho.jp/", "内容": "医療法人　海野医院　文化通り矯正歯科【3:歯科】福島県郡山市堂前町３１－９" }, "geometry": { "type": "Point", "coordinates": [ 140.37946, 37.39506 ] } },
{ "type": "Feature", "properties": { "ID": 738000000007, "正式名称": "ほんだデンタルオフィス", "機関区分": 3, "都道府県コード": 7, "市区町村コード": 203, "所在地": "福島県郡山市中町１１－７　アオキヤビル２階", "緯度": 37.39799, "経度": 140.38481, "url": "https://www.iryou.teikyouseido.mhlw.go.jp/znk-web/juminkanja/S2430/initialize?prefCd=07&kikanCd=8000000007&kikanKbn=3", "url2": "https://www.honda-dentaloffice.com", "内容": "ほんだデンタルオフィス【3:歯科】福島県郡山市中町１１－７　アオキヤビル２階" }, "geometry": { "type": "Point", "coordinates": [ 140.38481, 37.39799 ] } },
{ "type": "Feature", "properties": { "ID": 738000000013, "正式名称": "医療法人永井歯科医院　赤木デンタルオフィス", "機関区分": 3, "都道府県コード": 7, "市区町村コード": 203, "所在地": "福島県郡山市赤木町１２－１７", "緯度": 37.401848, "経度": 140.382185, "url": "https://www.iryou.teikyouseido.mhlw.go.jp/znk-web/juminkanja/S2430/initialize?prefCd=07&kikanCd=8000000013&kikanKbn=3", "url2": null, "内容": "医療法人永井歯科医院　赤木デンタルオフィス【3:歯科】福島県郡山市赤木町１２－１７" }, "geometry": { "type": "Point", "coordinates": [ 140.382185, 37.401848 ] } },
{ "type": "Feature", "properties": { "ID": 739000000001, "正式名称": "かしまデンタルクリニック", "機関区分": 3, "都道府県コード": 7, "市区町村コード": 204, "所在地": "福島県いわき市鹿島町久保一丁目１番地の５", "緯度": 36.992183, "経度": 140.906647, "url": "https://www.iryou.teikyouseido.mhlw.go.jp/znk-web/juminkanja/S2430/initialize?prefCd=07&kikanCd=9000000001&kikanKbn=3", "url2": "https://kashimadental.jp/", "内容": "かしまデンタルクリニック【3:歯科】福島県いわき市鹿島町久保一丁目１番地の５" }, "geometry": { "type": "Point", "coordinates": [ 140.906647, 36.992183 ] } },
{ "type": "Feature", "properties": { "ID": 739000000007, "正式名称": "ひかりのテラス歯科クリニックプラス", "機関区分": 3, "都道府県コード": 7, "市区町村コード": 204, "所在地": "福島県いわき市小名浜字辰巳町８５番地", "緯度": 36.94721, "経度": 140.901184, "url": "https://www.iryou.teikyouseido.mhlw.go.jp/znk-web/juminkanja/S2430/initialize?prefCd=07&kikanCd=9000000007&kikanKbn=3", "url2": "https://www.hikari-terrace-plus-dc.com/", "内容": "ひかりのテラス歯科クリニックプラス【3:歯科】福島県いわき市小名浜字辰巳町８５番地" }, "geometry": { "type": "Point", "coordinates": [ 140.901184, 36.94721 ] } },
{ "type": "Feature", "properties": { "ID": 739000000010, "正式名称": "粟谷歯科医院", "機関区分": 3, "都道府県コード": 7, "市区町村コード": 204, "所在地": "福島県いわき市錦町中央一丁目６－７", "緯度": 36.90789, "経度": 140.788452, "url": "https://www.iryou.teikyouseido.mhlw.go.jp/znk-web/juminkanja/S2430/initialize?prefCd=07&kikanCd=9000000010&kikanKbn=3", "url2": null, "内容": "粟谷歯科医院【3:歯科】福島県いわき市錦町中央一丁目６－７" }, "geometry": { "type": "Point", "coordinates": [ 140.788452, 36.90789 ] } },
{ "type": "Feature", "properties": { "ID": 739000000019, "正式名称": "郷ケ丘ファミリー歯科クリニック", "機関区分": 3, "都道府県コード": 7, "市区町村コード": 204, "所在地": "福島県いわき市郷ケ丘２－３７－２", "緯度": 37.025877, "経度": 140.909214, "url": "https://www.iryou.teikyouseido.mhlw.go.jp/znk-web/juminkanja/S2430/initialize?prefCd=07&kikanCd=9000000019&kikanKbn=3", "url2": null, "内容": "郷ケ丘ファミリー歯科クリニック【3:歯科】福島県いわき市郷ケ丘２－３７－２" }, "geometry": { "type": "Point", "coordinates": [ 140.909214, 37.025877 ] } },
{ "type": "Feature", "properties": { "ID": 739000000020, "正式名称": "吉成歯科医院", "機関区分": 3, "都道府県コード": 7, "市区町村コード": 204, "所在地": "福島県いわき市植田町本町二丁目２－１１", "緯度": 36.916412, "経度": 140.798182, "url": "https://www.iryou.teikyouseido.mhlw.go.jp/znk-web/juminkanja/S2430/initialize?prefCd=07&kikanCd=9000000020&kikanKbn=3", "url2": null, "内容": "吉成歯科医院【3:歯科】福島県いわき市植田町本町二丁目２－１１" }, "geometry": { "type": "Point", "coordinates": [ 140.798182, 36.916412 ] } },
{ "type": "Feature", "properties": { "ID": 739000000021, "正式名称": "平まつざき歯科クリニック", "機関区分": 3, "都道府県コード": 7, "市区町村コード": 204, "所在地": "福島県いわき市平六町目６番２ＰａｉｘＰａｉｘ商業棟２Ｆ", "緯度": 37.057041, "経度": 140.898653, "url": "https://www.iryou.teikyouseido.mhlw.go.jp/znk-web/juminkanja/S2430/initialize?prefCd=07&kikanCd=9000000021&kikanKbn=3", "url2": "https://www.taira-matsuzaki-shika.com", "内容": "平まつざき歯科クリニック【3:歯科】福島県いわき市平六町目６番２ＰａｉｘＰａｉｘ商業棟２Ｆ" }, "geometry": { "type": "Point", "coordinates": [ 140.898653, 37.057041 ] } },
{ "type": "Feature", "properties": { "ID": 739000000022, "正式名称": "郷ケ丘すずき歯科医院", "機関区分": 3, "都道府県コード": 7, "市区町村コード": 204, "所在地": "福島県いわき市郷ケ丘二丁目３１－１４", "緯度": 37.025827, "経度": 140.90753, "url": "https://www.iryou.teikyouseido.mhlw.go.jp/znk-web/juminkanja/S2430/initialize?prefCd=07&kikanCd=9000000022&kikanKbn=3", "url2": null, "内容": "郷ケ丘すずき歯科医院【3:歯科】福島県いわき市郷ケ丘二丁目３１－１４" }, "geometry": { "type": "Point", "coordinates": [ 140.90753, 37.025827 ] } },
{ "type": "Feature", "properties": { "ID": 739000000023, "正式名称": "高坂町歯科クリニック", "機関区分": 3, "都道府県コード": 7, "市区町村コード": 204, "所在地": "福島県いわき市内郷高坂町大町１６－１", "緯度": 37.045393, "経度": 140.861719, "url": "https://www.iryou.teikyouseido.mhlw.go.jp/znk-web/juminkanja/S2430/initialize?prefCd=07&kikanCd=9000000023&kikanKbn=3", "url2": null, "内容": "高坂町歯科クリニック【3:歯科】福島県いわき市内郷高坂町大町１６－１" }, "geometry": { "type": "Point", "coordinates": [ 140.861719, 37.045393 ] } }
]
}
