{
"type": "FeatureCollection",
"name": "geo_07_通所介護",
"crs": { "type": "name", "properties": { "name": "urn:ogc:def:crs:OGC:1.3:CRS84" } },
"features": [
{ "type": "Feature", "properties": { "内容": "すこやか・ラコパ【通所介護】福島県福島市仲間町4-8", "url": "https://www.kaigokensaku.mhlw.go.jp/07/index.php?action_kouhyou_detail_004_kani=true&JigyosyoCd=0770104214-00&ServiceCd=150&Type=search", "url2": "http://www.sukoyakanosato,jp/" }, "geometry": { "type": "Point", "coordinates": [ 140.470288204090821, 37.757374824281506 ] } },
{ "type": "Feature", "properties": { "内容": "通所介護リハビリステーション最幸【通所介護】福島県福島市笹谷字稲場28-5", "url": "https://www.kaigokensaku.mhlw.go.jp/07/index.php?action_kouhyou_detail_004_kani=true&JigyosyoCd=0770104693-00&ServiceCd=150&Type=search", "url2": "http://3150-reha.jp/" }, "geometry": { "type": "Point", "coordinates": [ 140.446683477909801, 37.78930855730529 ] } },
{ "type": "Feature", "properties": { "内容": "ツクイ福島黒岩【通所介護】福島県福島市黒岩字素利町8-1", "url": "https://www.kaigokensaku.mhlw.go.jp/07/index.php?action_kouhyou_detail_004_kani=true&JigyosyoCd=0770105856-00&ServiceCd=150&Type=search", "url2": "https://www.tsukui.net/" }, "geometry": { "type": "Point", "coordinates": [ 140.459934, 37.726101 ] } },
{ "type": "Feature", "properties": { "内容": "おおぞらデイサービスセンター【通所介護】福島県福島市飯坂町字笠松46-4", "url": "https://www.kaigokensaku.mhlw.go.jp/07/index.php?action_kouhyou_detail_004_kani=true&JigyosyoCd=0770101871-00&ServiceCd=150&Type=search", "url2": "https://oozora.ordermade.jp/" }, "geometry": { "type": "Point", "coordinates": [ 140.446175429195904, 37.834525361046126 ] } },
{ "type": "Feature", "properties": { "内容": "共生型通所介護事業所はみんぐ【通所介護】福島県福島市御山字一本木２５番地の５", "url": "https://www.kaigokensaku.mhlw.go.jp/07/index.php?action_kouhyou_detail_004_kani=true&JigyosyoCd=0770106243-00&ServiceCd=150&Type=search", "url2": "https://www.earth-wave.net/" }, "geometry": { "type": "Point", "coordinates": [ 140.4612271, 37.7778696 ] } },
{ "type": "Feature", "properties": { "内容": "デイサービスセンター飯野ふるさと村【通所介護】福島県福島市飯野町大久保字古枝41番1", "url": "https://www.kaigokensaku.mhlw.go.jp/07/index.php?action_kouhyou_detail_004_kani=true&JigyosyoCd=0770105054-00&ServiceCd=150&Type=search", "url2": "www.iino-furusatomura.com" }, "geometry": { "type": "Point", "coordinates": [ 140.536729899999955, 37.6714723 ] } },
{ "type": "Feature", "properties": { "内容": "すこやかの里デイサービスセンター指定通所介護事業所【通所介護】福島県福島市沖高字中島14-1", "url": "https://www.kaigokensaku.mhlw.go.jp/07/index.php?action_kouhyou_detail_004_kani=true&JigyosyoCd=0770101772-00&ServiceCd=150&Type=search", "url2": "http://www.sukoyakanosato.jp" }, "geometry": { "type": "Point", "coordinates": [ 140.47133830000007, 37.7998744 ] } },
{ "type": "Feature", "properties": { "内容": "コンパスウォーク野田町【通所介護】福島県福島市野田町6丁目１１ー２８", "url": "https://www.kaigokensaku.mhlw.go.jp/07/index.php?action_kouhyou_detail_004_kani=true&JigyosyoCd=0770106136-00&ServiceCd=150&Type=search", "url2": "https://keigo-group.co.jp/shop/fukushimaken/1128/" }, "geometry": { "type": "Point", "coordinates": [ 140.4416377, 37.7571956 ] } },
{ "type": "Feature", "properties": { "内容": "コンパスウォーク福島笹谷【通所介護】福島県福島市笹谷字中田４－２", "url": "https://www.kaigokensaku.mhlw.go.jp/07/index.php?action_kouhyou_detail_004_kani=true&JigyosyoCd=0770106409-00&ServiceCd=150&Type=search", "url2": null }, "geometry": { "type": "Point", "coordinates": [ 140.4357786, 37.7946499 ] } },
{ "type": "Feature", "properties": { "内容": "南沢又デイサービスセンターすこやか指定通所介護事業所【通所介護】福島県福島市南沢又字上河原25-1南沢又団地３号棟", "url": "https://www.kaigokensaku.mhlw.go.jp/07/index.php?action_kouhyou_detail_004_kani=true&JigyosyoCd=0770101160-00&ServiceCd=150&Type=search", "url2": "http://sukoyakanosato.jp" }, "geometry": { "type": "Point", "coordinates": [ 140.4330501, 37.7824125 ] } },
{ "type": "Feature", "properties": { "内容": "ツクイ福島笹谷【通所介護】福島県福島市笹谷字東中條10-1", "url": "https://www.kaigokensaku.mhlw.go.jp/07/index.php?action_kouhyou_detail_004_kani=true&JigyosyoCd=0770105849-00&ServiceCd=150&Type=search", "url2": "http://www.tsukui.net" }, "geometry": { "type": "Point", "coordinates": [ 140.4439917, 37.7877825 ] } },
{ "type": "Feature", "properties": { "内容": "渡利ケアセンターそよ風【通所介護】福島県福島市渡利字番匠町58-1", "url": "https://www.kaigokensaku.mhlw.go.jp/07/index.php?action_kouhyou_detail_004_kani=true&JigyosyoCd=0770105971-00&ServiceCd=150&Type=search", "url2": null }, "geometry": { "type": "Point", "coordinates": [ 140.479479765081777, 37.74802987245247 ] } },
{ "type": "Feature", "properties": { "内容": "通所介護あゆみ【通所介護】福島県福島市在庭坂字松原11-52", "url": "https://www.kaigokensaku.mhlw.go.jp/07/index.php?action_kouhyou_detail_004_kani=true&JigyosyoCd=0770105898-00&ServiceCd=150&Type=search", "url2": null }, "geometry": { "type": "Point", "coordinates": [ 140.361083338098126, 37.764720388844928 ] } },
{ "type": "Feature", "properties": { "内容": "サポート24シニアスタンダーズデイサービスリハビリセンター【通所介護】御山字松川原1-22", "url": "https://www.kaigokensaku.mhlw.go.jp/07/index.php?action_kouhyou_detail_004_kani=true&JigyosyoCd=0770105732-00&ServiceCd=150&Type=search", "url2": "http://senior-standards-house.com/about/" }, "geometry": { "type": "Point", "coordinates": [ 140.4650031, 37.7813873 ] } },
{ "type": "Feature", "properties": { "内容": "デイサービスセンター土湯宝生園指定通所介護事業所【通所介護】福島県福島市土湯温泉町字坂ノ上23番地", "url": "https://www.kaigokensaku.mhlw.go.jp/07/index.php?action_kouhyou_detail_004_kani=true&JigyosyoCd=0770100444-00&ServiceCd=150&Type=search", "url2": "https://www.tahokai.jp" }, "geometry": { "type": "Point", "coordinates": [ 140.3284433, 37.6822148 ] } },
{ "type": "Feature", "properties": { "内容": "デイサービスセンター　絆【通所介護】福島県福島市町庭坂字原ノ内３－２", "url": "https://www.kaigokensaku.mhlw.go.jp/07/index.php?action_kouhyou_detail_004_kani=true&JigyosyoCd=0770103679-00&ServiceCd=150&Type=search", "url2": "fuji-sato.com" }, "geometry": { "type": "Point", "coordinates": [ 140.3897915, 37.7757444 ] } },
{ "type": "Feature", "properties": { "内容": "ツクイ福島鎌田【通所介護】福島県福島市鎌田字赤沼28-3", "url": "https://www.kaigokensaku.mhlw.go.jp/07/index.php?action_kouhyou_detail_004_kani=true&JigyosyoCd=0770105831-00&ServiceCd=150&Type=search", "url2": "https://www.tsukui.net/home-care/2623/" }, "geometry": { "type": "Point", "coordinates": [ 140.4878091, 37.7930376 ] } },
{ "type": "Feature", "properties": { "内容": "ロング・ライフ　デイサービスセンター【通所介護】福島県福島市松川町字産子内１番地の１", "url": "https://www.kaigokensaku.mhlw.go.jp/07/index.php?action_kouhyou_detail_004_kani=true&JigyosyoCd=0770101137-00&ServiceCd=150&Type=search", "url2": "http://www.life-time-fukushima.jp/" }, "geometry": { "type": "Point", "coordinates": [ 140.478043399999933, 37.6672997 ] } },
{ "type": "Feature", "properties": { "内容": "リハビリセンター虹【通所介護】福島県福島市野田町１丁目１３－５８", "url": "https://www.kaigokensaku.mhlw.go.jp/07/index.php?action_kouhyou_detail_004_kani=true&JigyosyoCd=0770103455-00&ServiceCd=150&Type=search", "url2": "http://www.kirari-hcoop.com/" }, "geometry": { "type": "Point", "coordinates": [ 140.449536099999932, 37.754767199999982 ] } },
{ "type": "Feature", "properties": { "内容": "デイサービスセンター「輝きの郷」【通所介護】福島県福島市山口字七口13-1", "url": "https://www.kaigokensaku.mhlw.go.jp/07/index.php?action_kouhyou_detail_004_kani=true&JigyosyoCd=0770101293-00&ServiceCd=150&Type=search", "url2": "http://www.sosei.org" }, "geometry": { "type": "Point", "coordinates": [ 140.512499599999956, 37.7648788 ] } },
{ "type": "Feature", "properties": { "内容": "陽光園デイサービスセンター【通所介護】福島県福島市南沢又字水門下１６０番地の３", "url": "https://www.kaigokensaku.mhlw.go.jp/07/index.php?action_kouhyou_detail_004_kani=true&JigyosyoCd=0770101277-00&ServiceCd=150&Type=search", "url2": "http://www.youkoukai.jp/" }, "geometry": { "type": "Point", "coordinates": [ 140.411344399999962, 37.78223 ] } },
{ "type": "Feature", "properties": { "内容": "デイサービスセンターおぐらじ【通所介護】福島県福島市小倉寺字兜石１", "url": "https://www.kaigokensaku.mhlw.go.jp/07/index.php?action_kouhyou_detail_004_kani=true&JigyosyoCd=0770103612-00&ServiceCd=150&Type=search", "url2": "http://www.tender-info.co.jp" }, "geometry": { "type": "Point", "coordinates": [ 140.471073899999965, 37.739522 ] } },
{ "type": "Feature", "properties": { "内容": "デイサービスセンターはなゆまち【通所介護】福島県福島市飯坂町字湯町３７－１", "url": "https://www.kaigokensaku.mhlw.go.jp/07/index.php?action_kouhyou_detail_004_kani=true&JigyosyoCd=0770104735-00&ServiceCd=150&Type=search", "url2": "http://watari-fukushikai.jp" }, "geometry": { "type": "Point", "coordinates": [ 140.451194845368974, 37.832116260711118 ] } },
{ "type": "Feature", "properties": { "内容": "デイサービスステーション「回生」【通所介護】福島県福島市西中央4-13-2", "url": "https://www.kaigokensaku.mhlw.go.jp/07/index.php?action_kouhyou_detail_004_kani=true&JigyosyoCd=0770102630-00&ServiceCd=150&Type=search", "url2": "https://kaiseido.or.jp/index.php" }, "geometry": { "type": "Point", "coordinates": [ 140.430992623278854, 37.759412649490166 ] } },
{ "type": "Feature", "properties": { "内容": "レッツ俱楽部清明【通所介護】福島県福島市清明町1-7大河原ビル1階", "url": "https://www.kaigokensaku.mhlw.go.jp/07/index.php?action_kouhyou_detail_004_kani=true&JigyosyoCd=0770106029-00&ServiceCd=150&Type=search", "url2": "https://www.lets-club.jp/shop/seimei/" }, "geometry": { "type": "Point", "coordinates": [ 140.4608422, 37.7477334 ] } },
{ "type": "Feature", "properties": { "内容": "指定通所介護事業所　老人デイサービスセンター　はなひらの【通所介護】福島県福島市飯坂町平野字小深田　１番地５号", "url": "https://www.kaigokensaku.mhlw.go.jp/07/index.php?action_kouhyou_detail_004_kani=true&JigyosyoCd=0770100485-00&ServiceCd=150&Type=search", "url2": "http://www.watari-fukushikai.jp" }, "geometry": { "type": "Point", "coordinates": [ 140.44077429999993, 37.8015067 ] } },
{ "type": "Feature", "properties": { "内容": "ケアパートナー福島【通所介護】福島県福島市南矢野目字荒屋敷55-1セントラルパーク101", "url": "https://www.kaigokensaku.mhlw.go.jp/07/index.php?action_kouhyou_detail_004_kani=true&JigyosyoCd=0770102531-00&ServiceCd=150&Type=search", "url2": "https://www.care-partner.com/" }, "geometry": { "type": "Point", "coordinates": [ 140.458681399999989, 37.7901597 ] } },
{ "type": "Feature", "properties": { "内容": "指定通所介護事業所デイサービスセンター　はなしのぶ【通所介護】福島県福島市平石字堰ノ上3", "url": "https://www.kaigokensaku.mhlw.go.jp/07/index.php?action_kouhyou_detail_004_kani=true&JigyosyoCd=0770102085-00&ServiceCd=150&Type=search", "url2": "http://www.watari-fukushikai.jp/" }, "geometry": { "type": "Point", "coordinates": [ 140.446754899999974, 37.7140081 ] } },
{ "type": "Feature", "properties": { "内容": "デイサービスセンターあづまの郷【通所介護】福島県福島市上鳥渡字北河原2-1", "url": "https://www.kaigokensaku.mhlw.go.jp/07/index.php?action_kouhyou_detail_004_kani=true&JigyosyoCd=0770105252-00&ServiceCd=150&Type=search", "url2": "https://sakura-fukushikai.hp.peraichi.com/" }, "geometry": { "type": "Point", "coordinates": [ 140.4111014, 37.7326049 ] } },
{ "type": "Feature", "properties": { "内容": "さわやかアイリスデイサービスセンター【通所介護】福島県福島市在庭坂字志津山６番地の１", "url": "https://www.kaigokensaku.mhlw.go.jp/07/index.php?action_kouhyou_detail_004_kani=true&JigyosyoCd=0770100923-00&ServiceCd=150&Type=search", "url2": "https://sawayaka-iris.jp/" }, "geometry": { "type": "Point", "coordinates": [ 140.366511299999956, 37.75974 ] } },
{ "type": "Feature", "properties": { "内容": "福島市飯野デイサービスセンター【通所介護】福島県福島市飯野町字西宮平25番地の1", "url": "https://www.kaigokensaku.mhlw.go.jp/07/index.php?action_kouhyou_detail_004_kani=true&JigyosyoCd=0770103125-00&ServiceCd=150&Type=search", "url2": "http://www.f-shishakyo.or.jp/" }, "geometry": { "type": "Point", "coordinates": [ 140.539746599999944, 37.6528607 ] } },
{ "type": "Feature", "properties": { "内容": "デイサービスたゆたふ【通所介護】福島県福島市笹木野字町裏2-7", "url": "https://www.kaigokensaku.mhlw.go.jp/07/index.php?action_kouhyou_detail_004_kani=true&JigyosyoCd=0770106110-00&ServiceCd=150&Type=search", "url2": "http://www.maru-kita.co.jp/" }, "geometry": { "type": "Point", "coordinates": [ 140.4219553, 37.7668509 ] } },
{ "type": "Feature", "properties": { "内容": "福島医療生協デイサービスセンターひだまり【通所介護】福島県福島市渡利字中江町40-1", "url": "https://www.kaigokensaku.mhlw.go.jp/07/index.php?action_kouhyou_detail_004_kani=true&JigyosyoCd=0770104404-00&ServiceCd=150&Type=search", "url2": null }, "geometry": { "type": "Point", "coordinates": [ 140.483078200000023, 37.7481962 ] } },
{ "type": "Feature", "properties": { "内容": "元気サポート笹谷【通所介護】福島県福島市笹谷字稲場23－4", "url": "https://www.kaigokensaku.mhlw.go.jp/07/index.php?action_kouhyou_detail_004_kani=true&JigyosyoCd=0770106284-00&ServiceCd=150&Type=search", "url2": "https://www.jisyokai.jp" }, "geometry": { "type": "Point", "coordinates": [ 140.446867264418017, 37.787672350890801 ] } },
{ "type": "Feature", "properties": { "内容": "元気サポート生活機能向上センター【通所介護】福島県福島市笹谷字稲場23-4", "url": "https://www.kaigokensaku.mhlw.go.jp/07/index.php?action_kouhyou_detail_004_kani=true&JigyosyoCd=0770106292-00&ServiceCd=150&Type=search", "url2": "https://www.jisyokai.jp" }, "geometry": { "type": "Point", "coordinates": [ 140.446861899999988, 37.787676590319769 ] } },
{ "type": "Feature", "properties": { "内容": "ひまわり苑　デイサービスセンター【通所介護】福島県福島市田沢字入２０番地", "url": "https://www.kaigokensaku.mhlw.go.jp/07/index.php?action_kouhyou_detail_004_kani=true&JigyosyoCd=0770100782-00&ServiceCd=150&Type=search", "url2": "http://www.seijukai.org/" }, "geometry": { "type": "Point", "coordinates": [ 140.491273800000045, 37.7014405 ] } },
{ "type": "Feature", "properties": { "内容": "デイサービスセンター　信夫の里【通所介護】福島県福島市仁井田字下川原17番地", "url": "https://www.kaigokensaku.mhlw.go.jp/07/index.php?action_kouhyou_detail_004_kani=true&JigyosyoCd=0770102887-00&ServiceCd=150&Type=search", "url2": "http://sinobunosato-welfare.jp/" }, "geometry": { "type": "Point", "coordinates": [ 140.438073499999973, 37.7533837 ] } },
{ "type": "Feature", "properties": { "内容": "ハッピー愛ランド　デイサービスセンター【通所介護】福島県福島市南矢野目字才ノ後６－２", "url": "https://www.kaigokensaku.mhlw.go.jp/07/index.php?action_kouhyou_detail_004_kani=true&JigyosyoCd=0770100469-00&ServiceCd=150&Type=search", "url2": "http://www.happyisland.org/" }, "geometry": { "type": "Point", "coordinates": [ 140.473006116671769, 37.788707308694683 ] } },
{ "type": "Feature", "properties": { "内容": "デイサービスセンター万葉【通所介護】福島市松川町字南諏訪６番地の１", "url": "https://www.kaigokensaku.mhlw.go.jp/07/index.php?action_kouhyou_detail_004_kani=true&JigyosyoCd=0770103802-00&ServiceCd=150&Type=search", "url2": "http://care-net.biz/07/midorinosato/" }, "geometry": { "type": "Point", "coordinates": [ 140.46006710000006, 37.6601165 ] } },
{ "type": "Feature", "properties": { "内容": "福島市中央デイサービスセンター【通所介護】福島県福島市森合町10-1", "url": "https://www.kaigokensaku.mhlw.go.jp/07/index.php?action_kouhyou_detail_004_kani=true&JigyosyoCd=0770101020-00&ServiceCd=150&Type=search", "url2": "http://www.f-shishakyo.or.jp/" }, "geometry": { "type": "Point", "coordinates": [ 140.463348499999938, 37.7631082 ] } },
{ "type": "Feature", "properties": { "内容": "老人デイサービスセンターはなみずき【通所介護】福島市渡利字中江町29-3", "url": "https://www.kaigokensaku.mhlw.go.jp/07/index.php?action_kouhyou_detail_004_kani=true&JigyosyoCd=0770101491-00&ServiceCd=150&Type=search", "url2": "www.watari-fukushikai.jp" }, "geometry": { "type": "Point", "coordinates": [ 140.483439299999986, 37.7474268 ] } },
{ "type": "Feature", "properties": { "内容": "デイサービスセンター　風の丘【通所介護】福島県福島市飯野町字小平３６－１", "url": "https://www.kaigokensaku.mhlw.go.jp/07/index.php?action_kouhyou_detail_004_kani=true&JigyosyoCd=0770103844-00&ServiceCd=150&Type=search", "url2": null }, "geometry": { "type": "Point", "coordinates": [ 140.54276139564837, 37.653607856401891 ] } },
{ "type": "Feature", "properties": { "内容": "メープル　Ｇｙｍ　1ｓｔ【通所介護】福島県福島市曽根田町3-17メープル　Gym　1st", "url": "https://www.kaigokensaku.mhlw.go.jp/07/index.php?action_kouhyou_detail_004_kani=true&JigyosyoCd=0770105765-00&ServiceCd=150&Type=search", "url2": "https://www.maple-gym.net/" }, "geometry": { "type": "Point", "coordinates": [ 140.4594952, 37.761445285415355 ] } },
{ "type": "Feature", "properties": { "内容": "ニチイケアセンター南福島【通所介護】福島県福島市方木田字四斗蒔田6-22", "url": "https://www.kaigokensaku.mhlw.go.jp/07/index.php?action_kouhyou_detail_004_kani=true&JigyosyoCd=0770100659-00&ServiceCd=150&Type=search", "url2": "http://www.nichiigakkan.co.jp" }, "geometry": { "type": "Point", "coordinates": [ 140.451328, 37.7421299 ] } },
{ "type": "Feature", "properties": { "内容": "デイサービスセンター　グリーンライト【通所介護】福島県福島市飯坂町湯野字梁尻１番地の１", "url": "https://www.kaigokensaku.mhlw.go.jp/07/index.php?action_kouhyou_detail_004_kani=true&JigyosyoCd=0770100758-00&ServiceCd=150&Type=search", "url2": "http://care-net.biz/07/ryokukouen/" }, "geometry": { "type": "Point", "coordinates": [ 140.456274500000063, 37.8225325 ] } },
{ "type": "Feature", "properties": { "内容": "愛日荘園デイサービス指定通所介護センター【通所介護】福島県福島市大波字熊野山１番地", "url": "https://www.kaigokensaku.mhlw.go.jp/07/index.php?action_kouhyou_detail_004_kani=true&JigyosyoCd=0770100980-00&ServiceCd=150&Type=search", "url2": "http://www.ainichisouen.net/" }, "geometry": { "type": "Point", "coordinates": [ 140.531704399999967, 37.7523944 ] } },
{ "type": "Feature", "properties": { "内容": "創世春日町デイサービスセンター【通所介護】福島県福島市春日町１４番１４号", "url": "https://www.kaigokensaku.mhlw.go.jp/07/index.php?action_kouhyou_detail_004_kani=true&JigyosyoCd=0770103315-00&ServiceCd=150&Type=search", "url2": "https://sousei.org" }, "geometry": { "type": "Point", "coordinates": [ 140.475027800000021, 37.7675108 ] } },
{ "type": "Feature", "properties": { "内容": "デイサービスセンターなごみの郷【通所介護】福島県福島市太平寺字町ノ内３０", "url": "https://www.kaigokensaku.mhlw.go.jp/07/index.php?action_kouhyou_detail_004_kani=true&JigyosyoCd=0770103737-00&ServiceCd=150&Type=search", "url2": "http://nagomi-w.or.jp/" }, "geometry": { "type": "Point", "coordinates": [ 140.457994500000041, 37.7322811 ] } },
{ "type": "Feature", "properties": { "内容": "医療法人五光会　桃の光【通所介護】福島県福島市笹谷字中田1-8", "url": "https://www.kaigokensaku.mhlw.go.jp/07/index.php?action_kouhyou_detail_004_kani=true&JigyosyoCd=0770103554-00&ServiceCd=150&Type=search", "url2": null }, "geometry": { "type": "Point", "coordinates": [ 140.436119400000052, 37.7938656 ] } },
{ "type": "Feature", "properties": { "内容": "デイサービスセンターしみずの里【通所介護】福島市泉字清水内3-4", "url": "https://www.kaigokensaku.mhlw.go.jp/07/index.php?action_kouhyou_detail_004_kani=true&JigyosyoCd=0770105674-00&ServiceCd=150&Type=search", "url2": "https://shimizunosato.com/" }, "geometry": { "type": "Point", "coordinates": [ 140.444103499999983, 37.7779598 ] } },
{ "type": "Feature", "properties": { "内容": "デイサービスセンター　健やかライフ【通所介護】福島県福島市飯坂町字湯町28番地の1", "url": "https://www.kaigokensaku.mhlw.go.jp/07/index.php?action_kouhyou_detail_004_kani=true&JigyosyoCd=0770105518-00&ServiceCd=150&Type=search", "url2": null }, "geometry": { "type": "Point", "coordinates": [ 140.451143799999954, 37.8327172 ] } },
{ "type": "Feature", "properties": { "内容": "ニチイケアセンター鎌田【通所介護】福島県福島市丸子字町頭14-1", "url": "https://www.kaigokensaku.mhlw.go.jp/07/index.php?action_kouhyou_detail_004_kani=true&JigyosyoCd=0770100907-00&ServiceCd=150&Type=search", "url2": null }, "geometry": { "type": "Point", "coordinates": [ 140.476552099999907, 37.7852287 ] } },
{ "type": "Feature", "properties": { "内容": "ケアステーションあさひ福島南中央【通所介護】福島県福島市南中央３丁目22－3", "url": "https://www.kaigokensaku.mhlw.go.jp/07/index.php?action_kouhyou_detail_004_kani=true&JigyosyoCd=0770106219-00&ServiceCd=150&Type=search", "url2": "http://www.vati.co.jp/" }, "geometry": { "type": "Point", "coordinates": [ 140.437622, 37.7595339 ] } },
{ "type": "Feature", "properties": { "内容": "コンパスウォーク福島御山【通所介護】福島県福島市御山字稲荷田４７－１", "url": "https://www.kaigokensaku.mhlw.go.jp/07/index.php?action_kouhyou_detail_004_kani=true&JigyosyoCd=0770105864-00&ServiceCd=150&Type=search", "url2": null }, "geometry": { "type": "Point", "coordinates": [ 140.4637395, 37.7751204 ] } },
{ "type": "Feature", "properties": { "内容": "デイサービスセンター　ふじの里【通所介護】福島県福島市在庭坂字檀ノ前９番地1", "url": "https://www.kaigokensaku.mhlw.go.jp/07/index.php?action_kouhyou_detail_004_kani=true&JigyosyoCd=0770102580-00&ServiceCd=150&Type=search", "url2": "http://fuji-sato.com" }, "geometry": { "type": "Point", "coordinates": [ 140.3704722, 37.7579236 ] } },
{ "type": "Feature", "properties": { "内容": "社会福祉法人ジェイエイ新ふくしま福祉会　アグリホームデイサービスセンター【通所介護】福島県福島市笹木野字水口下13番地の１", "url": "https://www.kaigokensaku.mhlw.go.jp/07/index.php?action_kouhyou_detail_004_kani=true&JigyosyoCd=0770100873-00&ServiceCd=150&Type=search", "url2": "http://www.aguri-home.com/" }, "geometry": { "type": "Point", "coordinates": [ 140.426279499999964, 37.766517800000017 ] } },
{ "type": "Feature", "properties": { "内容": "ケアパートナー森合【通所介護】福島県福島市森合字北向14-1", "url": "https://www.kaigokensaku.mhlw.go.jp/07/index.php?action_kouhyou_detail_004_kani=true&JigyosyoCd=0770103448-00&ServiceCd=150&Type=search", "url2": "http://www.care-partner.com/" }, "geometry": { "type": "Point", "coordinates": [ 140.45136320000006, 37.771007 ] } },
{ "type": "Feature", "properties": { "内容": "レッツ倶楽部瀬上【通所介護】福島県福島市瀬上町字南中川原２３－２", "url": "https://www.kaigokensaku.mhlw.go.jp/07/index.php?action_kouhyou_detail_004_kani=true&JigyosyoCd=0770104297-00&ServiceCd=150&Type=search", "url2": "http://www.lets-club.jp/shop/senoue/" }, "geometry": { "type": "Point", "coordinates": [ 140.499202100000048, 37.8119378 ] } },
{ "type": "Feature", "properties": { "内容": "ニチイケアセンターわかまつ【通所介護】福島県会津若松市南千石町２番２５号", "url": "https://www.kaigokensaku.mhlw.go.jp/07/index.php?action_kouhyou_detail_004_kani=true&JigyosyoCd=0770200111-00&ServiceCd=150&Type=search", "url2": "http://www.nichiigakkan.co.jp" }, "geometry": { "type": "Point", "coordinates": [ 139.941730799999959, 37.4940335 ] } },
{ "type": "Feature", "properties": { "内容": "枝雪零苑デイサービスセンター【通所介護】福島県会津若松市一箕町松長下長原１５２番地", "url": "https://www.kaigokensaku.mhlw.go.jp/07/index.php?action_kouhyou_detail_004_kani=true&JigyosyoCd=0770200350-00&ServiceCd=150&Type=search", "url2": "http://onchifukushikai.com/" }, "geometry": { "type": "Point", "coordinates": [ 139.95337870000003, 37.5237439 ] } },
{ "type": "Feature", "properties": { "内容": "ニチイケアセンター門田【通所介護】福島県会津若松市門田町日吉字小金井11", "url": "https://www.kaigokensaku.mhlw.go.jp/07/index.php?action_kouhyou_detail_004_kani=true&JigyosyoCd=0770200947-00&ServiceCd=150&Type=search", "url2": "http://www.nichiigakkan.co.jp" }, "geometry": { "type": "Point", "coordinates": [ 139.91813060000004, 37.4778542 ] } },
{ "type": "Feature", "properties": { "内容": "ゆめふる片柳店【通所介護】福島県会津若松市御旗町９－５", "url": "https://www.kaigokensaku.mhlw.go.jp/07/index.php?action_kouhyou_detail_004_kani=true&JigyosyoCd=0770202554-00&ServiceCd=150&Type=search", "url2": "https://search.yasashiite.com/detail/tsusyokaigo_katayanagi/" }, "geometry": { "type": "Point", "coordinates": [ 139.9112405, 37.4930989 ] } },
{ "type": "Feature", "properties": { "内容": "デイサービス　門田の家【通所介護】福島県会津若松市門田町御山字村下304-1", "url": "https://www.kaigokensaku.mhlw.go.jp/07/index.php?action_kouhyou_detail_004_kani=true&JigyosyoCd=0770202588-00&ServiceCd=150&Type=search", "url2": null }, "geometry": { "type": "Point", "coordinates": [ 139.926504599999987, 37.4692694 ] } },
{ "type": "Feature", "properties": { "内容": "ツクイ会津【通所介護】福島県会津若松市中央1-5-30", "url": "https://www.kaigokensaku.mhlw.go.jp/07/index.php?action_kouhyou_detail_004_kani=true&JigyosyoCd=0770202430-00&ServiceCd=150&Type=search", "url2": "https：/www.tsukui.net/" }, "geometry": { "type": "Point", "coordinates": [ 139.9305669, 37.5005651 ] } },
{ "type": "Feature", "properties": { "内容": "ツクイ会津古川町【通所介護】福島県会津若松市古川町10-8", "url": "https://www.kaigokensaku.mhlw.go.jp/07/index.php?action_kouhyou_detail_004_kani=true&JigyosyoCd=0770202406-00&ServiceCd=150&Type=search", "url2": "https://www.tsukui.net" }, "geometry": { "type": "Point", "coordinates": [ 139.9312104, 37.4775956 ] } },
{ "type": "Feature", "properties": { "内容": "デイサービスしなのき西七日町【通所介護】福島県会津若松市西七日町6－12", "url": "https://www.kaigokensaku.mhlw.go.jp/07/index.php?action_kouhyou_detail_004_kani=true&JigyosyoCd=0770201093-00&ServiceCd=150&Type=search", "url2": "http://www.sinanoki.co.jp" }, "geometry": { "type": "Point", "coordinates": [ 139.915570612858573, 37.504103750211065 ] } },
{ "type": "Feature", "properties": { "内容": "デイサービスしなのき新横東【通所介護】福島県会津若松市新横町4-6しなのき新横東", "url": "https://www.kaigokensaku.mhlw.go.jp/07/index.php?action_kouhyou_detail_004_kani=true&JigyosyoCd=0770201796-00&ServiceCd=150&Type=search", "url2": "http://www.sinanoki.co.jp/" }, "geometry": { "type": "Point", "coordinates": [ 137.847803500000026, 37.0404614 ] } },
{ "type": "Feature", "properties": { "内容": "デイサービス　ファミーナ【通所介護】福島県会津若松市藤原一丁目５番地の30", "url": "https://www.kaigokensaku.mhlw.go.jp/07/index.php?action_kouhyou_detail_004_kani=true&JigyosyoCd=0770201754-00&ServiceCd=150&Type=search", "url2": "http://vellink.jp" }, "geometry": { "type": "Point", "coordinates": [ 139.941702399999912, 37.511142700000029 ] } },
{ "type": "Feature", "properties": { "内容": "竹田ほほえみデイサービスセンター【通所介護】福島県会津若松市本町2‐61", "url": "https://www.kaigokensaku.mhlw.go.jp/07/index.php?action_kouhyou_detail_004_kani=true&JigyosyoCd=0770200665-00&ServiceCd=150&Type=search", "url2": "竹田綜合病院スマートフォン版サイトhttp://www.takeda.or.jp" }, "geometry": { "type": "Point", "coordinates": [ 139.920866435581928, 37.491498346999741 ] } },
{ "type": "Feature", "properties": { "内容": "デイサービス　米代の家【通所介護】福島県会津若松市米代二丁目1-10", "url": "https://www.kaigokensaku.mhlw.go.jp/07/index.php?action_kouhyou_detail_004_kani=true&JigyosyoCd=0770202596-00&ServiceCd=150&Type=search", "url2": "www4.ocn.ne.jp/～seisoku/seresso.html" }, "geometry": { "type": "Point", "coordinates": [ 139.9258072, 37.4861744 ] } },
{ "type": "Feature", "properties": { "内容": "あいづ南花畑デイサービスセンター【通所介護】福島県会津若松市南花畑2番58号", "url": "https://www.kaigokensaku.mhlw.go.jp/07/index.php?action_kouhyou_detail_004_kani=true&JigyosyoCd=0770202232-00&ServiceCd=150&Type=search", "url2": "http：//aizu-midorihome.com/" }, "geometry": { "type": "Point", "coordinates": [ 139.922577100000012, 37.4851592 ] } },
{ "type": "Feature", "properties": { "内容": "会津長寿園デイサービスセンター【通所介護】福島県会津若松市門田町大字黒岩字五百山丙459-3", "url": "https://www.kaigokensaku.mhlw.go.jp/07/index.php?action_kouhyou_detail_004_kani=true&JigyosyoCd=0770200277-00&ServiceCd=150&Type=search", "url2": "http://www.choujuen.or.jp/" }, "geometry": { "type": "Point", "coordinates": [ 139.94672259999993, 37.4833931 ] } },
{ "type": "Feature", "properties": { "内容": "指定通所介護事業所　会津みどりホームデイサービスセンター【通所介護】福島県会津若松市神指町大字北四合字伊丹堂55-1", "url": "https://www.kaigokensaku.mhlw.go.jp/07/index.php?action_kouhyou_detail_004_kani=true&JigyosyoCd=0770200269-00&ServiceCd=150&Type=search", "url2": "htt://aizu-midorihome.com/" }, "geometry": { "type": "Point", "coordinates": [ 139.885896300000013, 37.524315 ] } },
{ "type": "Feature", "properties": { "内容": "医療生協　春風【通所介護】福島県会津若松市東千石一丁目2-13", "url": "https://www.kaigokensaku.mhlw.go.jp/07/index.php?action_kouhyou_detail_004_kani=true&JigyosyoCd=0770201358-00&ServiceCd=150&Type=search", "url2": null }, "geometry": { "type": "Point", "coordinates": [ 139.944484499999987, 37.4963676 ] } },
{ "type": "Feature", "properties": { "内容": "株式会社ケアネット　会津サービスセンター　デイサービスセンター会津【通所介護】福島県会津若松市門田町工業団地37-1", "url": "https://www.kaigokensaku.mhlw.go.jp/07/index.php?action_kouhyou_detail_004_kani=true&JigyosyoCd=0770201507-00&ServiceCd=150&Type=search", "url2": "http://www.carenet.fujitsu.com/web/scdsp.php?scid=20" }, "geometry": { "type": "Point", "coordinates": [ 139.912651200000028, 37.4644442 ] } },
{ "type": "Feature", "properties": { "内容": "デイサービス「そらと星のバラード」【通所介護】福島県会津若松市一箕町松長一丁目19番地", "url": "https://www.kaigokensaku.mhlw.go.jp/07/index.php?action_kouhyou_detail_004_kani=true&JigyosyoCd=0770202117-00&ServiceCd=150&Type=search", "url2": "http://www.npo-prim.com" }, "geometry": { "type": "Point", "coordinates": [ 139.954580692590298, 37.533963713826473 ] } },
{ "type": "Feature", "properties": { "内容": "医療法人明精会　　会津西デイサービスセンター【通所介護】福島県会津若松市北会津町東小松2335番地", "url": "https://www.kaigokensaku.mhlw.go.jp/07/index.php?action_kouhyou_detail_004_kani=true&JigyosyoCd=0770201200-00&ServiceCd=150&Type=search", "url2": "http://www.meisei-kai.or.jp" }, "geometry": { "type": "Point", "coordinates": [ 139.889341197236604, 37.472651285249583 ] } },
{ "type": "Feature", "properties": { "内容": "合資会社デイサービスセンター陽だまりの家【通所介護】福島県会津若松市飯寺北一丁目9-28", "url": "https://www.kaigokensaku.mhlw.go.jp/07/index.php?action_kouhyou_detail_004_kani=true&JigyosyoCd=0770200723-00&ServiceCd=150&Type=search", "url2": null }, "geometry": { "type": "Point", "coordinates": [ 139.907122128805355, 37.480097368884721 ] } },
{ "type": "Feature", "properties": { "内容": "K-fit会津【通所介護】福島県会津若松市駅前町4番3号", "url": "https://www.kaigokensaku.mhlw.go.jp/07/index.php?action_kouhyou_detail_004_kani=true&JigyosyoCd=0770202521-00&ServiceCd=150&Type=search", "url2": "http://life-agent-japan.com" }, "geometry": { "type": "Point", "coordinates": [ 139.92963970859833, 37.50518878883409 ] } },
{ "type": "Feature", "properties": { "内容": "デイサービス悠里【通所介護】福島県会津若松市門田町大字黒岩字石高117ノ9", "url": "https://www.kaigokensaku.mhlw.go.jp/07/index.php?action_kouhyou_detail_004_kani=true&JigyosyoCd=0770202562-00&ServiceCd=150&Type=search", "url2": "https://minenoyama.co.jp" }, "geometry": { "type": "Point", "coordinates": [ 139.9346443, 37.472757 ] } },
{ "type": "Feature", "properties": { "内容": "健康倶楽部あいづ　デイサービスセンター「鶴成館」【通所介護】福島県会津若松市飯寺南三丁目2番22号", "url": "https://www.kaigokensaku.mhlw.go.jp/07/index.php?action_kouhyou_detail_004_kani=true&JigyosyoCd=0770200913-00&ServiceCd=150&Type=search", "url2": "http://www.heiseikai-group.com/" }, "geometry": { "type": "Point", "coordinates": [ 139.908496646032773, 37.476638303039969 ] } },
{ "type": "Feature", "properties": { "内容": "河東デイサービスセンター【通所介護】福島県会津若松市河東町郡山字中子山22番地", "url": "https://www.kaigokensaku.mhlw.go.jp/07/index.php?action_kouhyou_detail_004_kani=true&JigyosyoCd=0770201127-00&ServiceCd=150&Type=search", "url2": "http://www.awshakyo.or.jp/" }, "geometry": { "type": "Point", "coordinates": [ 139.925705099999959, 37.5497103 ] } },
{ "type": "Feature", "properties": { "内容": "北会津デイサービスセンター【通所介護】福島県会津若松市北会津町下荒井字矢倉林1番地", "url": "https://www.kaigokensaku.mhlw.go.jp/07/index.php?action_kouhyou_detail_004_kani=true&JigyosyoCd=0770200954-00&ServiceCd=150&Type=search", "url2": "http://www.awashakyo.or.jp" }, "geometry": { "type": "Point", "coordinates": [ 139.869132499999978, 37.4983675 ] } },
{ "type": "Feature", "properties": { "内容": "ツクイ会津金川町【通所介護】金川町9-2", "url": "https://www.kaigokensaku.mhlw.go.jp/07/index.php?action_kouhyou_detail_004_kani=true&JigyosyoCd=0770202398-00&ServiceCd=150&Type=search", "url2": "www.tsukui.net" }, "geometry": { "type": "Point", "coordinates": [ 139.92000313254087, 37.503445019364328 ] } },
{ "type": "Feature", "properties": { "内容": "デイセンターふれあい【通所介護】喜久田町菖蒲池２２－５１７三昇ビル１階", "url": "https://www.kaigokensaku.mhlw.go.jp/07/index.php?action_kouhyou_detail_004_kani=true&JigyosyoCd=0770303436-00&ServiceCd=150&Type=search", "url2": "http://kaigo-fureai.com/" }, "geometry": { "type": "Point", "coordinates": [ 140.3371769, 37.4373953 ] } },
{ "type": "Feature", "properties": { "内容": "ニチイケアセンターあさか【通所介護】福島県郡山市安積荒井二丁目２８５番地", "url": "https://www.kaigokensaku.mhlw.go.jp/07/index.php?action_kouhyou_detail_004_kani=true&JigyosyoCd=0770302040-00&ServiceCd=150&Type=search", "url2": "http://www.nichiigakkan.co.jp" }, "geometry": { "type": "Point", "coordinates": [ 140.361223500000051, 37.3688049 ] } },
{ "type": "Feature", "properties": { "内容": "デイサービスセンターなりた【通所介護】福島県郡山市安積町牛庭一丁目98番", "url": "https://www.kaigokensaku.mhlw.go.jp/07/index.php?action_kouhyou_detail_004_kani=true&JigyosyoCd=0770303998-00&ServiceCd=150&Type=search", "url2": "https://care-net.biz/07/narita249/" }, "geometry": { "type": "Point", "coordinates": [ 140.332671800000071, 37.3513891 ] } },
{ "type": "Feature", "properties": { "内容": "デイサービス　アーク・コートふくやま【通所介護】福島県郡山市富久山町久保田字岡ノ城22-1", "url": "https://www.kaigokensaku.mhlw.go.jp/07/index.php?action_kouhyou_detail_004_kani=true&JigyosyoCd=0770306199-00&ServiceCd=150&Type=search", "url2": "maimai.fuku@iaa.itkeeper.ne.jp" }, "geometry": { "type": "Point", "coordinates": [ 140.3922743, 37.411748 ] } },
{ "type": "Feature", "properties": { "内容": "リハビリパーク　昭和浪漫【通所介護】福島県郡山市桜木1-1-11有料老人ホーム「雅」", "url": "https://www.kaigokensaku.mhlw.go.jp/07/index.php?action_kouhyou_detail_004_kani=true&JigyosyoCd=0770302073-00&ServiceCd=150&Type=search", "url2": "http://muysukikai.com/" }, "geometry": { "type": "Point", "coordinates": [ 140.37378876217511, 37.407632566846509 ] } },
{ "type": "Feature", "properties": { "内容": "ツクイ郡山桑野【通所介護】福島県郡山市桑野5丁目7-17", "url": "https://www.kaigokensaku.mhlw.go.jp/07/index.php?action_kouhyou_detail_004_kani=true&JigyosyoCd=0770305977-00&ServiceCd=150&Type=search", "url2": "https://www.tsukui.net/" }, "geometry": { "type": "Point", "coordinates": [ 140.354022164942933, 37.410139616723448 ] } },
{ "type": "Feature", "properties": { "内容": "デイサービス未来郡山【通所介護】田村町金屋冬室36", "url": "https://www.kaigokensaku.mhlw.go.jp/07/index.php?action_kouhyou_detail_004_kani=true&JigyosyoCd=0770305902-00&ServiceCd=150&Type=search", "url2": "https://www.mirai-yoshimaru.com/" }, "geometry": { "type": "Point", "coordinates": [ 140.3944037, 37.3640501 ] } },
{ "type": "Feature", "properties": { "内容": "通所介護リハビリセンターむらかみ【通所介護】福島県郡山市静西1-44むらかみ接骨院付属通所介護リハビリセンターむらかみ", "url": "https://www.kaigokensaku.mhlw.go.jp/07/index.php?action_kouhyou_detail_004_kani=true&JigyosyoCd=0770303717-00&ServiceCd=150&Type=search", "url2": null }, "geometry": { "type": "Point", "coordinates": [ 140.3318481, 37.3877741 ] } },
{ "type": "Feature", "properties": { "内容": "あさかの杜温泉デイサービスセンター【通所介護】福島県郡山市安積町成田字漆山５０", "url": "https://www.kaigokensaku.mhlw.go.jp/07/index.php?action_kouhyou_detail_004_kani=true&JigyosyoCd=0770301760-00&ServiceCd=150&Type=search", "url2": "http://www.asakanomori.com" }, "geometry": { "type": "Point", "coordinates": [ 140.340051200000062, 37.3594552 ] } },
{ "type": "Feature", "properties": { "内容": "郡山市富久山デイ・サービスセンター【通所介護】福島県郡山市富久山町久保田字大原123番地の1", "url": "https://www.kaigokensaku.mhlw.go.jp/07/index.php?action_kouhyou_detail_004_kani=true&JigyosyoCd=0770300531-00&ServiceCd=150&Type=search", "url2": "huku-day@axel.ocn.ne.jp" }, "geometry": { "type": "Point", "coordinates": [ 140.380467400000043, 37.4205218 ] } },
{ "type": "Feature", "properties": { "内容": "医療生協ふれあいデイサービスセンター【通所介護】福島県郡山市島2－２３－１７", "url": "https://www.kaigokensaku.mhlw.go.jp/07/index.php?action_kouhyou_detail_004_kani=true&JigyosyoCd=0770301554-00&ServiceCd=150&Type=search", "url2": "http://www.koriyama-h-coop.or.jp/" }, "geometry": { "type": "Point", "coordinates": [ 140.3448158, 37.3966596 ] } },
{ "type": "Feature", "properties": { "内容": "デイサービスふぁる【通所介護】福島県郡山市富田西五丁目161番地", "url": "https://www.kaigokensaku.mhlw.go.jp/07/index.php?action_kouhyou_detail_004_kani=true&JigyosyoCd=0770301588-00&ServiceCd=150&Type=search", "url2": "http://day-fal.foractivelife.com/" }, "geometry": { "type": "Point", "coordinates": [ 140.339407, 37.4252539 ] } },
{ "type": "Feature", "properties": { "内容": "ＪＡ福島さくら日和田デイサービスセンターひなた【通所介護】福島県郡山市日和田町字日向6-1", "url": "https://www.kaigokensaku.mhlw.go.jp/07/index.php?action_kouhyou_detail_004_kani=true&JigyosyoCd=0770305118-00&ServiceCd=150&Type=search", "url2": "http://www.ja-fsakura.or.jp/" }, "geometry": { "type": "Point", "coordinates": [ 140.3922933, 37.446549800000014 ] } },
{ "type": "Feature", "properties": { "内容": "デイサービスセンター光の森【通所介護】福島県郡山市横川町字遠後50-8", "url": "https://www.kaigokensaku.mhlw.go.jp/07/index.php?action_kouhyou_detail_004_kani=true&JigyosyoCd=0770300606-00&ServiceCd=150&Type=search", "url2": "http://hikarino-mori.jp/" }, "geometry": { "type": "Point", "coordinates": [ 140.414376599999969, 37.3918369 ] } },
{ "type": "Feature", "properties": { "内容": "デイサービスＨＡＴ【通所介護】福島県郡山市富田西五丁目106番地", "url": "https://www.kaigokensaku.mhlw.go.jp/07/index.php?action_kouhyou_detail_004_kani=true&JigyosyoCd=0770305290-00&ServiceCd=150&Type=search", "url2": "http://day-hat.foractivelife.com/" }, "geometry": { "type": "Point", "coordinates": [ 140.339764699999989, 37.4252089 ] } },
{ "type": "Feature", "properties": { "内容": "ツクイ郡山安積【通所介護】福島県郡山市安積北井2丁目193", "url": "https://www.kaigokensaku.mhlw.go.jp/07/index.php?action_kouhyou_detail_004_kani=true&JigyosyoCd=0770305852-00&ServiceCd=150&Type=search", "url2": null }, "geometry": { "type": "Point", "coordinates": [ 140.362586599999986, 37.3734415 ] } },
{ "type": "Feature", "properties": { "内容": "富田温泉デイサービスセンター【通所介護】福島県郡山市不動前1丁目101番地", "url": "https://www.kaigokensaku.mhlw.go.jp/07/index.php?action_kouhyou_detail_004_kani=true&JigyosyoCd=0770303683-00&ServiceCd=150&Type=search", "url2": "http://www.tomitaonsen.jp/" }, "geometry": { "type": "Point", "coordinates": [ 140.356583399999977, 37.4204937 ] } },
{ "type": "Feature", "properties": { "内容": "コンパスウォーク郡山富田【通所介護】郡山市富田町坦ノ腰32-1", "url": "https://www.kaigokensaku.mhlw.go.jp/07/index.php?action_kouhyou_detail_004_kani=true&JigyosyoCd=0770305878-00&ServiceCd=150&Type=search", "url2": "https://kinoukaifuku.com/?p=4081" }, "geometry": { "type": "Point", "coordinates": [ 140.3479744, 37.4242132 ] } },
{ "type": "Feature", "properties": { "内容": "太田玉川デイサービスセンター【通所介護】福島県郡山市熱海町玉川字阿曽沢11番地1", "url": "https://www.kaigokensaku.mhlw.go.jp/07/index.php?action_kouhyou_detail_004_kani=true&JigyosyoCd=0770301208-00&ServiceCd=150&Type=search", "url2": "http://www.ohta-fukushi.or.jp" }, "geometry": { "type": "Point", "coordinates": [ 140.286625658993898, 37.482479656952918 ] } },
{ "type": "Feature", "properties": { "内容": "郡山市湖南デイ・サービスセンター【通所介護】福島県郡山市湖南町福良字台畠8588番地", "url": "https://www.kaigokensaku.mhlw.go.jp/07/index.php?action_kouhyou_detail_004_kani=true&JigyosyoCd=0770300523-00&ServiceCd=150&Type=search", "url2": null }, "geometry": { "type": "Point", "coordinates": [ 140.088929900000039, 37.3884983 ] } },
{ "type": "Feature", "properties": { "内容": "せいふうケア　リハビリ・ホーム小原田【通所介護】福島県郡山市小原田４－１１－７古川ビル", "url": "https://www.kaigokensaku.mhlw.go.jp/07/index.php?action_kouhyou_detail_004_kani=true&JigyosyoCd=0770301380-00&ServiceCd=150&Type=search", "url2": null }, "geometry": { "type": "Point", "coordinates": [ 140.381493500000033, 37.3813342 ] } },
{ "type": "Feature", "properties": { "内容": "ぬくもりとゆめみ処　丸光ケア　しょうはくの湯【通所介護】郡山市熱海町熱海5-283", "url": "https://www.kaigokensaku.mhlw.go.jp/07/index.php?action_kouhyou_detail_004_kani=true&JigyosyoCd=0770304210-00&ServiceCd=150&Type=search", "url2": "http://marumitsu-care.jp/" }, "geometry": { "type": "Point", "coordinates": [ 140.261708900000031, 37.4879221 ] } },
{ "type": "Feature", "properties": { "内容": "ライフサポートセンター家楽～八山田～【通所介護】福島県郡山市八山田西四丁目150番地", "url": "https://www.kaigokensaku.mhlw.go.jp/07/index.php?action_kouhyou_detail_004_kani=true&JigyosyoCd=0770304152-00&ServiceCd=150&Type=search", "url2": "life-agent-japan.com" }, "geometry": { "type": "Point", "coordinates": [ 140.368009324345167, 37.428955152988728 ] } },
{ "type": "Feature", "properties": { "内容": "K-fit～八山田～【通所介護】福島県郡山市八山田西4丁目150番地", "url": "https://www.kaigokensaku.mhlw.go.jp/07/index.php?action_kouhyou_detail_004_kani=true&JigyosyoCd=0770305274-00&ServiceCd=150&Type=search", "url2": "life-agent-japan.com" }, "geometry": { "type": "Point", "coordinates": [ 140.3679120960619, 37.428901824854407 ] } },
{ "type": "Feature", "properties": { "内容": "コンパスウォークArigato【通所介護】福島県郡山市安積四丁目33古泉ハイツ", "url": "https://www.kaigokensaku.mhlw.go.jp/07/index.php?action_kouhyou_detail_004_kani=true&JigyosyoCd=0770306124-00&ServiceCd=150&Type=search", "url2": null }, "geometry": { "type": "Point", "coordinates": [ 140.3642848, 37.3540262 ] } },
{ "type": "Feature", "properties": { "内容": "針生ヶ丘デイサービスセンターなごみ【通所介護】福島県郡山市大槻町字天正坦11　　針生ヶ丘病院内", "url": "https://www.kaigokensaku.mhlw.go.jp/07/index.php?action_kouhyou_detail_004_kani=true&JigyosyoCd=0770303212-00&ServiceCd=150&Type=search", "url2": "http://www.haryu-hp.or.jp/kaigo/kaigo.html" }, "geometry": { "type": "Point", "coordinates": [ 140.348785200000066, 37.386722 ] } },
{ "type": "Feature", "properties": { "内容": "医療生協デイサービスセンターなのはな【通所介護】福島県郡山市鳴神１丁目63番地", "url": "https://www.kaigokensaku.mhlw.go.jp/07/index.php?action_kouhyou_detail_004_kani=true&JigyosyoCd=0770305142-00&ServiceCd=150&Type=search", "url2": "koriyama-h-coop.or.jp/" }, "geometry": { "type": "Point", "coordinates": [ 140.338908100000026, 37.3956623 ] } },
{ "type": "Feature", "properties": { "内容": "健院L-CUBデイ【通所介護】福島県郡山市八山田3丁目8-3", "url": "https://www.kaigokensaku.mhlw.go.jp/07/index.php?action_kouhyou_detail_004_kani=true&JigyosyoCd=0770304921-00&ServiceCd=150&Type=search", "url2": "http://www.l-cub.jp/" }, "geometry": { "type": "Point", "coordinates": [ 140.374907715344307, 37.429690541300126 ] } },
{ "type": "Feature", "properties": { "内容": "コンパスウォーク郡山桑野店【通所介護】福島県郡山市桑野2丁目20-17", "url": "https://www.kaigokensaku.mhlw.go.jp/07/index.php?action_kouhyou_detail_004_kani=true&JigyosyoCd=0770305993-00&ServiceCd=150&Type=search", "url2": null }, "geometry": { "type": "Point", "coordinates": [ 140.355340799999965, 37.403175324296832 ] } },
{ "type": "Feature", "properties": { "内容": "郡山市中央デイ・サービスセンター【通所介護】福島県郡山市朝日一丁目２９番９号郡山市総合福祉センター　２階", "url": "https://www.kaigokensaku.mhlw.go.jp/07/index.php?action_kouhyou_detail_004_kani=true&JigyosyoCd=0770300515-00&ServiceCd=150&Type=search", "url2": null }, "geometry": { "type": "Point", "coordinates": [ 140.358767100000023, 37.401234400000014 ] } },
{ "type": "Feature", "properties": { "内容": "ニチイケアセンターさくた【通所介護】福島県郡山市咲田２丁目９番８号", "url": "https://www.kaigokensaku.mhlw.go.jp/07/index.php?action_kouhyou_detail_004_kani=true&JigyosyoCd=0770301331-00&ServiceCd=150&Type=search", "url2": "http//www.nichiigakkan.co,jp" }, "geometry": { "type": "Point", "coordinates": [ 140.378001499999982, 37.4030098 ] } },
{ "type": "Feature", "properties": { "内容": "ツクイ郡山大槻【通所介護】大槻町南反田3-1", "url": "https://www.kaigokensaku.mhlw.go.jp/07/index.php?action_kouhyou_detail_004_kani=true&JigyosyoCd=0770305860-00&ServiceCd=150&Type=search", "url2": "https://tsukui.net/home-care/2675" }, "geometry": { "type": "Point", "coordinates": [ 140.3269157, 37.3930424 ] } },
{ "type": "Feature", "properties": { "内容": "スプリングガーデンあさか　デイサービスセンター【通所介護】福島県郡山市安積町笹川字目光池西１０－１", "url": "https://www.kaigokensaku.mhlw.go.jp/07/index.php?action_kouhyou_detail_004_kani=true&JigyosyoCd=0770300697-00&ServiceCd=150&Type=search", "url2": "http://www.spring-garden.jp" }, "geometry": { "type": "Point", "coordinates": [ 140.361721799999941, 37.3498872 ] } },
{ "type": "Feature", "properties": { "内容": "デイサービスセンターおおつき【通所介護】福島県郡山市大槻町字西勝ノ木５番地の１", "url": "https://www.kaigokensaku.mhlw.go.jp/07/index.php?action_kouhyou_detail_004_kani=true&JigyosyoCd=0770300945-00&ServiceCd=150&Type=search", "url2": "http://kuwano-fukushikai.jp" }, "geometry": { "type": "Point", "coordinates": [ 140.306289399999969, 37.3934809 ] } },
{ "type": "Feature", "properties": { "内容": "コンパスウォーク郡山安積店【通所介護】福島県郡山市安積4-35", "url": "https://www.kaigokensaku.mhlw.go.jp/07/index.php?action_kouhyou_detail_004_kani=true&JigyosyoCd=0770305969-00&ServiceCd=150&Type=search", "url2": null }, "geometry": { "type": "Point", "coordinates": [ 140.364241600000014, 37.3538601 ] } },
{ "type": "Feature", "properties": { "内容": "南東北デイサービスセンター八山田【通所介護】福島県郡山市富久山町八山田字土布池55-1", "url": "https://www.kaigokensaku.mhlw.go.jp/07/index.php?action_kouhyou_detail_004_kani=true&JigyosyoCd=0770304764-00&ServiceCd=150&Type=search", "url2": "http://www.fukushi-yatsuyamada.com/" }, "geometry": { "type": "Point", "coordinates": [ 140.384476478434721, 37.425959315281403 ] } },
{ "type": "Feature", "properties": { "内容": "医療法人健脳会　デイサービスセンター健脳【通所介護】福島県郡山市富田町字稲川原57番地", "url": "https://www.kaigokensaku.mhlw.go.jp/07/index.php?action_kouhyou_detail_004_kani=true&JigyosyoCd=0770302123-00&ServiceCd=150&Type=search", "url2": null }, "geometry": { "type": "Point", "coordinates": [ 140.370199, 37.4144362 ] } },
{ "type": "Feature", "properties": { "内容": "デイサービス　えがお【通所介護】福島県郡山市東原2丁目１５４", "url": "https://www.kaigokensaku.mhlw.go.jp/07/index.php?action_kouhyou_detail_004_kani=true&JigyosyoCd=0770304293-00&ServiceCd=150&Type=search", "url2": null }, "geometry": { "type": "Point", "coordinates": [ 140.354516600000011, 37.4319343 ] } },
{ "type": "Feature", "properties": { "内容": "社会福祉法人愛星福祉会星ヶ丘デイサービスセンター【通所介護】福島県郡山市片平町字妙見舘1番１", "url": "https://www.kaigokensaku.mhlw.go.jp/07/index.php?action_kouhyou_detail_004_kani=true&JigyosyoCd=0770300630-00&ServiceCd=150&Type=search", "url2": "http://www.isei.or.jp" }, "geometry": { "type": "Point", "coordinates": [ 140.318458599999985, 37.4355939 ] } },
{ "type": "Feature", "properties": { "内容": "健康倶楽部郡山　デイサービスセンター「希」【通所介護】福島県郡山市御前南二丁目65番地", "url": "https://www.kaigokensaku.mhlw.go.jp/07/index.php?action_kouhyou_detail_004_kani=true&JigyosyoCd=0770301711-00&ServiceCd=150&Type=search", "url2": "http://www.heiseikai-group.com/" }, "geometry": { "type": "Point", "coordinates": [ 140.334153600000036, 37.3825332 ] } },
{ "type": "Feature", "properties": { "内容": "健康倶楽部郡山　デイサービスセンター「守山」【通所介護】福島県郡山市田村町守山字小性町11番地", "url": "https://www.kaigokensaku.mhlw.go.jp/07/index.php?action_kouhyou_detail_004_kani=true&JigyosyoCd=0770302297-00&ServiceCd=150&Type=search", "url2": "http://www.heiseikai-group.com/" }, "geometry": { "type": "Point", "coordinates": [ 140.411884900000018, 37.3324765 ] } },
{ "type": "Feature", "properties": { "内容": "デイサービスセンター「健康倶楽部館　ファンコート郡山」【通所介護】福島県郡山市安積町長久保四丁目2番1号", "url": "https://www.kaigokensaku.mhlw.go.jp/07/index.php?action_kouhyou_detail_004_kani=true&JigyosyoCd=0770303527-00&ServiceCd=150&Type=search", "url2": "http://www.heiseikai-group.com/" }, "geometry": { "type": "Point", "coordinates": [ 140.3575717, 37.3581614 ] } },
{ "type": "Feature", "properties": { "内容": "デイサービスセンター「健康倶楽部館　ファンコート郡山北」【通所介護】福島県郡山市東原一丁目33番地", "url": "https://www.kaigokensaku.mhlw.go.jp/07/index.php?action_kouhyou_detail_004_kani=true&JigyosyoCd=0770306082-00&ServiceCd=150&Type=search", "url2": "https://www.heiseikai-group.com/" }, "geometry": { "type": "Point", "coordinates": [ 140.355318848662336, 37.428404050807906 ] } },
{ "type": "Feature", "properties": { "内容": "南東北日和田デイサービスセンター【通所介護】福島県郡山市日和田町梅沢字丹波山3-2", "url": "https://www.kaigokensaku.mhlw.go.jp/07/index.php?action_kouhyou_detail_004_kani=true&JigyosyoCd=0770300960-00&ServiceCd=150&Type=search", "url2": "http://www.kaigo-hiwada.com" }, "geometry": { "type": "Point", "coordinates": [ 140.4143995, 37.4582542 ] } },
{ "type": "Feature", "properties": { "内容": "シニア健康教室　すぷーん上亀田【通所介護】富田町字上亀田3-16", "url": "https://www.kaigokensaku.mhlw.go.jp/07/index.php?action_kouhyou_detail_004_kani=true&JigyosyoCd=0770304400-00&ServiceCd=150&Type=search", "url2": null }, "geometry": { "type": "Point", "coordinates": [ 140.345348599999966, 37.411272 ] } },
{ "type": "Feature", "properties": { "内容": "ハーモニーみどりヶ丘デイサービスセンター【通所介護】福島県郡山市緑ヶ丘東六丁目２６番地２", "url": "https://www.kaigokensaku.mhlw.go.jp/07/index.php?action_kouhyou_detail_004_kani=true&JigyosyoCd=0770302909-00&ServiceCd=150&Type=search", "url2": "http://sin-ai.com/" }, "geometry": { "type": "Point", "coordinates": [ 140.439352800000052, 37.3853049 ] } },
{ "type": "Feature", "properties": { "内容": "富田デイサービスセンター【通所介護】福島県郡山市字上亀田21-5", "url": "https://www.kaigokensaku.mhlw.go.jp/07/index.php?action_kouhyou_detail_004_kani=true&JigyosyoCd=0770301034-00&ServiceCd=150&Type=search", "url2": "http://kuwano-fukushikay.jp/tomita/" }, "geometry": { "type": "Point", "coordinates": [ 140.343090599999954, 37.4085471 ] } },
{ "type": "Feature", "properties": { "内容": "せいふうケア　リハビリ・ホーム八山田【通所介護】福島県郡山市八山田5-19", "url": "https://www.kaigokensaku.mhlw.go.jp/07/index.php?action_kouhyou_detail_004_kani=true&JigyosyoCd=0770302206-00&ServiceCd=150&Type=search", "url2": null }, "geometry": { "type": "Point", "coordinates": [ 140.376911219416797, 37.425942334633362 ] } },
{ "type": "Feature", "properties": { "内容": "医療法人むつき会　リハビリパーク「ひまわり健康倶楽部」【通所介護】福島県郡山市桜木1丁目1-9", "url": "https://www.kaigokensaku.mhlw.go.jp/07/index.php?action_kouhyou_detail_004_kani=true&JigyosyoCd=0770304046-00&ServiceCd=150&Type=search", "url2": "http://www,mutukikai.con/" }, "geometry": { "type": "Point", "coordinates": [ 140.374285, 37.4079758 ] } },
{ "type": "Feature", "properties": { "内容": "ジョイリハ郡山安積【通所介護】福島県郡山市安積町笹川字北向2-52", "url": "https://www.kaigokensaku.mhlw.go.jp/07/index.php?action_kouhyou_detail_004_kani=true&JigyosyoCd=0770305910-00&ServiceCd=150&Type=search", "url2": "http://www.aobaya.co.jp/" }, "geometry": { "type": "Point", "coordinates": [ 140.354332699999986, 37.349325 ] } },
{ "type": "Feature", "properties": { "内容": "ほっとデイトレきため【通所介護】福島県いわき市平字北目町156-3", "url": "https://www.kaigokensaku.mhlw.go.jp/07/index.php?action_kouhyou_detail_004_kani=true&JigyosyoCd=0770407500-00&ServiceCd=150&Type=search", "url2": null }, "geometry": { "type": "Point", "coordinates": [ 140.884357, 37.0656534 ] } },
{ "type": "Feature", "properties": { "内容": "ほっとデイトレあらかわ【通所介護】平上荒川字安草43", "url": "https://www.kaigokensaku.mhlw.go.jp/07/index.php?action_kouhyou_detail_004_kani=true&JigyosyoCd=0770407732-00&ServiceCd=150&Type=search", "url2": null }, "geometry": { "type": "Point", "coordinates": [ 140.8940977, 37.0370106 ] } },
{ "type": "Feature", "properties": { "内容": "ツクイいわき錦町【通所介護】福島県いわき市錦町竹ノ花32-2", "url": "https://www.kaigokensaku.mhlw.go.jp/07/index.php?action_kouhyou_detail_004_kani=true&JigyosyoCd=0770408995-00&ServiceCd=150&Type=search", "url2": "http://www.tsukui.net" }, "geometry": { "type": "Point", "coordinates": [ 140.7896398, 36.9047598 ] } },
{ "type": "Feature", "properties": { "内容": "リカバリープラス【通所介護】福島県いわき市小名浜燈籠原53-17", "url": "https://www.kaigokensaku.mhlw.go.jp/07/index.php?action_kouhyou_detail_004_kani=true&JigyosyoCd=0770408839-00&ServiceCd=150&Type=search", "url2": null }, "geometry": { "type": "Point", "coordinates": [ 140.882608299999987, 36.9527893 ] } },
{ "type": "Feature", "properties": { "内容": "アイカワ新舞子デイサービスセンター【通所介護】いわき市四倉町下仁井田字須賀向３０－２２", "url": "https://www.kaigokensaku.mhlw.go.jp/07/index.php?action_kouhyou_detail_004_kani=true&JigyosyoCd=0770403608-00&ServiceCd=150&Type=search", "url2": "https://www.gurutto-iwaki.com/datail/index_840.html" }, "geometry": { "type": "Point", "coordinates": [ 140.979411600000049, 37.0798295 ] } },
{ "type": "Feature", "properties": { "内容": "福島県いわき市勿来町関田西1丁目7-8【通所介護】福島県いわき市勿来町関田西1丁目7-8", "url": "https://www.kaigokensaku.mhlw.go.jp/07/index.php?action_kouhyou_detail_004_kani=true&JigyosyoCd=0770409407-00&ServiceCd=150&Type=search", "url2": null }, "geometry": { "type": "Point", "coordinates": [ 140.785366500000038, 36.8832399 ] } },
{ "type": "Feature", "properties": { "内容": "デイサービス「いっしょ」【通所介護】福島県いわき市川部町赤坂101", "url": "https://www.kaigokensaku.mhlw.go.jp/07/index.php?action_kouhyou_detail_004_kani=true&JigyosyoCd=0770406114-00&ServiceCd=150&Type=search", "url2": null }, "geometry": { "type": "Point", "coordinates": [ 140.728104, 36.9037927 ] } },
{ "type": "Feature", "properties": { "内容": "デイサービスお結び【通所介護】福島県いわき市好間町下好間字渋井64-2", "url": "https://www.kaigokensaku.mhlw.go.jp/07/index.php?action_kouhyou_detail_004_kani=true&JigyosyoCd=0770407559-00&ServiceCd=150&Type=search", "url2": null }, "geometry": { "type": "Point", "coordinates": [ 140.8722535, 37.061013 ] } },
{ "type": "Feature", "properties": { "内容": "通所介護wara笑【通所介護】福島県いわき市平字倉前109-11", "url": "https://www.kaigokensaku.mhlw.go.jp/07/index.php?action_kouhyou_detail_004_kani=true&JigyosyoCd=0770409472-00&ServiceCd=150&Type=search", "url2": null }, "geometry": { "type": "Point", "coordinates": [ 140.900728, 37.0496898 ] } },
{ "type": "Feature", "properties": { "内容": "ぬくもりの郷　デイサービスセンター　まごの手【通所介護】福島県　いわき市　常磐湯本町宝海127番地の10", "url": "https://www.kaigokensaku.mhlw.go.jp/07/index.php?action_kouhyou_detail_004_kani=true&JigyosyoCd=0770403970-00&ServiceCd=150&Type=search", "url2": "http://sunvert-iwaki.com" }, "geometry": { "type": "Point", "coordinates": [ 140.838957700000037, 37.0143158 ] } },
{ "type": "Feature", "properties": { "内容": "ぽぉけらハウス【通所介護】福島県いわき市泉町下川字川向48-1", "url": "https://www.kaigokensaku.mhlw.go.jp/07/index.php?action_kouhyou_detail_004_kani=true&JigyosyoCd=0770408888-00&ServiceCd=150&Type=search", "url2": "https://chobora.wixsite.com/mysite" }, "geometry": { "type": "Point", "coordinates": [ 140.860631500000011, 36.9377961 ] } },
{ "type": "Feature", "properties": { "内容": "楽寿荘通所介護事業所【通所介護】福島県いわき市四倉町上仁井田字横川74-1", "url": "https://www.kaigokensaku.mhlw.go.jp/07/index.php?action_kouhyou_detail_004_kani=true&JigyosyoCd=0770400380-00&ServiceCd=150&Type=search", "url2": "http://www.rakujukai.com/" }, "geometry": { "type": "Point", "coordinates": [ 140.978488628172272, 37.09073764623448 ] } },
{ "type": "Feature", "properties": { "内容": "つかさデイサービス【通所介護】福島県いわき市泉町下川字神山前91番地の７", "url": "https://www.kaigokensaku.mhlw.go.jp/07/index.php?action_kouhyou_detail_004_kani=true&JigyosyoCd=0770404697-00&ServiceCd=150&Type=search", "url2": null }, "geometry": { "type": "Point", "coordinates": [ 140.862166579376208, 36.941315575653483 ] } },
{ "type": "Feature", "properties": { "内容": "ニチイケアセンター小名浜【通所介護】福島県いわき市小名浜岡小名三丁目6-14", "url": "https://www.kaigokensaku.mhlw.go.jp/07/index.php?action_kouhyou_detail_004_kani=true&JigyosyoCd=0770405967-00&ServiceCd=150&Type=search", "url2": "http://www.nichiigakkan.co.jp" }, "geometry": { "type": "Point", "coordinates": [ 140.9086155, 36.9631954 ] } },
{ "type": "Feature", "properties": { "内容": "ﾘﾊﾋﾞﾘ＆ﾘﾗｸｾﾞｰｼｮﾝﾌｫｰﾕｰ【通所介護】福島県いわき市中央台鹿島三丁目38-2", "url": "https://www.kaigokensaku.mhlw.go.jp/07/index.php?action_kouhyou_detail_004_kani=true&JigyosyoCd=0770407658-00&ServiceCd=150&Type=search", "url2": "http//foryou-center.com/" }, "geometry": { "type": "Point", "coordinates": [ 140.922179986508212, 37.005653164417218 ] } },
{ "type": "Feature", "properties": { "内容": "カーナ・赤井デイサービス【通所介護】福島県いわき市平赤井字深田28番地", "url": "https://www.kaigokensaku.mhlw.go.jp/07/index.php?action_kouhyou_detail_004_kani=true&JigyosyoCd=0770403913-00&ServiceCd=150&Type=search", "url2": null }, "geometry": { "type": "Point", "coordinates": [ 140.860949399999981, 37.0867888 ] } },
{ "type": "Feature", "properties": { "内容": "株式会社ツクイ　ツクイいわき中央台【通所介護】福島県いわき市中央台高久1-15-3", "url": "https://www.kaigokensaku.mhlw.go.jp/07/index.php?action_kouhyou_detail_004_kani=true&JigyosyoCd=0770408979-00&ServiceCd=150&Type=search", "url2": "https://www.tsukui.net/" }, "geometry": { "type": "Point", "coordinates": [ 140.9275529, 37.0109574 ] } },
{ "type": "Feature", "properties": { "内容": "PREMIUM　LOUNGE【通所介護】福島県いわき市内郷高坂町八反田52番地", "url": "https://www.kaigokensaku.mhlw.go.jp/07/index.php?action_kouhyou_detail_004_kani=true&JigyosyoCd=0770405850-00&ServiceCd=150&Type=search", "url2": "https://www.medience168.com/" }, "geometry": { "type": "Point", "coordinates": [ 140.860623572491505, 37.044189532413206 ] } },
{ "type": "Feature", "properties": { "内容": "ツクイいわき小名浜【通所介護】福島県いわき市大原字小屋35－1ツクイいわき小名浜", "url": "https://www.kaigokensaku.mhlw.go.jp/07/index.php?action_kouhyou_detail_004_kani=true&JigyosyoCd=0770408987-00&ServiceCd=150&Type=search", "url2": "https://www.tsukui.net" }, "geometry": { "type": "Point", "coordinates": [ 140.891724900000014, 36.9649402 ] } },
{ "type": "Feature", "properties": { "内容": "東田デイサービスセンター【通所介護】福島県いわき市東田町一丁目23番地の6東田デイサービスセンター", "url": "https://www.kaigokensaku.mhlw.go.jp/07/index.php?action_kouhyou_detail_004_kani=true&JigyosyoCd=0770409043-00&ServiceCd=150&Type=search", "url2": null }, "geometry": { "type": "Point", "coordinates": [ 140.800439, 36.922451 ] } },
{ "type": "Feature", "properties": { "内容": "医療生協デイサービスセンター岡小名【通所介護】福島県いわき市小名浜岡小名字馬上前２１", "url": "https://www.kaigokensaku.mhlw.go.jp/07/index.php?action_kouhyou_detail_004_kani=true&JigyosyoCd=0770403780-00&ServiceCd=150&Type=search", "url2": "http://www.hamadori-coop.jp/" }, "geometry": { "type": "Point", "coordinates": [ 140.903118899999981, 36.9628368 ] } },
{ "type": "Feature", "properties": { "内容": "あったかほーむデイサービス【通所介護】福島県いわき市小島町一丁目４番地の２", "url": "https://www.kaigokensaku.mhlw.go.jp/07/index.php?action_kouhyou_detail_004_kani=true&JigyosyoCd=0770406239-00&ServiceCd=150&Type=search", "url2": null }, "geometry": { "type": "Point", "coordinates": [ 140.88114429999996, 37.0504991 ] } },
{ "type": "Feature", "properties": { "内容": "あったかほーむﾃﾞｲｻｰﾋﾞｽ神谷【通所介護】福島県いわき市平中神谷字宿畑３４-３", "url": "https://www.kaigokensaku.mhlw.go.jp/07/index.php?action_kouhyou_detail_004_kani=true&JigyosyoCd=0770406932-00&ServiceCd=150&Type=search", "url2": null }, "geometry": { "type": "Point", "coordinates": [ 140.9353003, 37.06305 ] } },
{ "type": "Feature", "properties": { "内容": "せいざん荘デイサービスセンター【通所介護】福島県いわき市植田町堂ノ作49－12", "url": "https://www.kaigokensaku.mhlw.go.jp/07/index.php?action_kouhyou_detail_004_kani=true&JigyosyoCd=0770400323-00&ServiceCd=150&Type=search", "url2": "http://www.seizansou.jp" }, "geometry": { "type": "Point", "coordinates": [ 140.791641900000059, 36.9305692 ] } },
{ "type": "Feature", "properties": { "内容": "デイサービス　そら【通所介護】福島県いわき市平下神谷字出口１７番地１", "url": "https://www.kaigokensaku.mhlw.go.jp/07/index.php?action_kouhyou_detail_004_kani=true&JigyosyoCd=0770402683-00&ServiceCd=150&Type=search", "url2": "http://www.sora-kaigo.com/" }, "geometry": { "type": "Point", "coordinates": [ 140.953303300000016, 37.0728024 ] } },
{ "type": "Feature", "properties": { "内容": "デイサービス遊【通所介護】福島県いわき市平下神谷字仲田57-1", "url": "https://www.kaigokensaku.mhlw.go.jp/07/index.php?action_kouhyou_detail_004_kani=true&JigyosyoCd=0770407153-00&ServiceCd=150&Type=search", "url2": "http://yajima-you.co.jp/" }, "geometry": { "type": "Point", "coordinates": [ 140.953574139517201, 37.074306597943632 ] } },
{ "type": "Feature", "properties": { "内容": "白鳥の里デイサービスセンター【通所介護】福島県いわき市常磐白鳥町壱丁田２３番地の4", "url": "https://www.kaigokensaku.mhlw.go.jp/07/index.php?action_kouhyou_detail_004_kani=true&JigyosyoCd=0770401388-00&ServiceCd=150&Type=search", "url2": "http://jin-ai-kai.jp" }, "geometry": { "type": "Point", "coordinates": [ 140.844407899999965, 36.9859334 ] } },
{ "type": "Feature", "properties": { "内容": "ひまわり荘通所介護事業所【通所介護】福島県いわき市平上片寄字上ノ内193番地", "url": "https://www.kaigokensaku.mhlw.go.jp/07/index.php?action_kouhyou_detail_004_kani=true&JigyosyoCd=0770400653-00&ServiceCd=150&Type=search", "url2": "https://fksyouhei.wixsite.com/syouheikou" }, "geometry": { "type": "Point", "coordinates": [ 140.915185299999962, 37.0804717 ] } },
{ "type": "Feature", "properties": { "内容": "いわきゆったり館デイサービスセンター【通所介護】福島県いわき市常磐湯本町上浅貝22番地の１いわき市健康・福祉プラザ", "url": "https://www.kaigokensaku.mhlw.go.jp/07/index.php?action_kouhyou_detail_004_kani=true&JigyosyoCd=0770400836-00&ServiceCd=150&Type=search", "url2": "http://www.yuttarikan.ecnet.jp" }, "geometry": { "type": "Point", "coordinates": [ 140.85473920000004, 37.0102776 ] } },
{ "type": "Feature", "properties": { "内容": "デイサービスセンター薬師前【通所介護】福島県いわき市小名浜南富岡字薬師前５－１ケアレジデンス小名浜", "url": "https://www.kaigokensaku.mhlw.go.jp/07/index.php?action_kouhyou_detail_004_kani=true&JigyosyoCd=0770408771-00&ServiceCd=150&Type=search", "url2": "http://www.tokiwa.or.jp/" }, "geometry": { "type": "Point", "coordinates": [ 140.880576099999985, 36.9636729 ] } },
{ "type": "Feature", "properties": { "内容": "高砂荘デイサービスセンター【通所介護】福島県いわき市遠野町上遠野字沢繋１６番地の１７", "url": "https://www.kaigokensaku.mhlw.go.jp/07/index.php?action_kouhyou_detail_004_kani=true&JigyosyoCd=0770400307-00&ServiceCd=150&Type=search", "url2": "https://jin-ai-kai.jp/info/tds/" }, "geometry": { "type": "Point", "coordinates": [ 140.783328200000057, 37.005815600000012 ] } },
{ "type": "Feature", "properties": { "内容": "i-stepトレーニングセンタープラス【通所介護】福島県いわき市平上荒川桜町21-1", "url": "https://www.kaigokensaku.mhlw.go.jp/07/index.php?action_kouhyou_detail_004_kani=true&JigyosyoCd=0770408078-00&ServiceCd=150&Type=search", "url2": "http://www.i-stepproject.jp" }, "geometry": { "type": "Point", "coordinates": [ 140.888824158322393, 37.034228221785483 ] } },
{ "type": "Feature", "properties": { "内容": "社会福祉法人　光美会　老人デイサービスセンター　人生の里【通所介護】福島県いわき市内郷高野町五合田36番地の1", "url": "https://www.kaigokensaku.mhlw.go.jp/07/index.php?action_kouhyou_detail_004_kani=true&JigyosyoCd=0770401396-00&ServiceCd=150&Type=search", "url2": "https://www.koubikai.jp/" }, "geometry": { "type": "Point", "coordinates": [ 140.801487595716225, 37.044759155936241 ] } },
{ "type": "Feature", "properties": { "内容": "デイサービス　恵和【通所介護】福島県いわき市平四ツ波字糖塚33-1", "url": "https://www.kaigokensaku.mhlw.go.jp/07/index.php?action_kouhyou_detail_004_kani=true&JigyosyoCd=0770406775-00&ServiceCd=150&Type=search", "url2": "http://www.day-keiwa.jp" }, "geometry": { "type": "Point", "coordinates": [ 140.903023599999983, 37.0741888 ] } },
{ "type": "Feature", "properties": { "内容": "福島さくら農業協同組合草野デイサービスセンター太陽【通所介護】福島県いわき市平下神谷字馬洗39", "url": "https://www.kaigokensaku.mhlw.go.jp/07/index.php?action_kouhyou_detail_004_kani=true&JigyosyoCd=0770406270-00&ServiceCd=150&Type=search", "url2": "i-ds-kusano@ja-fsakura.or.jp" }, "geometry": { "type": "Point", "coordinates": [ 140.942644743516581, 37.066330780681319 ] } },
{ "type": "Feature", "properties": { "内容": "葵会通所介護　寿楽庭【通所介護】福島県いわき市泉町本谷字大田23-1", "url": "https://www.kaigokensaku.mhlw.go.jp/07/index.php?action_kouhyou_detail_004_kani=true&JigyosyoCd=0770405918-00&ServiceCd=150&Type=search", "url2": "http://jugemu-iwaki.com/" }, "geometry": { "type": "Point", "coordinates": [ 140.871902854262203, 36.967428758726967 ] } },
{ "type": "Feature", "properties": { "内容": "幸寿苑【通所介護】福島県いわき市平上平窪字原田13番地の１", "url": "https://www.kaigokensaku.mhlw.go.jp/07/index.php?action_kouhyou_detail_004_kani=true&JigyosyoCd=0770400414-00&ServiceCd=150&Type=search", "url2": "http://www.kojuen.com" }, "geometry": { "type": "Point", "coordinates": [ 140.8738727, 37.1005847 ] } },
{ "type": "Feature", "properties": { "内容": "ケアパートナーいわき【通所介護】福島県いわき市平北白土字宮前48-1クレメント宮前", "url": "https://www.kaigokensaku.mhlw.go.jp/07/index.php?action_kouhyou_detail_004_kani=true&JigyosyoCd=0770404481-00&ServiceCd=150&Type=search", "url2": "http://www.care-partner.com/" }, "geometry": { "type": "Point", "coordinates": [ 140.912042400000018, 37.0502703 ] } },
{ "type": "Feature", "properties": { "内容": "ケアセンターつどいいわき【通所介護】福島県いわき市平北白土字ネキ内23", "url": "https://www.kaigokensaku.mhlw.go.jp/07/index.php?action_kouhyou_detail_004_kani=true&JigyosyoCd=0770409159-00&ServiceCd=150&Type=search", "url2": "https://mcp-net.jp" }, "geometry": { "type": "Point", "coordinates": [ 140.9168795, 37.0510448 ] } },
{ "type": "Feature", "properties": { "内容": "レンガ通りデイサービスセンター【通所介護】福島県いわき市平字二町目39", "url": "https://www.kaigokensaku.mhlw.go.jp/07/index.php?action_kouhyou_detail_004_kani=true&JigyosyoCd=0770408698-00&ServiceCd=150&Type=search", "url2": "http://jin-ai-kai.jp" }, "geometry": { "type": "Point", "coordinates": [ 140.89000070000003, 37.0548949 ] } },
{ "type": "Feature", "properties": { "内容": "はつらつ勿来【通所介護】福島県いわき市勿来町窪田万谷３９－４", "url": "https://www.kaigokensaku.mhlw.go.jp/07/index.php?action_kouhyou_detail_004_kani=true&JigyosyoCd=0770405231-00&ServiceCd=150&Type=search", "url2": "https://www.sympathycare.jp/" }, "geometry": { "type": "Point", "coordinates": [ 140.758513099336227, 36.89497399403551 ] } },
{ "type": "Feature", "properties": { "内容": "みなと整骨院デイサービス【通所介護】福島県いわき市小名浜字下明神町48-7", "url": "https://www.kaigokensaku.mhlw.go.jp/07/index.php?action_kouhyou_detail_004_kani=true&JigyosyoCd=0770408334-00&ServiceCd=150&Type=search", "url2": null }, "geometry": { "type": "Point", "coordinates": [ 140.909877100000017, 36.950194 ] } },
{ "type": "Feature", "properties": { "内容": "生き活き錦【通所介護】福島県いわき市錦町ウツギサキ26-2", "url": "https://www.kaigokensaku.mhlw.go.jp/07/index.php?action_kouhyou_detail_004_kani=true&JigyosyoCd=0770406262-00&ServiceCd=150&Type=search", "url2": "https://www.sympathycare.jp/" }, "geometry": { "type": "Point", "coordinates": [ 140.790412083853198, 36.900857491976893 ] } },
{ "type": "Feature", "properties": { "内容": "デイサービスきづな【通所介護】福島県いわき市平南白土字八ッ坂74番地", "url": "https://www.kaigokensaku.mhlw.go.jp/07/index.php?action_kouhyou_detail_004_kani=true&JigyosyoCd=0770407625-00&ServiceCd=150&Type=search", "url2": "http://kizuna-iwaki.co.jp" }, "geometry": { "type": "Point", "coordinates": [ 140.904751164556927, 37.042450449026873 ] } },
{ "type": "Feature", "properties": { "内容": "デイサービス　トモ・ハウス【通所介護】福島県いわき市中之作字勝見ヶ浦４９－１８", "url": "https://www.kaigokensaku.mhlw.go.jp/07/index.php?action_kouhyou_detail_004_kani=true&JigyosyoCd=0770403582-00&ServiceCd=150&Type=search", "url2": null }, "geometry": { "type": "Point", "coordinates": [ 140.947531499999968, 36.9562523 ] } },
{ "type": "Feature", "properties": { "内容": "幸福の家　桜の里デイサービスセンター【通所介護】福島県いわき市平谷川瀬字根木作62", "url": "https://www.kaigokensaku.mhlw.go.jp/07/index.php?action_kouhyou_detail_004_kani=true&JigyosyoCd=0770406049-00&ServiceCd=150&Type=search", "url2": "https://sakuranosato-iwaki.com/" }, "geometry": { "type": "Point", "coordinates": [ 140.889786123942628, 37.046244671259345 ] } },
{ "type": "Feature", "properties": { "内容": "i-stepトレーニングセンター【通所介護】福島県いわき市平字紅葉町43-4", "url": "https://www.kaigokensaku.mhlw.go.jp/07/index.php?action_kouhyou_detail_004_kani=true&JigyosyoCd=0770406627-00&ServiceCd=150&Type=search", "url2": "http://www.i-stepproject.jp/" }, "geometry": { "type": "Point", "coordinates": [ 140.892823745368986, 37.064606125155194 ] } },
{ "type": "Feature", "properties": { "内容": "デイサービス喜雲館【通所介護】福島県いわき市常磐関湯本町日渡117-4", "url": "https://www.kaigokensaku.mhlw.go.jp/07/index.php?action_kouhyou_detail_004_kani=true&JigyosyoCd=0770406841-00&ServiceCd=150&Type=search", "url2": "http://www.antai.jp" }, "geometry": { "type": "Point", "coordinates": [ 140.839514590510561, 37.023018055386345 ] } },
{ "type": "Feature", "properties": { "内容": "くらしの郷デイサービスセンター【通所介護】福島県いわき市中央台鹿島三丁目1番7", "url": "https://www.kaigokensaku.mhlw.go.jp/07/index.php?action_kouhyou_detail_004_kani=true&JigyosyoCd=0770405751-00&ServiceCd=150&Type=search", "url2": "http://jin-ai-kai.jp" }, "geometry": { "type": "Point", "coordinates": [ 140.916655499999933, 37.0064735 ] } },
{ "type": "Feature", "properties": { "内容": "ゆかりの広場【通所介護】福島県いわき市勿来町酒井関根57番地の6", "url": "https://www.kaigokensaku.mhlw.go.jp/07/index.php?action_kouhyou_detail_004_kani=true&JigyosyoCd=0770406783-00&ServiceCd=150&Type=search", "url2": "http://www.kaigo-yukari.co.jp" }, "geometry": { "type": "Point", "coordinates": [ 140.749152228974907, 36.886995297679888 ] } },
{ "type": "Feature", "properties": { "内容": "通所介護事業所パライソサロン【通所介護】福島県いわき市鹿島町久保字仲田１０番地の１", "url": "https://www.kaigokensaku.mhlw.go.jp/07/index.php?action_kouhyou_detail_004_kani=true&JigyosyoCd=0770409605-00&ServiceCd=150&Type=search", "url2": "https://paraisogoshiki.com/" }, "geometry": { "type": "Point", "coordinates": [ 140.9081727, 36.9913702 ] } },
{ "type": "Feature", "properties": { "内容": "ケイアンドワイデイサービス【通所介護】福島県いわき市泉ヶ丘2-10-6", "url": "https://www.kaigokensaku.mhlw.go.jp/07/index.php?action_kouhyou_detail_004_kani=true&JigyosyoCd=0770403483-00&ServiceCd=150&Type=search", "url2": "http://k-and-y.p-kit.com/" }, "geometry": { "type": "Point", "coordinates": [ 140.855865799999947, 36.9644118 ] } },
{ "type": "Feature", "properties": { "内容": "デイサービスウィズハート【通所介護】福島県いわき市泉町大田5", "url": "https://www.kaigokensaku.mhlw.go.jp/07/index.php?action_kouhyou_detail_004_kani=true&JigyosyoCd=0770405462-00&ServiceCd=150&Type=search", "url2": null }, "geometry": { "type": "Point", "coordinates": [ 140.870605399999931, 36.9677844 ] } },
{ "type": "Feature", "properties": { "内容": "ライフ・サポート【通所介護】久之浜町末続字塩民79", "url": "https://www.kaigokensaku.mhlw.go.jp/07/index.php?action_kouhyou_detail_004_kani=true&JigyosyoCd=0770408227-00&ServiceCd=150&Type=search", "url2": null }, "geometry": { "type": "Point", "coordinates": [ 140.990956728836068, 37.169590619630576 ] } },
{ "type": "Feature", "properties": { "内容": "デイサービス御宿ぶどうや【通所介護】福島県いわき市小名浜字中原13-1", "url": "https://www.kaigokensaku.mhlw.go.jp/07/index.php?action_kouhyou_detail_004_kani=true&JigyosyoCd=0770407286-00&ServiceCd=150&Type=search", "url2": "kokoronoeki@basil.ocn.ne.jp" }, "geometry": { "type": "Point", "coordinates": [ 140.874729200000047, 36.9446183 ] } },
{ "type": "Feature", "properties": { "内容": "デイサービスおもだか【通所介護】福島県いわき市常磐水野谷町千代鶴181番地の6", "url": "https://www.kaigokensaku.mhlw.go.jp/07/index.php?action_kouhyou_detail_004_kani=true&JigyosyoCd=0770408292-00&ServiceCd=150&Type=search", "url2": "http://koujinkai.co.jp" }, "geometry": { "type": "Point", "coordinates": [ 140.864176303318771, 37.004174487467694 ] } },
{ "type": "Feature", "properties": { "内容": "愛心会通所介護　和顔【通所介護】福島県いわき市平下神谷字後原４７－１", "url": "https://www.kaigokensaku.mhlw.go.jp/07/index.php?action_kouhyou_detail_004_kani=true&JigyosyoCd=0770402600-00&ServiceCd=150&Type=search", "url2": "http://aisinkai-iwaki.com" }, "geometry": { "type": "Point", "coordinates": [ 140.936911099999946, 37.0653886 ] } },
{ "type": "Feature", "properties": { "内容": "デイサービスセンターあい・あい【通所介護】福島県いわき市郷ヶ丘2丁目55-3", "url": "https://www.kaigokensaku.mhlw.go.jp/07/index.php?action_kouhyou_detail_004_kani=true&JigyosyoCd=0770403509-00&ServiceCd=150&Type=search", "url2": "http://www.aiai-kaigo.net/" }, "geometry": { "type": "Point", "coordinates": [ 140.903455099999974, 37.0290092 ] } },
{ "type": "Feature", "properties": { "内容": "あったかほーむデイサービス御台境【通所介護】福島県いわき市内郷御台境町字鶴巻75番地の8", "url": "https://www.kaigokensaku.mhlw.go.jp/07/index.php?action_kouhyou_detail_004_kani=true&JigyosyoCd=0770407302-00&ServiceCd=150&Type=search", "url2": null }, "geometry": { "type": "Point", "coordinates": [ 140.8677796, 37.0501523 ] } },
{ "type": "Feature", "properties": { "内容": "亀齢荘デイサービスセンター【通所介護】福島県いわき市平山崎字熊ノ宮３８番地", "url": "https://www.kaigokensaku.mhlw.go.jp/07/index.php?action_kouhyou_detail_004_kani=true&JigyosyoCd=0770400620-00&ServiceCd=150&Type=search", "url2": "http://www.kireisou.com" }, "geometry": { "type": "Point", "coordinates": [ 140.940522200000032, 37.0565872 ] } },
{ "type": "Feature", "properties": { "内容": "ディサービスセンターパノラマ【通所介護】福島県いわき市常磐藤原町湯ノ嶽３９番地の２", "url": "https://www.kaigokensaku.mhlw.go.jp/07/index.php?action_kouhyou_detail_004_kani=true&JigyosyoCd=0770403525-00&ServiceCd=150&Type=search", "url2": null }, "geometry": { "type": "Point", "coordinates": [ 140.8092263, 37.0012301 ] } },
{ "type": "Feature", "properties": { "内容": "あじさい通所センター【通所介護】福島県いわき市佐糠町東2丁目6-9Ｃ棟1", "url": "https://www.kaigokensaku.mhlw.go.jp/07/index.php?action_kouhyou_detail_004_kani=true&JigyosyoCd=0770406619-00&ServiceCd=150&Type=search", "url2": "https://ainetto-1.jimdosite.com" }, "geometry": { "type": "Point", "coordinates": [ 140.809210300000018, 36.9174153 ] } },
{ "type": "Feature", "properties": { "内容": "デイサービスとよま【通所介護】福島県いわき市平豊間字柳町49", "url": "https://www.kaigokensaku.mhlw.go.jp/07/index.php?action_kouhyou_detail_004_kani=true&JigyosyoCd=0770408243-00&ServiceCd=150&Type=search", "url2": null }, "geometry": { "type": "Point", "coordinates": [ 140.9689707, 36.9918543 ] } },
{ "type": "Feature", "properties": { "内容": "ディサービスセンタールアナ【通所介護】福島県いわき市平字新田前５－２", "url": "https://www.kaigokensaku.mhlw.go.jp/07/index.php?action_kouhyou_detail_004_kani=true&JigyosyoCd=0770408862-00&ServiceCd=150&Type=search", "url2": null }, "geometry": { "type": "Point", "coordinates": [ 140.895846799999987, 37.049707 ] } },
{ "type": "Feature", "properties": { "内容": "すみのや林城デイサービスセンター【通所介護】福島県いわき市小名浜林城字辻前2", "url": "https://www.kaigokensaku.mhlw.go.jp/07/index.php?action_kouhyou_detail_004_kani=true&JigyosyoCd=0770404531-00&ServiceCd=150&Type=search", "url2": "http://www.suminoya.or.jp/index.html" }, "geometry": { "type": "Point", "coordinates": [ 140.89214370000002, 36.982303700000017 ] } },
{ "type": "Feature", "properties": { "内容": "ニチイケアセンターいわき【通所介護】福島県いわき市好間町下好間字一町坪111-1", "url": "https://www.kaigokensaku.mhlw.go.jp/07/index.php?action_kouhyou_detail_004_kani=true&JigyosyoCd=0770400505-00&ServiceCd=150&Type=search", "url2": "http://www.nichiigakkan.co.jp" }, "geometry": { "type": "Point", "coordinates": [ 140.866158299758609, 37.057615230978719 ] } },
{ "type": "Feature", "properties": { "内容": "すいとぴーデイサービスセンター中央台【通所介護】福島県いわき市中央台飯野４－７－２", "url": "https://www.kaigokensaku.mhlw.go.jp/07/index.php?action_kouhyou_detail_004_kani=true&JigyosyoCd=0770404895-00&ServiceCd=150&Type=search", "url2": "http://www.sweetpea.co.jp/" }, "geometry": { "type": "Point", "coordinates": [ 140.92101839999998, 37.0166611 ] } },
{ "type": "Feature", "properties": { "内容": "介福たいむ通所介護事業所【通所介護】福島県いわき市好間町上好間字洞３４－１", "url": "https://www.kaigokensaku.mhlw.go.jp/07/index.php?action_kouhyou_detail_004_kani=true&JigyosyoCd=0770404937-00&ServiceCd=150&Type=search", "url2": null }, "geometry": { "type": "Point", "coordinates": [ 140.846953799999937, 37.0697987 ] } },
{ "type": "Feature", "properties": { "内容": "すみのや泉リハビリセンター【通所介護】福島県いわき市泉町下川字薬師前39-1", "url": "https://www.kaigokensaku.mhlw.go.jp/07/index.php?action_kouhyou_detail_004_kani=true&JigyosyoCd=0770408144-00&ServiceCd=150&Type=search", "url2": "http://www.suminoya.or.jp/" }, "geometry": { "type": "Point", "coordinates": [ 140.855645399999986, 36.9439291 ] } },
{ "type": "Feature", "properties": { "内容": "ケアクラブみかん【通所介護】福島県いわき市久之浜町久之浜字立31-1", "url": "https://www.kaigokensaku.mhlw.go.jp/07/index.php?action_kouhyou_detail_004_kani=true&JigyosyoCd=0770409381-00&ServiceCd=150&Type=search", "url2": null }, "geometry": { "type": "Point", "coordinates": [ 141.000129399999963, 37.1460933 ] } },
{ "type": "Feature", "properties": { "内容": "養生会　かしま（かしまデイサービスセンター）【通所介護】福島県いわき市鹿島町下蔵持字中沢目24", "url": "https://www.kaigokensaku.mhlw.go.jp/07/index.php?action_kouhyou_detail_004_kani=true&JigyosyoCd=0770400299-00&ServiceCd=150&Type=search", "url2": "kashimasou.jp/" }, "geometry": { "type": "Point", "coordinates": [ 140.91089779999993, 36.9925086 ] } },
{ "type": "Feature", "properties": { "内容": "織内スパデイサービス【通所介護】福島県いわき市常磐関船町迎11", "url": "https://www.kaigokensaku.mhlw.go.jp/07/index.php?action_kouhyou_detail_004_kani=true&JigyosyoCd=0770401347-00&ServiceCd=150&Type=search", "url2": "http://sinsei-kai.jp" }, "geometry": { "type": "Point", "coordinates": [ 140.850437199999988, 37.0026116 ] } },
{ "type": "Feature", "properties": { "内容": "こころの駅　デイサービスセンター【通所介護】福島県いわき市小名浜字中原17-1", "url": "https://www.kaigokensaku.mhlw.go.jp/07/index.php?action_kouhyou_detail_004_kani=true&JigyosyoCd=0770403996-00&ServiceCd=150&Type=search", "url2": "kokoronoeki＠basil.ocn.ne.jp" }, "geometry": { "type": "Point", "coordinates": [ 140.873171100000036, 36.9437517 ] } },
{ "type": "Feature", "properties": { "内容": "すいとぴー　デイサービスセンター　ひらくぼ【通所介護】福島県いわき市平下平窪字鶯内101-1", "url": "https://www.kaigokensaku.mhlw.go.jp/07/index.php?action_kouhyou_detail_004_kani=true&JigyosyoCd=0770404903-00&ServiceCd=150&Type=search", "url2": "http://www.pcs.sweetpea.co.jp" }, "geometry": { "type": "Point", "coordinates": [ 140.880265399999985, 37.0704136 ] } },
{ "type": "Feature", "properties": { "内容": "JA福島さくら　デイサービスみなみ【通所介護】福島県いわき市後田町柳町52番地いわき南福祉センター", "url": "https://www.kaigokensaku.mhlw.go.jp/07/index.php?action_kouhyou_detail_004_kani=true&JigyosyoCd=0770407641-00&ServiceCd=150&Type=search", "url2": null }, "geometry": { "type": "Point", "coordinates": [ 140.78952860000004, 36.9225265 ] } },
{ "type": "Feature", "properties": { "内容": "だんらんデイサービス【通所介護】福島県いわき市錦町釈迦堂60番地", "url": "https://www.kaigokensaku.mhlw.go.jp/07/index.php?action_kouhyou_detail_004_kani=true&JigyosyoCd=0770407955-00&ServiceCd=150&Type=search", "url2": null }, "geometry": { "type": "Point", "coordinates": [ 140.783560200000011, 36.903560300000017 ] } },
{ "type": "Feature", "properties": { "内容": "フィットデイ郷ケ丘【通所介護】福島県いわき市郷ケ丘2丁目１０６番地5", "url": "https://www.kaigokensaku.mhlw.go.jp/07/index.php?action_kouhyou_detail_004_kani=true&JigyosyoCd=0770408821-00&ServiceCd=150&Type=search", "url2": "welfuture.jp" }, "geometry": { "type": "Point", "coordinates": [ 140.908345899999972, 37.0233361 ] } },
{ "type": "Feature", "properties": { "内容": "ツクイいわき内郷【通所介護】福島県いわき市内郷御厩町4-34", "url": "https://www.kaigokensaku.mhlw.go.jp/07/index.php?action_kouhyou_detail_004_kani=true&JigyosyoCd=0770409001-00&ServiceCd=150&Type=search", "url2": "https://www.tsukui.net/home-care/2267/" }, "geometry": { "type": "Point", "coordinates": [ 140.8738557, 37.0510994 ] } },
{ "type": "Feature", "properties": { "内容": "デイサービスニューウォーク【通所介護】福島県いわき市内郷高坂町高橋93ｰ5", "url": "https://www.kaigokensaku.mhlw.go.jp/07/index.php?action_kouhyou_detail_004_kani=true&JigyosyoCd=0770409423-00&ServiceCd=150&Type=search", "url2": "https://newwalk-iwaki.jp/" }, "geometry": { "type": "Point", "coordinates": [ 140.8570532, 37.0402384 ] } },
{ "type": "Feature", "properties": { "内容": "はるる小名浜デイサービスセンター【通所介護】福島県いわき市小名浜大原字堀米７７－５", "url": "https://www.kaigokensaku.mhlw.go.jp/07/index.php?action_kouhyou_detail_004_kani=true&JigyosyoCd=0770405397-00&ServiceCd=150&Type=search", "url2": null }, "geometry": { "type": "Point", "coordinates": [ 140.890295299999906, 36.9617252 ] } },
{ "type": "Feature", "properties": { "内容": "通所介護事業所サニーポート小名浜【通所介護】福島県いわき市小名浜字神成塚１３３番地の1", "url": "https://www.kaigokensaku.mhlw.go.jp/07/index.php?action_kouhyou_detail_004_kani=true&JigyosyoCd=0770407583-00&ServiceCd=150&Type=search", "url2": "http://sunny-port.net/" }, "geometry": { "type": "Point", "coordinates": [ 140.884052, 36.9515156 ] } },
{ "type": "Feature", "properties": { "内容": "指定通所介護事業所優しい時間【通所介護】福島県いわき市錦町古川7－3", "url": "https://www.kaigokensaku.mhlw.go.jp/07/index.php?action_kouhyou_detail_004_kani=true&JigyosyoCd=0770408318-00&ServiceCd=150&Type=search", "url2": null }, "geometry": { "type": "Point", "coordinates": [ 140.780729599999972, 36.9113289 ] } },
{ "type": "Feature", "properties": { "内容": "元氣ジムいわき中央台【通所介護】福島県いわき市中央台高久二丁目25-1", "url": "https://www.kaigokensaku.mhlw.go.jp/07/index.php?action_kouhyou_detail_004_kani=true&JigyosyoCd=0770409290-00&ServiceCd=150&Type=search", "url2": "https://www.able-can.jp" }, "geometry": { "type": "Point", "coordinates": [ 140.927975744010922, 37.009063465342194 ] } },
{ "type": "Feature", "properties": { "内容": "いわさき荘デイサービスセンター通所介護事業所【通所介護】福島県いわき市常磐上湯長谷町上ノ台８８－１", "url": "https://www.kaigokensaku.mhlw.go.jp/07/index.php?action_kouhyou_detail_004_kani=true&JigyosyoCd=0770400349-00&ServiceCd=150&Type=search", "url2": "http://iwasakisou.jp" }, "geometry": { "type": "Point", "coordinates": [ 140.8384886, 37.0035059 ] } },
{ "type": "Feature", "properties": { "内容": "きのこの山デイサービスセンター【通所介護】福島県いわき市遠野町字新川原101番地", "url": "https://www.kaigokensaku.mhlw.go.jp/07/index.php?action_kouhyou_detail_004_kani=true&JigyosyoCd=0770402816-00&ServiceCd=150&Type=search", "url2": null }, "geometry": { "type": "Point", "coordinates": [ 140.7327133, 36.987664299999985 ] } },
{ "type": "Feature", "properties": { "内容": "デイサービスセンター愛【通所介護】福島県いわき市洋向台三丁目6番地の8", "url": "https://www.kaigokensaku.mhlw.go.jp/07/index.php?action_kouhyou_detail_004_kani=true&JigyosyoCd=0770403061-00&ServiceCd=150&Type=search", "url2": "https://goodlove2023.jp" }, "geometry": { "type": "Point", "coordinates": [ 140.940310899999986, 36.9661212 ] } },
{ "type": "Feature", "properties": { "内容": "デイサービス　こはる【通所介護】福島県いわき市泉町滝尻字六枚内３１－３", "url": "https://www.kaigokensaku.mhlw.go.jp/07/index.php?action_kouhyou_detail_004_kani=true&JigyosyoCd=0770409688-00&ServiceCd=150&Type=search", "url2": "https://www.big-advance.site//c/191/1465" }, "geometry": { "type": "Point", "coordinates": [ 140.8669022, 36.9500719 ] } },
{ "type": "Feature", "properties": { "内容": "めいじ永寿介護サービス株式会社【通所介護】明治団地１番地１４めいじ永寿介護サービスステーション", "url": "https://www.kaigokensaku.mhlw.go.jp/07/index.php?action_kouhyou_detail_004_kani=true&JigyosyoCd=0770408300-00&ServiceCd=150&Type=search", "url2": "http://www.meijieijyu.jp/contact" }, "geometry": { "type": "Point", "coordinates": [ 140.892341753372932, 37.043673213812873 ] } },
{ "type": "Feature", "properties": { "内容": "デイサービスあゆみ【通所介護】福島県いわき市泉町下川字谷地川1-1", "url": "https://www.kaigokensaku.mhlw.go.jp/07/index.php?action_kouhyou_detail_004_kani=true&JigyosyoCd=0770409282-00&ServiceCd=150&Type=search", "url2": null }, "geometry": { "type": "Point", "coordinates": [ 140.861308, 36.941454 ] } },
{ "type": "Feature", "properties": { "内容": "デイサービス悠中央台【通所介護】福島県いわき市中央台飯野３丁目３３番地の１", "url": "https://www.kaigokensaku.mhlw.go.jp/07/index.php?action_kouhyou_detail_004_kani=true&JigyosyoCd=0770406684-00&ServiceCd=150&Type=search", "url2": "http://m-isi.com" }, "geometry": { "type": "Point", "coordinates": [ 140.915413805557222, 37.013131789635274 ] } },
{ "type": "Feature", "properties": { "内容": "リハビリテーション悠　中央台【通所介護】福島県いわき市中央台鹿島三丁目35番地の2", "url": "https://www.kaigokensaku.mhlw.go.jp/07/index.php?action_kouhyou_detail_004_kani=true&JigyosyoCd=0770408037-00&ServiceCd=150&Type=search", "url2": null }, "geometry": { "type": "Point", "coordinates": [ 140.9235036, 37.0045639 ] } },
{ "type": "Feature", "properties": { "内容": "内郷デイサービスセンター【通所介護】福島県いわき市内郷高坂町大町２７－１", "url": "https://www.kaigokensaku.mhlw.go.jp/07/index.php?action_kouhyou_detail_004_kani=true&JigyosyoCd=0770403475-00&ServiceCd=150&Type=search", "url2": "https://www.cosmocareservice.jp" }, "geometry": { "type": "Point", "coordinates": [ 140.862151, 37.04568 ] } },
{ "type": "Feature", "properties": { "内容": "デイサービスセンターつながる【通所介護】福島県いわき市泉町一丁目8番地9", "url": "https://www.kaigokensaku.mhlw.go.jp/07/index.php?action_kouhyou_detail_004_kani=true&JigyosyoCd=0770408425-00&ServiceCd=150&Type=search", "url2": "https://npo-fukushinetiwaki.com/tsunagaru" }, "geometry": { "type": "Point", "coordinates": [ 140.856661, 36.95458 ] } },
{ "type": "Feature", "properties": { "内容": "デイサービス　パル・夢百合草（アルストロメリア）【通所介護】福島県白河市北中川原147番地", "url": "https://www.kaigokensaku.mhlw.go.jp/07/index.php?action_kouhyou_detail_004_kani=true&JigyosyoCd=0770501260-00&ServiceCd=150&Type=search", "url2": "http://www.jssk-labo.jp/" }, "geometry": { "type": "Point", "coordinates": [ 140.22618008057654, 37.123138952534951 ] } },
{ "type": "Feature", "properties": { "内容": "緑フィットネス希望【通所介護】福島県白河市明戸15番3", "url": "https://www.kaigokensaku.mhlw.go.jp/07/index.php?action_kouhyou_detail_004_kani=true&JigyosyoCd=0770501328-00&ServiceCd=150&Type=search", "url2": "m.fitness.kibou@gmail.com" }, "geometry": { "type": "Point", "coordinates": [ 140.224362400000018, 37.1247282 ] } },
{ "type": "Feature", "properties": { "内容": "デイサービス　パル・雨やどり【通所介護】福島県白河市表郷金山字荒屋65-1", "url": "https://www.kaigokensaku.mhlw.go.jp/07/index.php?action_kouhyou_detail_004_kani=true&JigyosyoCd=0770501450-00&ServiceCd=150&Type=search", "url2": "http://www.jssk.labo.jp/" }, "geometry": { "type": "Point", "coordinates": [ 140.294325261654677, 37.05121086614345 ] } },
{ "type": "Feature", "properties": { "内容": "JA夢みなみデイサービスセンターかしま【通所介護】福島県白河市大鹿島前２５−４", "url": "https://www.kaigokensaku.mhlw.go.jp/07/index.php?action_kouhyou_detail_004_kani=true&JigyosyoCd=0770501211-00&ServiceCd=150&Type=search", "url2": null }, "geometry": { "type": "Point", "coordinates": [ 140.2388402, 37.1221637 ] } },
{ "type": "Feature", "properties": { "内容": "デイサービスセンターひまわり茶屋【通所介護】福島県白河市金勝寺1番3", "url": "https://www.kaigokensaku.mhlw.go.jp/07/index.php?action_kouhyou_detail_004_kani=true&JigyosyoCd=0770501005-00&ServiceCd=150&Type=search", "url2": null }, "geometry": { "type": "Point", "coordinates": [ 140.204528053967351, 37.13664842407848 ] } },
{ "type": "Feature", "properties": { "内容": "白河市大信デイサービスセンター【通所介護】福島県白河市大信増見字八幡山５５", "url": "https://www.kaigokensaku.mhlw.go.jp/07/index.php?action_kouhyou_detail_004_kani=true&JigyosyoCd=0770500551-00&ServiceCd=150&Type=search", "url2": "http://www.shirakawa-shakyo.ne.jp/" }, "geometry": { "type": "Point", "coordinates": [ 140.241707, 37.2035124 ] } },
{ "type": "Feature", "properties": { "内容": "白河市東デイサービスセンター【通所介護】福島県白河市東上野出島字干草場153番地3白河市東保健センター", "url": "https://www.kaigokensaku.mhlw.go.jp/07/index.php?action_kouhyou_detail_004_kani=true&JigyosyoCd=0770500528-00&ServiceCd=150&Type=search", "url2": "http//www.shirakawa-shakyo.ne.jp" }, "geometry": { "type": "Point", "coordinates": [ 140.363735099999985, 37.1059236 ] } },
{ "type": "Feature", "properties": { "内容": "白河市中央デイサービスセンター【通所介護】福島県白河市北中川原３１３番地白河市中央老人福祉センター", "url": "https://www.kaigokensaku.mhlw.go.jp/07/index.php?action_kouhyou_detail_004_kani=true&JigyosyoCd=0770500452-00&ServiceCd=150&Type=search", "url2": "http://www.shirakawa-shakyo.ne.jp" }, "geometry": { "type": "Point", "coordinates": [ 140.227263599999986, 37.124479400000034 ] } },
{ "type": "Feature", "properties": { "内容": "白河市表郷デイサービスセンター【通所介護】福島県白河市表郷堀之内字堀ノ内１－５白河市表郷福祉センター", "url": "https://www.kaigokensaku.mhlw.go.jp/07/index.php?action_kouhyou_detail_004_kani=true&JigyosyoCd=0770500494-00&ServiceCd=150&Type=search", "url2": "http://www.shirakawa-shakyo.ne.jp/" }, "geometry": { "type": "Point", "coordinates": [ 140.320807699999932, 37.0690045 ] } },
{ "type": "Feature", "properties": { "内容": "ぐりーんしゃとーゆうほ【通所介護】白坂三輪台20-1", "url": "https://www.kaigokensaku.mhlw.go.jp/07/index.php?action_kouhyou_detail_004_kani=true&JigyosyoCd=0770500841-00&ServiceCd=150&Type=search", "url2": "ｇｒｅｅｎｃｈａｔｅａｕｙｕｕｈｏ＠ｉｒｉｓ．ｏｃｎ．ｎｅ．ｊｐ" }, "geometry": { "type": "Point", "coordinates": [ 140.19386170000007, 37.1004479 ] } },
{ "type": "Feature", "properties": { "内容": "デイサービスセンター表郷「聖・オリーブの郷」【通所介護】福島県白河市表郷堀之内字堀ノ内1-1", "url": "https://www.kaigokensaku.mhlw.go.jp/07/index.php?action_kouhyou_detail_004_kani=true&JigyosyoCd=0770501385-00&ServiceCd=150&Type=search", "url2": "https://sosei.org" }, "geometry": { "type": "Point", "coordinates": [ 140.3195399, 37.0688403 ] } },
{ "type": "Feature", "properties": { "内容": "デイサービスセンター　小峰苑【通所介護】福島県白河市新夏梨１番地２", "url": "https://www.kaigokensaku.mhlw.go.jp/07/index.php?action_kouhyou_detail_004_kani=true&JigyosyoCd=0770500106-00&ServiceCd=150&Type=search", "url2": "http://care-net.biz/07/komineen/" }, "geometry": { "type": "Point", "coordinates": [ 140.227589699999953, 37.0897947 ] } },
{ "type": "Feature", "properties": { "内容": "デイサービス　八福神　参番館【通所介護】福島県白河市大鹿島前３１番地", "url": "https://www.kaigokensaku.mhlw.go.jp/07/index.php?action_kouhyou_detail_004_kani=true&JigyosyoCd=0770501468-00&ServiceCd=150&Type=search", "url2": "http://taro-rlcs.com/" }, "geometry": { "type": "Point", "coordinates": [ 140.2418288, 37.1214574 ] } },
{ "type": "Feature", "properties": { "内容": "レッツ倶楽部　須賀川【通所介護】馬町72-1", "url": "https://www.kaigokensaku.mhlw.go.jp/07/index.php?action_kouhyou_detail_004_kani=true&JigyosyoCd=0770701423-00&ServiceCd=150&Type=search", "url2": "https://www.lets-club.jp/shop/sukagawa/index.html" }, "geometry": { "type": "Point", "coordinates": [ 140.37683, 37.285793 ] } },
{ "type": "Feature", "properties": { "内容": "ツクイ須賀川【通所介護】塚田89", "url": "https://www.kaigokensaku.mhlw.go.jp/07/index.php?action_kouhyou_detail_004_kani=true&JigyosyoCd=0770701431-00&ServiceCd=150&Type=search", "url2": "https://www.tsukui.net/" }, "geometry": { "type": "Point", "coordinates": [ 139.9829861, 35.7225486 ] } },
{ "type": "Feature", "properties": { "内容": "デイサービスセンター　野の花【通所介護】福島県須賀川市諏訪町9番地", "url": "https://www.kaigokensaku.mhlw.go.jp/07/index.php?action_kouhyou_detail_004_kani=true&JigyosyoCd=0770701266-00&ServiceCd=150&Type=search", "url2": "http://pb-fukushima.jp/" }, "geometry": { "type": "Point", "coordinates": [ 140.373588, 37.2913463 ] } },
{ "type": "Feature", "properties": { "内容": "ゆう遊館デイサービスセンター【通所介護】福島県須賀川市滑川字関ノ上２６番地４", "url": "https://www.kaigokensaku.mhlw.go.jp/07/index.php?action_kouhyou_detail_004_kani=true&JigyosyoCd=0770700722-00&ServiceCd=150&Type=search", "url2": "http://aishin-f.or.jp/" }, "geometry": { "type": "Point", "coordinates": [ 140.365483500000011, 37.3256664 ] } },
{ "type": "Feature", "properties": { "内容": "ニチイケアセンター西川【通所介護】福島県須賀川市新町111", "url": "https://www.kaigokensaku.mhlw.go.jp/07/index.php?action_kouhyou_detail_004_kani=true&JigyosyoCd=0770700623-00&ServiceCd=150&Type=search", "url2": "http://www.nichiigakkan.co.jp" }, "geometry": { "type": "Point", "coordinates": [ 140.352759, 37.294168100000014 ] } },
{ "type": "Feature", "properties": { "内容": "南東北春日デイサービス【通所介護】福島県須賀川市南上町１２３番地ー１", "url": "https://www.kaigokensaku.mhlw.go.jp/07/index.php?action_kouhyou_detail_004_kani=true&JigyosyoCd=0770701365-00&ServiceCd=150&Type=search", "url2": "http://www.kasuga-rehabili.com" }, "geometry": { "type": "Point", "coordinates": [ 140.386523500000067, 37.2834807 ] } },
{ "type": "Feature", "properties": { "内容": "須賀川市いわせデイサービスセンター【通所介護】福島県須賀川市畑田字諏訪入56", "url": "https://www.kaigokensaku.mhlw.go.jp/07/index.php?action_kouhyou_detail_004_kani=true&JigyosyoCd=0770700680-00&ServiceCd=150&Type=search", "url2": "http://su-shakyo.jp/index.html" }, "geometry": { "type": "Point", "coordinates": [ 140.269752700000026, 37.3061561 ] } },
{ "type": "Feature", "properties": { "内容": "デイサービス　いわせ長寿苑【通所介護】福島県須賀川市矢沢字明池158", "url": "https://www.kaigokensaku.mhlw.go.jp/07/index.php?action_kouhyou_detail_004_kani=true&JigyosyoCd=0770700904-00&ServiceCd=150&Type=search", "url2": "http://www.iwase.or.jp/index.php" }, "geometry": { "type": "Point", "coordinates": [ 140.2858728, 37.3146444 ] } },
{ "type": "Feature", "properties": { "内容": "つくしデイサービス【通所介護】福島県須賀川市東作22-1", "url": "https://www.kaigokensaku.mhlw.go.jp/07/index.php?action_kouhyou_detail_004_kani=true&JigyosyoCd=0770700599-00&ServiceCd=150&Type=search", "url2": "http://houshinkai.jp" }, "geometry": { "type": "Point", "coordinates": [ 140.382726899999966, 37.2766592 ] } },
{ "type": "Feature", "properties": { "内容": "せいふうケア　リハビリ・ホームスカガワ【通所介護】須賀川市舘取町８２番地の2", "url": "https://www.kaigokensaku.mhlw.go.jp/07/index.php?action_kouhyou_detail_004_kani=true&JigyosyoCd=0770701514-00&ServiceCd=150&Type=search", "url2": "http://sh-care.com/" }, "geometry": { "type": "Point", "coordinates": [ 140.36627, 37.2923043 ] } },
{ "type": "Feature", "properties": { "内容": "長沼デイサービスセンター【通所介護】福島県須賀川市志茂字末津久保１番地２", "url": "https://www.kaigokensaku.mhlw.go.jp/07/index.php?action_kouhyou_detail_004_kani=true&JigyosyoCd=0772200168-00&ServiceCd=150&Type=search", "url2": "https://iwasefukushikai.jp/" }, "geometry": { "type": "Point", "coordinates": [ 140.247377699999987, 37.2933405 ] } },
{ "type": "Feature", "properties": { "内容": "菜の花デイサービス【通所介護】福島県須賀川市和田字弥六内３６２番地２", "url": "https://www.kaigokensaku.mhlw.go.jp/07/index.php?action_kouhyou_detail_004_kani=true&JigyosyoCd=0770700532-00&ServiceCd=150&Type=search", "url2": null }, "geometry": { "type": "Point", "coordinates": [ 140.390578499999947, 37.2870082 ] } },
{ "type": "Feature", "properties": { "内容": "デイサービス　ベルハウス【通所介護】福島県喜多方市字押切南２丁目７９番地デイサービス　ベルハウス", "url": "https://www.kaigokensaku.mhlw.go.jp/07/index.php?action_kouhyou_detail_004_kani=true&JigyosyoCd=0770800571-00&ServiceCd=150&Type=search", "url2": "https://vellink.jp/velhouse_kitakata/" }, "geometry": { "type": "Point", "coordinates": [ 139.85672169999998, 37.645844 ] } },
{ "type": "Feature", "properties": { "内容": "喜多方市社会福祉協議会　中央デイサービスセンター【通所介護】福島県喜多方市字上江３６４６番地１", "url": "https://www.kaigokensaku.mhlw.go.jp/07/index.php?action_kouhyou_detail_004_kani=true&JigyosyoCd=0770800654-00&ServiceCd=150&Type=search", "url2": null }, "geometry": { "type": "Point", "coordinates": [ 139.885671499999944, 37.6555798 ] } },
{ "type": "Feature", "properties": { "内容": "ニチイケアセンターしおかわ【通所介護】福島県喜多方市塩川町字東栄町２丁目2-6", "url": "https://www.kaigokensaku.mhlw.go.jp/07/index.php?action_kouhyou_detail_004_kani=true&JigyosyoCd=0770800928-00&ServiceCd=150&Type=search", "url2": "www.nichiigakkan.co.jp" }, "geometry": { "type": "Point", "coordinates": [ 139.892284099999983, 37.5940715 ] } },
{ "type": "Feature", "properties": { "内容": "医療法人佐原病院　デイサービスさわら【通所介護】福島県喜多方市字さつきが丘１０１", "url": "https://www.kaigokensaku.mhlw.go.jp/07/index.php?action_kouhyou_detail_004_kani=true&JigyosyoCd=0770800456-00&ServiceCd=150&Type=search", "url2": "http://www.sawara.or.jp" }, "geometry": { "type": "Point", "coordinates": [ 139.876939399999969, 37.6407647 ] } },
{ "type": "Feature", "properties": { "内容": "デイサービスセンター啓愛ヒルズ【通所介護】福島県喜多方市松山町村松字北原3656-1", "url": "https://www.kaigokensaku.mhlw.go.jp/07/index.php?action_kouhyou_detail_004_kani=true&JigyosyoCd=0770800274-00&ServiceCd=150&Type=search", "url2": "http://www.tenshinkai.or.jp" }, "geometry": { "type": "Point", "coordinates": [ 139.86904119999997, 37.6834788 ] } },
{ "type": "Feature", "properties": { "内容": "しょうぶ苑デイサービスセンター【通所介護】福島県喜多方市岩月町大都字菖蒲沢3610番地1", "url": "https://www.kaigokensaku.mhlw.go.jp/07/index.php?action_kouhyou_detail_004_kani=true&JigyosyoCd=0770800233-00&ServiceCd=150&Type=search", "url2": "https://keiwakai.net/" }, "geometry": { "type": "Point", "coordinates": [ 139.892113699999982, 37.6906258 ] } },
{ "type": "Feature", "properties": { "内容": "喜多方市社会福祉協議会　夢の森デイサービスセンター【通所介護】福島県喜多方市熱塩加納町米岡字下平乙609番地", "url": "https://www.kaigokensaku.mhlw.go.jp/07/index.php?action_kouhyou_detail_004_kani=true&JigyosyoCd=0770800670-00&ServiceCd=150&Type=search", "url2": null }, "geometry": { "type": "Point", "coordinates": [ 139.8715168, 37.7217748 ] } },
{ "type": "Feature", "properties": { "内容": "喜多方市社会福祉協議会　塩川デイサービスセンター【通所介護】福島県喜多方市塩川町字身神３００－１", "url": "https://www.kaigokensaku.mhlw.go.jp/07/index.php?action_kouhyou_detail_004_kani=true&JigyosyoCd=0770800688-00&ServiceCd=150&Type=search", "url2": null }, "geometry": { "type": "Point", "coordinates": [ 139.888981400000034, 37.5984321 ] } },
{ "type": "Feature", "properties": { "内容": "相馬市デイサービスセンター【通所介護】福島県相馬市小泉字高池357番地（相馬市総合福祉センター内）", "url": "https://www.kaigokensaku.mhlw.go.jp/07/index.php?action_kouhyou_detail_004_kani=true&JigyosyoCd=0770900082-00&ServiceCd=150&Type=search", "url2": null }, "geometry": { "type": "Point", "coordinates": [ 140.918294400000036, 37.8071175 ] } },
{ "type": "Feature", "properties": { "内容": "福島県相馬市馬場野字雨田4-1【通所介護】福島県相馬市馬場野字雨田4-1", "url": "https://www.kaigokensaku.mhlw.go.jp/07/index.php?action_kouhyou_detail_004_kani=true&JigyosyoCd=0770900702-00&ServiceCd=150&Type=search", "url2": null }, "geometry": { "type": "Point", "coordinates": [ 140.9308781, 37.7885586 ] } },
{ "type": "Feature", "properties": { "内容": "相馬福祉会デイサービスセンター【通所介護】福島県相馬市小泉字高池718番地", "url": "https://www.kaigokensaku.mhlw.go.jp/07/index.php?action_kouhyou_detail_004_kani=true&JigyosyoCd=0770900116-00&ServiceCd=150&Type=search", "url2": "https://www.soumafukushikai.com/" }, "geometry": { "type": "Point", "coordinates": [ 140.917352599999958, 37.8106087 ] } },
{ "type": "Feature", "properties": { "内容": "ニチイケアセンター宇多の郷【通所介護】福島県相馬市大曲字大毛内146", "url": "https://www.kaigokensaku.mhlw.go.jp/07/index.php?action_kouhyou_detail_004_kani=true&JigyosyoCd=0770900023-00&ServiceCd=150&Type=search", "url2": "http://www.nichiigakkan.co.jp" }, "geometry": { "type": "Point", "coordinates": [ 140.937562800000023, 37.7926224 ] } },
{ "type": "Feature", "properties": { "内容": "特定非営利活動法人まごころケアサービス二本松センター【通所介護】二本松市郭内１－１０", "url": "https://www.kaigokensaku.mhlw.go.jp/07/index.php?action_kouhyou_detail_004_kani=true&JigyosyoCd=0771000742-00&ServiceCd=150&Type=search", "url2": null }, "geometry": { "type": "Point", "coordinates": [ 140.437364, 37.5978143 ] } },
{ "type": "Feature", "properties": { "内容": "二本松市社会福祉協議会　デイサービスセンターあだち【通所介護】福島県二本松市油井字砂田101番地", "url": "https://www.kaigokensaku.mhlw.go.jp/07/index.php?action_kouhyou_detail_004_kani=true&JigyosyoCd=0771000361-00&ServiceCd=150&Type=search", "url2": "http://nihonmatsushisyakyo.or.jp" }, "geometry": { "type": "Point", "coordinates": [ 140.462528, 37.6075894 ] } },
{ "type": "Feature", "properties": { "内容": "デイサービスセンターのぽのぽ【通所介護】福島県二本松市榎戸1丁目319番地5", "url": "https://www.kaigokensaku.mhlw.go.jp/07/index.php?action_kouhyou_detail_004_kani=true&JigyosyoCd=0771000676-00&ServiceCd=150&Type=search", "url2": null }, "geometry": { "type": "Point", "coordinates": [ 140.4497748, 37.5919969 ] } },
{ "type": "Feature", "properties": { "内容": "二本松市社会福祉協議会　デイサービスセンターいわしろ【通所介護】福島県二本松市上長折字行部内４３番地", "url": "https://www.kaigokensaku.mhlw.go.jp/07/index.php?action_kouhyou_detail_004_kani=true&JigyosyoCd=0771000379-00&ServiceCd=150&Type=search", "url2": "https://nihonmatsushisyakyo.or.jp/" }, "geometry": { "type": "Point", "coordinates": [ 140.515029899999945, 37.5588704 ] } },
{ "type": "Feature", "properties": { "内容": "JWS陽だまりの郷デイサービスセンター【通所介護】福島県二本松市表二丁目772", "url": "https://www.kaigokensaku.mhlw.go.jp/07/index.php?action_kouhyou_detail_004_kani=true&JigyosyoCd=0771000544-00&ServiceCd=150&Type=search", "url2": "https://jws-c.jp/" }, "geometry": { "type": "Point", "coordinates": [ 140.435885789379881, 37.603978275585021 ] } },
{ "type": "Feature", "properties": { "内容": "コスモメディカルサポート　デイサービスセンター和・なごみ【通所介護】福島県二本松市針道字橇町29番地１", "url": "https://www.kaigokensaku.mhlw.go.jp/07/index.php?action_kouhyou_detail_004_kani=true&JigyosyoCd=0771000650-00&ServiceCd=150&Type=search", "url2": "http://homepage3.nifty.com/drecomehome/index.html" }, "geometry": { "type": "Point", "coordinates": [ 140.579392900000016, 37.5964861 ] } },
{ "type": "Feature", "properties": { "内容": "ふれあいデイサービス【通所介護】福島県二本松市安達ケ原5丁目６番地１", "url": "https://www.kaigokensaku.mhlw.go.jp/07/index.php?action_kouhyou_detail_004_kani=true&JigyosyoCd=0771000700-00&ServiceCd=150&Type=search", "url2": null }, "geometry": { "type": "Point", "coordinates": [ 140.466025300000013, 37.5929755 ] } },
{ "type": "Feature", "properties": { "内容": "都路まどか荘デイサービスセンター【通所介護】福島県田村市都路町古道字寺下60番地都路まどか荘デイサービスセンター", "url": "https://www.kaigokensaku.mhlw.go.jp/07/index.php?action_kouhyou_detail_004_kani=true&JigyosyoCd=0773100391-00&ServiceCd=150&Type=search", "url2": "http://tamurafukushikai.com" }, "geometry": { "type": "Point", "coordinates": [ 140.79160405463108, 37.434127961479511 ] } },
{ "type": "Feature", "properties": { "内容": "リハビリセンターさくらの里【通所介護】福島県田村市滝根町菅谷字大子堂153番地25", "url": "https://www.kaigokensaku.mhlw.go.jp/07/index.php?action_kouhyou_detail_004_kani=true&JigyosyoCd=0771100377-00&ServiceCd=150&Type=search", "url2": "https://www.keiseifukushikai.net" }, "geometry": { "type": "Point", "coordinates": [ 140.647590884516887, 37.354021411469603 ] } },
{ "type": "Feature", "properties": { "内容": "滝根指定通所介護事業所【通所介護】福島県田村市滝根町広瀬字針湯５５番地", "url": "https://www.kaigokensaku.mhlw.go.jp/07/index.php?action_kouhyou_detail_004_kani=true&JigyosyoCd=0771100039-00&ServiceCd=150&Type=search", "url2": null }, "geometry": { "type": "Point", "coordinates": [ 140.659387400000014, 37.3127206 ] } },
{ "type": "Feature", "properties": { "内容": "田村市船引デイサービスセンター【通所介護】福島県田村市船引町船引字源次郎131", "url": "https://www.kaigokensaku.mhlw.go.jp/07/index.php?action_kouhyou_detail_004_kani=true&JigyosyoCd=0773100383-00&ServiceCd=150&Type=search", "url2": "https://tamurafukushikai.com/" }, "geometry": { "type": "Point", "coordinates": [ 140.582403572343708, 37.452998200598991 ] } },
{ "type": "Feature", "properties": { "内容": "常葉指定通所介護事業所【通所介護】福島県田村市常葉町常葉字備前作16-1", "url": "https://www.kaigokensaku.mhlw.go.jp/07/index.php?action_kouhyou_detail_004_kani=true&JigyosyoCd=0771100104-00&ServiceCd=150&Type=search", "url2": "tokiwashakyo.1985921@jeans.ocn.ne.jp" }, "geometry": { "type": "Point", "coordinates": [ 140.6447468, 37.4430335 ] } },
{ "type": "Feature", "properties": { "内容": "ＪＡ福島さくら　デイサービスセンターきらら【通所介護】福島県田村市船引町今泉字鳥足３４０－１", "url": "https://www.kaigokensaku.mhlw.go.jp/07/index.php?action_kouhyou_detail_004_kani=true&JigyosyoCd=0771100369-00&ServiceCd=150&Type=search", "url2": null }, "geometry": { "type": "Point", "coordinates": [ 140.59616, 37.4300399 ] } },
{ "type": "Feature", "properties": { "内容": "船引クリニック　すみれデイサービス【通所介護】福島県田村市船引町船引字砂子田196", "url": "https://www.kaigokensaku.mhlw.go.jp/07/index.php?action_kouhyou_detail_004_kani=true&JigyosyoCd=0773100417-00&ServiceCd=150&Type=search", "url2": "https://funehiki.clinic/" }, "geometry": { "type": "Point", "coordinates": [ 140.571830532540872, 37.445211441000573 ] } },
{ "type": "Feature", "properties": { "内容": "デイサービス花音【通所介護】福島県田村市船引町船引字下大平105番地1", "url": "https://www.kaigokensaku.mhlw.go.jp/07/index.php?action_kouhyou_detail_004_kani=true&JigyosyoCd=0771100310-00&ServiceCd=150&Type=search", "url2": "https://sumire-fukushikai.or.jp/" }, "geometry": { "type": "Point", "coordinates": [ 140.57076137752378, 37.446390284664474 ] } },
{ "type": "Feature", "properties": { "内容": "船引北部指定通所介護事業所【通所介護】福島県田村市船引町上移字後田172", "url": "https://www.kaigokensaku.mhlw.go.jp/07/index.php?action_kouhyou_detail_004_kani=true&JigyosyoCd=0771100146-00&ServiceCd=150&Type=search", "url2": null }, "geometry": { "type": "Point", "coordinates": [ 140.652587899999958, 37.5152092 ] } },
{ "type": "Feature", "properties": { "内容": "大越指定通所介護事業所【通所介護】福島県田村市大越町上大越字古川４９－２", "url": "https://www.kaigokensaku.mhlw.go.jp/07/index.php?action_kouhyou_detail_004_kani=true&JigyosyoCd=0771100062-00&ServiceCd=150&Type=search", "url2": "http://tamura-shakyo.or.jp/" }, "geometry": { "type": "Point", "coordinates": [ 140.624837500000012, 37.3921394 ] } },
{ "type": "Feature", "properties": { "内容": "相馬の里デイサービスセンター【通所介護】福島県南相馬市原町区雫字上江２５２－５", "url": "https://www.kaigokensaku.mhlw.go.jp/07/index.php?action_kouhyou_detail_004_kani=true&JigyosyoCd=0771200557-00&ServiceCd=150&Type=search", "url2": "https://somanosato.jp" }, "geometry": { "type": "Point", "coordinates": [ 140.994646255310357, 37.617696669240409 ] } },
{ "type": "Feature", "properties": { "内容": "指定通所介護事業所　南相馬市社会福祉協議会　ひまわりデイサービスセンター【通所介護】福島県南相馬市鹿島区西町２－１１６", "url": "https://www.kaigokensaku.mhlw.go.jp/07/index.php?action_kouhyou_detail_004_kani=true&JigyosyoCd=0771200045-00&ServiceCd=150&Type=search", "url2": "http://www.m-somashakyo.or.jp/" }, "geometry": { "type": "Point", "coordinates": [ 140.960898199999974, 37.7083176 ] } },
{ "type": "Feature", "properties": { "内容": "指定通所介護事業所　南相馬市社会福祉協議会　すみれデイサービスセンター【通所介護】福島県南相馬市鹿島区西町２－１６５", "url": "https://www.kaigokensaku.mhlw.go.jp/07/index.php?action_kouhyou_detail_004_kani=true&JigyosyoCd=0771200052-00&ServiceCd=150&Type=search", "url2": "http://www.m-somashakyo.or.jp/modules/center5/index.php?id=2" }, "geometry": { "type": "Point", "coordinates": [ 140.96025659999998, 37.7079871 ] } },
{ "type": "Feature", "properties": { "内容": "指定通所介護事業所南相馬市社会福祉協議会あすなろデイサービスセンター【通所介護】福島県南相馬小高区小高字金谷前84番地小高区保健福祉センター　内", "url": "https://www.kaigokensaku.mhlw.go.jp/07/index.php?action_kouhyou_detail_004_kani=true&JigyosyoCd=0771200037-00&ServiceCd=150&Type=search", "url2": "https://m-somashakyo.jp/" }, "geometry": { "type": "Point", "coordinates": [ 140.993956925733613, 37.568543757242765 ] } },
{ "type": "Feature", "properties": { "内容": "ツクイ南相馬【通所介護】福島県南相馬市原町区高見町1-144-6", "url": "https://www.kaigokensaku.mhlw.go.jp/07/index.php?action_kouhyou_detail_004_kani=true&JigyosyoCd=0771200698-00&ServiceCd=150&Type=search", "url2": null }, "geometry": { "type": "Point", "coordinates": [ 140.9832779, 37.638759 ] } },
{ "type": "Feature", "properties": { "内容": "〒975-0015　福島県南相馬市原町区国見町3丁目18-26【通所介護】福島県南相馬市原町区国見町3丁目18-26", "url": "https://www.kaigokensaku.mhlw.go.jp/07/index.php?action_kouhyou_detail_004_kani=true&JigyosyoCd=0771200680-00&ServiceCd=150&Type=search", "url2": null }, "geometry": { "type": "Point", "coordinates": [ 140.9471067, 37.6239709 ] } },
{ "type": "Feature", "properties": { "内容": "デイサービスステーションスマイル【通所介護】福島県南相馬市原町区陣ヶ崎２０１", "url": "https://www.kaigokensaku.mhlw.go.jp/07/index.php?action_kouhyou_detail_004_kani=true&JigyosyoCd=0771200367-00&ServiceCd=150&Type=search", "url2": null }, "geometry": { "type": "Point", "coordinates": [ 140.945353646032686, 37.612897988767408 ] } },
{ "type": "Feature", "properties": { "内容": "社会福祉法人　車輪梅　デイサービスセンターしゃりん梅【通所介護】福島県南相馬市原町区橋本町四丁目15番地３", "url": "https://www.kaigokensaku.mhlw.go.jp/07/index.php?action_kouhyou_detail_004_kani=true&JigyosyoCd=0770600146-00&ServiceCd=150&Type=search", "url2": "http://www.syarinbai.jp" }, "geometry": { "type": "Point", "coordinates": [ 140.961017500000054, 37.6268816 ] } },
{ "type": "Feature", "properties": { "内容": "マヤーズデイサービス【通所介護】福島県南相馬市鹿島区寺内字鷹巣１５", "url": "https://www.kaigokensaku.mhlw.go.jp/07/index.php?action_kouhyou_detail_004_kani=true&JigyosyoCd=0771200599-00&ServiceCd=150&Type=search", "url2": null }, "geometry": { "type": "Point", "coordinates": [ 140.945572105140627, 37.693481765393869 ] } },
{ "type": "Feature", "properties": { "内容": "福寿園デイサービスセンター【通所介護】福島県南相馬市原町区高見町2丁目70番地", "url": "https://www.kaigokensaku.mhlw.go.jp/07/index.php?action_kouhyou_detail_004_kani=true&JigyosyoCd=0770600112-00&ServiceCd=150&Type=search", "url2": "http://minamisomafukushikai.or.jp" }, "geometry": { "type": "Point", "coordinates": [ 140.984937299999956, 37.6358122 ] } },
{ "type": "Feature", "properties": { "内容": "らいぶりーデイサービスセンター【通所介護】福島県南相馬市原町区大木戸字松島３２６番地３", "url": "https://www.kaigokensaku.mhlw.go.jp/07/index.php?action_kouhyou_detail_004_kani=true&JigyosyoCd=0771200334-00&ServiceCd=150&Type=search", "url2": "https://lively-odak.jp/" }, "geometry": { "type": "Point", "coordinates": [ 140.942372100000057, 37.6231815 ] } },
{ "type": "Feature", "properties": { "内容": "石神デイサービスセンター【通所介護】福島県南相馬市原町区大木戸字西原７１－１", "url": "https://www.kaigokensaku.mhlw.go.jp/07/index.php?action_kouhyou_detail_004_kani=true&JigyosyoCd=0771200417-00&ServiceCd=150&Type=search", "url2": "http://minamisomafukushikai.or.jp/" }, "geometry": { "type": "Point", "coordinates": [ 140.93450396986691, 37.632408589929206 ] } },
{ "type": "Feature", "properties": { "内容": "ファミーユデイサービスセンター【通所介護】福島県伊達市保原町上保原字遍照原8-8", "url": "https://www.kaigokensaku.mhlw.go.jp/07/index.php?action_kouhyou_detail_004_kani=true&JigyosyoCd=0772000964-00&ServiceCd=150&Type=search", "url2": null }, "geometry": { "type": "Point", "coordinates": [ 140.533635600000025, 37.8050115 ] } },
{ "type": "Feature", "properties": { "内容": "デイサービスセンターやながわ大生苑【通所介護】梁川町南本町４６－１", "url": "https://www.kaigokensaku.mhlw.go.jp/07/index.php?action_kouhyou_detail_004_kani=true&JigyosyoCd=0771300829-00&ServiceCd=150&Type=search", "url2": "http://www.yanagawa-taiseien.jp/" }, "geometry": { "type": "Point", "coordinates": [ 140.60174, 37.854805 ] } },
{ "type": "Feature", "properties": { "内容": "通所介護　日和【通所介護】福島県伊達市梁川町字赤五輪75-3", "url": "https://www.kaigokensaku.mhlw.go.jp/07/index.php?action_kouhyou_detail_004_kani=true&JigyosyoCd=0772000758-00&ServiceCd=150&Type=search", "url2": "http://www.s-hiyori.com/" }, "geometry": { "type": "Point", "coordinates": [ 140.615385599999968, 37.8589834 ] } },
{ "type": "Feature", "properties": { "内容": "霊山・月館デイサービスセンター【通所介護】福島県伊達市霊山町掛田字町田１４－５", "url": "https://www.kaigokensaku.mhlw.go.jp/07/index.php?action_kouhyou_detail_004_kani=true&JigyosyoCd=0771300142-00&ServiceCd=150&Type=search", "url2": "http://www.dateshisyakyou.org" }, "geometry": { "type": "Point", "coordinates": [ 140.598247899999933, 37.7799964 ] } },
{ "type": "Feature", "properties": { "内容": "伊達デイサービスセンター【通所介護】福島県伊達市箱崎字川端７番地", "url": "https://www.kaigokensaku.mhlw.go.jp/07/index.php?action_kouhyou_detail_004_kani=true&JigyosyoCd=0771300019-00&ServiceCd=150&Type=search", "url2": "http://www.dateshisyakyou.org/" }, "geometry": { "type": "Point", "coordinates": [ 140.510920299999952, 37.815871 ] } },
{ "type": "Feature", "properties": { "内容": "梁川ホームデイサービスセンター【通所介護】福島県伊達市梁川町字東土橋６５番地１", "url": "https://www.kaigokensaku.mhlw.go.jp/07/index.php?action_kouhyou_detail_004_kani=true&JigyosyoCd=0772000543-00&ServiceCd=150&Type=search", "url2": "https://www.shintatsu.jp" }, "geometry": { "type": "Point", "coordinates": [ 140.593143599999962, 37.8466254 ] } },
{ "type": "Feature", "properties": { "内容": "ハッピー愛ランドほばら　デイサービスセンター【通所介護】福島県伊達市保原町泉町１－１", "url": "https://www.kaigokensaku.mhlw.go.jp/07/index.php?action_kouhyou_detail_004_kani=true&JigyosyoCd=0771300589-00&ServiceCd=150&Type=search", "url2": "http://www.kosodate-web.com/happyisland-hobara/" }, "geometry": { "type": "Point", "coordinates": [ 140.546945400000027, 37.824918 ] } },
{ "type": "Feature", "properties": { "内容": "伊達すりかみ荘デイサービスセンター【通所介護】福島県伊達市一本松64番地", "url": "https://www.kaigokensaku.mhlw.go.jp/07/index.php?action_kouhyou_detail_004_kani=true&JigyosyoCd=0772000642-00&ServiceCd=150&Type=search", "url2": "http://surikamisou.jp/" }, "geometry": { "type": "Point", "coordinates": [ 140.491955400000052, 37.8135318 ] } },
{ "type": "Feature", "properties": { "内容": "ＪＡふくしま未来デイサービスセンターもとみや【通所介護】福島県本宮市本宮字中台20-1", "url": "https://www.kaigokensaku.mhlw.go.jp/07/index.php?action_kouhyou_detail_004_kani=true&JigyosyoCd=0771400165-00&ServiceCd=150&Type=search", "url2": null }, "geometry": { "type": "Point", "coordinates": [ 140.3946681, 37.523505100000015 ] } },
{ "type": "Feature", "properties": { "内容": "やすらぎ園デイサービスセンター【通所介護】福島県伊達郡桑折町大字谷地字道下２２番地桑折町保健福祉センター　やすらぎ園", "url": "https://www.kaigokensaku.mhlw.go.jp/07/index.php?action_kouhyou_detail_004_kani=true&JigyosyoCd=0772000535-00&ServiceCd=150&Type=search", "url2": "https://www.koori-shakyo.or.jp/" }, "geometry": { "type": "Point", "coordinates": [ 140.521607099999983, 37.8544 ] } },
{ "type": "Feature", "properties": { "内容": "デイサービスセンター　コクーン【通所介護】福島県伊達郡桑折町字桑島四　９－４", "url": "https://www.kaigokensaku.mhlw.go.jp/07/index.php?action_kouhyou_detail_004_kani=true&JigyosyoCd=0772001046-00&ServiceCd=150&Type=search", "url2": "http://www.cocoon.or.jp" }, "geometry": { "type": "Point", "coordinates": [ 140.514780200000018, 37.844987 ] } },
{ "type": "Feature", "properties": { "内容": "通所介護　日和　くにみ【通所介護】福島県伊達郡国見町大字小坂字梅ノ町９－９", "url": "https://www.kaigokensaku.mhlw.go.jp/07/index.php?action_kouhyou_detail_004_kani=true&JigyosyoCd=0772000899-00&ServiceCd=150&Type=search", "url2": "http://www.s-hiyori.com/" }, "geometry": { "type": "Point", "coordinates": [ 140.536614615344178, 37.878711331598531 ] } },
{ "type": "Feature", "properties": { "内容": "デイサービスセンター「国見の里」【通所介護】福島県伊達郡国見町小坂南3番地", "url": "https://www.kaigokensaku.mhlw.go.jp/07/index.php?action_kouhyou_detail_004_kani=true&JigyosyoCd=0772001434-00&ServiceCd=150&Type=search", "url2": "kunimi-sato.or.jp" }, "geometry": { "type": "Point", "coordinates": [ 140.529386, 37.886002 ] } },
{ "type": "Feature", "properties": { "内容": "優優かわまた【通所介護】福島県伊達郡川俣町大字羽田字鶴巻8-19", "url": "https://www.kaigokensaku.mhlw.go.jp/07/index.php?action_kouhyou_detail_004_kani=true&JigyosyoCd=0772001475-00&ServiceCd=150&Type=search", "url2": null }, "geometry": { "type": "Point", "coordinates": [ 140.565483133204651, 37.680379585081752 ] } },
{ "type": "Feature", "properties": { "内容": "南東北川俣デイサービスセンター【通所介護】福島県伊達郡川俣町大字鶴沢字池ノ上30-1", "url": "https://www.kaigokensaku.mhlw.go.jp/07/index.php?action_kouhyou_detail_004_kani=true&JigyosyoCd=0772001012-00&ServiceCd=150&Type=search", "url2": "http://www.kaigo-kawamata.com/" }, "geometry": { "type": "Point", "coordinates": [ 140.574677, 37.6644111 ] } },
{ "type": "Feature", "properties": { "内容": "特別養護老人ホーム　陽だまりの里【通所介護】福島県安達郡大玉村玉井字台9番地1", "url": "https://www.kaigokensaku.mhlw.go.jp/07/index.php?action_kouhyou_detail_004_kani=true&JigyosyoCd=0772100657-00&ServiceCd=150&Type=search", "url2": "http://www.f-hidamarinosato.jp" }, "geometry": { "type": "Point", "coordinates": [ 140.37052540000002, 37.5327644 ] } },
{ "type": "Feature", "properties": { "内容": "天栄村デイサービスセンター【通所介護】福島県岩瀬郡天栄村大字下松本字東田２３", "url": "https://www.kaigokensaku.mhlw.go.jp/07/index.php?action_kouhyou_detail_004_kani=true&JigyosyoCd=0772200135-00&ServiceCd=150&Type=search", "url2": null }, "geometry": { "type": "Point", "coordinates": [ 140.243389577020906, 37.256279133747917 ] } },
{ "type": "Feature", "properties": { "内容": "デイサービス　みなみあいづ【通所介護】福島県南会津郡南会津町田島字北下原１１１番", "url": "https://www.kaigokensaku.mhlw.go.jp/07/index.php?action_kouhyou_detail_004_kani=true&JigyosyoCd=0772300679-00&ServiceCd=150&Type=search", "url2": "https://ouzyukai.jp" }, "geometry": { "type": "Point", "coordinates": [ 139.7880801, 37.2078332 ] } },
{ "type": "Feature", "properties": { "内容": "社会福祉法人　北塩原村社会福祉協議会【通所介護】福島県耶麻郡北塩原村大字大塩字堀田山8518-93", "url": "https://www.kaigokensaku.mhlw.go.jp/07/index.php?action_kouhyou_detail_004_kani=true&JigyosyoCd=0772500112-00&ServiceCd=150&Type=search", "url2": null }, "geometry": { "type": "Point", "coordinates": [ 140.0150231, 37.6611356 ] } },
{ "type": "Feature", "properties": { "内容": "小野デイサービスセンター【通所介護】福島県耶麻郡北塩原村大字北山字地蔵堂2906番地の1", "url": "https://www.kaigokensaku.mhlw.go.jp/07/index.php?action_kouhyou_detail_004_kani=true&JigyosyoCd=0772500419-00&ServiceCd=150&Type=search", "url2": "http://www.fuyou-kai.or.jp/" }, "geometry": { "type": "Point", "coordinates": [ 139.935332900000049, 37.6554008 ] } },
{ "type": "Feature", "properties": { "内容": "さゆりの園デイサービスセンターII【通所介護】福島県耶麻郡西会津町登世島字田畑乙２０４２－７６", "url": "https://www.kaigokensaku.mhlw.go.jp/07/index.php?action_kouhyou_detail_004_kani=true&JigyosyoCd=0772500385-00&ServiceCd=150&Type=search", "url2": "https://nishiaizu-fukushi.jp" }, "geometry": { "type": "Point", "coordinates": [ 139.638047699999987, 37.5974913 ] } },
{ "type": "Feature", "properties": { "内容": "磐梯町保健医療福祉センター【通所介護】福島県耶麻郡磐梯町大字磐梯字諏訪山２９２６番地", "url": "https://www.kaigokensaku.mhlw.go.jp/07/index.php?action_kouhyou_detail_004_kani=true&JigyosyoCd=0772500328-00&ServiceCd=150&Type=search", "url2": "https://bandai.gr.jp/" }, "geometry": { "type": "Point", "coordinates": [ 139.981228, 37.5571353 ] } },
{ "type": "Feature", "properties": { "内容": "ケアテルデイサービスセンター　ハーブの園猪苗代【通所介護】福島県耶麻郡猪苗代町大字千代田字トヤガ崎38番地1", "url": "https://www.kaigokensaku.mhlw.go.jp/07/index.php?action_kouhyou_detail_004_kani=true&JigyosyoCd=0772500476-00&ServiceCd=150&Type=search", "url2": "http;//www.caretel.jp/" }, "geometry": { "type": "Point", "coordinates": [ 140.1029186939179, 37.549648851537086 ] } },
{ "type": "Feature", "properties": { "内容": "JA会津よつばデイサービス猪苗代【通所介護】福島県耶麻郡猪苗代町字本町2", "url": "https://www.kaigokensaku.mhlw.go.jp/07/index.php?action_kouhyou_detail_004_kani=true&JigyosyoCd=0772500575-00&ServiceCd=150&Type=search", "url2": null }, "geometry": { "type": "Point", "coordinates": [ 140.108115399999946, 37.5624951 ] } },
{ "type": "Feature", "properties": { "内容": "つばさ福祉センター　デイサービスこころ【通所介護】福島県耶麻郡猪苗代町大字磐里字百目貫736番地1", "url": "https://www.kaigokensaku.mhlw.go.jp/07/index.php?action_kouhyou_detail_004_kani=true&JigyosyoCd=0772500641-00&ServiceCd=150&Type=search", "url2": null }, "geometry": { "type": "Point", "coordinates": [ 140.098167500000045, 37.5494868 ] } },
{ "type": "Feature", "properties": { "内容": "デイサービスしなのき坂下【通所介護】福島県河沼郡会津坂下町字小川原954", "url": "https://www.kaigokensaku.mhlw.go.jp/07/index.php?action_kouhyou_detail_004_kani=true&JigyosyoCd=0772600433-00&ServiceCd=150&Type=search", "url2": "http://www.sinanoki.co.jp/" }, "geometry": { "type": "Point", "coordinates": [ 139.828381, 37.5567594 ] } },
{ "type": "Feature", "properties": { "内容": "会津坂下デイサービスセンター【通所介護】福島県河沼郡会津坂下町字中岩田95", "url": "https://www.kaigokensaku.mhlw.go.jp/07/index.php?action_kouhyou_detail_004_kani=true&JigyosyoCd=0772600094-00&ServiceCd=150&Type=search", "url2": "www.magokoro-egao-anshin.com/" }, "geometry": { "type": "Point", "coordinates": [ 139.812302583605941, 37.561299917194816 ] } },
{ "type": "Feature", "properties": { "内容": "JA会津よつば　デイサービスすみれ【通所介護】福島県河沼郡会津坂下町大字宇内字寺内８９", "url": "https://www.kaigokensaku.mhlw.go.jp/07/index.php?action_kouhyou_detail_004_kani=true&JigyosyoCd=0772600532-00&ServiceCd=150&Type=search", "url2": "http://aizuyotuba.jp/" }, "geometry": { "type": "Point", "coordinates": [ 139.811350400000038, 37.5984712 ] } },
{ "type": "Feature", "properties": { "内容": "ニチイケアセンターばんげ【通所介護】福島県河沼郡会津坂下町大字宮古字村西40-3", "url": "https://www.kaigokensaku.mhlw.go.jp/07/index.php?action_kouhyou_detail_004_kani=true&JigyosyoCd=0772600201-00&ServiceCd=150&Type=search", "url2": "https://www.nichiigakkan.co.jp/" }, "geometry": { "type": "Point", "coordinates": [ 139.8473592, 37.5574622 ] } },
{ "type": "Feature", "properties": { "内容": "健康倶楽部あいづ　デイサービスセンター「アルク」【通所介護】福島県河沼郡会津坂下町字惣六１０番地", "url": "https://www.kaigokensaku.mhlw.go.jp/07/index.php?action_kouhyou_detail_004_kani=true&JigyosyoCd=0772600441-00&ServiceCd=150&Type=search", "url2": "http://www.heiseikai-group.com/" }, "geometry": { "type": "Point", "coordinates": [ 139.809582925517248, 37.562998970697855 ] } },
{ "type": "Feature", "properties": { "内容": "湯川村デイサービスセンター【通所介護】福島県河沼郡湯川村大字笈川字長瀞甲８７５－６", "url": "https://www.kaigokensaku.mhlw.go.jp/07/index.php?action_kouhyou_detail_004_kani=true&JigyosyoCd=0772600334-00&ServiceCd=150&Type=search", "url2": null }, "geometry": { "type": "Point", "coordinates": [ 139.886078, 37.5657045 ] } },
{ "type": "Feature", "properties": { "内容": "柳津デイサービスセンター【通所介護】福島県河沼郡柳津町大字柳津字上荒町甲1118番地", "url": "https://www.kaigokensaku.mhlw.go.jp/07/index.php?action_kouhyou_detail_004_kani=true&JigyosyoCd=0772600144-00&ServiceCd=150&Type=search", "url2": "http://www.magokoro-egao-anshin.com/" }, "geometry": { "type": "Point", "coordinates": [ 139.726425100000029, 37.5276932 ] } },
{ "type": "Feature", "properties": { "内容": "福寿草デイサービス【通所介護】福島県大沼郡三島町大字宮下字下乙田889番地三島町高齢者生活福祉センター福寿草", "url": "https://www.kaigokensaku.mhlw.go.jp/07/index.php?action_kouhyou_detail_004_kani=true&JigyosyoCd=0772700316-00&ServiceCd=150&Type=search", "url2": null }, "geometry": { "type": "Point", "coordinates": [ 139.647107199999937, 37.4741851 ] } },
{ "type": "Feature", "properties": { "内容": "かねやまホーム　デイサービスセンター【通所介護】福島県大沼郡金山町大字中川字沖根原1324番地", "url": "https://www.kaigokensaku.mhlw.go.jp/07/index.php?action_kouhyou_detail_004_kani=true&JigyosyoCd=0772700084-00&ServiceCd=150&Type=search", "url2": "https://www.kaneyama-f.or.jp/pages/33/" }, "geometry": { "type": "Point", "coordinates": [ 139.529466, 37.4745462 ] } },
{ "type": "Feature", "properties": { "内容": "ハーモニハウス　デイサービスセンター【通所介護】福島県大沼郡会津美里町大石字下川原１番地１", "url": "https://www.kaigokensaku.mhlw.go.jp/07/index.php?action_kouhyou_detail_004_kani=true&JigyosyoCd=0772700373-00&ServiceCd=150&Type=search", "url2": "https://sin-ai.com/" }, "geometry": { "type": "Point", "coordinates": [ 139.9047479, 37.441441 ] } },
{ "type": "Feature", "properties": { "内容": "医療法人明精会　会津本郷デイサービスセンター【通所介護】福島県大沼郡会津美里町字北川原１９番地会津美里町本郷デイサービスセンター", "url": "https://www.kaigokensaku.mhlw.go.jp/07/index.php?action_kouhyou_detail_004_kani=true&JigyosyoCd=0772700175-00&ServiceCd=150&Type=search", "url2": "http://www.meisei-kai.or.jp" }, "geometry": { "type": "Point", "coordinates": [ 139.885746299999937, 37.4521532 ] } },
{ "type": "Feature", "properties": { "内容": "デイサービスセンターえんじゅ【通所介護】福島県大沼郡会津美里町勝原字西勝728番地1", "url": "https://www.kaigokensaku.mhlw.go.jp/07/index.php?action_kouhyou_detail_004_kani=true&JigyosyoCd=0772700498-00&ServiceCd=150&Type=search", "url2": "https://enjyudayservice.wixsite.com/enjyu" }, "geometry": { "type": "Point", "coordinates": [ 139.850138600000037, 37.4447392 ] } },
{ "type": "Feature", "properties": { "内容": "JA会津よつばデイサービスさくら【通所介護】福島県大沼郡会津美里町鶴野辺字宮ノ前649－3", "url": "https://www.kaigokensaku.mhlw.go.jp/07/index.php?action_kouhyou_detail_004_kani=true&JigyosyoCd=0772700472-00&ServiceCd=150&Type=search", "url2": null }, "geometry": { "type": "Point", "coordinates": [ 139.831893900000068, 37.5100179 ] } },
{ "type": "Feature", "properties": { "内容": "デイサービス楽楽みさと【通所介護】福島県大沼郡会津美里町字高田前川原3578", "url": "https://www.kaigokensaku.mhlw.go.jp/07/index.php?action_kouhyou_detail_004_kani=true&JigyosyoCd=0772700548-00&ServiceCd=150&Type=search", "url2": null }, "geometry": { "type": "Point", "coordinates": [ 139.852082299999978, 37.471094129999535 ] } },
{ "type": "Feature", "properties": { "内容": "健康倶楽部あいづ　デイサービスセンター「アルクＣＬＡＳＳ」【通所介護】福島県大沼郡会津美里町字高田道上２７８１番１号", "url": "https://www.kaigokensaku.mhlw.go.jp/07/index.php?action_kouhyou_detail_004_kani=true&JigyosyoCd=0772700449-00&ServiceCd=150&Type=search", "url2": "http://www.heiseikai-group.com/" }, "geometry": { "type": "Point", "coordinates": [ 139.843829244566336, 37.467425680863606 ] } },
{ "type": "Feature", "properties": { "内容": "デイサービスセンター「やすらぎの家」【通所介護】福島県西白河郡西郷村大字鶴生字由井ケ原176番地", "url": "https://www.kaigokensaku.mhlw.go.jp/07/index.php?action_kouhyou_detail_004_kani=true&JigyosyoCd=0772800629-00&ServiceCd=150&Type=search", "url2": "http://nishigo-shakyo.or.jp/" }, "geometry": { "type": "Point", "coordinates": [ 140.105159, 37.1600538 ] } },
{ "type": "Feature", "properties": { "内容": "デイサービスセンター「ふれあいの家」【通所介護】福島県西白河郡西郷村大字小田倉字上川向76-1", "url": "https://www.kaigokensaku.mhlw.go.jp/07/index.php?action_kouhyou_detail_004_kani=true&JigyosyoCd=0772800637-00&ServiceCd=150&Type=search", "url2": "http://www.nishigoshakyo.com/" }, "geometry": { "type": "Point", "coordinates": [ 140.156208800000059, 37.1241116 ] } },
{ "type": "Feature", "properties": { "内容": "デイサービスセンター　八福神　弐番館【通所介護】福島県西白河郡西郷村字屋敷裏西26", "url": "https://www.kaigokensaku.mhlw.go.jp/07/index.php?action_kouhyou_detail_004_kani=true&JigyosyoCd=0772800967-00&ServiceCd=150&Type=search", "url2": "http://taro-rlcs.com/" }, "geometry": { "type": "Point", "coordinates": [ 140.181661105067064, 37.125857615332151 ] } },
{ "type": "Feature", "properties": { "内容": "ケアハウス泉崎デイサービスセンター【通所介護】福島県西白河郡泉崎村大字太田川字金山３４番地", "url": "https://www.kaigokensaku.mhlw.go.jp/07/index.php?action_kouhyou_detail_004_kani=true&JigyosyoCd=0772800116-00&ServiceCd=150&Type=search", "url2": "https://www.carehouse-izumizaki.com" }, "geometry": { "type": "Point", "coordinates": [ 140.265773, 37.1791211 ] } },
{ "type": "Feature", "properties": { "内容": "中島村社会福祉協議会指定通所介護事業所【通所介護】福島県西白河郡中島村大字滑津字二ッ山65番地3", "url": "https://www.kaigokensaku.mhlw.go.jp/07/index.php?action_kouhyou_detail_004_kani=true&JigyosyoCd=0772800306-00&ServiceCd=150&Type=search", "url2": null }, "geometry": { "type": "Point", "coordinates": [ 140.349430244705218, 37.152657483410835 ] } },
{ "type": "Feature", "properties": { "内容": "デイサービスひかりの里【通所介護】福島県西白河郡中島村大字滑津字宿裏１０番地１", "url": "https://www.kaigokensaku.mhlw.go.jp/07/index.php?action_kouhyou_detail_004_kani=true&JigyosyoCd=0772800983-00&ServiceCd=150&Type=search", "url2": "http://www.so-we-cosmo.or.jp" }, "geometry": { "type": "Point", "coordinates": [ 140.36108349999995, 37.1526784 ] } },
{ "type": "Feature", "properties": { "内容": "緑フィットネス希望　矢吹店【通所介護】福島県西白河郡矢吹町本町３２３番", "url": "https://www.kaigokensaku.mhlw.go.jp/07/index.php?action_kouhyou_detail_004_kani=true&JigyosyoCd=0772801064-00&ServiceCd=150&Type=search", "url2": null }, "geometry": { "type": "Point", "coordinates": [ 140.3245197, 37.2057443 ] } },
{ "type": "Feature", "properties": { "内容": "社会福祉法人矢吹町社会福祉協議会指定通所介護事業所(矢吹町デイサービスセンター）【通所介護】福島県西白河郡矢吹町一本木100-1矢吹町保健福祉センター内", "url": "https://www.kaigokensaku.mhlw.go.jp/07/index.php?action_kouhyou_detail_004_kani=true&JigyosyoCd=0772800405-00&ServiceCd=150&Type=search", "url2": null }, "geometry": { "type": "Point", "coordinates": [ 140.339802800000029, 37.2025913 ] } },
{ "type": "Feature", "properties": { "内容": "デイサービスセンター寿光園【通所介護】福島県西白河郡矢吹町滝八幡159番地2", "url": "https://www.kaigokensaku.mhlw.go.jp/07/index.php?action_kouhyou_detail_004_kani=true&JigyosyoCd=0772800124-00&ServiceCd=150&Type=search", "url2": "www.jukouen.or.jp/" }, "geometry": { "type": "Point", "coordinates": [ 140.31903740000007, 37.2143592 ] } },
{ "type": "Feature", "properties": { "内容": "寿恵園（通所介護事業所）【通所介護】福島県東白川郡棚倉町大字棚倉字舘ヶ丘７９番地", "url": "https://www.kaigokensaku.mhlw.go.jp/07/index.php?action_kouhyou_detail_004_kani=true&JigyosyoCd=0772900080-00&ServiceCd=150&Type=search", "url2": null }, "geometry": { "type": "Point", "coordinates": [ 140.376423899999963, 37.0222757 ] } },
{ "type": "Feature", "properties": { "内容": "塙町指定通所介護事業所【通所介護】福島県東白川郡塙町大字塙字材木町32番地塙町デイサービスセンター", "url": "https://www.kaigokensaku.mhlw.go.jp/07/index.php?action_kouhyou_detail_004_kani=true&JigyosyoCd=0772900155-00&ServiceCd=150&Type=search", "url2": "http://www.hanawa-shakyou.or.jp/publics/index/45/" }, "geometry": { "type": "Point", "coordinates": [ 140.40959220000002, 36.960959 ] } },
{ "type": "Feature", "properties": { "内容": "デイサービス絆【通所介護】福島県東白川郡塙町大字塙字大町4丁目27番地", "url": "https://www.kaigokensaku.mhlw.go.jp/07/index.php?action_kouhyou_detail_004_kani=true&JigyosyoCd=0772900452-00&ServiceCd=150&Type=search", "url2": null }, "geometry": { "type": "Point", "coordinates": [ 140.409470199999987, 36.9564123 ] } },
{ "type": "Feature", "properties": { "内容": "鮫川村介護事業所「ひだまり荘」【通所介護】福島県東白川郡鮫川村大字赤坂中野字宿ノ入３５", "url": "https://www.kaigokensaku.mhlw.go.jp/07/index.php?action_kouhyou_detail_004_kani=true&JigyosyoCd=0772900130-00&ServiceCd=150&Type=search", "url2": "samegawashakyo@athena.ocn.ne.jp" }, "geometry": { "type": "Point", "coordinates": [ 140.497873100000021, 37.0429685 ] } },
{ "type": "Feature", "properties": { "内容": "石川町デイサービスセンター「さくら荘」【通所介護】福島県石川郡石川町大字南山形字中野沢５４", "url": "https://www.kaigokensaku.mhlw.go.jp/07/index.php?action_kouhyou_detail_004_kani=true&JigyosyoCd=0773000229-00&ServiceCd=150&Type=search", "url2": null }, "geometry": { "type": "Point", "coordinates": [ 140.4689674, 37.1157561 ] } },
{ "type": "Feature", "properties": { "内容": "誠励会デイサービスセンターいしかわ【通所介護】福島県石川郡石川町字新町98番地1", "url": "https://www.kaigokensaku.mhlw.go.jp/07/index.php?action_kouhyou_detail_004_kani=true&JigyosyoCd=0773000427-00&ServiceCd=150&Type=search", "url2": "http://www.seireikai.net" }, "geometry": { "type": "Point", "coordinates": [ 140.454202194512163, 37.148509722718295 ] } },
{ "type": "Feature", "properties": { "内容": "通所介護事業所　南東北春日リハデイ石川【通所介護】福島県石川郡石川町字屋敷ノ入１２", "url": "https://www.kaigokensaku.mhlw.go.jp/07/index.php?action_kouhyou_detail_004_kani=true&JigyosyoCd=0773000500-00&ServiceCd=150&Type=search", "url2": "http://www.rehaday-ishikawa.jp/" }, "geometry": { "type": "Point", "coordinates": [ 140.4575615, 37.152437 ] } },
{ "type": "Feature", "properties": { "内容": "介護事業所　玉川村ふれあいセンター【通所介護】福島県石川郡玉川村大字中字入山５９番地", "url": "https://www.kaigokensaku.mhlw.go.jp/07/index.php?action_kouhyou_detail_004_kani=true&JigyosyoCd=0773000245-00&ServiceCd=150&Type=search", "url2": "http://www.tamakawa-shakyo.jp/" }, "geometry": { "type": "Point", "coordinates": [ 140.410827, 37.2159941 ] } },
{ "type": "Feature", "properties": { "内容": "平田村デイサービスセンター【通所介護】福島県石川郡平田村大字永田字戸花１５０", "url": "https://www.kaigokensaku.mhlw.go.jp/07/index.php?action_kouhyou_detail_004_kani=true&JigyosyoCd=0773000344-00&ServiceCd=150&Type=search", "url2": "http://hiratashakyo.jp/" }, "geometry": { "type": "Point", "coordinates": [ 140.574032200000033, 37.214528 ] } },
{ "type": "Feature", "properties": { "内容": "誠励会　デイサービスセンターひらた【通所介護】福島県石川郡平田村上蓬田字大隅24-1", "url": "https://www.kaigokensaku.mhlw.go.jp/07/index.php?action_kouhyou_detail_004_kani=true&JigyosyoCd=0773000302-00&ServiceCd=150&Type=search", "url2": "http://www.seireikai.net" }, "geometry": { "type": "Point", "coordinates": [ 140.568313002902187, 37.244703596178653 ] } },
{ "type": "Feature", "properties": { "内容": "浅川町デイサービスセンター【通所介護】福島県石川郡浅川町袖山字森下288", "url": "https://www.kaigokensaku.mhlw.go.jp/07/index.php?action_kouhyou_detail_004_kani=true&JigyosyoCd=0773000567-00&ServiceCd=150&Type=search", "url2": "http://www.asakawashakyo.com" }, "geometry": { "type": "Point", "coordinates": [ 140.414159599999948, 37.0714792 ] } },
{ "type": "Feature", "properties": { "内容": "古殿町介護事業所「コスモス荘」【通所介護】福島県石川郡古殿町大字松川字横川99番地1", "url": "https://www.kaigokensaku.mhlw.go.jp/07/index.php?action_kouhyou_detail_004_kani=true&JigyosyoCd=0773000179-00&ServiceCd=150&Type=search", "url2": "http://www.furushakyo.jp/" }, "geometry": { "type": "Point", "coordinates": [ 140.558698700000036, 37.0856652 ] } },
{ "type": "Feature", "properties": { "内容": "Ｌ－ＣＵＢデイサービス三春【通所介護】福島県田村郡三春町大字山田字クルミヤツ15-2-2ＬーＣＵＢデイサービス三春", "url": "https://www.kaigokensaku.mhlw.go.jp/07/index.php?action_kouhyou_detail_004_kani=true&JigyosyoCd=0773100763-00&ServiceCd=150&Type=search", "url2": null }, "geometry": { "type": "Point", "coordinates": [ 140.446644800000058, 37.4260876 ] } },
{ "type": "Feature", "properties": { "内容": "三春町通所介護事業所【通所介護】福島県田村郡三春町字南町１番地三春町福祉会館", "url": "https://www.kaigokensaku.mhlw.go.jp/07/index.php?action_kouhyou_detail_004_kani=true&JigyosyoCd=0773100219-00&ServiceCd=150&Type=search", "url2": "http://www.miharu-syakyo.jp" }, "geometry": { "type": "Point", "coordinates": [ 140.493526800000041, 37.4408421 ] } },
{ "type": "Feature", "properties": { "内容": "なごみの里デイサービスセンター【通所介護】福島県田村郡三春町字御免町１７６番地の１", "url": "https://www.kaigokensaku.mhlw.go.jp/07/index.php?action_kouhyou_detail_004_kani=true&JigyosyoCd=0773100581-00&ServiceCd=150&Type=search", "url2": null }, "geometry": { "type": "Point", "coordinates": [ 140.487752499999942, 37.439867 ] } },
{ "type": "Feature", "properties": { "内容": "デイサービスセンターきずな【通所介護】福島県田村郡三春町大字熊耳字上荒井８２番地の１", "url": "https://www.kaigokensaku.mhlw.go.jp/07/index.php?action_kouhyou_detail_004_kani=true&JigyosyoCd=0773100706-00&ServiceCd=150&Type=search", "url2": "https://www.nagomi-miharu.com/" }, "geometry": { "type": "Point", "coordinates": [ 140.503648039286873, 37.44586825896311 ] } },
{ "type": "Feature", "properties": { "内容": "三春デイサ－ビス機能訓練センタ－【通所介護】福島県田村郡三春町八島台7-5-17", "url": "https://www.kaigokensaku.mhlw.go.jp/07/index.php?action_kouhyou_detail_004_kani=true&JigyosyoCd=0773100441-00&ServiceCd=150&Type=search", "url2": "http://www.seireikai.net" }, "geometry": { "type": "Point", "coordinates": [ 140.474297299999989, 37.4498323 ] } },
{ "type": "Feature", "properties": { "内容": "機能訓練センターさくら【通所介護】福島県田村郡小野町大字小野新町字中通64-1", "url": "https://www.kaigokensaku.mhlw.go.jp/07/index.php?action_kouhyou_detail_004_kani=true&JigyosyoCd=0773100797-00&ServiceCd=150&Type=search", "url2": null }, "geometry": { "type": "Point", "coordinates": [ 140.6312361, 37.280664 ] } },
{ "type": "Feature", "properties": { "内容": "社会福祉法人小野町社会福祉協議会　小野町デイサービスセンター【通所介護】福島県田村郡小野町大字小野新町字美売57番地1", "url": "https://www.kaigokensaku.mhlw.go.jp/07/index.php?action_kouhyou_detail_004_kani=true&JigyosyoCd=0773100565-00&ServiceCd=150&Type=search", "url2": "http://www.onomachi-shakyo.or.jp/" }, "geometry": { "type": "Point", "coordinates": [ 140.618991700000038, 37.2928107 ] } },
{ "type": "Feature", "properties": { "内容": "デイサービスセンター　あすか【通所介護】福島県田村郡小野町大字谷津作字池ノ平52番地2", "url": "https://www.kaigokensaku.mhlw.go.jp/07/index.php?action_kouhyou_detail_004_kani=true&JigyosyoCd=0773100524-00&ServiceCd=150&Type=search", "url2": "https://www.aska-shinshin.com" }, "geometry": { "type": "Point", "coordinates": [ 140.640191484655787, 37.269592989893184 ] } },
{ "type": "Feature", "properties": { "内容": "広野町通所介護事業所【通所介護】福島県双葉郡広野町大字下浅見川字桜田１１９－５", "url": "https://www.kaigokensaku.mhlw.go.jp/07/index.php?action_kouhyou_detail_004_kani=true&JigyosyoCd=0773200209-00&ServiceCd=150&Type=search", "url2": "https://schit.net/hirono-shakyou/" }, "geometry": { "type": "Point", "coordinates": [ 140.994852600000058, 37.2090816 ] } },
{ "type": "Feature", "properties": { "内容": "楢葉町デイサービスセンター【通所介護】福島県双葉郡楢葉町大字山田岡字大堤入31-1", "url": "https://www.kaigokensaku.mhlw.go.jp/07/index.php?action_kouhyou_detail_004_kani=true&JigyosyoCd=0773200399-00&ServiceCd=150&Type=search", "url2": "http://naraha.fukushima-shakyo.com/" }, "geometry": { "type": "Point", "coordinates": [ 140.9961677, 37.2494702 ] } },
{ "type": "Feature", "properties": { "内容": "デイサービスセンターもとまち【通所介護】福島県双葉郡富岡町本町一丁目１番地", "url": "https://www.kaigokensaku.mhlw.go.jp/07/index.php?action_kouhyou_detail_004_kani=true&JigyosyoCd=0773200910-00&ServiceCd=150&Type=search", "url2": "https://futaba-fukunosato.com/" }, "geometry": { "type": "Point", "coordinates": [ 141.0054442, 37.3411245 ] } },
{ "type": "Feature", "properties": { "内容": "川内村社会福祉協議会【通所介護】福島県双葉郡川内村大字下川内字坂シ内133-5", "url": "https://www.kaigokensaku.mhlw.go.jp/07/index.php?action_kouhyou_detail_004_kani=true&JigyosyoCd=0773200332-00&ServiceCd=150&Type=search", "url2": "http://www.kawauchi-shakyo.jp" }, "geometry": { "type": "Point", "coordinates": [ 140.837933199999952, 37.3320398 ] } },
{ "type": "Feature", "properties": { "内容": "オンフール双葉デイサービスセンター【通所介護】福島県双葉郡浪江町大字末森字八合田134番地福島県二本松市油井字大窪118　　(避難先)", "url": "https://www.kaigokensaku.mhlw.go.jp/07/index.php?action_kouhyou_detail_004_kani=true&JigyosyoCd=0773200167-00&ServiceCd=150&Type=search", "url2": null }, "geometry": { "type": "Point", "coordinates": [ 140.943047799999931, 37.4906597 ] } },
{ "type": "Feature", "properties": { "内容": "新地町デイサービスセンター【通所介護】福島県相馬郡新地町小川字川向18番地", "url": "https://www.kaigokensaku.mhlw.go.jp/07/index.php?action_kouhyou_detail_004_kani=true&JigyosyoCd=0773300074-00&ServiceCd=150&Type=search", "url2": "http://www.shinchifukushukai.jp/main/" }, "geometry": { "type": "Point", "coordinates": [ 140.9177502, 37.8637108 ] } },
{ "type": "Feature", "properties": { "内容": "福田デイサービスセンター【通所介護】福島県相馬郡新地町大字福田字清水175番地", "url": "https://www.kaigokensaku.mhlw.go.jp/07/index.php?action_kouhyou_detail_004_kani=true&JigyosyoCd=0773300314-00&ServiceCd=150&Type=search", "url2": "http://shinchifukushikai.jp/" }, "geometry": { "type": "Point", "coordinates": [ 140.898358899999948, 37.8898438 ] } }
]
}
