{
"type": "FeatureCollection",
"name": "geo_07_居宅介護支援",
"crs": { "type": "name", "properties": { "name": "urn:ogc:def:crs:OGC:1.3:CRS84" } },
"features": [
{ "type": "Feature", "properties": { "内容": "おおぞら指定居宅介護支援事業所【居宅介護支援】福島県福島市飯坂町字笠松４６番地の４", "url": "https://www.kaigokensaku.mhlw.go.jp/07/index.php?action_kouhyou_detail_004_kani=true&JigyosyoCd=0770103240-00&ServiceCd=430&Type=search", "url2": null }, "geometry": { "type": "Point", "coordinates": [ 140.44613191435667, 37.83450879541612 ] } },
{ "type": "Feature", "properties": { "内容": "ケアプラン　はれ太郎【居宅介護支援】福島県福島市南矢野目字鼓原18-8", "url": "https://www.kaigokensaku.mhlw.go.jp/07/index.php?action_kouhyou_detail_004_kani=true&JigyosyoCd=0770104958-00&ServiceCd=430&Type=search", "url2": null }, "geometry": { "type": "Point", "coordinates": [ 140.4684537, 37.7848629 ] } },
{ "type": "Feature", "properties": { "内容": "アニバーサリー居宅介護支援事業所【居宅介護支援】福島県福島市新浜町3-4新浜プラザ403", "url": "https://www.kaigokensaku.mhlw.go.jp/07/index.php?action_kouhyou_detail_004_kani=true&JigyosyoCd=0770104990-00&ServiceCd=430&Type=search", "url2": null }, "geometry": { "type": "Point", "coordinates": [ 140.468453700000026, 37.7601725 ] } },
{ "type": "Feature", "properties": { "内容": "サンジュデイ居宅介護支援事業所【居宅介護支援】福島市伏拝字清水内17丹治コーポ101", "url": "https://www.kaigokensaku.mhlw.go.jp/07/index.php?action_kouhyou_detail_004_kani=true&JigyosyoCd=0770105062-00&ServiceCd=430&Type=search", "url2": null }, "geometry": { "type": "Point", "coordinates": [ 140.460556943516508, 37.722436921491074 ] } },
{ "type": "Feature", "properties": { "内容": "ゴールデンスタッフ福島居宅介護支援センター【居宅介護支援】福島県福島市松川町浅川字上幸道７番地７PFC　ゴールデンドミトリー福島", "url": "https://www.kaigokensaku.mhlw.go.jp/07/index.php?action_kouhyou_detail_004_kani=true&JigyosyoCd=0770103661-00&ServiceCd=430&Type=search", "url2": "https://pwig.jp/" }, "geometry": { "type": "Point", "coordinates": [ 140.466641100000061, 37.6724849 ] } },
{ "type": "Feature", "properties": { "内容": "きょたくかいごしえんじぎょうしょ　すずとことり【居宅介護支援】福島県福島市渡利字鳥谷下町21番地の2", "url": "https://www.kaigokensaku.mhlw.go.jp/07/index.php?action_kouhyou_detail_004_kani=true&JigyosyoCd=0770106318-00&ServiceCd=430&Type=search", "url2": null }, "geometry": { "type": "Point", "coordinates": [ 140.4828604, 37.742840500000014 ] } },
{ "type": "Feature", "properties": { "内容": "エルダーランド居宅介護支援センター【居宅介護支援】福島県福島市吉倉字谷地３６－１", "url": "https://www.kaigokensaku.mhlw.go.jp/07/index.php?action_kouhyou_detail_004_kani=true&JigyosyoCd=0770100022-00&ServiceCd=430&Type=search", "url2": "http://www.elder-land.jp/" }, "geometry": { "type": "Point", "coordinates": [ 140.445462837295509, 37.742983323228174 ] } },
{ "type": "Feature", "properties": { "内容": "医療法人　回生堂　しのぶ病院居宅介護支援事業所【居宅介護支援】福島県福島市大森字高畑31-1", "url": "https://www.kaigokensaku.mhlw.go.jp/07/index.php?action_kouhyou_detail_004_kani=true&JigyosyoCd=0770103604-00&ServiceCd=430&Type=search", "url2": "http://www.kaiseido.or.jp/" }, "geometry": { "type": "Point", "coordinates": [ 140.447798199999966, 37.7339585 ] } },
{ "type": "Feature", "properties": { "内容": "NPO法人まごころケアプラン居宅介護支援事業所【居宅介護支援】福島県福島市在庭坂字南林６０－２", "url": "https://www.kaigokensaku.mhlw.go.jp/07/index.php?action_kouhyou_detail_004_kani=true&JigyosyoCd=0770103562-00&ServiceCd=430&Type=search", "url2": null }, "geometry": { "type": "Point", "coordinates": [ 140.359753899999987, 37.7550348 ] } },
{ "type": "Feature", "properties": { "内容": "居宅介護支援事業所　柊【居宅介護支援】福島県福島市八木田字井戸上108-5ソレイユ八木田201", "url": "https://www.kaigokensaku.mhlw.go.jp/07/index.php?action_kouhyou_detail_004_kani=true&JigyosyoCd=0770106326-00&ServiceCd=430&Type=search", "url2": null }, "geometry": { "type": "Point", "coordinates": [ 140.444802599999946, 37.7513879 ] } },
{ "type": "Feature", "properties": { "内容": "まるごと居宅介護支援事業所【居宅介護支援】福島県福島市蓬莱町５丁目１０番１５号", "url": "https://www.kaigokensaku.mhlw.go.jp/07/index.php?action_kouhyou_detail_004_kani=true&JigyosyoCd=0770105955-00&ServiceCd=430&Type=search", "url2": null }, "geometry": { "type": "Point", "coordinates": [ 140.4785635, 37.6964832 ] } },
{ "type": "Feature", "properties": { "内容": "ライツ【居宅介護支援】福島県福島市北五老内町2番38号", "url": "https://www.kaigokensaku.mhlw.go.jp/07/index.php?action_kouhyou_detail_004_kani=true&JigyosyoCd=0770106482-00&ServiceCd=430&Type=search", "url2": null }, "geometry": { "type": "Point", "coordinates": [ 140.4745043, 37.7624699 ] } },
{ "type": "Feature", "properties": { "内容": "ひかり指定居宅介護支援事業所【居宅介護支援】福島県福島市北原44-11", "url": "https://www.kaigokensaku.mhlw.go.jp/07/index.php?action_kouhyou_detail_004_kani=true&JigyosyoCd=0770103794-00&ServiceCd=430&Type=search", "url2": null }, "geometry": { "type": "Point", "coordinates": [ 140.4787715, 37.7811597 ] } },
{ "type": "Feature", "properties": { "内容": "ケアプランセンターゆるり【居宅介護支援】福島県福島市三河南町１−２０コラッセふくしま6階　西口インキュベートルーム", "url": "https://www.kaigokensaku.mhlw.go.jp/07/index.php?action_kouhyou_detail_004_kani=true&JigyosyoCd=0770106524-00&ServiceCd=430&Type=search", "url2": null }, "geometry": { "type": "Point", "coordinates": [ 140.4581746, 37.7567863 ] } },
{ "type": "Feature", "properties": { "内容": "居宅介護支援事業所エース【居宅介護支援】福島県福島市御山字一本木35本田アパート1-1", "url": "https://www.kaigokensaku.mhlw.go.jp/07/index.php?action_kouhyou_detail_004_kani=true&JigyosyoCd=0770106227-00&ServiceCd=430&Type=search", "url2": null }, "geometry": { "type": "Point", "coordinates": [ 140.462059, 37.776822100000018 ] } },
{ "type": "Feature", "properties": { "内容": "居宅介護支援事業所　シニアガーデン【居宅介護支援】福島県福島市伏拝字田中１９－７", "url": "https://www.kaigokensaku.mhlw.go.jp/07/index.php?action_kouhyou_detail_004_kani=true&JigyosyoCd=0770104065-00&ServiceCd=430&Type=search", "url2": "http://www.yurlife.co.jp" }, "geometry": { "type": "Point", "coordinates": [ 140.457551373432921, 37.725210415375457 ] } },
{ "type": "Feature", "properties": { "内容": "社会福祉法人ライフ・タイム・福島指定居宅介護支援事業所【居宅介護支援】福島県福島市松川町字産子内1番地の1", "url": "https://www.kaigokensaku.mhlw.go.jp/07/index.php?action_kouhyou_detail_004_kani=true&JigyosyoCd=0770100212-00&ServiceCd=430&Type=search", "url2": "http://www.life-time-fukushima.jp/" }, "geometry": { "type": "Point", "coordinates": [ 140.478043399999933, 37.6672997 ] } },
{ "type": "Feature", "properties": { "内容": "居宅介護支援事業所　ふじの里【居宅介護支援】福島県福島市在庭坂字檀ノ前９番地の１", "url": "https://www.kaigokensaku.mhlw.go.jp/07/index.php?action_kouhyou_detail_004_kani=true&JigyosyoCd=0770102564-00&ServiceCd=430&Type=search", "url2": "http://wwwfuji-sato.com" }, "geometry": { "type": "Point", "coordinates": [ 140.3704722, 37.7579236 ] } },
{ "type": "Feature", "properties": { "内容": "福島寿光会病院指定居宅介護支援事業所【居宅介護支援】福島県福島市舟場町１番地の４寿光会ビル　２階", "url": "https://www.kaigokensaku.mhlw.go.jp/07/index.php?action_kouhyou_detail_004_kani=true&JigyosyoCd=0770103588-00&ServiceCd=430&Type=search", "url2": null }, "geometry": { "type": "Point", "coordinates": [ 140.47024, 37.7530372 ] } },
{ "type": "Feature", "properties": { "内容": "居宅介護支援事業所　みず和の郷【居宅介護支援】福島県福島市松川町水原字神明山25-2", "url": "https://www.kaigokensaku.mhlw.go.jp/07/index.php?action_kouhyou_detail_004_kani=true&JigyosyoCd=0770105948-00&ServiceCd=430&Type=search", "url2": "http://www.ai-ai.or.jp/mizuwa/" }, "geometry": { "type": "Point", "coordinates": [ 140.43558, 37.661991 ] } },
{ "type": "Feature", "properties": { "内容": "愛日荘園指定居宅介護支援センター【居宅介護支援】福島県福島市大波字熊野山１番地", "url": "https://www.kaigokensaku.mhlw.go.jp/07/index.php?action_kouhyou_detail_004_kani=true&JigyosyoCd=0770100360-00&ServiceCd=430&Type=search", "url2": "http://www.ainichisouen.net/" }, "geometry": { "type": "Point", "coordinates": [ 140.531704399999967, 37.7523944 ] } },
{ "type": "Feature", "properties": { "内容": "社会福祉法人　多宝会　土湯宝生園指定居宅介護支援事業所【居宅介護支援】福島県福島市土湯温泉町字坂ノ上２３番地", "url": "https://www.kaigokensaku.mhlw.go.jp/07/index.php?action_kouhyou_detail_004_kani=true&JigyosyoCd=0770100400-00&ServiceCd=430&Type=search", "url2": "https://www.tahokai.jp" }, "geometry": { "type": "Point", "coordinates": [ 140.3284433, 37.6822148 ] } },
{ "type": "Feature", "properties": { "内容": "ケアプランセンターいろどり【居宅介護支援】福島県福島市北町4-5北町DANビル4階", "url": "https://www.kaigokensaku.mhlw.go.jp/07/index.php?action_kouhyou_detail_004_kani=true&JigyosyoCd=0770106359-00&ServiceCd=430&Type=search", "url2": null }, "geometry": { "type": "Point", "coordinates": [ 140.472405400000014, 37.754251 ] } },
{ "type": "Feature", "properties": { "内容": "医療法人　生愛会居宅介護支援センター【居宅介護支援】福島県福島市大笹生字向平１３－１", "url": "https://www.kaigokensaku.mhlw.go.jp/07/index.php?action_kouhyou_detail_004_kani=true&JigyosyoCd=0770100030-00&ServiceCd=430&Type=search", "url2": "http:///www.seiaikai.jp" }, "geometry": { "type": "Point", "coordinates": [ 140.39175130000001, 37.796467 ] } },
{ "type": "Feature", "properties": { "内容": "ライフ吉井田居宅介護支援事業所【居宅介護支援】福島県福島市吉倉字谷地７３番の１", "url": "https://www.kaigokensaku.mhlw.go.jp/07/index.php?action_kouhyou_detail_004_kani=true&JigyosyoCd=0770102762-00&ServiceCd=430&Type=search", "url2": "y-kyotaku@life-time-fukushima.jp" }, "geometry": { "type": "Point", "coordinates": [ 140.445141521749946, 37.741353444745997 ] } },
{ "type": "Feature", "properties": { "内容": "にじのまち指定居宅介護支援事業所【居宅介護支援】福島県福島市北沢又字番匠田5", "url": "https://www.kaigokensaku.mhlw.go.jp/07/index.php?action_kouhyou_detail_004_kani=true&JigyosyoCd=0770100170-00&ServiceCd=430&Type=search", "url2": "http://www.fcs-mcoop.jp/" }, "geometry": { "type": "Point", "coordinates": [ 140.4346031, 37.7854746 ] } },
{ "type": "Feature", "properties": { "内容": "ケアプランセンター小倉寺【居宅介護支援】福島県福島市小倉寺字兜石１番地", "url": "https://www.kaigokensaku.mhlw.go.jp/07/index.php?action_kouhyou_detail_004_kani=true&JigyosyoCd=0770103489-00&ServiceCd=430&Type=search", "url2": null }, "geometry": { "type": "Point", "coordinates": [ 140.471073899999965, 37.739522 ] } },
{ "type": "Feature", "properties": { "内容": "居宅介護支援センターグリーンライト【居宅介護支援】福島県福島市飯坂町湯野字梁尻１番地の１", "url": "https://www.kaigokensaku.mhlw.go.jp/07/index.php?action_kouhyou_detail_004_kani=true&JigyosyoCd=0770102424-00&ServiceCd=430&Type=search", "url2": "http://care-net.biz/07/ryokukouen/" }, "geometry": { "type": "Point", "coordinates": [ 140.456671466934267, 37.821947732557241 ] } },
{ "type": "Feature", "properties": { "内容": "あづま脳神経外科病院　指定居宅介護支援事業所【居宅介護支援】福島県福島市大森字柳下10番地の1", "url": "https://www.kaigokensaku.mhlw.go.jp/07/index.php?action_kouhyou_detail_004_kani=true&JigyosyoCd=0770100188-00&ServiceCd=430&Type=search", "url2": "http://www.azumanh.or.jp" }, "geometry": { "type": "Point", "coordinates": [ 140.445693687743102, 37.739984461514723 ] } },
{ "type": "Feature", "properties": { "内容": "居宅介護支援センター松陵【居宅介護支援】福島県福島市松川町字桜内7-2", "url": "https://www.kaigokensaku.mhlw.go.jp/07/index.php?action_kouhyou_detail_004_kani=true&JigyosyoCd=0770100378-00&ServiceCd=430&Type=search", "url2": "http://suzukiclinic-matsukawa.jp" }, "geometry": { "type": "Point", "coordinates": [ 140.4605312, 37.6561335 ] } },
{ "type": "Feature", "properties": { "内容": "あいの風　居宅介護支援事業所【居宅介護支援】福島県福島市仲間町7番16号パレ・ルーチェ仲間町1階", "url": "https://www.kaigokensaku.mhlw.go.jp/07/index.php?action_kouhyou_detail_004_kani=true&JigyosyoCd=0770103778-00&ServiceCd=430&Type=search", "url2": "http://www.win3hikari.com" }, "geometry": { "type": "Point", "coordinates": [ 140.47154804110869, 37.755254366629266 ] } },
{ "type": "Feature", "properties": { "内容": "指定居宅介護支援事業所　さわまた【居宅介護支援】福島県福島市北沢又字下釜北7-9", "url": "https://www.kaigokensaku.mhlw.go.jp/07/index.php?action_kouhyou_detail_004_kani=true&JigyosyoCd=0770104537-00&ServiceCd=430&Type=search", "url2": null }, "geometry": { "type": "Point", "coordinates": [ 140.435900800000013, 37.7880329 ] } },
{ "type": "Feature", "properties": { "内容": "さいり居宅介護支援事業所【居宅介護支援】福島県福島市庄野字堂田南10番地の1", "url": "https://www.kaigokensaku.mhlw.go.jp/07/index.php?action_kouhyou_detail_004_kani=true&JigyosyoCd=0770105815-00&ServiceCd=430&Type=search", "url2": null }, "geometry": { "type": "Point", "coordinates": [ 140.3826033, 37.7397194 ] } },
{ "type": "Feature", "properties": { "内容": "コパン居宅介護支援事業所【居宅介護支援】福島県福島市渡利字舟場106-1リバー・プレイス3階Ａ号室", "url": "https://www.kaigokensaku.mhlw.go.jp/07/index.php?action_kouhyou_detail_004_kani=true&JigyosyoCd=0770104883-00&ServiceCd=430&Type=search", "url2": null }, "geometry": { "type": "Point", "coordinates": [ 140.472812200000021, 37.7487766 ] } },
{ "type": "Feature", "properties": { "内容": "ＳＯＭＰＯケア　福島笹谷　居宅介護支援【居宅介護支援】笹谷字出水上24-8ロイヤルガーデン笹谷Ⅳ棟408号", "url": "https://www.kaigokensaku.mhlw.go.jp/07/index.php?action_kouhyou_detail_004_kani=true&JigyosyoCd=0770105500-00&ServiceCd=430&Type=search", "url2": "https://www.sompocare.com" }, "geometry": { "type": "Point", "coordinates": [ 140.44457665955224, 37.79142032319757 ] } },
{ "type": "Feature", "properties": { "内容": "陽光園指定居宅介護支援事業所【居宅介護支援】福島県福島市南沢又字水門下１６０番地の３陽光園介護支援センター", "url": "https://www.kaigokensaku.mhlw.go.jp/07/index.php?action_kouhyou_detail_004_kani=true&JigyosyoCd=0770100113-00&ServiceCd=430&Type=search", "url2": "http://www.youkoukai.jp" }, "geometry": { "type": "Point", "coordinates": [ 140.411344399999962, 37.78223 ] } },
{ "type": "Feature", "properties": { "内容": "はなひらの指定居宅介護支援事業所【居宅介護支援】福島県福島市飯坂町平野字小深田1-5", "url": "https://www.kaigokensaku.mhlw.go.jp/07/index.php?action_kouhyou_detail_004_kani=true&JigyosyoCd=0770100139-00&ServiceCd=430&Type=search", "url2": "https://watari-fukushikai.jp/" }, "geometry": { "type": "Point", "coordinates": [ 140.44077429999993, 37.8015067 ] } },
{ "type": "Feature", "properties": { "内容": "創世居宅介護支援事業所【居宅介護支援】福島県福島市春日町14-14", "url": "https://www.kaigokensaku.mhlw.go.jp/07/index.php?action_kouhyou_detail_004_kani=true&JigyosyoCd=0770100105-00&ServiceCd=430&Type=search", "url2": "http://sosei.org" }, "geometry": { "type": "Point", "coordinates": [ 140.475027800000021, 37.7675108 ] } },
{ "type": "Feature", "properties": { "内容": "介護支援事業所さわやかアイリス【居宅介護支援】福島県福島市在庭坂字志津山６番地の１", "url": "https://www.kaigokensaku.mhlw.go.jp/07/index.php?action_kouhyou_detail_004_kani=true&JigyosyoCd=0770100394-00&ServiceCd=430&Type=search", "url2": "https://sawayaka-iris.jp/" }, "geometry": { "type": "Point", "coordinates": [ 140.366511299999956, 37.75974 ] } },
{ "type": "Feature", "properties": { "内容": "一般財団法人脳神経疾患研究所南東北福島居宅介護支援事業所【居宅介護支援】福島県福島市荒井北三丁目1-13", "url": "https://www.kaigokensaku.mhlw.go.jp/07/index.php?action_kouhyou_detail_004_kani=true&JigyosyoCd=0770101681-00&ServiceCd=430&Type=search", "url2": "http://www.f-str.jp/" }, "geometry": { "type": "Point", "coordinates": [ 140.387616699999967, 37.7259966 ] } },
{ "type": "Feature", "properties": { "内容": "合同会社齋藤総合福祉事務所【居宅介護支援】福島県福島市飯坂町字梍町40-23", "url": "https://www.kaigokensaku.mhlw.go.jp/07/index.php?action_kouhyou_detail_004_kani=true&JigyosyoCd=0770104966-00&ServiceCd=430&Type=search", "url2": null }, "geometry": { "type": "Point", "coordinates": [ 140.449563600000033, 37.8280344 ] } },
{ "type": "Feature", "properties": { "内容": "居宅介護支援事業所なごみの郷【居宅介護支援】福島県福島市太平寺字町ノ内30", "url": "https://www.kaigokensaku.mhlw.go.jp/07/index.php?action_kouhyou_detail_004_kani=true&JigyosyoCd=0770103729-00&ServiceCd=430&Type=search", "url2": "http://www.nagomi-w.or.jp" }, "geometry": { "type": "Point", "coordinates": [ 140.45850411971287, 37.732111395611888 ] } },
{ "type": "Feature", "properties": { "内容": "めぐみの風居宅介護支援センター【居宅介護支援】福島県福島市仁井田字龍神前2番地の1", "url": "https://www.kaigokensaku.mhlw.go.jp/07/index.php?action_kouhyou_detail_004_kani=true&JigyosyoCd=0770100816-00&ServiceCd=430&Type=search", "url2": "htpp://ffsk.jp/kaigo/" }, "geometry": { "type": "Point", "coordinates": [ 140.427365700000024, 37.752282800000017 ] } },
{ "type": "Feature", "properties": { "内容": "ケアサポートせいふう　福島【居宅介護支援】福島県福島市笹木野字大金谷尻１３－１", "url": "https://www.kaigokensaku.mhlw.go.jp/07/index.php?action_kouhyou_detail_004_kani=true&JigyosyoCd=0770104131-00&ServiceCd=430&Type=search", "url2": null }, "geometry": { "type": "Point", "coordinates": [ 140.429940073766346, 37.76786126947438 ] } },
{ "type": "Feature", "properties": { "内容": "居宅介護支援事業所　エルタ【居宅介護支援】福島県福島市八島田字樋ノ口80", "url": "https://www.kaigokensaku.mhlw.go.jp/07/index.php?action_kouhyou_detail_004_kani=true&JigyosyoCd=0770104172-00&ServiceCd=430&Type=search", "url2": null }, "geometry": { "type": "Point", "coordinates": [ 140.486298313353018, 37.763317258726403 ] } },
{ "type": "Feature", "properties": { "内容": "優心指定居宅介護支援事業所【居宅介護支援】福島県福島市太平寺字沖高63-1", "url": "https://www.kaigokensaku.mhlw.go.jp/07/index.php?action_kouhyou_detail_004_kani=true&JigyosyoCd=0770104362-00&ServiceCd=430&Type=search", "url2": null }, "geometry": { "type": "Point", "coordinates": [ 140.457750199999964, 37.7300147 ] } },
{ "type": "Feature", "properties": { "内容": "居宅介護支援事業所日向【居宅介護支援】福島県福島市飯坂町平野字道添３９番地の６", "url": "https://www.kaigokensaku.mhlw.go.jp/07/index.php?action_kouhyou_detail_004_kani=true&JigyosyoCd=0770106169-00&ServiceCd=430&Type=search", "url2": null }, "geometry": { "type": "Point", "coordinates": [ 140.4463533, 37.8186657 ] } },
{ "type": "Feature", "properties": { "内容": "居宅介護支援事業所たゆたふ【居宅介護支援】福島県福島市太田町12-20", "url": "https://www.kaigokensaku.mhlw.go.jp/07/index.php?action_kouhyou_detail_004_kani=true&JigyosyoCd=0770105542-00&ServiceCd=430&Type=search", "url2": "http://www.maru-kita.co.jp/" }, "geometry": { "type": "Point", "coordinates": [ 140.455812246956896, 37.755029622231255 ] } },
{ "type": "Feature", "properties": { "内容": "指定居宅介護支援事業所　はなしのぶ【居宅介護支援】福島県福島市平石字堰ノ上３番", "url": "https://www.kaigokensaku.mhlw.go.jp/07/index.php?action_kouhyou_detail_004_kani=true&JigyosyoCd=0770102101-00&ServiceCd=430&Type=search", "url2": "https://watari-fukushikai.jp" }, "geometry": { "type": "Point", "coordinates": [ 140.446754899999974, 37.7140081 ] } },
{ "type": "Feature", "properties": { "内容": "ウエルフェアケアプランセンター【居宅介護支援】福島県福島市大明神４－３カメリヤコーポラス　４１０", "url": "https://www.kaigokensaku.mhlw.go.jp/07/index.php?action_kouhyou_detail_004_kani=true&JigyosyoCd=0770104248-00&ServiceCd=430&Type=search", "url2": null }, "geometry": { "type": "Point", "coordinates": [ 140.469628400000033, 37.7663747 ] } },
{ "type": "Feature", "properties": { "内容": "居宅介護支援事業所花音【居宅介護支援】福島県福島市五月町７番９号サンクレイドル福島五月ウィンフォート９０４", "url": "https://www.kaigokensaku.mhlw.go.jp/07/index.php?action_kouhyou_detail_004_kani=true&JigyosyoCd=0770106532-00&ServiceCd=430&Type=search", "url2": null }, "geometry": { "type": "Point", "coordinates": [ 140.46217593068846, 37.750561949347528 ] } },
{ "type": "Feature", "properties": { "内容": "りんごの里指定居宅介護支援事業所【居宅介護支援】福島県福島市瀬上町字四斗蒔１－６", "url": "https://www.kaigokensaku.mhlw.go.jp/07/index.php?action_kouhyou_detail_004_kani=true&JigyosyoCd=0770101343-00&ServiceCd=430&Type=search", "url2": "http//www.kirari-hcoop.com/" }, "geometry": { "type": "Point", "coordinates": [ 140.494031571106945, 37.801295072144185 ] } },
{ "type": "Feature", "properties": { "内容": "元気サポート居宅介護支援事業所【居宅介護支援】福島県福島市笹谷字稲場23-4", "url": "https://www.kaigokensaku.mhlw.go.jp/07/index.php?action_kouhyou_detail_004_kani=true&JigyosyoCd=0770106300-00&ServiceCd=430&Type=search", "url2": "https://www.jisyokai.jp" }, "geometry": { "type": "Point", "coordinates": [ 140.446861899999988, 37.787689308605287 ] } },
{ "type": "Feature", "properties": { "内容": "指定居宅介護支援事業所ニコっと【居宅介護支援】福島県福島市清明町1-10ロイヤルレジデンス3号棟800号室", "url": "https://www.kaigokensaku.mhlw.go.jp/07/index.php?action_kouhyou_detail_004_kani=true&JigyosyoCd=0770105153-00&ServiceCd=430&Type=search", "url2": null }, "geometry": { "type": "Point", "coordinates": [ 140.460874566264152, 37.747492017915278 ] } },
{ "type": "Feature", "properties": { "内容": "わたり介護支援事業所【居宅介護支援】福島県福島市渡利字中江町40-1", "url": "https://www.kaigokensaku.mhlw.go.jp/07/index.php?action_kouhyou_detail_004_kani=true&JigyosyoCd=0770105369-00&ServiceCd=430&Type=search", "url2": null }, "geometry": { "type": "Point", "coordinates": [ 140.483089299999989, 37.74866 ] } },
{ "type": "Feature", "properties": { "内容": "在宅プランセンター結【居宅介護支援】福島県福島市南沢又字曲堀東23-2", "url": "https://www.kaigokensaku.mhlw.go.jp/07/index.php?action_kouhyou_detail_004_kani=true&JigyosyoCd=0770105401-00&ServiceCd=430&Type=search", "url2": null }, "geometry": { "type": "Point", "coordinates": [ 140.439423, 37.7740749 ] } },
{ "type": "Feature", "properties": { "内容": "ほのぼの居宅介護支援センター【居宅介護支援】福島県福島市笹谷字中田１番地の8", "url": "https://www.kaigokensaku.mhlw.go.jp/07/index.php?action_kouhyou_detail_004_kani=true&JigyosyoCd=0770102010-00&ServiceCd=430&Type=search", "url2": "http://810net.com/honobono" }, "geometry": { "type": "Point", "coordinates": [ 140.436258299999963, 37.7941378 ] } },
{ "type": "Feature", "properties": { "内容": "すかわ指定居宅介護支援事業所【居宅介護支援】福島県福島市野田町１丁目13-58", "url": "https://www.kaigokensaku.mhlw.go.jp/07/index.php?action_kouhyou_detail_004_kani=true&JigyosyoCd=0770100147-00&ServiceCd=430&Type=search", "url2": "http//www.kirari-hcoop.com" }, "geometry": { "type": "Point", "coordinates": [ 140.449536099999932, 37.7547672 ] } },
{ "type": "Feature", "properties": { "内容": "指定居宅介護支援事業所　ひまわり苑【居宅介護支援】福島市田沢字入20番地", "url": "https://www.kaigokensaku.mhlw.go.jp/07/index.php?action_kouhyou_detail_004_kani=true&JigyosyoCd=0770100634-00&ServiceCd=430&Type=search", "url2": "http://www.seijukai.org/" }, "geometry": { "type": "Point", "coordinates": [ 140.491273800000045, 37.7014405 ] } },
{ "type": "Feature", "properties": { "内容": "居宅介護支援事業所　信夫の里【居宅介護支援】福島県福島市仁井田字下川原17番地", "url": "https://www.kaigokensaku.mhlw.go.jp/07/index.php?action_kouhyou_detail_004_kani=true&JigyosyoCd=0770102903-00&ServiceCd=430&Type=search", "url2": "http://sinobunosato-welfare.jp/" }, "geometry": { "type": "Point", "coordinates": [ 140.438073499999973, 37.7533837 ] } },
{ "type": "Feature", "properties": { "内容": "福島市社会福祉協議会居宅介護支援事業所【居宅介護支援】福島県福島市森合町10番1号", "url": "https://www.kaigokensaku.mhlw.go.jp/07/index.php?action_kouhyou_detail_004_kani=true&JigyosyoCd=0770100014-00&ServiceCd=430&Type=search", "url2": "http://www.f-shishakyo.or.jp/" }, "geometry": { "type": "Point", "coordinates": [ 140.463348499999938, 37.7631082 ] } },
{ "type": "Feature", "properties": { "内容": "ニチイケアセンター南福島【居宅介護支援】福島県福島市方木田字四斗蒔田６－２２", "url": "https://www.kaigokensaku.mhlw.go.jp/07/index.php?action_kouhyou_detail_004_kani=true&JigyosyoCd=0770100659-00&ServiceCd=430&Type=search", "url2": "http://www.nichiigakkan.co.jp" }, "geometry": { "type": "Point", "coordinates": [ 140.451328, 37.7421299 ] } },
{ "type": "Feature", "properties": { "内容": "ふくしま訪問看護ケアプランセンター【居宅介護支援】福島市鳥谷野字中ノ内32-1メゾンばんしょう104", "url": "https://www.kaigokensaku.mhlw.go.jp/07/index.php?action_kouhyou_detail_004_kani=true&JigyosyoCd=0770103265-00&ServiceCd=430&Type=search", "url2": null }, "geometry": { "type": "Point", "coordinates": [ 140.469387488777159, 37.732825967839247 ] } },
{ "type": "Feature", "properties": { "内容": "リブレ松川居宅介護支援事業所【居宅介護支援】福島県福島市松川町美郷4丁目13番8", "url": "https://www.kaigokensaku.mhlw.go.jp/07/index.php?action_kouhyou_detail_004_kani=true&JigyosyoCd=0770104123-00&ServiceCd=430&Type=search", "url2": "http://www.libre-lifesupport.jp" }, "geometry": { "type": "Point", "coordinates": [ 140.472813200000019, 37.6657108 ] } },
{ "type": "Feature", "properties": { "内容": "指定居宅介護支援事業所あづまの郷【居宅介護支援】福島県福島市上鳥渡字北河原2-1", "url": "https://www.kaigokensaku.mhlw.go.jp/07/index.php?action_kouhyou_detail_004_kani=true&JigyosyoCd=0770105278-00&ServiceCd=430&Type=search", "url2": "http://www.sukura-fukushikai.jp/" }, "geometry": { "type": "Point", "coordinates": [ 140.410791499999959, 37.7326214 ] } },
{ "type": "Feature", "properties": { "内容": "やまなみ介護支援事業所【居宅介護支援】福島県福島市飯野町字後川２７－２", "url": "https://www.kaigokensaku.mhlw.go.jp/07/index.php?action_kouhyou_detail_004_kani=true&JigyosyoCd=0772000048-00&ServiceCd=430&Type=search", "url2": "http://www.fmc.u-coop.or.jp" }, "geometry": { "type": "Point", "coordinates": [ 140.533555400000068, 37.6559184 ] } },
{ "type": "Feature", "properties": { "内容": "指定居宅介護支援事業所かまた【居宅介護支援】福島県福島市鎌田字門丈壇4番1複合施設ホリスティカかまた", "url": "https://www.kaigokensaku.mhlw.go.jp/07/index.php?action_kouhyou_detail_004_kani=true&JigyosyoCd=0770102853-00&ServiceCd=430&Type=search", "url2": "http://www.holistica-kamata.jp/" }, "geometry": { "type": "Point", "coordinates": [ 140.480304199999978, 37.7962722 ] } },
{ "type": "Feature", "properties": { "内容": "やすらぎの郷居宅介護支援センター【居宅介護支援】福島県福島市飯野町字前川16番地", "url": "https://www.kaigokensaku.mhlw.go.jp/07/index.php?action_kouhyou_detail_004_kani=true&JigyosyoCd=0770104602-00&ServiceCd=430&Type=search", "url2": "yasuraginosatoiino.jp" }, "geometry": { "type": "Point", "coordinates": [ 140.534491264417994, 37.654789547199549 ] } },
{ "type": "Feature", "properties": { "内容": "ハッピー愛ランド【居宅介護支援】福島市本内字西河原5-76地域交流センター", "url": "https://www.kaigokensaku.mhlw.go.jp/07/index.php?action_kouhyou_detail_004_kani=true&JigyosyoCd=0770105005-00&ServiceCd=430&Type=search", "url2": "http://www.happyisland.org/" }, "geometry": { "type": "Point", "coordinates": [ 140.481593400000065, 37.7817458 ] } },
{ "type": "Feature", "properties": { "内容": "社会福祉法人すこやか福祉会すこやか指定居宅介護支援事業所【居宅介護支援】福島県福島市瀬上町字四斗蒔1-1", "url": "https://www.kaigokensaku.mhlw.go.jp/07/index.php?action_kouhyou_detail_004_kani=true&JigyosyoCd=0770100261-00&ServiceCd=430&Type=search", "url2": "http://www.sukoyakanosato.jp/" }, "geometry": { "type": "Point", "coordinates": [ 140.493372625517281, 37.80118131200107 ] } },
{ "type": "Feature", "properties": { "内容": "ヘルパーステーションおひさま【居宅介護支援】福島県福島市丸子富塚18-4", "url": "https://www.kaigokensaku.mhlw.go.jp/07/index.php?action_kouhyou_detail_004_kani=true&JigyosyoCd=0770101905-00&ServiceCd=430&Type=search", "url2": "https://ohisama-kaigo.com/" }, "geometry": { "type": "Point", "coordinates": [ 140.472318800000011, 37.7852837 ] } },
{ "type": "Feature", "properties": { "内容": "居宅介護支援事業所明日の樹【居宅介護支援】福島県福島市南矢野目字中江10-12", "url": "https://www.kaigokensaku.mhlw.go.jp/07/index.php?action_kouhyou_detail_004_kani=true&JigyosyoCd=0770105773-00&ServiceCd=430&Type=search", "url2": "http://feldblau.co.jp" }, "geometry": { "type": "Point", "coordinates": [ 140.4541491, 37.7870031 ] } },
{ "type": "Feature", "properties": { "内容": "社会福祉法人けやきの村指定居宅介護支援事業所【居宅介護支援】福島県福島市飯坂町中野字高田前２－１６", "url": "https://www.kaigokensaku.mhlw.go.jp/07/index.php?action_kouhyou_detail_004_kani=true&JigyosyoCd=0770100220-00&ServiceCd=430&Type=search", "url2": "keyaki.soudan-c@vega.ocn.ne.jp" }, "geometry": { "type": "Point", "coordinates": [ 140.421407098425306, 37.822107283178497 ] } },
{ "type": "Feature", "properties": { "内容": "しみずの里　指定居宅介護支援事業所【居宅介護支援】福島市泉字清水内3-4", "url": "https://www.kaigokensaku.mhlw.go.jp/07/index.php?action_kouhyou_detail_004_kani=true&JigyosyoCd=0770104354-00&ServiceCd=430&Type=search", "url2": null }, "geometry": { "type": "Point", "coordinates": [ 140.443890519574012, 37.777920879879296 ] } },
{ "type": "Feature", "properties": { "内容": "よろこび介護支援センター【居宅介護支援】福島県福島市渡利字川岸町24番5号", "url": "https://www.kaigokensaku.mhlw.go.jp/07/index.php?action_kouhyou_detail_004_kani=true&JigyosyoCd=0770101467-00&ServiceCd=430&Type=search", "url2": null }, "geometry": { "type": "Point", "coordinates": [ 140.482014199999981, 37.751232 ] } },
{ "type": "Feature", "properties": { "内容": "愛の里居宅介護支援事業所【居宅介護支援】福島県福島市大森字街道下５３番地１", "url": "https://www.kaigokensaku.mhlw.go.jp/07/index.php?action_kouhyou_detail_004_kani=true&JigyosyoCd=0770102606-00&ServiceCd=430&Type=search", "url2": "http://cosmo-m-s.co.jp/" }, "geometry": { "type": "Point", "coordinates": [ 140.449303399999962, 37.7361861 ] } },
{ "type": "Feature", "properties": { "内容": "医療法人回生堂　居宅介護支援事業所「回生」【居宅介護支援】福島県福島市大森字高畑31-1", "url": "https://www.kaigokensaku.mhlw.go.jp/07/index.php?action_kouhyou_detail_004_kani=true&JigyosyoCd=0770100337-00&ServiceCd=430&Type=search", "url2": "http://kaiseido.or.jp" }, "geometry": { "type": "Point", "coordinates": [ 140.448105707409667, 37.73409882008675 ] } },
{ "type": "Feature", "properties": { "内容": "社会福祉法人ジェイエイ新ふくしま福祉会　アグリホーム指定居宅介護支援事業所【居宅介護支援】福島県福島市笹木野字水口下13番地の１", "url": "https://www.kaigokensaku.mhlw.go.jp/07/index.php?action_kouhyou_detail_004_kani=true&JigyosyoCd=0770100527-00&ServiceCd=430&Type=search", "url2": "http:/www.aguri-home.com/" }, "geometry": { "type": "Point", "coordinates": [ 140.426279499999964, 37.766517800000017 ] } },
{ "type": "Feature", "properties": { "内容": "居宅介護支援事業所いずみの郷【居宅介護支援】福島県福島市泉字弐斗蒔17-1特別養護老人ホームいずみの郷", "url": "https://www.kaigokensaku.mhlw.go.jp/07/index.php?action_kouhyou_detail_004_kani=true&JigyosyoCd=0770105658-00&ServiceCd=430&Type=search", "url2": "http://www.nagomi-w.or.jp" }, "geometry": { "type": "Point", "coordinates": [ 140.451830299999983, 37.774681 ] } },
{ "type": "Feature", "properties": { "内容": "ハーモニーあいづ指定居宅介護支援事業所【居宅介護支援】福島県会津若松市一箕町松長五丁目11番地31", "url": "https://www.kaigokensaku.mhlw.go.jp/07/index.php?action_kouhyou_detail_004_kani=true&JigyosyoCd=0770201945-00&ServiceCd=430&Type=search", "url2": "www.sin-ai.com" }, "geometry": { "type": "Point", "coordinates": [ 139.9617862, 37.5275992 ] } },
{ "type": "Feature", "properties": { "内容": "公益財団法人穴澤病院　穴澤指定居宅介護支援事業所【居宅介護支援】福島県会津若松市宮町１－１", "url": "https://www.kaigokensaku.mhlw.go.jp/07/index.php?action_kouhyou_detail_004_kani=true&JigyosyoCd=0770200517-00&ServiceCd=430&Type=search", "url2": "http://www.anazawa.or.jp/" }, "geometry": { "type": "Point", "coordinates": [ 139.933787, 37.4947612 ] } },
{ "type": "Feature", "properties": { "内容": "竹田指定居宅介護支援事業所【居宅介護支援】福島県会津若松市本町2番60号へるすぷらざ山鹿2号館1F", "url": "https://www.kaigokensaku.mhlw.go.jp/07/index.php?action_kouhyou_detail_004_kani=true&JigyosyoCd=0770200069-00&ServiceCd=430&Type=search", "url2": "http://www.takeda.or.jp" }, "geometry": { "type": "Point", "coordinates": [ 139.920784500000025, 37.4918679 ] } },
{ "type": "Feature", "properties": { "内容": "居宅支援　こころのさと【居宅介護支援】福島県会津若松市門田町大字黒岩字石高194番地の2", "url": "https://www.kaigokensaku.mhlw.go.jp/07/index.php?action_kouhyou_detail_004_kani=true&JigyosyoCd=0770201606-00&ServiceCd=430&Type=search", "url2": "https://kokoronosato-aizu.com/" }, "geometry": { "type": "Point", "coordinates": [ 139.934683341000436, 37.472191578156803 ] } },
{ "type": "Feature", "properties": { "内容": "ニチイケアセンター門田【居宅介護支援】福島県会津若松市門田町日吉字小金井11", "url": "https://www.kaigokensaku.mhlw.go.jp/07/index.php?action_kouhyou_detail_004_kani=true&JigyosyoCd=0770200947-00&ServiceCd=430&Type=search", "url2": "http://www.nichiigakkan.co.jp" }, "geometry": { "type": "Point", "coordinates": [ 139.91813060000004, 37.4778542 ] } },
{ "type": "Feature", "properties": { "内容": "株式会社　ケアプランあいづ【居宅介護支援】福島県会津若松市西栄町7-9", "url": "https://www.kaigokensaku.mhlw.go.jp/07/index.php?action_kouhyou_detail_004_kani=true&JigyosyoCd=0770201820-00&ServiceCd=430&Type=search", "url2": null }, "geometry": { "type": "Point", "coordinates": [ 139.926480296311979, 37.494612352787605 ] } },
{ "type": "Feature", "properties": { "内容": "福太郎居宅介護支援事業所【居宅介護支援】福島県会津若松市中央二丁目1-21", "url": "https://www.kaigokensaku.mhlw.go.jp/07/index.php?action_kouhyou_detail_004_kani=true&JigyosyoCd=0770200970-00&ServiceCd=430&Type=search", "url2": "http://kaigohfukutarou.com" }, "geometry": { "type": "Point", "coordinates": [ 139.931259961454771, 37.501192460416803 ] } },
{ "type": "Feature", "properties": { "内容": "竹田第2居宅介護支援事業所【居宅介護支援】会津若松市本町1－1山鹿ｸﾘﾆｯｸ2階", "url": "https://www.kaigokensaku.mhlw.go.jp/07/index.php?action_kouhyou_detail_004_kani=true&JigyosyoCd=0770202463-00&ServiceCd=430&Type=search", "url2": "http://www.takeda.or.jp" }, "geometry": { "type": "Point", "coordinates": [ 139.9213693, 37.4915904 ] } },
{ "type": "Feature", "properties": { "内容": "ツクイ会津【居宅介護支援】福島県会津若松市中央1-5-30", "url": "https://www.kaigokensaku.mhlw.go.jp/07/index.php?action_kouhyou_detail_004_kani=true&JigyosyoCd=0770202430-00&ServiceCd=430&Type=search", "url2": "http://www.tsukui.net" }, "geometry": { "type": "Point", "coordinates": [ 139.9305669, 37.5005651 ] } },
{ "type": "Feature", "properties": { "内容": "居宅介護支援センター湊【居宅介護支援】福島県会津若松市湊町大字赤井字屋敷108－1", "url": "https://www.kaigokensaku.mhlw.go.jp/07/index.php?action_kouhyou_detail_004_kani=true&JigyosyoCd=0770202208-00&ServiceCd=430&Type=search", "url2": null }, "geometry": { "type": "Point", "coordinates": [ 140.01785510000002, 37.5017752 ] } },
{ "type": "Feature", "properties": { "内容": "会津長寿園指定居宅介護支援事業所【居宅介護支援】福島県会津若松市千石町4番4号会津防災設備センタービル102号", "url": "https://www.kaigokensaku.mhlw.go.jp/07/index.php?action_kouhyou_detail_004_kani=true&JigyosyoCd=0770200194-00&ServiceCd=430&Type=search", "url2": "http://www.choujuen.or.jp" }, "geometry": { "type": "Point", "coordinates": [ 139.943364817248266, 37.493906075743389 ] } },
{ "type": "Feature", "properties": { "内容": "ケアプランしなのき【居宅介護支援】福島県会津若松市大字上荒久田字畑村東83-1", "url": "https://www.kaigokensaku.mhlw.go.jp/07/index.php?action_kouhyou_detail_004_kani=true&JigyosyoCd=0770201309-00&ServiceCd=430&Type=search", "url2": "ｈｔｔｐ；//www.sinanoki.co.jp/" }, "geometry": { "type": "Point", "coordinates": [ 139.929138186845364, 37.512035168259835 ] } },
{ "type": "Feature", "properties": { "内容": "やさしい手片柳居宅介護支援事業所【居宅介護支援】福島県会津若松市御旗町9－5", "url": "https://www.kaigokensaku.mhlw.go.jp/07/index.php?action_kouhyou_detail_004_kani=true&JigyosyoCd=0770202620-00&ServiceCd=430&Type=search", "url2": "https://search.yasashiite.com/detail/kyotakukaigo_katayanagi/" }, "geometry": { "type": "Point", "coordinates": [ 139.9112419, 37.4931088 ] } },
{ "type": "Feature", "properties": { "内容": "株式会社　ケアネット会津サービスセンター【居宅介護支援】福島県会津若松市門田町工業団地37-1", "url": "https://www.kaigokensaku.mhlw.go.jp/07/index.php?action_kouhyou_detail_004_kani=true&JigyosyoCd=0770201481-00&ServiceCd=430&Type=search", "url2": "http://www.carenet.fujitsu.com/" }, "geometry": { "type": "Point", "coordinates": [ 139.912651200000028, 37.4644442 ] } },
{ "type": "Feature", "properties": { "内容": "居宅介護支援事業所【居宅介護支援】福島県会津若松市本町3-20", "url": "https://www.kaigokensaku.mhlw.go.jp/07/index.php?action_kouhyou_detail_004_kani=true&JigyosyoCd=0770202380-00&ServiceCd=430&Type=search", "url2": "http://www.khaos.jp/" }, "geometry": { "type": "Point", "coordinates": [ 139.9194038, 37.4925226 ] } },
{ "type": "Feature", "properties": { "内容": "美野里指定居宅介護支援事業所【居宅介護支援】福島県会津若松市北会津町東小松字南古川12番地介護老人保健施設美野里内", "url": "https://www.kaigokensaku.mhlw.go.jp/07/index.php?action_kouhyou_detail_004_kani=true&JigyosyoCd=0772400016-00&ServiceCd=430&Type=search", "url2": "http://www.meisei-kai.or.jp" }, "geometry": { "type": "Point", "coordinates": [ 139.890953500000052, 37.4724038 ] } },
{ "type": "Feature", "properties": { "内容": "指定居宅介護支援事業所　会津みどりホーム【居宅介護支援】福島県会津若松市神指町大字北四合字伊丹堂55-1", "url": "https://www.kaigokensaku.mhlw.go.jp/07/index.php?action_kouhyou_detail_004_kani=true&JigyosyoCd=0770200044-00&ServiceCd=430&Type=search", "url2": "http://aizu-midorihome.com" }, "geometry": { "type": "Point", "coordinates": [ 139.885896300000013, 37.524315 ] } },
{ "type": "Feature", "properties": { "内容": "マイム居宅支援センター【居宅介護支援】福島県会津若松市中央三丁目7-30", "url": "https://www.kaigokensaku.mhlw.go.jp/07/index.php?action_kouhyou_detail_004_kani=true&JigyosyoCd=0770200608-00&ServiceCd=430&Type=search", "url2": "http://www.aizu-jp.net/maimu/" }, "geometry": { "type": "Point", "coordinates": [ 139.933572700000013, 37.50551 ] } },
{ "type": "Feature", "properties": { "内容": "医療生協在宅介護支援センター【居宅介護支援】福島県会津若松市東千石一丁目3-32", "url": "https://www.kaigokensaku.mhlw.go.jp/07/index.php?action_kouhyou_detail_004_kani=true&JigyosyoCd=0770200020-00&ServiceCd=430&Type=search", "url2": "http://kaigo.homes.co.jp/scare/ob-770200020/" }, "geometry": { "type": "Point", "coordinates": [ 139.94409038213962, 37.496744854187966 ] } },
{ "type": "Feature", "properties": { "内容": "会津中央訪問看護指定居宅介護支援事業所【居宅介護支援】福島県会津若松市東山町大字石山字院内１７１", "url": "https://www.kaigokensaku.mhlw.go.jp/07/index.php?action_kouhyou_detail_004_kani=true&JigyosyoCd=0770200335-00&ServiceCd=430&Type=search", "url2": "https://www.onchikai.jp/" }, "geometry": { "type": "Point", "coordinates": [ 139.953766458197066, 37.48391798465849 ] } },
{ "type": "Feature", "properties": { "内容": "一花居宅介護支援事業所【居宅介護支援】福島県会津若松市白虎一丁目４番地の1", "url": "https://www.kaigokensaku.mhlw.go.jp/07/index.php?action_kouhyou_detail_004_kani=true&JigyosyoCd=0770202539-00&ServiceCd=430&Type=search", "url2": null }, "geometry": { "type": "Point", "coordinates": [ 139.935794499999986, 37.5069341 ] } },
{ "type": "Feature", "properties": { "内容": "アルコート南　居宅介護支援事業所【居宅介護支援】福島県会津若松市館馬町6番11号", "url": "https://www.kaigokensaku.mhlw.go.jp/07/index.php?action_kouhyou_detail_004_kani=true&JigyosyoCd=0770202109-00&ServiceCd=430&Type=search", "url2": "http://www.heiseikai-group.com/" }, "geometry": { "type": "Point", "coordinates": [ 139.922631603882905, 37.480810379092837 ] } },
{ "type": "Feature", "properties": { "内容": "温っ家ケアマネ事業所【居宅介護支援】福島県会津若松市飯寺南一丁目１１番４０号", "url": "https://www.kaigokensaku.mhlw.go.jp/07/index.php?action_kouhyou_detail_004_kani=true&JigyosyoCd=0770202273-00&ServiceCd=430&Type=search", "url2": null }, "geometry": { "type": "Point", "coordinates": [ 139.909063916990192, 37.473224601152175 ] } },
{ "type": "Feature", "properties": { "内容": "かいごの相談所きたあいづ【居宅介護支援】福島県会津若松市真宮新町南４丁目３４ー３", "url": "https://www.kaigokensaku.mhlw.go.jp/07/index.php?action_kouhyou_detail_004_kani=true&JigyosyoCd=0770202307-00&ServiceCd=430&Type=search", "url2": "https://www.かいごの相談所.com/" }, "geometry": { "type": "Point", "coordinates": [ 139.873547678538898, 37.520356509915366 ] } },
{ "type": "Feature", "properties": { "内容": "会津若松市社会福祉協議会居宅介護支援事業所【居宅介護支援】福島県会津若松市河東町郡山字中子山22番地", "url": "https://www.kaigokensaku.mhlw.go.jp/07/index.php?action_kouhyou_detail_004_kani=true&JigyosyoCd=0770201135-00&ServiceCd=430&Type=search", "url2": "http://www.awshakyo.or.jp" }, "geometry": { "type": "Point", "coordinates": [ 139.925705099999959, 37.5497103 ] } },
{ "type": "Feature", "properties": { "内容": "わおん介護支援センター【居宅介護支援】福島県郡山市三穂田町富岡字台田96-1", "url": "https://www.kaigokensaku.mhlw.go.jp/07/index.php?action_kouhyou_detail_004_kani=true&JigyosyoCd=0770302743-00&ServiceCd=430&Type=search", "url2": null }, "geometry": { "type": "Point", "coordinates": [ 140.275464, 37.3484069 ] } },
{ "type": "Feature", "properties": { "内容": "いちかわ居宅介護支援事業所【居宅介護支援】福島県郡山市小原田2丁目５－２", "url": "https://www.kaigokensaku.mhlw.go.jp/07/index.php?action_kouhyou_detail_004_kani=true&JigyosyoCd=0770303931-00&ServiceCd=430&Type=search", "url2": "ishibashi-r@titan.ocn.ne.jp" }, "geometry": { "type": "Point", "coordinates": [ 140.383967349790765, 37.382576364266995 ] } },
{ "type": "Feature", "properties": { "内容": "ふくじゅ居宅介護支援事業所【居宅介護支援】福島県郡山市並木３－３－２６", "url": "https://www.kaigokensaku.mhlw.go.jp/07/index.php?action_kouhyou_detail_004_kani=true&JigyosyoCd=0770306140-00&ServiceCd=430&Type=search", "url2": null }, "geometry": { "type": "Point", "coordinates": [ 140.359278499999988, 37.409458 ] } },
{ "type": "Feature", "properties": { "内容": "まちなか介護保険事業所【居宅介護支援】福島県郡山市堂前町11-8高橋ビル202", "url": "https://www.kaigokensaku.mhlw.go.jp/07/index.php?action_kouhyou_detail_004_kani=true&JigyosyoCd=0770304954-00&ServiceCd=430&Type=search", "url2": "kimura-care-plan@co.jp" }, "geometry": { "type": "Point", "coordinates": [ 140.381295899999941, 37.3942996 ] } },
{ "type": "Feature", "properties": { "内容": "介護センター風想苑【居宅介護支援】福島県郡山市富田町字五輪下21－2", "url": "https://www.kaigokensaku.mhlw.go.jp/07/index.php?action_kouhyou_detail_004_kani=true&JigyosyoCd=0770303584-00&ServiceCd=430&Type=search", "url2": null }, "geometry": { "type": "Point", "coordinates": [ 140.339446, 37.4238984 ] } },
{ "type": "Feature", "properties": { "内容": "あさかの杜総合ケア・センター【居宅介護支援】福島県郡山市安積町成田字漆山５０番地", "url": "https://www.kaigokensaku.mhlw.go.jp/07/index.php?action_kouhyou_detail_004_kani=true&JigyosyoCd=0770300556-00&ServiceCd=430&Type=search", "url2": "asakanomori@ht-net21ne.jp" }, "geometry": { "type": "Point", "coordinates": [ 140.340051200000062, 37.3594552 ] } },
{ "type": "Feature", "properties": { "内容": "コスモス通り居宅介護支援事業所【居宅介護支援】福島県郡山市鳴神三丁目１１０番地", "url": "https://www.kaigokensaku.mhlw.go.jp/07/index.php?action_kouhyou_detail_004_kani=true&JigyosyoCd=0770300331-00&ServiceCd=430&Type=search", "url2": "http://www.koriyama-seikeigeka.jp" }, "geometry": { "type": "Point", "coordinates": [ 140.3350613, 37.3940124 ] } },
{ "type": "Feature", "properties": { "内容": "結の里ケアーセンター【居宅介護支援】福島県郡山市八山田五丁目１７４", "url": "https://www.kaigokensaku.mhlw.go.jp/07/index.php?action_kouhyou_detail_004_kani=true&JigyosyoCd=0770303659-00&ServiceCd=430&Type=search", "url2": null }, "geometry": { "type": "Point", "coordinates": [ 140.379117299999962, 37.427446 ] } },
{ "type": "Feature", "properties": { "内容": "居宅介護支援事業所　家楽【居宅介護支援】福島県郡山市八山田西4丁目150", "url": "https://www.kaigokensaku.mhlw.go.jp/07/index.php?action_kouhyou_detail_004_kani=true&JigyosyoCd=0770305209-00&ServiceCd=430&Type=search", "url2": "http://life-agent-japan.com" }, "geometry": { "type": "Point", "coordinates": [ 140.367997294802876, 37.428896100710162 ] } },
{ "type": "Feature", "properties": { "内容": "けあプランみちひらき【居宅介護支援】並木五丁目5番地44", "url": "https://www.kaigokensaku.mhlw.go.jp/07/index.php?action_kouhyou_detail_004_kani=true&JigyosyoCd=0770306116-00&ServiceCd=430&Type=search", "url2": null }, "geometry": { "type": "Point", "coordinates": [ 140.359460205585037, 37.412223378674142 ] } },
{ "type": "Feature", "properties": { "内容": "居宅介護支援事業所はすのみ【居宅介護支援】福島県郡山市朝日一丁目１４番３号アライビル２０５号", "url": "https://www.kaigokensaku.mhlw.go.jp/07/index.php?action_kouhyou_detail_004_kani=true&JigyosyoCd=0770304855-00&ServiceCd=430&Type=search", "url2": null }, "geometry": { "type": "Point", "coordinates": [ 140.361402493705953, 37.39982626450481 ] } },
{ "type": "Feature", "properties": { "内容": "みなさまの介護相談室【居宅介護支援】福島県郡山市富田町字音路８－６", "url": "https://www.kaigokensaku.mhlw.go.jp/07/index.php?action_kouhyou_detail_004_kani=true&JigyosyoCd=0770303675-00&ServiceCd=430&Type=search", "url2": "minasama@river.ocn.ne.jp" }, "geometry": { "type": "Point", "coordinates": [ 140.362352439656092, 37.423636915451326 ] } },
{ "type": "Feature", "properties": { "内容": "居宅介護支援センター絆結【居宅介護支援】静町38-10", "url": "https://www.kaigokensaku.mhlw.go.jp/07/index.php?action_kouhyou_detail_004_kani=true&JigyosyoCd=0770306330-00&ServiceCd=430&Type=search", "url2": "https://kiyu-koriyama.wixsite.com/cs-kizuna" }, "geometry": { "type": "Point", "coordinates": [ 140.3351437, 37.3860879 ] } },
{ "type": "Feature", "properties": { "内容": "おおつき介護保険センター【居宅介護支援】福島県郡山市大槻町字西勝ノ木5番地の１", "url": "https://www.kaigokensaku.mhlw.go.jp/07/index.php?action_kouhyou_detail_004_kani=true&JigyosyoCd=0770300366-00&ServiceCd=430&Type=search", "url2": "http://www.kuwano-fukushikai.jp/" }, "geometry": { "type": "Point", "coordinates": [ 140.306289399999969, 37.3934809 ] } },
{ "type": "Feature", "properties": { "内容": "居宅介護支援事業所あんず【居宅介護支援】福島県郡山市田村町上行合字西川原4-19ｼｪﾙｼｭB-203", "url": "https://www.kaigokensaku.mhlw.go.jp/07/index.php?action_kouhyou_detail_004_kani=true&JigyosyoCd=0770304301-00&ServiceCd=430&Type=search", "url2": null }, "geometry": { "type": "Point", "coordinates": [ 140.39627467920684, 37.367953614459289 ] } },
{ "type": "Feature", "properties": { "内容": "ここいろ暮らしサポート【居宅介護支援】福島県郡山市巳六段173", "url": "https://www.kaigokensaku.mhlw.go.jp/07/index.php?action_kouhyou_detail_004_kani=true&JigyosyoCd=0770306314-00&ServiceCd=430&Type=search", "url2": null }, "geometry": { "type": "Point", "coordinates": [ 140.3531185, 37.3729984 ] } },
{ "type": "Feature", "properties": { "内容": "居宅介護支援事業所親孝行【居宅介護支援】福島県郡山市大槻町字原田北34-21", "url": "https://www.kaigokensaku.mhlw.go.jp/07/index.php?action_kouhyou_detail_004_kani=true&JigyosyoCd=0770303964-00&ServiceCd=430&Type=search", "url2": "http://hp.kaipoke.biz/w8z/" }, "geometry": { "type": "Point", "coordinates": [ 140.339535389549923, 37.380722692825238 ] } },
{ "type": "Feature", "properties": { "内容": "すまいるケア居宅介護支援事業所【居宅介護支援】福島県郡山市中野二丁目161", "url": "https://www.kaigokensaku.mhlw.go.jp/07/index.php?action_kouhyou_detail_004_kani=true&JigyosyoCd=0770305191-00&ServiceCd=430&Type=search", "url2": "https://www.gurutto-koriyama.com/detail/516/index.html" }, "geometry": { "type": "Point", "coordinates": [ 140.329726, 37.3891711 ] } },
{ "type": "Feature", "properties": { "内容": "指定居宅介護支援事業所　そら【居宅介護支援】福島県郡山市久留米六丁目７６　大山ビル１号", "url": "https://www.kaigokensaku.mhlw.go.jp/07/index.php?action_kouhyou_detail_004_kani=true&JigyosyoCd=0770304319-00&ServiceCd=430&Type=search", "url2": "kyotakusora@yahoo.co.jp" }, "geometry": { "type": "Point", "coordinates": [ 140.345824205627309, 37.378539865362093 ] } },
{ "type": "Feature", "properties": { "内容": "エイワンケア株式会社【居宅介護支援】福島県郡山市安積町日出山三丁目195", "url": "https://www.kaigokensaku.mhlw.go.jp/07/index.php?action_kouhyou_detail_004_kani=true&JigyosyoCd=0770306207-00&ServiceCd=430&Type=search", "url2": "caremane@a-onecare.co.jp" }, "geometry": { "type": "Point", "coordinates": [ 140.379097100000024, 37.3683691 ] } },
{ "type": "Feature", "properties": { "内容": "星総合病院在宅介護支援センター【居宅介護支援】福島県郡山大町2丁目3-26", "url": "https://www.kaigokensaku.mhlw.go.jp/07/index.php?action_kouhyou_detail_004_kani=true&JigyosyoCd=0770300150-00&ServiceCd=430&Type=search", "url2": "http://www.hoshipitai.jp" }, "geometry": { "type": "Point", "coordinates": [ 140.402026606529262, 37.398219011036147 ] } },
{ "type": "Feature", "properties": { "内容": "ケアプラン銀のつばさ【居宅介護支援】菜根4-17-11（株）アイビーホーム", "url": "https://www.kaigokensaku.mhlw.go.jp/07/index.php?action_kouhyou_detail_004_kani=true&JigyosyoCd=0770306389-00&ServiceCd=430&Type=search", "url2": null }, "geometry": { "type": "Point", "coordinates": [ 140.364444371163898, 37.381502188876446 ] } },
{ "type": "Feature", "properties": { "内容": "郡山市医療介護病院　居宅介護支援事業所【居宅介護支援】福島県郡山市字上亀田１番地の１", "url": "https://www.kaigokensaku.mhlw.go.jp/07/index.php?action_kouhyou_detail_004_kani=true&JigyosyoCd=0770304061-00&ServiceCd=430&Type=search", "url2": "ｈｔｔｐ：//ｂｉｇｈｅａｒｔ-ｈｐ.ｎｅｔ/" }, "geometry": { "type": "Point", "coordinates": [ 140.345640300000014, 37.408575 ] } },
{ "type": "Feature", "properties": { "内容": "居宅介護支援事業所はあとふるケア【居宅介護支援】福島県郡山市富田町字若木下35-2瀬谷ビル202号", "url": "https://www.kaigokensaku.mhlw.go.jp/07/index.php?action_kouhyou_detail_004_kani=true&JigyosyoCd=0770305456-00&ServiceCd=430&Type=search", "url2": null }, "geometry": { "type": "Point", "coordinates": [ 140.351502498433462, 37.416560525675266 ] } },
{ "type": "Feature", "properties": { "内容": "ケアプラン　結【居宅介護支援】福島県郡山市亀田西67番地", "url": "https://www.kaigokensaku.mhlw.go.jp/07/index.php?action_kouhyou_detail_004_kani=true&JigyosyoCd=0770306108-00&ServiceCd=430&Type=search", "url2": "https://gc-bridge.jp" }, "geometry": { "type": "Point", "coordinates": [ 140.342588799999987, 37.4051748 ] } },
{ "type": "Feature", "properties": { "内容": "むつき居宅介護支援事業所【居宅介護支援】福島県郡山市桜木一丁目１－９", "url": "https://www.kaigokensaku.mhlw.go.jp/07/index.php?action_kouhyou_detail_004_kani=true&JigyosyoCd=0770302354-00&ServiceCd=430&Type=search", "url2": "https://mutsukikai.com/" }, "geometry": { "type": "Point", "coordinates": [ 140.374243, 37.407684 ] } },
{ "type": "Feature", "properties": { "内容": "たるかわ居宅介護支援事業所【居宅介護支援】福島県郡山市御前南一丁目13番地", "url": "https://www.kaigokensaku.mhlw.go.jp/07/index.php?action_kouhyou_detail_004_kani=true&JigyosyoCd=0770300192-00&ServiceCd=430&Type=search", "url2": null }, "geometry": { "type": "Point", "coordinates": [ 140.334361800000011, 37.3858744 ] } },
{ "type": "Feature", "properties": { "内容": "L-CUB介護支援センター八山田【居宅介護支援】福島県郡山市八山田三丁目8番の2", "url": "https://www.kaigokensaku.mhlw.go.jp/07/index.php?action_kouhyou_detail_004_kani=true&JigyosyoCd=0770302537-00&ServiceCd=430&Type=search", "url2": "http://www.nji.co.jp" }, "geometry": { "type": "Point", "coordinates": [ 140.374975899999953, 37.4299623 ] } },
{ "type": "Feature", "properties": { "内容": "太田綜合病院介護保険事業所【居宅介護支援】福島県郡山市西ノ内二丁目5番20号", "url": "https://www.kaigokensaku.mhlw.go.jp/07/index.php?action_kouhyou_detail_004_kani=true&JigyosyoCd=0770303279-00&ServiceCd=430&Type=search", "url2": "http://www.ohta-hp.or.jp/nursing_care/insurance_office" }, "geometry": { "type": "Point", "coordinates": [ 140.366044099999954, 37.4065674 ] } },
{ "type": "Feature", "properties": { "内容": "太田指定居宅介護支援事業所【居宅介護支援】福島県郡山市熱海町玉川字阿曽沢11番地1", "url": "https://www.kaigokensaku.mhlw.go.jp/07/index.php?action_kouhyou_detail_004_kani=true&JigyosyoCd=0770300200-00&ServiceCd=430&Type=search", "url2": "http://www.ohta-fukushi.or.jp" }, "geometry": { "type": "Point", "coordinates": [ 140.286301165235955, 37.482483019987107 ] } },
{ "type": "Feature", "properties": { "内容": "ハーモニーみどりヶ丘指定居宅介護支援事業所【居宅介護支援】福島県郡山市緑ヶ丘東六丁目26番地2", "url": "https://www.kaigokensaku.mhlw.go.jp/07/index.php?action_kouhyou_detail_004_kani=true&JigyosyoCd=0770302875-00&ServiceCd=430&Type=search", "url2": "https://sin-ai.com" }, "geometry": { "type": "Point", "coordinates": [ 140.439183665606691, 37.384877480239751 ] } },
{ "type": "Feature", "properties": { "内容": "医療生協桑野介護保険センター【居宅介護支援】福島県郡山市島二丁目９番１８号", "url": "https://www.kaigokensaku.mhlw.go.jp/07/index.php?action_kouhyou_detail_004_kani=true&JigyosyoCd=0770300259-00&ServiceCd=430&Type=search", "url2": null }, "geometry": { "type": "Point", "coordinates": [ 140.346454499999936, 37.3965735 ] } },
{ "type": "Feature", "properties": { "内容": "ケアセンターきらきら【居宅介護支援】福島県郡山市安積町日出山３丁目２６７", "url": "https://www.kaigokensaku.mhlw.go.jp/07/index.php?action_kouhyou_detail_004_kani=true&JigyosyoCd=0770302495-00&ServiceCd=430&Type=search", "url2": null }, "geometry": { "type": "Point", "coordinates": [ 140.377866499999982, 37.3665801 ] } },
{ "type": "Feature", "properties": { "内容": "南東北日和田居宅介護支援センター【居宅介護支援】福島県郡山市日和田町梅沢字丹波山3番地２", "url": "https://www.kaigokensaku.mhlw.go.jp/07/index.php?action_kouhyou_detail_004_kani=true&JigyosyoCd=0770303337-00&ServiceCd=430&Type=search", "url2": "http://www.kaig-hiwada.com" }, "geometry": { "type": "Point", "coordinates": [ 140.414329899999984, 37.4575858 ] } },
{ "type": "Feature", "properties": { "内容": "南東北日和田居宅介護支援事業所【居宅介護支援】福島県郡山市日和田町梅沢字丹波山３番地２", "url": "https://www.kaigokensaku.mhlw.go.jp/07/index.php?action_kouhyou_detail_004_kani=true&JigyosyoCd=0770300127-00&ServiceCd=430&Type=search", "url2": "http://www.minamitohoku.or.jp/st-welfare/st-welfare.htm" }, "geometry": { "type": "Point", "coordinates": [ 140.414329899999984, 37.4575858 ] } },
{ "type": "Feature", "properties": { "内容": "さかえ居宅介護支援事業所【居宅介護支援】福島県郡山市横塚二丁目18-8", "url": "https://www.kaigokensaku.mhlw.go.jp/07/index.php?action_kouhyou_detail_004_kani=true&JigyosyoCd=0770302156-00&ServiceCd=430&Type=search", "url2": "http://www.sakaenaika.jp" }, "geometry": { "type": "Point", "coordinates": [ 140.400680942327881, 37.397454732024094 ] } },
{ "type": "Feature", "properties": { "内容": "あいいろ介護相談室【居宅介護支援】字亀田西63番地ぱるるビル２階A号室", "url": "https://www.kaigokensaku.mhlw.go.jp/07/index.php?action_kouhyou_detail_004_kani=true&JigyosyoCd=0770305738-00&ServiceCd=430&Type=search", "url2": null }, "geometry": { "type": "Point", "coordinates": [ 140.3475501, 37.4173733 ] } },
{ "type": "Feature", "properties": { "内容": "南東北居宅介護支援事業所【居宅介護支援】福島県郡山市八山田七丁目149南東北在宅総合ケアセンター内", "url": "https://www.kaigokensaku.mhlw.go.jp/07/index.php?action_kouhyou_detail_004_kani=true&JigyosyoCd=0770300101-00&ServiceCd=430&Type=search", "url2": null }, "geometry": { "type": "Point", "coordinates": [ 140.382600499999967, 37.4223105 ] } },
{ "type": "Feature", "properties": { "内容": "介護センターお花畑【居宅介護支援】福島県郡山市熱海町熱海2‐56", "url": "https://www.kaigokensaku.mhlw.go.jp/07/index.php?action_kouhyou_detail_004_kani=true&JigyosyoCd=0770301869-00&ServiceCd=430&Type=search", "url2": "https://ohana-batake.net/" }, "geometry": { "type": "Point", "coordinates": [ 140.273155324601873, 37.481655222712305 ] } },
{ "type": "Feature", "properties": { "内容": "居宅介護支援事業所　ゴールドメディア【居宅介護支援】福島県郡山市八山田七丁目１３６", "url": "https://www.kaigokensaku.mhlw.go.jp/07/index.php?action_kouhyou_detail_004_kani=true&JigyosyoCd=0770300119-00&ServiceCd=430&Type=search", "url2": "https://www.minamitohoku.or.jp/goldmedia/" }, "geometry": { "type": "Point", "coordinates": [ 140.3837476, 37.4216411 ] } },
{ "type": "Feature", "properties": { "内容": "針生ケ丘病院居宅介護支援事業所【居宅介護支援】福島県郡山市大槻町字天正坦11　針生ケ丘病院内", "url": "https://www.kaigokensaku.mhlw.go.jp/07/index.php?action_kouhyou_detail_004_kani=true&JigyosyoCd=0770300281-00&ServiceCd=430&Type=search", "url2": "http://www.k-washinkai.or.jp" }, "geometry": { "type": "Point", "coordinates": [ 140.348785200000066, 37.386722 ] } },
{ "type": "Feature", "properties": { "内容": "うねめの里介護保険センター【居宅介護支援】福島県郡山市片平町字妙見舘１番地２", "url": "https://www.kaigokensaku.mhlw.go.jp/07/index.php?action_kouhyou_detail_004_kani=true&JigyosyoCd=0770302693-00&ServiceCd=430&Type=search", "url2": "http://koriyama-fukushikai/jp/" }, "geometry": { "type": "Point", "coordinates": [ 140.317506, 37.4345773 ] } },
{ "type": "Feature", "properties": { "内容": "丸光産業株式会社　丸光ケアサービス　田村支店【居宅介護支援】福島県郡山市田村町下行合字宮田130-85", "url": "https://www.kaigokensaku.mhlw.go.jp/07/index.php?action_kouhyou_detail_004_kani=true&JigyosyoCd=0770304558-00&ServiceCd=430&Type=search", "url2": "ｈｔｔｐ：／／ｍａｒｕｍｉｔｓｕ－ｃａｒｅ．ｊｐ" }, "geometry": { "type": "Point", "coordinates": [ 140.410291799999982, 37.3707303 ] } },
{ "type": "Feature", "properties": { "内容": "SOMPOケア　郡山　居宅介護支援【居宅介護支援】名倉290-1", "url": "https://www.kaigokensaku.mhlw.go.jp/07/index.php?action_kouhyou_detail_004_kani=true&JigyosyoCd=0770305514-00&ServiceCd=430&Type=search", "url2": "https://www.sompocare.com/" }, "geometry": { "type": "Point", "coordinates": [ 140.368361735581971, 37.373933245442409 ] } },
{ "type": "Feature", "properties": { "内容": "ウェル居宅介護支援事業所【居宅介護支援】福島県郡山市安積町笹川字経坦45", "url": "https://www.kaigokensaku.mhlw.go.jp/07/index.php?action_kouhyou_detail_004_kani=true&JigyosyoCd=0770300234-00&ServiceCd=430&Type=search", "url2": "http://www.asaka.or.jp" }, "geometry": { "type": "Point", "coordinates": [ 140.363690463893136, 37.347948049204831 ] } },
{ "type": "Feature", "properties": { "内容": "丸光ケアサービス　郡山中央【居宅介護支援】郡山市桑野4丁目6-6", "url": "https://www.kaigokensaku.mhlw.go.jp/07/index.php?action_kouhyou_detail_004_kani=true&JigyosyoCd=0770301422-00&ServiceCd=430&Type=search", "url2": "motomachi.marumitsu@fukushima.email.ne.jp" }, "geometry": { "type": "Point", "coordinates": [ 140.353686865606733, 37.4085725 ] } },
{ "type": "Feature", "properties": { "内容": "むつき島居宅介護支援事業所【居宅介護支援】島2-7-8　3階", "url": "https://www.kaigokensaku.mhlw.go.jp/07/index.php?action_kouhyou_detail_004_kani=true&JigyosyoCd=0770306264-00&ServiceCd=430&Type=search", "url2": "http://mutsukikai.com" }, "geometry": { "type": "Point", "coordinates": [ 140.347695838867992, 37.397135924244303 ] } },
{ "type": "Feature", "properties": { "内容": "寿泉堂香久山居宅介護支援事業所【居宅介護支援】福島県郡山市香久池１丁目18番11号", "url": "https://www.kaigokensaku.mhlw.go.jp/07/index.php?action_kouhyou_detail_004_kani=true&JigyosyoCd=0770300077-00&ServiceCd=430&Type=search", "url2": "https://www.jusendo.or.jp" }, "geometry": { "type": "Point", "coordinates": [ 140.369927800000028, 37.3814535 ] } },
{ "type": "Feature", "properties": { "内容": "社会福祉法人　愛星福祉会　星ヶ丘在宅介護支援センター【居宅介護支援】福島県郡山市片平町字妙見舘１番１", "url": "https://www.kaigokensaku.mhlw.go.jp/07/index.php?action_kouhyou_detail_004_kani=true&JigyosyoCd=0770300143-00&ServiceCd=430&Type=search", "url2": "http://www.isei.or.jp" }, "geometry": { "type": "Point", "coordinates": [ 140.318458599999985, 37.4355939 ] } },
{ "type": "Feature", "properties": { "内容": "田村居宅介護支援事業所【居宅介護支援】福島県郡山市田村町岩作字穂多礼216番1号", "url": "https://www.kaigokensaku.mhlw.go.jp/07/index.php?action_kouhyou_detail_004_kani=true&JigyosyoCd=0770300184-00&ServiceCd=430&Type=search", "url2": "https://jihankai.jp/tamura-o/" }, "geometry": { "type": "Point", "coordinates": [ 140.415437699999984, 37.3222386 ] } },
{ "type": "Feature", "properties": { "内容": "ニチイケアセンターさくた【居宅介護支援】福島県郡山市咲田２丁目９番８号ニチイケアセンターさくた", "url": "https://www.kaigokensaku.mhlw.go.jp/07/index.php?action_kouhyou_detail_004_kani=true&JigyosyoCd=0770301331-00&ServiceCd=430&Type=search", "url2": "http:www/nichiigakkan.co.jp" }, "geometry": { "type": "Point", "coordinates": [ 140.378001499999982, 37.4030098 ] } },
{ "type": "Feature", "properties": { "内容": "医療法人健脳会　居宅介護支援センター健脳【居宅介護支援】福島県郡山市富久山町久保田字伊賀河原16番地", "url": "https://www.kaigokensaku.mhlw.go.jp/07/index.php?action_kouhyou_detail_004_kani=true&JigyosyoCd=0770301497-00&ServiceCd=430&Type=search", "url2": "https://www.kennoukai.com/" }, "geometry": { "type": "Point", "coordinates": [ 140.373659049629168, 37.414508632732677 ] } },
{ "type": "Feature", "properties": { "内容": "スプリングガーデンあさか指定居宅介護支援事業所【居宅介護支援】福島県郡山市安積町笹川字目光池西10－1", "url": "https://www.kaigokensaku.mhlw.go.jp/07/index.php?action_kouhyou_detail_004_kani=true&JigyosyoCd=0770300085-00&ServiceCd=430&Type=search", "url2": "http://www.jusendo.or.jp" }, "geometry": { "type": "Point", "coordinates": [ 140.361721799999941, 37.3498872 ] } },
{ "type": "Feature", "properties": { "内容": "社会福祉法人郡山市社会福祉協議会指定居宅介護支援事業所【居宅介護支援】福島県郡山市朝日一丁目29番9号郡山市総合福祉センター1F", "url": "https://www.kaigokensaku.mhlw.go.jp/07/index.php?action_kouhyou_detail_004_kani=true&JigyosyoCd=0770300307-00&ServiceCd=430&Type=search", "url2": "http://www.koriyama-shakyo.jp/" }, "geometry": { "type": "Point", "coordinates": [ 140.358767100000023, 37.4012344 ] } },
{ "type": "Feature", "properties": { "内容": "南東北八山田居宅介護支援事業所【居宅介護支援】福島県郡山市富久山町八山田字土布池55-1", "url": "https://www.kaigokensaku.mhlw.go.jp/07/index.php?action_kouhyou_detail_004_kani=true&JigyosyoCd=0770304756-00&ServiceCd=430&Type=search", "url2": "http://www.fukushi-yatsuyamada.com/" }, "geometry": { "type": "Point", "coordinates": [ 140.384476478434721, 37.425886893623513 ] } },
{ "type": "Feature", "properties": { "内容": "南東北富田・喜久田居宅介護支援事業所【居宅介護支援】富田町坦ノ腰58番地1第２ヨコヤマビル105号", "url": "https://www.kaigokensaku.mhlw.go.jp/07/index.php?action_kouhyou_detail_004_kani=true&JigyosyoCd=0770306041-00&ServiceCd=430&Type=search", "url2": null }, "geometry": { "type": "Point", "coordinates": [ 140.3472626399506, 37.424801595269145 ] } },
{ "type": "Feature", "properties": { "内容": "あゆみ居宅介護支援事業所【居宅介護支援】福島県郡山市大槻町字字上篠林4-3コスモビレッジⅡ203号", "url": "https://www.kaigokensaku.mhlw.go.jp/07/index.php?action_kouhyou_detail_004_kani=true&JigyosyoCd=0770306256-00&ServiceCd=430&Type=search", "url2": null }, "geometry": { "type": "Point", "coordinates": [ 140.335987600000038, 37.4013243 ] } },
{ "type": "Feature", "properties": { "内容": "今泉居宅介護支援事業所【居宅介護支援】福島県郡山市静西１丁目２８８", "url": "https://www.kaigokensaku.mhlw.go.jp/07/index.php?action_kouhyou_detail_004_kani=true&JigyosyoCd=0770302198-00&ServiceCd=430&Type=search", "url2": "https://imaizumikaigo.jp/" }, "geometry": { "type": "Point", "coordinates": [ 140.328182081678193, 37.387316712289326 ] } },
{ "type": "Feature", "properties": { "内容": "JA福島さくら　郡山居宅介護支援事業所【居宅介護支援】福島県郡山市八山田西五丁目123番地", "url": "https://www.kaigokensaku.mhlw.go.jp/07/index.php?action_kouhyou_detail_004_kani=true&JigyosyoCd=0770305100-00&ServiceCd=430&Type=search", "url2": "http://www.ja-fsakura.or.jp/" }, "geometry": { "type": "Point", "coordinates": [ 140.368637481017316, 37.426492923159465 ] } },
{ "type": "Feature", "properties": { "内容": "居宅介護支援事業所　みらい【居宅介護支援】福島県郡山市喜久田町卸1丁目117番地１ミヤビル", "url": "https://www.kaigokensaku.mhlw.go.jp/07/index.php?action_kouhyou_detail_004_kani=true&JigyosyoCd=0770303048-00&ServiceCd=430&Type=search", "url2": null }, "geometry": { "type": "Point", "coordinates": [ 140.341346611789675, 37.44102292810841 ] } },
{ "type": "Feature", "properties": { "内容": "リッタープラン【居宅介護支援】福島県郡山市安積町荒井字北大部５番地の２スカイコート４０６", "url": "https://www.kaigokensaku.mhlw.go.jp/07/index.php?action_kouhyou_detail_004_kani=true&JigyosyoCd=0770306355-00&ServiceCd=430&Type=search", "url2": "https://ritter-plan.com" }, "geometry": { "type": "Point", "coordinates": [ 140.356387899999987, 37.3722261 ] } },
{ "type": "Feature", "properties": { "内容": "源気堂ホームケア居宅介護支援センター【居宅介護支援】福島県郡山市田村町徳定字向高畑79-1", "url": "https://www.kaigokensaku.mhlw.go.jp/07/index.php?action_kouhyou_detail_004_kani=true&JigyosyoCd=0770300093-00&ServiceCd=430&Type=search", "url2": "https://genkido.jimdosite.com/" }, "geometry": { "type": "Point", "coordinates": [ 140.380271803318806, 37.356389198168472 ] } },
{ "type": "Feature", "properties": { "内容": "光の森居宅介護支援事業所【居宅介護支援】福島県郡山市横川町字遠後５０－１", "url": "https://www.kaigokensaku.mhlw.go.jp/07/index.php?action_kouhyou_detail_004_kani=true&JigyosyoCd=0770300135-00&ServiceCd=430&Type=search", "url2": "http://hikarinoーｍｏｒｉ．ｊｐ／" }, "geometry": { "type": "Point", "coordinates": [ 140.415273699999943, 37.3913759 ] } },
{ "type": "Feature", "properties": { "内容": "健康倶楽部郡山　居宅介護支援事業所【居宅介護支援】福島県郡山市東原一丁目33番地", "url": "https://www.kaigokensaku.mhlw.go.jp/07/index.php?action_kouhyou_detail_004_kani=true&JigyosyoCd=0770302230-00&ServiceCd=430&Type=search", "url2": "http://www.heiseikai-group.com/" }, "geometry": { "type": "Point", "coordinates": [ 140.355058346154891, 37.428247116240449 ] } },
{ "type": "Feature", "properties": { "内容": "やすらぎ居宅介護支援事業所【居宅介護支援】福島県郡山市並木二丁目１２番地７", "url": "https://www.kaigokensaku.mhlw.go.jp/07/index.php?action_kouhyou_detail_004_kani=true&JigyosyoCd=0770300315-00&ServiceCd=430&Type=search", "url2": "http://www.yasuragi-web.com/page006.html" }, "geometry": { "type": "Point", "coordinates": [ 140.364657426983626, 37.41311467422247 ] } },
{ "type": "Feature", "properties": { "内容": "ケアプランすみれ【居宅介護支援】郡山市富田町字舘南４２番３カーサ・フェリシアD号室", "url": "https://www.kaigokensaku.mhlw.go.jp/07/index.php?action_kouhyou_detail_004_kani=true&JigyosyoCd=0770306348-00&ServiceCd=430&Type=search", "url2": null }, "geometry": { "type": "Point", "coordinates": [ 140.3414115, 37.4134188 ] } },
{ "type": "Feature", "properties": { "内容": "ツクイ郡山桑野(居宅)【居宅介護支援】福島県郡山市桑野５丁目７－１７", "url": "https://www.kaigokensaku.mhlw.go.jp/07/index.php?action_kouhyou_detail_004_kani=true&JigyosyoCd=0770305977-00&ServiceCd=430&Type=search", "url2": "https://corp.tsukui.net/" }, "geometry": { "type": "Point", "coordinates": [ 140.35399, 37.4106959 ] } },
{ "type": "Feature", "properties": { "内容": "にじのかけはし地域居宅介護支援事業所【居宅介護支援】福島県郡山市湖南町福良字家老９３８１－１", "url": "https://www.kaigokensaku.mhlw.go.jp/07/index.php?action_kouhyou_detail_004_kani=true&JigyosyoCd=0770303642-00&ServiceCd=430&Type=search", "url2": null }, "geometry": { "type": "Point", "coordinates": [ 140.0902853, 37.3886206 ] } },
{ "type": "Feature", "properties": { "内容": "よつば　介護保険センター【居宅介護支援】福島県郡山市安積二丁目９１番地マニハイムATY101", "url": "https://www.kaigokensaku.mhlw.go.jp/07/index.php?action_kouhyou_detail_004_kani=true&JigyosyoCd=0770305266-00&ServiceCd=430&Type=search", "url2": "https://www.yotubakaigo.com" }, "geometry": { "type": "Point", "coordinates": [ 140.365323600000011, 37.3604112 ] } },
{ "type": "Feature", "properties": { "内容": "ケアプランぴあ【居宅介護支援】柏山町18", "url": "https://www.kaigokensaku.mhlw.go.jp/07/index.php?action_kouhyou_detail_004_kani=true&JigyosyoCd=0770306033-00&ServiceCd=430&Type=search", "url2": null }, "geometry": { "type": "Point", "coordinates": [ 140.340652153093487, 37.401446266744003 ] } },
{ "type": "Feature", "properties": { "内容": "ケアプランほのぼの【居宅介護支援】福島県郡山市鳴神三丁目67番地", "url": "https://www.kaigokensaku.mhlw.go.jp/07/index.php?action_kouhyou_detail_004_kani=true&JigyosyoCd=0770303634-00&ServiceCd=430&Type=search", "url2": "http://www.hifumi2011.com" }, "geometry": { "type": "Point", "coordinates": [ 140.334130095770206, 37.395610779108956 ] } },
{ "type": "Feature", "properties": { "内容": "職人館居宅介護支援事業所【居宅介護支援】常磐関船町堀田6番地", "url": "https://www.kaigokensaku.mhlw.go.jp/07/index.php?action_kouhyou_detail_004_kani=true&JigyosyoCd=0770409183-00&ServiceCd=430&Type=search", "url2": null }, "geometry": { "type": "Point", "coordinates": [ 140.854229, 36.9952346 ] } },
{ "type": "Feature", "properties": { "内容": "医療法人あさうら会須田医院居宅介護支援事業所【居宅介護支援】福島県いわき市小島町一丁目5番地の２", "url": "https://www.kaigokensaku.mhlw.go.jp/07/index.php?action_kouhyou_detail_004_kani=true&JigyosyoCd=0770405108-00&ServiceCd=430&Type=search", "url2": "http://www.iwaki.or.jp/~suda/" }, "geometry": { "type": "Point", "coordinates": [ 140.881690599999956, 37.0504304 ] } },
{ "type": "Feature", "properties": { "内容": "相談支援事業所　るあな【居宅介護支援】福島県いわき市小島町２丁目４-９", "url": "https://www.kaigokensaku.mhlw.go.jp/07/index.php?action_kouhyou_detail_004_kani=true&JigyosyoCd=0770409225-00&ServiceCd=430&Type=search", "url2": null }, "geometry": { "type": "Point", "coordinates": [ 140.883136900000011, 37.0492469 ] } },
{ "type": "Feature", "properties": { "内容": "株式会社　アイカワ【居宅介護支援】いわき市四倉町上仁井田字東山20", "url": "https://www.kaigokensaku.mhlw.go.jp/07/index.php?action_kouhyou_detail_004_kani=true&JigyosyoCd=0770401172-00&ServiceCd=430&Type=search", "url2": null }, "geometry": { "type": "Point", "coordinates": [ 140.983177, 37.0953498 ] } },
{ "type": "Feature", "properties": { "内容": "いわきソーシャルワーカーズ【居宅介護支援】福島県いわき市平字作町１－１－１プランドールKS１０２", "url": "https://www.kaigokensaku.mhlw.go.jp/07/index.php?action_kouhyou_detail_004_kani=true&JigyosyoCd=0770402832-00&ServiceCd=430&Type=search", "url2": null }, "geometry": { "type": "Point", "coordinates": [ 140.900891988037301, 37.052238618453195 ] } },
{ "type": "Feature", "properties": { "内容": "はなみずき居宅介護支援センター【居宅介護支援】福島県いわき市錦町糠塚6-21", "url": "https://www.kaigokensaku.mhlw.go.jp/07/index.php?action_kouhyou_detail_004_kani=true&JigyosyoCd=0770405488-00&ServiceCd=430&Type=search", "url2": null }, "geometry": { "type": "Point", "coordinates": [ 140.78463510000006, 36.9024771 ] } },
{ "type": "Feature", "properties": { "内容": "介護じゃんけんぽん居宅介護支援センター【居宅介護支援】福島県いわき市錦町江栗馬場85-2クリーンハイツB102", "url": "https://www.kaigokensaku.mhlw.go.jp/07/index.php?action_kouhyou_detail_004_kani=true&JigyosyoCd=0770403038-00&ServiceCd=430&Type=search", "url2": "https://www.kaigo-jkpn.jp" }, "geometry": { "type": "Point", "coordinates": [ 140.777936299999965, 36.910511 ] } },
{ "type": "Feature", "properties": { "内容": "居宅介護支援事業所よろこび【居宅介護支援】福島県いわき市金山町朝日台132番地", "url": "https://www.kaigokensaku.mhlw.go.jp/07/index.php?action_kouhyou_detail_004_kani=true&JigyosyoCd=0770403392-00&ServiceCd=430&Type=search", "url2": "http://yorokobi-iwaki.com/" }, "geometry": { "type": "Point", "coordinates": [ 140.8233136, 36.92890640000001 ] } },
{ "type": "Feature", "properties": { "内容": "㈲菅野写真商会　ケアプラン平相談室【居宅介護支援】平中神谷字六本榎17-1", "url": "https://www.kaigokensaku.mhlw.go.jp/07/index.php?action_kouhyou_detail_004_kani=true&JigyosyoCd=0770406098-00&ServiceCd=430&Type=search", "url2": "kanno.syasin@isis.ocn.ne.jp" }, "geometry": { "type": "Point", "coordinates": [ 140.92580410000005, 37.06291610000001 ] } },
{ "type": "Feature", "properties": { "内容": "ケアサービス　げんき【居宅介護支援】福島県いわき市郷ヶ丘３丁目２番地の１２", "url": "https://www.kaigokensaku.mhlw.go.jp/07/index.php?action_kouhyou_detail_004_kani=true&JigyosyoCd=0770402089-00&ServiceCd=430&Type=search", "url2": null }, "geometry": { "type": "Point", "coordinates": [ 140.910621, 37.0302953 ] } },
{ "type": "Feature", "properties": { "内容": "いわさき荘居宅介護支援事業所【居宅介護支援】福島県いわき市常磐上湯長谷町上ノ台８８－１", "url": "https://www.kaigokensaku.mhlw.go.jp/07/index.php?action_kouhyou_detail_004_kani=true&JigyosyoCd=0770400497-00&ServiceCd=430&Type=search", "url2": "http://iwasakisou.jp" }, "geometry": { "type": "Point", "coordinates": [ 140.8384886, 37.0035059 ] } },
{ "type": "Feature", "properties": { "内容": "居宅介護支援事業所こひやま【居宅介護支援】福島県いわき市植田町中央2丁目９－１０", "url": "https://www.kaigokensaku.mhlw.go.jp/07/index.php?action_kouhyou_detail_004_kani=true&JigyosyoCd=0770405942-00&ServiceCd=430&Type=search", "url2": "http://hp.kaipoke.biz/59y/index.html" }, "geometry": { "type": "Point", "coordinates": [ 140.799586, 36.9197676 ] } },
{ "type": "Feature", "properties": { "内容": "合同会社ケアサービスえがお【居宅介護支援】福島県いわき市好間町下好間字沼田134番３", "url": "https://www.kaigokensaku.mhlw.go.jp/07/index.php?action_kouhyou_detail_004_kani=true&JigyosyoCd=0770405991-00&ServiceCd=430&Type=search", "url2": null }, "geometry": { "type": "Point", "coordinates": [ 140.863572500000032, 37.059395 ] } },
{ "type": "Feature", "properties": { "内容": "幸寿苑【居宅介護支援】福島県いわき市平上平窪字原田１３番地の１", "url": "https://www.kaigokensaku.mhlw.go.jp/07/index.php?action_kouhyou_detail_004_kani=true&JigyosyoCd=0770400414-00&ServiceCd=430&Type=search", "url2": "http://www.kojuen.com" }, "geometry": { "type": "Point", "coordinates": [ 140.8738727, 37.1005847 ] } },
{ "type": "Feature", "properties": { "内容": "プラン工房ゆらぎ【居宅介護支援】福島県いわき市好間町愛谷字花輪15番地", "url": "https://www.kaigokensaku.mhlw.go.jp/07/index.php?action_kouhyou_detail_004_kani=true&JigyosyoCd=0770407252-00&ServiceCd=430&Type=search", "url2": null }, "geometry": { "type": "Point", "coordinates": [ 140.871791699999989, 37.0742414 ] } },
{ "type": "Feature", "properties": { "内容": "ワイズケアリー居宅介護支援事業所【居宅介護支援】福島県いわき市平字北白土西ノ内１７", "url": "https://www.kaigokensaku.mhlw.go.jp/07/index.php?action_kouhyou_detail_004_kani=true&JigyosyoCd=0770409456-00&ServiceCd=430&Type=search", "url2": null }, "geometry": { "type": "Point", "coordinates": [ 140.911671500000011, 37.0530031 ] } },
{ "type": "Feature", "properties": { "内容": "居宅介護支援事業所ボルゲン【居宅介護支援】福島県いわき市平字旧城跡12-80", "url": "https://www.kaigokensaku.mhlw.go.jp/07/index.php?action_kouhyou_detail_004_kani=true&JigyosyoCd=0770409522-00&ServiceCd=430&Type=search", "url2": null }, "geometry": { "type": "Point", "coordinates": [ 140.889837384552862, 37.06219124466076 ] } },
{ "type": "Feature", "properties": { "内容": "いわき自立生活センター【居宅介護支援】福島県いわき市中央台高久二丁目26－4", "url": "https://www.kaigokensaku.mhlw.go.jp/07/index.php?action_kouhyou_detail_004_kani=true&JigyosyoCd=0770401479-00&ServiceCd=430&Type=search", "url2": "https://www.cil-iwaki.or.jp/" }, "geometry": { "type": "Point", "coordinates": [ 140.928784899999982, 37.0099316 ] } },
{ "type": "Feature", "properties": { "内容": "久世原ケアプランサービス【居宅介護支援】福島県いわき市郷ヶ丘二丁目３０番地5－１", "url": "https://www.kaigokensaku.mhlw.go.jp/07/index.php?action_kouhyou_detail_004_kani=true&JigyosyoCd=0770402709-00&ServiceCd=430&Type=search", "url2": "http://kusehara-cps.com/k.c.plan/" }, "geometry": { "type": "Point", "coordinates": [ 140.906349868647823, 37.025782075921015 ] } },
{ "type": "Feature", "properties": { "内容": "居宅介護支援事業所　いわきケアクラブ【居宅介護支援】福島県いわき市常磐松が台174", "url": "https://www.kaigokensaku.mhlw.go.jp/07/index.php?action_kouhyou_detail_004_kani=true&JigyosyoCd=0770405116-00&ServiceCd=430&Type=search", "url2": "https://iwaki-careclub.com" }, "geometry": { "type": "Point", "coordinates": [ 140.842735450946037, 37.00454768604417 ] } },
{ "type": "Feature", "properties": { "内容": "ニチイケアセンター小名浜【居宅介護支援】福島県いわき市小名浜岡小名３丁目６番14", "url": "https://www.kaigokensaku.mhlw.go.jp/07/index.php?action_kouhyou_detail_004_kani=true&JigyosyoCd=0770405132-00&ServiceCd=430&Type=search", "url2": "http://www.nichiigakkan.co.jp" }, "geometry": { "type": "Point", "coordinates": [ 140.908615500000025, 36.9631954 ] } },
{ "type": "Feature", "properties": { "内容": "JA福島さくらいわき南福祉センター居宅介護支援事業所めだか【居宅介護支援】福島県いわき市後田町柳町52番地", "url": "https://www.kaigokensaku.mhlw.go.jp/07/index.php?action_kouhyou_detail_004_kani=true&JigyosyoCd=0770405579-00&ServiceCd=430&Type=search", "url2": "ip8217@fsakura.biz.ezweb.ne.jp" }, "geometry": { "type": "Point", "coordinates": [ 140.788872693809481, 36.922770442627495 ] } },
{ "type": "Feature", "properties": { "内容": "楽寿荘居宅介護支援事業所【居宅介護支援】福島県いわき市四倉町上仁井田字横川74-1", "url": "https://www.kaigokensaku.mhlw.go.jp/07/index.php?action_kouhyou_detail_004_kani=true&JigyosyoCd=0770400372-00&ServiceCd=430&Type=search", "url2": "http://www.rakujukai.com/" }, "geometry": { "type": "Point", "coordinates": [ 140.97879439999997, 37.0904809 ] } },
{ "type": "Feature", "properties": { "内容": "ハートフルなこそ居宅介護支援事業所【居宅介護支援】福島県いわき市植田町小名田13番1", "url": "https://www.kaigokensaku.mhlw.go.jp/07/index.php?action_kouhyou_detail_004_kani=true&JigyosyoCd=0770403574-00&ServiceCd=430&Type=search", "url2": "http://www.heartful-nakoso.or.jp/" }, "geometry": { "type": "Point", "coordinates": [ 140.794478, 36.9244004 ] } },
{ "type": "Feature", "properties": { "内容": "医療法人常磐会　ケアサポートつばさ【居宅介護支援】福島県いわき市常磐湯本町台山6", "url": "https://www.kaigokensaku.mhlw.go.jp/07/index.php?action_kouhyou_detail_004_kani=true&JigyosyoCd=0770405041-00&ServiceCd=430&Type=search", "url2": null }, "geometry": { "type": "Point", "coordinates": [ 140.849962, 37.0105136 ] } },
{ "type": "Feature", "properties": { "内容": "社会福祉法人　飛鳥　はなまる共和国居宅介護支援事業所【居宅介護支援】福島県いわき市平上荒川字林作２０７番５", "url": "https://www.kaigokensaku.mhlw.go.jp/07/index.php?action_kouhyou_detail_004_kani=true&JigyosyoCd=0770405686-00&ServiceCd=430&Type=search", "url2": "aasuka@sweet.ocn.ne.jp" }, "geometry": { "type": "Point", "coordinates": [ 140.8790854, 37.0242383 ] } },
{ "type": "Feature", "properties": { "内容": "つかさケアプランサービス【居宅介護支援】福島県いわき市泉町下川字神山前91番地の７", "url": "https://www.kaigokensaku.mhlw.go.jp/07/index.php?action_kouhyou_detail_004_kani=true&JigyosyoCd=0770403269-00&ServiceCd=430&Type=search", "url2": "tukasa-careplan@palette.plala.or.jp" }, "geometry": { "type": "Point", "coordinates": [ 140.862147535757686, 36.941323550375934 ] } },
{ "type": "Feature", "properties": { "内容": "有限会社　ケアーネット・どばし【居宅介護支援】福島県いわき市郷ケ丘２丁目１７番地の１０", "url": "https://www.kaigokensaku.mhlw.go.jp/07/index.php?action_kouhyou_detail_004_kani=true&JigyosyoCd=0770400190-00&ServiceCd=430&Type=search", "url2": "http://care-net.biz/07/k-dobashi" }, "geometry": { "type": "Point", "coordinates": [ 140.905491100000063, 37.0273706 ] } },
{ "type": "Feature", "properties": { "内容": "ケアプランふじ【居宅介護支援】福島県いわき市内郷高坂町四方木田１６６", "url": "https://www.kaigokensaku.mhlw.go.jp/07/index.php?action_kouhyou_detail_004_kani=true&JigyosyoCd=0770409233-00&ServiceCd=430&Type=search", "url2": "https://www.support-fuji.com/" }, "geometry": { "type": "Point", "coordinates": [ 140.8643702, 37.0435369 ] } },
{ "type": "Feature", "properties": { "内容": "ヘルパーステーション小川【居宅介護支援】福島県いわき市小川町福岡字飯森３７番地の１", "url": "https://www.kaigokensaku.mhlw.go.jp/07/index.php?action_kouhyou_detail_004_kani=true&JigyosyoCd=0770406981-00&ServiceCd=430&Type=search", "url2": "https://ogawa185.stars.ne.jp/" }, "geometry": { "type": "Point", "coordinates": [ 140.851386400000024, 37.1401387 ] } },
{ "type": "Feature", "properties": { "内容": "きづかいケアプラン【居宅介護支援】福島県いわき市小名浜下神白字三崎33", "url": "https://www.kaigokensaku.mhlw.go.jp/07/index.php?action_kouhyou_detail_004_kani=true&JigyosyoCd=0770408508-00&ServiceCd=430&Type=search", "url2": "Web　k-m-gigandea.com" }, "geometry": { "type": "Point", "coordinates": [ 140.922045602343843, 36.947192365263888 ] } },
{ "type": "Feature", "properties": { "内容": "ゆうかケアプラン事務所【居宅介護支援】常磐藤原町松本21", "url": "https://www.kaigokensaku.mhlw.go.jp/07/index.php?action_kouhyou_detail_004_kani=true&JigyosyoCd=0770407443-00&ServiceCd=430&Type=search", "url2": null }, "geometry": { "type": "Point", "coordinates": [ 140.822931240586968, 36.991615268695163 ] } },
{ "type": "Feature", "properties": { "内容": "福ケアプランサービス【居宅介護支援】福島県いわき市石森一丁目１７番地の１２", "url": "https://www.kaigokensaku.mhlw.go.jp/07/index.php?action_kouhyou_detail_004_kani=true&JigyosyoCd=0770405785-00&ServiceCd=430&Type=search", "url2": null }, "geometry": { "type": "Point", "coordinates": [ 140.900002099999966, 37.07693 ] } },
{ "type": "Feature", "properties": { "内容": "ケアプランゆい【居宅介護支援】いわき市小名浜諏訪町29番地の9", "url": "https://www.kaigokensaku.mhlw.go.jp/07/index.php?action_kouhyou_detail_004_kani=true&JigyosyoCd=0770406213-00&ServiceCd=430&Type=search", "url2": "http://cpyui.iinaa.net/" }, "geometry": { "type": "Point", "coordinates": [ 140.9089242, 36.9558212 ] } },
{ "type": "Feature", "properties": { "内容": "ケアプランセンターつきあかり【居宅介護支援】福島県いわき市佐糠町東１丁目3－11", "url": "https://www.kaigokensaku.mhlw.go.jp/07/index.php?action_kouhyou_detail_004_kani=true&JigyosyoCd=0770408904-00&ServiceCd=430&Type=search", "url2": null }, "geometry": { "type": "Point", "coordinates": [ 140.8065619, 36.9209245 ] } },
{ "type": "Feature", "properties": { "内容": "プアナナーラ【居宅介護支援】福島県いわき市常磐水野谷町竜ヶ沢128番地の2", "url": "https://www.kaigokensaku.mhlw.go.jp/07/index.php?action_kouhyou_detail_004_kani=true&JigyosyoCd=0770409746-00&ServiceCd=430&Type=search", "url2": null }, "geometry": { "type": "Point", "coordinates": [ 140.863045699999986, 37.0097117 ] } },
{ "type": "Feature", "properties": { "内容": "居宅介護支援事業所　そら【居宅介護支援】福島県いわき市平下神谷字出口17番地の１", "url": "https://www.kaigokensaku.mhlw.go.jp/07/index.php?action_kouhyou_detail_004_kani=true&JigyosyoCd=0770403897-00&ServiceCd=430&Type=search", "url2": "http:www.sora-kaigo.com/" }, "geometry": { "type": "Point", "coordinates": [ 140.953303300000016, 37.0728024 ] } },
{ "type": "Feature", "properties": { "内容": "森の樹のケアマネジメント【居宅介護支援】福島県いわき市内郷綴町高野作18番1", "url": "https://www.kaigokensaku.mhlw.go.jp/07/index.php?action_kouhyou_detail_004_kani=true&JigyosyoCd=0770407914-00&ServiceCd=430&Type=search", "url2": null }, "geometry": { "type": "Point", "coordinates": [ 140.867589673624991, 37.036845241162943 ] } },
{ "type": "Feature", "properties": { "内容": "合同会社ほほえみケアプランサービス【居宅介護支援】小名浜字玉川町南19-8", "url": "https://www.kaigokensaku.mhlw.go.jp/07/index.php?action_kouhyou_detail_004_kani=true&JigyosyoCd=0770408565-00&ServiceCd=430&Type=search", "url2": null }, "geometry": { "type": "Point", "coordinates": [ 140.883309881222658, 36.98368023896203 ] } },
{ "type": "Feature", "properties": { "内容": "悠々の里・居宅介護支援センター【居宅介護支援】福島県いわき市常磐上矢田町頭田４３番地", "url": "https://www.kaigokensaku.mhlw.go.jp/07/index.php?action_kouhyou_detail_004_kani=true&JigyosyoCd=0770401016-00&ServiceCd=430&Type=search", "url2": "iwaki-meiseikai.jp/shisetsu/kyotaku-shien.html" }, "geometry": { "type": "Point", "coordinates": [ 140.898888064653249, 37.021481807499903 ] } },
{ "type": "Feature", "properties": { "内容": "プランニング福ふく【居宅介護支援】福島県いわき市植田町根小屋４２番地", "url": "https://www.kaigokensaku.mhlw.go.jp/07/index.php?action_kouhyou_detail_004_kani=true&JigyosyoCd=0770406494-00&ServiceCd=430&Type=search", "url2": null }, "geometry": { "type": "Point", "coordinates": [ 140.786741902971698, 36.921337272529634 ] } },
{ "type": "Feature", "properties": { "内容": "居宅介護支援　介護プランこうの【居宅介護支援】福島県いわき市内郷御厩町二丁目74番地", "url": "https://www.kaigokensaku.mhlw.go.jp/07/index.php?action_kouhyou_detail_004_kani=true&JigyosyoCd=0770402808-00&ServiceCd=430&Type=search", "url2": null }, "geometry": { "type": "Point", "coordinates": [ 140.870561713136311, 37.048516885810578 ] } },
{ "type": "Feature", "properties": { "内容": "ツクイいわき小名浜【居宅介護支援】福島県いわき市小名浜大原字小屋35-1", "url": "https://www.kaigokensaku.mhlw.go.jp/07/index.php?action_kouhyou_detail_004_kani=true&JigyosyoCd=0770408987-00&ServiceCd=430&Type=search", "url2": "https://www.tsukui.net" }, "geometry": { "type": "Point", "coordinates": [ 140.891724900000014, 36.9649402 ] } },
{ "type": "Feature", "properties": { "内容": "居宅介護支援事業所どんぐり【居宅介護支援】南台一丁目36番地の5", "url": "https://www.kaigokensaku.mhlw.go.jp/07/index.php?action_kouhyou_detail_004_kani=true&JigyosyoCd=0770409829-00&ServiceCd=430&Type=search", "url2": null }, "geometry": { "type": "Point", "coordinates": [ 140.7426825, 36.932405 ] } },
{ "type": "Feature", "properties": { "内容": "マリーゴールド【居宅介護支援】福島県いわき市郷ヶ丘２丁目117-16", "url": "https://www.kaigokensaku.mhlw.go.jp/07/index.php?action_kouhyou_detail_004_kani=true&JigyosyoCd=0770409464-00&ServiceCd=430&Type=search", "url2": null }, "geometry": { "type": "Point", "coordinates": [ 140.910006155632459, 37.023474688270412 ] } },
{ "type": "Feature", "properties": { "内容": "居宅介護支援事業所希望【居宅介護支援】福島県いわき市自由ケ丘39-4ライトハウス自由ケ丘Ａ101", "url": "https://www.kaigokensaku.mhlw.go.jp/07/index.php?action_kouhyou_detail_004_kani=true&JigyosyoCd=0770407591-00&ServiceCd=430&Type=search", "url2": null }, "geometry": { "type": "Point", "coordinates": [ 140.894118099999986, 37.0269828 ] } },
{ "type": "Feature", "properties": { "内容": "介護サービスいわき有限会社【居宅介護支援】福島県いわき市平字南町７６番地", "url": "https://www.kaigokensaku.mhlw.go.jp/07/index.php?action_kouhyou_detail_004_kani=true&JigyosyoCd=0770400711-00&ServiceCd=430&Type=search", "url2": null }, "geometry": { "type": "Point", "coordinates": [ 140.890117499999974, 37.0545912 ] } },
{ "type": "Feature", "properties": { "内容": "あいりすケアセンター【居宅介護支援】福島県いわき市錦町江栗３丁目１０７番地", "url": "https://www.kaigokensaku.mhlw.go.jp/07/index.php?action_kouhyou_detail_004_kani=true&JigyosyoCd=0770407609-00&ServiceCd=430&Type=search", "url2": null }, "geometry": { "type": "Point", "coordinates": [ 140.774674600000026, 36.912337 ] } },
{ "type": "Feature", "properties": { "内容": "JA福島さくら　いわき福祉センター居宅介護支援事業所ほほえみ【居宅介護支援】福島県いわき市自由ケ丘39番地の2", "url": "https://www.kaigokensaku.mhlw.go.jp/07/index.php?action_kouhyou_detail_004_kani=true&JigyosyoCd=0770402675-00&ServiceCd=430&Type=search", "url2": "http://www.ja-fsakura.or.jp/" }, "geometry": { "type": "Point", "coordinates": [ 140.894883783231307, 37.027078646569365 ] } },
{ "type": "Feature", "properties": { "内容": "翠祥園居宅介介護支援センター【居宅介護支援】福島県いわき市久之浜町末続深谷33-1", "url": "https://www.kaigokensaku.mhlw.go.jp/07/index.php?action_kouhyou_detail_004_kani=true&JigyosyoCd=0770400166-00&ServiceCd=430&Type=search", "url2": "http://suisyoen.jp" }, "geometry": { "type": "Point", "coordinates": [ 140.999514699999963, 37.1667593 ] } },
{ "type": "Feature", "properties": { "内容": "佳勝園ケアプランサービス【居宅介護支援】福島県いわき市金山町月見台134－1", "url": "https://www.kaigokensaku.mhlw.go.jp/07/index.php?action_kouhyou_detail_004_kani=true&JigyosyoCd=0770404689-00&ServiceCd=430&Type=search", "url2": "http://www.kashouen.net/" }, "geometry": { "type": "Point", "coordinates": [ 140.831255, 36.9250155 ] } },
{ "type": "Feature", "properties": { "内容": "つなぐ手ケアマネセンター【居宅介護支援】福島県いわき市勿来町関田和久42-31F", "url": "https://www.kaigokensaku.mhlw.go.jp/07/index.php?action_kouhyou_detail_004_kani=true&JigyosyoCd=0770409779-00&ServiceCd=430&Type=search", "url2": "https://279279.net/tunagu" }, "geometry": { "type": "Point", "coordinates": [ 140.7886306, 36.88492020000001 ] } },
{ "type": "Feature", "properties": { "内容": "居宅介護支援事業所とよま【居宅介護支援】福島県いわき市平豊間柳町49番地", "url": "https://www.kaigokensaku.mhlw.go.jp/07/index.php?action_kouhyou_detail_004_kani=true&JigyosyoCd=0770408169-00&ServiceCd=430&Type=search", "url2": "https://kaigo-toyoma.com/" }, "geometry": { "type": "Point", "coordinates": [ 140.969013600000039, 36.9917437 ] } },
{ "type": "Feature", "properties": { "内容": "居宅介護支援事業所いちごいち笑【居宅介護支援】福島県いわき市平中神谷字南鳥沼27", "url": "https://www.kaigokensaku.mhlw.go.jp/07/index.php?action_kouhyou_detail_004_kani=true&JigyosyoCd=0770405405-00&ServiceCd=430&Type=search", "url2": "https://www.gurutto-iwaki.com/detail/2664/index.html" }, "geometry": { "type": "Point", "coordinates": [ 140.934619800000064, 37.063336 ] } },
{ "type": "Feature", "properties": { "内容": "安島内科クリニック居宅介護支援センター【居宅介護支援】福島県いわき市郷ヶ丘二丁目３３番地の１", "url": "https://www.kaigokensaku.mhlw.go.jp/07/index.php?action_kouhyou_detail_004_kani=true&JigyosyoCd=0770403798-00&ServiceCd=430&Type=search", "url2": "https://www.iwakiamg.jp" }, "geometry": { "type": "Point", "coordinates": [ 140.904023350926224, 37.02449677389135 ] } },
{ "type": "Feature", "properties": { "内容": "公益財団法人　磐城済世会　松村居宅介護支援事業所【居宅介護支援】福島県いわき市平字小太郎町1-1", "url": "https://www.kaigokensaku.mhlw.go.jp/07/index.php?action_kouhyou_detail_004_kani=true&JigyosyoCd=0770400471-00&ServiceCd=430&Type=search", "url2": "http://www.matsumura-ghp.or.jp/" }, "geometry": { "type": "Point", "coordinates": [ 140.89192, 37.052585468755545 ] } },
{ "type": "Feature", "properties": { "内容": "カーナケアプランサービス【居宅介護支援】福島県いわき市平赤井字深田28番地", "url": "https://www.kaigokensaku.mhlw.go.jp/07/index.php?action_kouhyou_detail_004_kani=true&JigyosyoCd=0770404655-00&ServiceCd=430&Type=search", "url2": null }, "geometry": { "type": "Point", "coordinates": [ 140.860949399999981, 37.0867888 ] } },
{ "type": "Feature", "properties": { "内容": "介護サポート遊【居宅介護支援】福島県いわき市平下神谷字仲田59-1", "url": "https://www.kaigokensaku.mhlw.go.jp/07/index.php?action_kouhyou_detail_004_kani=true&JigyosyoCd=0770407104-00&ServiceCd=430&Type=search", "url2": "https://yajima-you.co.jp/" }, "geometry": { "type": "Point", "coordinates": [ 140.95347894987637, 37.074338644078225 ] } },
{ "type": "Feature", "properties": { "内容": "太陽の里いわき居宅介護支援事業所【居宅介護支援】福島県いわき市平上片寄字上ノ内１９３番地", "url": "https://www.kaigokensaku.mhlw.go.jp/07/index.php?action_kouhyou_detail_004_kani=true&JigyosyoCd=0770400687-00&ServiceCd=430&Type=search", "url2": "https://syouheikou.or.jp/taiyo/" }, "geometry": { "type": "Point", "coordinates": [ 140.915185299999962, 37.0804717 ] } },
{ "type": "Feature", "properties": { "内容": "仁愛ケアプランサポートセンター【居宅介護支援】福島県いわき市常磐白鳥町壱丁田23－4", "url": "https://www.kaigokensaku.mhlw.go.jp/07/index.php?action_kouhyou_detail_004_kani=true&JigyosyoCd=0770400026-00&ServiceCd=430&Type=search", "url2": "http://jin-ai-kai.jp" }, "geometry": { "type": "Point", "coordinates": [ 140.844487623942541, 36.985917796083271 ] } },
{ "type": "Feature", "properties": { "内容": "社団医療法人　養生会　かしま病院【居宅介護支援】福島県いわき市鹿島町下蔵持字中沢目22-1", "url": "https://www.kaigokensaku.mhlw.go.jp/07/index.php?action_kouhyou_detail_004_kani=true&JigyosyoCd=0710413584-00&ServiceCd=430&Type=search", "url2": "http://www.kasima.jp" }, "geometry": { "type": "Point", "coordinates": [ 140.910536699999966, 36.9928724 ] } },
{ "type": "Feature", "properties": { "内容": "居宅介護支援事業所　おりいぶ【居宅介護支援】福島県いわき市岩間町塚原２０番地", "url": "https://www.kaigokensaku.mhlw.go.jp/07/index.php?action_kouhyou_detail_004_kani=true&JigyosyoCd=0770407856-00&ServiceCd=430&Type=search", "url2": null }, "geometry": { "type": "Point", "coordinates": [ 140.814723800000024, 36.9158823 ] } },
{ "type": "Feature", "properties": { "内容": "医和生会居宅介護支援事業所【居宅介護支援】福島県いわき市平谷川瀬一丁目19-7", "url": "https://www.kaigokensaku.mhlw.go.jp/07/index.php?action_kouhyou_detail_004_kani=true&JigyosyoCd=0770400158-00&ServiceCd=430&Type=search", "url2": "https://iwakikai.jp" }, "geometry": { "type": "Point", "coordinates": [ 140.892590043015019, 37.046539462411239 ] } },
{ "type": "Feature", "properties": { "内容": "ハグはーと居宅介護支援事業所【居宅介護支援】福島県いわき市後田町細谷６７番地の８", "url": "https://www.kaigokensaku.mhlw.go.jp/07/index.php?action_kouhyou_detail_004_kani=true&JigyosyoCd=0770408649-00&ServiceCd=430&Type=search", "url2": null }, "geometry": { "type": "Point", "coordinates": [ 140.790657610450808, 36.933978932763608 ] } },
{ "type": "Feature", "properties": { "内容": "アースサポートいわき【居宅介護支援】福島県いわき市平祢宜町１番地の２", "url": "https://www.kaigokensaku.mhlw.go.jp/07/index.php?action_kouhyou_detail_004_kani=true&JigyosyoCd=0770402931-00&ServiceCd=430&Type=search", "url2": "http://www.earthsupport.co.jp" }, "geometry": { "type": "Point", "coordinates": [ 140.902299099999937, 37.0574995 ] } },
{ "type": "Feature", "properties": { "内容": "ガーデニア　ケアプランサービス【居宅介護支援】福島県いわき市錦町落合1番地1", "url": "https://www.kaigokensaku.mhlw.go.jp/07/index.php?action_kouhyou_detail_004_kani=true&JigyosyoCd=0770404606-00&ServiceCd=430&Type=search", "url2": "http://www.kureha-hosp.com/" }, "geometry": { "type": "Point", "coordinates": [ 140.7825911, 36.8999052 ] } },
{ "type": "Feature", "properties": { "内容": "結ひの森居宅介護支援事業所【居宅介護支援】福島県いわき市内郷白水町浜井場１番地", "url": "https://www.kaigokensaku.mhlw.go.jp/07/index.php?action_kouhyou_detail_004_kani=true&JigyosyoCd=0770406890-00&ServiceCd=430&Type=search", "url2": null }, "geometry": { "type": "Point", "coordinates": [ 140.8500252, 37.0326225 ] } },
{ "type": "Feature", "properties": { "内容": "つどい支援事業所いわき【居宅介護支援】福島県いわき市平北白土字ネキ内23", "url": "https://www.kaigokensaku.mhlw.go.jp/07/index.php?action_kouhyou_detail_004_kani=true&JigyosyoCd=0770409050-00&ServiceCd=430&Type=search", "url2": "https://mcp-net.jp/" }, "geometry": { "type": "Point", "coordinates": [ 140.9168795, 37.0510448 ] } },
{ "type": "Feature", "properties": { "内容": "居宅介護支援事業所ホワイトクローバー【居宅介護支援】内郷御厩町久世原８７番地の７", "url": "https://www.kaigokensaku.mhlw.go.jp/07/index.php?action_kouhyou_detail_004_kani=true&JigyosyoCd=0770409498-00&ServiceCd=430&Type=search", "url2": null }, "geometry": { "type": "Point", "coordinates": [ 140.8658963, 37.0412562 ] } },
{ "type": "Feature", "properties": { "内容": "たなごころプランニング【居宅介護支援】福島県いわき市中岡町４丁目５－６西側号室", "url": "https://www.kaigokensaku.mhlw.go.jp/07/index.php?action_kouhyou_detail_004_kani=true&JigyosyoCd=0770408953-00&ServiceCd=430&Type=search", "url2": null }, "geometry": { "type": "Point", "coordinates": [ 140.781661604893486, 36.921227861685843 ] } },
{ "type": "Feature", "properties": { "内容": "ケアプランみかん【居宅介護支援】福島県いわき市大久町小久字菖蒲作50", "url": "https://www.kaigokensaku.mhlw.go.jp/07/index.php?action_kouhyou_detail_004_kani=true&JigyosyoCd=0770408854-00&ServiceCd=430&Type=search", "url2": null }, "geometry": { "type": "Point", "coordinates": [ 140.9696337, 37.1430734 ] } },
{ "type": "Feature", "properties": { "内容": "葵会居宅介護支援事業所【居宅介護支援】福島県いわき市泉町本谷字大田23-1", "url": "https://www.kaigokensaku.mhlw.go.jp/07/index.php?action_kouhyou_detail_004_kani=true&JigyosyoCd=0770408573-00&ServiceCd=430&Type=search", "url2": "http://aoikai-iwaki.com" }, "geometry": { "type": "Point", "coordinates": [ 140.8720104, 36.9674334 ] } },
{ "type": "Feature", "properties": { "内容": "居宅介護支援事業所　れいわケア【居宅介護支援】金山町東台84－1介護付き有料老人ホーム　くすの木内", "url": "https://www.kaigokensaku.mhlw.go.jp/07/index.php?action_kouhyou_detail_004_kani=true&JigyosyoCd=0770408615-00&ServiceCd=430&Type=search", "url2": null }, "geometry": { "type": "Point", "coordinates": [ 140.824314040068771, 36.926233243698455 ] } },
{ "type": "Feature", "properties": { "内容": "有限会社泉町三丁目ヘルパーステーション【居宅介護支援】福島県いわき市泉町三丁目６番地の６", "url": "https://www.kaigokensaku.mhlw.go.jp/07/index.php?action_kouhyou_detail_004_kani=true&JigyosyoCd=0770404713-00&ServiceCd=430&Type=search", "url2": "https://izumimachi3chome.wixsite.com/mysite" }, "geometry": { "type": "Point", "coordinates": [ 140.855930899999947, 36.9504917 ] } },
{ "type": "Feature", "properties": { "内容": "レンガ通りケアプランサポートセンター【居宅介護支援】福島県いわき市平字二町目39番地", "url": "https://www.kaigokensaku.mhlw.go.jp/07/index.php?action_kouhyou_detail_004_kani=true&JigyosyoCd=0770408532-00&ServiceCd=430&Type=search", "url2": "http://jin-ai-kai.jp/" }, "geometry": { "type": "Point", "coordinates": [ 140.889936600000027, 37.0551291 ] } },
{ "type": "Feature", "properties": { "内容": "社会福祉法人　いわき市社会福祉協議会【居宅介護支援】福島県いわき市平字菱川町１番地の３2F", "url": "https://www.kaigokensaku.mhlw.go.jp/07/index.php?action_kouhyou_detail_004_kani=true&JigyosyoCd=0770400034-00&ServiceCd=430&Type=search", "url2": "http://www.iwaki-shakyo.com" }, "geometry": { "type": "Point", "coordinates": [ 140.891084, 37.0506724 ] } },
{ "type": "Feature", "properties": { "内容": "株式会社　いたばしケア【居宅介護支援】福島県いわき市内郷綴町榎下35番地の2", "url": "https://www.kaigokensaku.mhlw.go.jp/07/index.php?action_kouhyou_detail_004_kani=true&JigyosyoCd=0770406130-00&ServiceCd=430&Type=search", "url2": null }, "geometry": { "type": "Point", "coordinates": [ 140.856757600000037, 37.0369586 ] } },
{ "type": "Feature", "properties": { "内容": "医療法人　恒英会　永井整形外科【居宅介護支援】福島県いわき市小名浜西君ケ塚町１９－９", "url": "https://www.kaigokensaku.mhlw.go.jp/07/index.php?action_kouhyou_detail_004_kani=true&JigyosyoCd=0770401834-00&ServiceCd=430&Type=search", "url2": "http://nagaiseikeigeka.com/" }, "geometry": { "type": "Point", "coordinates": [ 140.892734300000029, 36.9568592 ] } },
{ "type": "Feature", "properties": { "内容": "ケアマネオフィス　希望の花【居宅介護支援】福島県いわき市平成一丁目7番地の1", "url": "https://www.kaigokensaku.mhlw.go.jp/07/index.php?action_kouhyou_detail_004_kani=true&JigyosyoCd=0770407112-00&ServiceCd=430&Type=search", "url2": null }, "geometry": { "type": "Point", "coordinates": [ 140.883796, 37.0433037 ] } },
{ "type": "Feature", "properties": { "内容": "リンクスケア【居宅介護支援】福島県いわき市泉町滝尻字前坪４２－１　ＯＳプラザ１０６", "url": "https://www.kaigokensaku.mhlw.go.jp/07/index.php?action_kouhyou_detail_004_kani=true&JigyosyoCd=0770407211-00&ServiceCd=430&Type=search", "url2": null }, "geometry": { "type": "Point", "coordinates": [ 140.871328623973113, 36.952517394832142 ] } },
{ "type": "Feature", "properties": { "内容": "ケアプランサービスつむぐ【居宅介護支援】福島県いわき市小名浜字芳浜２番地の６", "url": "https://www.kaigokensaku.mhlw.go.jp/07/index.php?action_kouhyou_detail_004_kani=true&JigyosyoCd=0770408409-00&ServiceCd=430&Type=search", "url2": null }, "geometry": { "type": "Point", "coordinates": [ 140.879097699999988, 36.9492484 ] } },
{ "type": "Feature", "properties": { "内容": "カンナケア【居宅介護支援】福島県いわき市小名浜住吉字飯塚２番地の1", "url": "https://www.kaigokensaku.mhlw.go.jp/07/index.php?action_kouhyou_detail_004_kani=true&JigyosyoCd=0770409662-00&ServiceCd=430&Type=search", "url2": "http://www.canna￣care.co.jp" }, "geometry": { "type": "Point", "coordinates": [ 140.8876218, 36.9785225 ] } },
{ "type": "Feature", "properties": { "内容": "わかばケアプランサービス【居宅介護支援】福島県いわき市植田町本町二丁目５－７", "url": "https://www.kaigokensaku.mhlw.go.jp/07/index.php?action_kouhyou_detail_004_kani=true&JigyosyoCd=0770404820-00&ServiceCd=430&Type=search", "url2": null }, "geometry": { "type": "Point", "coordinates": [ 140.799680599999988, 36.9172678 ] } },
{ "type": "Feature", "properties": { "内容": "パライソ居宅介護支援事業所【居宅介護支援】福島県いわき市鹿島町久保字山崎１２－５", "url": "https://www.kaigokensaku.mhlw.go.jp/07/index.php?action_kouhyou_detail_004_kani=true&JigyosyoCd=0770408128-00&ServiceCd=430&Type=search", "url2": "http://www.paraisogoshiki.com" }, "geometry": { "type": "Point", "coordinates": [ 140.908763200000067, 36.9906807 ] } },
{ "type": "Feature", "properties": { "内容": "ケアプランたいよう【居宅介護支援】福島県いわき市後田町町田４３番地", "url": "https://www.kaigokensaku.mhlw.go.jp/07/index.php?action_kouhyou_detail_004_kani=true&JigyosyoCd=0770405371-00&ServiceCd=430&Type=search", "url2": null }, "geometry": { "type": "Point", "coordinates": [ 140.792275600000039, 36.9197674 ] } },
{ "type": "Feature", "properties": { "内容": "ケアプランさくら【居宅介護支援】福島県いわき市常磐湯本町天王崎1番地の166", "url": "https://www.kaigokensaku.mhlw.go.jp/07/index.php?action_kouhyou_detail_004_kani=true&JigyosyoCd=0770406155-00&ServiceCd=430&Type=search", "url2": null }, "geometry": { "type": "Point", "coordinates": [ 140.848148400000014, 37.0077444 ] } },
{ "type": "Feature", "properties": { "内容": "エクセルシオール居宅介護支援事業所【居宅介護支援】福島県いわき市内郷白水町川平14番地の22", "url": "https://www.kaigokensaku.mhlw.go.jp/07/index.php?action_kouhyou_detail_004_kani=true&JigyosyoCd=0770406882-00&ServiceCd=430&Type=search", "url2": null }, "geometry": { "type": "Point", "coordinates": [ 140.821314900000061, 37.0290215 ] } },
{ "type": "Feature", "properties": { "内容": "有限会社ケイアンドワイ【居宅介護支援】福島県いわき市泉ヶ丘2-10-6", "url": "https://www.kaigokensaku.mhlw.go.jp/07/index.php?action_kouhyou_detail_004_kani=true&JigyosyoCd=0770400117-00&ServiceCd=430&Type=search", "url2": "http://k-and-y.p-kit.com/" }, "geometry": { "type": "Point", "coordinates": [ 140.855865799999947, 36.9644118 ] } },
{ "type": "Feature", "properties": { "内容": "居宅介護支援事業所　恵和【居宅介護支援】福島県いわき市平字愛谷町4-8-1加藤マンション103号", "url": "https://www.kaigokensaku.mhlw.go.jp/07/index.php?action_kouhyou_detail_004_kani=true&JigyosyoCd=0770406429-00&ServiceCd=430&Type=search", "url2": "https://www.day-keiwa.jp/" }, "geometry": { "type": "Point", "coordinates": [ 140.908809499999961, 37.0498036 ] } },
{ "type": "Feature", "properties": { "内容": "居宅介護支援事業所　聖徳荘【居宅介護支援】福島県いわき市内郷宮町金坂１８４－３", "url": "https://www.kaigokensaku.mhlw.go.jp/07/index.php?action_kouhyou_detail_004_kani=true&JigyosyoCd=0770401503-00&ServiceCd=430&Type=search", "url2": "http://seitokuso.jp/" }, "geometry": { "type": "Point", "coordinates": [ 140.846247299999959, 37.0439655 ] } },
{ "type": "Feature", "properties": { "内容": "指定居宅介護支援センターあすなろ【居宅介護支援】福島県いわき市久ノ浜町久ノ浜字九反坪1-1", "url": "https://www.kaigokensaku.mhlw.go.jp/07/index.php?action_kouhyou_detail_004_kani=true&JigyosyoCd=0770400141-00&ServiceCd=430&Type=search", "url2": null }, "geometry": { "type": "Point", "coordinates": [ 140.997512899999947, 37.1410371 ] } },
{ "type": "Feature", "properties": { "内容": "ケアプランれいわ【居宅介護支援】福島県いわき市鹿島町米田字塙22番地の81", "url": "https://www.kaigokensaku.mhlw.go.jp/07/index.php?action_kouhyou_detail_004_kani=true&JigyosyoCd=0770408672-00&ServiceCd=430&Type=search", "url2": null }, "geometry": { "type": "Point", "coordinates": [ 140.902094951451119, 36.995765602114105 ] } },
{ "type": "Feature", "properties": { "内容": "居宅介護支援事業所　シャローム【居宅介護支援】福島県いわき市平字杉平6-2", "url": "https://www.kaigokensaku.mhlw.go.jp/07/index.php?action_kouhyou_detail_004_kani=true&JigyosyoCd=0770404549-00&ServiceCd=430&Type=search", "url2": "http://syaroume.i-fukuin.com" }, "geometry": { "type": "Point", "coordinates": [ 140.887326955819731, 37.061626530381488 ] } },
{ "type": "Feature", "properties": { "内容": "スマイルケア　もみじ【居宅介護支援】福島県いわき市小名浜寺廻町５－１", "url": "https://www.kaigokensaku.mhlw.go.jp/07/index.php?action_kouhyou_detail_004_kani=true&JigyosyoCd=0770402279-00&ServiceCd=430&Type=search", "url2": null }, "geometry": { "type": "Point", "coordinates": [ 140.9014836, 36.9529184 ] } },
{ "type": "Feature", "properties": { "内容": "ケアマネージャーステーション　居宅介護支援センター【居宅介護支援】福島県いわき市常磐関船町一丁目８番地の４", "url": "https://www.kaigokensaku.mhlw.go.jp/07/index.php?action_kouhyou_detail_004_kani=true&JigyosyoCd=0770402550-00&ServiceCd=430&Type=search", "url2": "http://www.antai.jp" }, "geometry": { "type": "Point", "coordinates": [ 140.853584100000035, 37.0012674 ] } },
{ "type": "Feature", "properties": { "内容": "さとはまケアプラン合同会社【居宅介護支援】福島県いわき市大久町小久字下蔵内34-5", "url": "https://www.kaigokensaku.mhlw.go.jp/07/index.php?action_kouhyou_detail_004_kani=true&JigyosyoCd=0770407203-00&ServiceCd=430&Type=search", "url2": null }, "geometry": { "type": "Point", "coordinates": [ 140.977145699999937, 37.1385593 ] } },
{ "type": "Feature", "properties": { "内容": "居宅介護支援事業所　恵和泉【居宅介護支援】福島県いわき市泉玉露7丁目5-14", "url": "https://www.kaigokensaku.mhlw.go.jp/07/index.php?action_kouhyou_detail_004_kani=true&JigyosyoCd=0770408896-00&ServiceCd=430&Type=search", "url2": null }, "geometry": { "type": "Point", "coordinates": [ 140.846424899999988, 36.9558055 ] } },
{ "type": "Feature", "properties": { "内容": "株式会社　こころの駅【居宅介護支援】福島県いわき市小名浜字中原17-1", "url": "https://www.kaigokensaku.mhlw.go.jp/07/index.php?action_kouhyou_detail_004_kani=true&JigyosyoCd=0770400224-00&ServiceCd=430&Type=search", "url2": "http://kokoronoeki.jp/" }, "geometry": { "type": "Point", "coordinates": [ 140.873171100000036, 36.9437517 ] } },
{ "type": "Feature", "properties": { "内容": "ケアプランおもだか【居宅介護支援】福島県いわき市常磐水野谷町千代鶴181番地の6", "url": "https://www.kaigokensaku.mhlw.go.jp/07/index.php?action_kouhyou_detail_004_kani=true&JigyosyoCd=0770408680-00&ServiceCd=430&Type=search", "url2": "http://koujinkai.co.jp" }, "geometry": { "type": "Point", "coordinates": [ 140.860590799999954, 37.0048007 ] } },
{ "type": "Feature", "properties": { "内容": "指定居宅介護支援事業所　サンライフゆもと【居宅介護支援】福島県いわき市常磐藤原町大畑１３−１", "url": "https://www.kaigokensaku.mhlw.go.jp/07/index.php?action_kouhyou_detail_004_kani=true&JigyosyoCd=0750485013-00&ServiceCd=430&Type=search", "url2": "http://www.sunlife-yumoto.com/" }, "geometry": { "type": "Point", "coordinates": [ 140.813557218385313, 37.001215561111458 ] } },
{ "type": "Feature", "properties": { "内容": "愛心会居宅介護支援センタ-【居宅介護支援】福島県いわき市平中神谷字北鳥沼４３－１", "url": "https://www.kaigokensaku.mhlw.go.jp/07/index.php?action_kouhyou_detail_004_kani=true&JigyosyoCd=0770401438-00&ServiceCd=430&Type=search", "url2": "http://aishinkai-iwaki.com/" }, "geometry": { "type": "Point", "coordinates": [ 140.936529339811727, 37.064687475300303 ] } },
{ "type": "Feature", "properties": { "内容": "すいとぴー介護ステーション中央台【居宅介護支援】福島県いわき市中央台飯野４－７－２", "url": "https://www.kaigokensaku.mhlw.go.jp/07/index.php?action_kouhyou_detail_004_kani=true&JigyosyoCd=0770404861-00&ServiceCd=430&Type=search", "url2": "http://www.sweetpea.co.jp" }, "geometry": { "type": "Point", "coordinates": [ 140.92101839999998, 37.0166611 ] } },
{ "type": "Feature", "properties": { "内容": "らくえん居宅介護支援事業所【居宅介護支援】福島県いわき市小名浜字古湊１５２", "url": "https://www.kaigokensaku.mhlw.go.jp/07/index.php?action_kouhyou_detail_004_kani=true&JigyosyoCd=0770406320-00&ServiceCd=430&Type=search", "url2": null }, "geometry": { "type": "Point", "coordinates": [ 140.911935399999948, 36.9467445 ] } },
{ "type": "Feature", "properties": { "内容": "ハンドサポートいわした【居宅介護支援】福島県いわき市錦町中迎三丁目6番地の20", "url": "https://www.kaigokensaku.mhlw.go.jp/07/index.php?action_kouhyou_detail_004_kani=true&JigyosyoCd=0770407765-00&ServiceCd=430&Type=search", "url2": "two-piece.iwashita.2015@pc5.sonet.ne.jp" }, "geometry": { "type": "Point", "coordinates": [ 140.796106300000019, 36.9085352 ] } },
{ "type": "Feature", "properties": { "内容": "ニチイケアセンターいわき【居宅介護支援】福島県いわき市好間町下好間字一町坪111-1", "url": "https://www.kaigokensaku.mhlw.go.jp/07/index.php?action_kouhyou_detail_004_kani=true&JigyosyoCd=0770400059-00&ServiceCd=430&Type=search", "url2": "http://www.nichiigakkan.co.jp" }, "geometry": { "type": "Point", "coordinates": [ 140.866222826969903, 37.057659798300485 ] } },
{ "type": "Feature", "properties": { "内容": "医療生協在宅福祉センター【居宅介護支援】福島県いわき市小名浜岡小名字山ノ神40", "url": "https://www.kaigokensaku.mhlw.go.jp/07/index.php?action_kouhyou_detail_004_kani=true&JigyosyoCd=0770401180-00&ServiceCd=430&Type=search", "url2": "https://www.hamadori-coop.jp/" }, "geometry": { "type": "Point", "coordinates": [ 140.909374795404659, 36.970923658448328 ] } },
{ "type": "Feature", "properties": { "内容": "ケアプランピース【居宅介護支援】福島県いわき市泉ヶ丘２丁目２３番地の５", "url": "https://www.kaigokensaku.mhlw.go.jp/07/index.php?action_kouhyou_detail_004_kani=true&JigyosyoCd=0770409613-00&ServiceCd=430&Type=search", "url2": null }, "geometry": { "type": "Point", "coordinates": [ 140.8578976, 36.9644915 ] } },
{ "type": "Feature", "properties": { "内容": "すいとぴー介護ステーション勿来【居宅介護支援】福島県いわき市植田町中央1-8-19ホテル富士　１Ｆ", "url": "https://www.kaigokensaku.mhlw.go.jp/07/index.php?action_kouhyou_detail_004_kani=true&JigyosyoCd=0770404879-00&ServiceCd=430&Type=search", "url2": "http://www.sweetpea.co.jp" }, "geometry": { "type": "Point", "coordinates": [ 140.79681426812283, 36.918639701245368 ] } },
{ "type": "Feature", "properties": { "内容": "有限会社　タロサ　ケアプランタロー【居宅介護支援】福島県いわき市平谷川瀬一丁目8-7永山ビル2階", "url": "https://www.kaigokensaku.mhlw.go.jp/07/index.php?action_kouhyou_detail_004_kani=true&JigyosyoCd=0770400042-00&ServiceCd=430&Type=search", "url2": "http://homepage2.nifty.com./taropha" }, "geometry": { "type": "Point", "coordinates": [ 140.890192500000012, 37.047106200000037 ] } },
{ "type": "Feature", "properties": { "内容": "亀齢荘居宅介護支援事業所【居宅介護支援】福島県いわき市平山崎字熊ノ宮３０番地", "url": "https://www.kaigokensaku.mhlw.go.jp/07/index.php?action_kouhyou_detail_004_kani=true&JigyosyoCd=0770400240-00&ServiceCd=430&Type=search", "url2": "http://www.kireisou.com" }, "geometry": { "type": "Point", "coordinates": [ 140.940052799999989, 37.056976 ] } },
{ "type": "Feature", "properties": { "内容": "うらら苑居宅介護支援事業所【居宅介護支援】福島県いわき市常磐長孫町大平80", "url": "https://www.kaigokensaku.mhlw.go.jp/07/index.php?action_kouhyou_detail_004_kani=true&JigyosyoCd=0770400604-00&ServiceCd=430&Type=search", "url2": "http://syunyoukai.sakura.ne.jp/" }, "geometry": { "type": "Point", "coordinates": [ 140.85331, 36.9718245 ] } },
{ "type": "Feature", "properties": { "内容": "ケアプラン　あい・あい【居宅介護支援】福島県いわき市郷ヶ丘2丁目55-3", "url": "https://www.kaigokensaku.mhlw.go.jp/07/index.php?action_kouhyou_detail_004_kani=true&JigyosyoCd=0770402303-00&ServiceCd=430&Type=search", "url2": "http://www.aiai-kaigo.net/" }, "geometry": { "type": "Point", "coordinates": [ 140.903455099999974, 37.0290092 ] } },
{ "type": "Feature", "properties": { "内容": "ケアマネジメントオフィス　トモ・ハウス【居宅介護支援】福島県いわき市鹿島町船戸字五反田６－１", "url": "https://www.kaigokensaku.mhlw.go.jp/07/index.php?action_kouhyou_detail_004_kani=true&JigyosyoCd=0770403285-00&ServiceCd=430&Type=search", "url2": null }, "geometry": { "type": "Point", "coordinates": [ 140.901199021476714, 36.984440565140083 ] } },
{ "type": "Feature", "properties": { "内容": "ひかり居宅介護支援事業所【居宅介護支援】福島県いわき市小名浜中町境13番地グリューネハイツＡ－１０３", "url": "https://www.kaigokensaku.mhlw.go.jp/07/index.php?action_kouhyou_detail_004_kani=true&JigyosyoCd=0770404259-00&ServiceCd=430&Type=search", "url2": null }, "geometry": { "type": "Point", "coordinates": [ 140.8981043, 36.955701 ] } },
{ "type": "Feature", "properties": { "内容": "わごころケアプランサービス【居宅介護支援】福島県いわき市小名浜岡小名２丁目３番１丹野ビル1F", "url": "https://www.kaigokensaku.mhlw.go.jp/07/index.php?action_kouhyou_detail_004_kani=true&JigyosyoCd=0770405652-00&ServiceCd=430&Type=search", "url2": null }, "geometry": { "type": "Point", "coordinates": [ 140.906827608598292, 36.96152026771064 ] } },
{ "type": "Feature", "properties": { "内容": "ほし居宅介護支援事業所【居宅介護支援】福島県いわき市錦町細谷103番地29", "url": "https://www.kaigokensaku.mhlw.go.jp/07/index.php?action_kouhyou_detail_004_kani=true&JigyosyoCd=0770406312-00&ServiceCd=430&Type=search", "url2": null }, "geometry": { "type": "Point", "coordinates": [ 140.771201778295904, 36.911021332485774 ] } },
{ "type": "Feature", "properties": { "内容": "たからや居宅介護支援事業所【居宅介護支援】福島県いわき市植田町本町１２", "url": "https://www.kaigokensaku.mhlw.go.jp/07/index.php?action_kouhyou_detail_004_kani=true&JigyosyoCd=0770406338-00&ServiceCd=430&Type=search", "url2": null }, "geometry": { "type": "Point", "coordinates": [ 140.795578200000023, 36.9168983 ] } },
{ "type": "Feature", "properties": { "内容": "町なか相談室きづな【居宅介護支援】福島県いわき市平下荒川字川前132-3番地", "url": "https://www.kaigokensaku.mhlw.go.jp/07/index.php?action_kouhyou_detail_004_kani=true&JigyosyoCd=0770407021-00&ServiceCd=430&Type=search", "url2": null }, "geometry": { "type": "Point", "coordinates": [ 140.892061699999971, 37.0513279 ] } },
{ "type": "Feature", "properties": { "内容": "真生会居宅介護事業所【居宅介護支援】福島県いわき市佐糠町東二丁目六番地9B棟", "url": "https://www.kaigokensaku.mhlw.go.jp/07/index.php?action_kouhyou_detail_004_kani=true&JigyosyoCd=0770407062-00&ServiceCd=430&Type=search", "url2": null }, "geometry": { "type": "Point", "coordinates": [ 140.809171399999968, 36.9174431 ] } },
{ "type": "Feature", "properties": { "内容": "石井医院居宅介護支援事業所【居宅介護支援】福島県いわき市小名浜字本町60番地", "url": "https://www.kaigokensaku.mhlw.go.jp/07/index.php?action_kouhyou_detail_004_kani=true&JigyosyoCd=0770408201-00&ServiceCd=430&Type=search", "url2": "http://ishiihsp.jp/ii" }, "geometry": { "type": "Point", "coordinates": [ 140.904145100000051, 36.949583100000019 ] } },
{ "type": "Feature", "properties": { "内容": "合同会社祥和ケア【居宅介護支援】福島県いわき市小名浜愛宕上13番地の9愛宕コーポA", "url": "https://www.kaigokensaku.mhlw.go.jp/07/index.php?action_kouhyou_detail_004_kani=true&JigyosyoCd=0770408656-00&ServiceCd=430&Type=search", "url2": "https://showa-care.wixsite.com/showa-care" }, "geometry": { "type": "Point", "coordinates": [ 140.89289789999998, 36.9533112 ] } },
{ "type": "Feature", "properties": { "内容": "令和エンタープライズ株式会社ケアプランいろは【居宅介護支援】福島県いわき市好間町北好間字山崎76番地の1", "url": "https://www.kaigokensaku.mhlw.go.jp/07/index.php?action_kouhyou_detail_004_kani=true&JigyosyoCd=0770408664-00&ServiceCd=430&Type=search", "url2": null }, "geometry": { "type": "Point", "coordinates": [ 140.836549200000036, 37.069384 ] } },
{ "type": "Feature", "properties": { "内容": "キョウドウケアプランサービス【居宅介護支援】福島県いわき市平上荒川字桜町59⁻5北側", "url": "https://www.kaigokensaku.mhlw.go.jp/07/index.php?action_kouhyou_detail_004_kani=true&JigyosyoCd=0770409506-00&ServiceCd=430&Type=search", "url2": "http://hp.kaipoke.biz/cv8/" }, "geometry": { "type": "Point", "coordinates": [ 140.8835738, 37.034605 ] } },
{ "type": "Feature", "properties": { "内容": "居宅介護支援事業所　ふたつや【居宅介護支援】福島県いわき市小川町上小川字大坂68番地の１", "url": "https://www.kaigokensaku.mhlw.go.jp/07/index.php?action_kouhyou_detail_004_kani=true&JigyosyoCd=0770400448-00&ServiceCd=430&Type=search", "url2": "http://www6.ocn.ne.jp/~shk/index.htm" }, "geometry": { "type": "Point", "coordinates": [ 140.856860899999987, 37.1415997 ] } },
{ "type": "Feature", "properties": { "内容": "くすりのマルト居宅介護支援事業所【居宅介護支援】福島県いわき市常磐関船町1-15-23", "url": "https://www.kaigokensaku.mhlw.go.jp/07/index.php?action_kouhyou_detail_004_kani=true&JigyosyoCd=0770408706-00&ServiceCd=430&Type=search", "url2": "ｍaruto-kyotaku@maruto-gp.co.jp" }, "geometry": { "type": "Point", "coordinates": [ 140.857923453792523, 36.999422785502141 ] } },
{ "type": "Feature", "properties": { "内容": "ケアプランニューウォーク【居宅介護支援】福島県いわき市鹿島久保1-11-6", "url": "https://www.kaigokensaku.mhlw.go.jp/07/index.php?action_kouhyou_detail_004_kani=true&JigyosyoCd=0770409753-00&ServiceCd=430&Type=search", "url2": "https://newwalk-iwaki.jp/" }, "geometry": { "type": "Point", "coordinates": [ 140.904863001852448, 36.990635513645394 ] } },
{ "type": "Feature", "properties": { "内容": "介護サービスゆかり【居宅介護支援】いわき市勿来町酒井関根５９-８", "url": "https://www.kaigokensaku.mhlw.go.jp/07/index.php?action_kouhyou_detail_004_kani=true&JigyosyoCd=0770402519-00&ServiceCd=430&Type=search", "url2": "http://www.kaigo-yukari.com" }, "geometry": { "type": "Point", "coordinates": [ 140.748919151315221, 36.887138309561763 ] } },
{ "type": "Feature", "properties": { "内容": "ケアプラン和奏【居宅介護支援】福島県いわき市好間町中好間字寺台108-1", "url": "https://www.kaigokensaku.mhlw.go.jp/07/index.php?action_kouhyou_detail_004_kani=true&JigyosyoCd=0770407690-00&ServiceCd=430&Type=search", "url2": null }, "geometry": { "type": "Point", "coordinates": [ 140.857771163486859, 37.057965106542909 ] } },
{ "type": "Feature", "properties": { "内容": "居宅介護支援事業所　みち【居宅介護支援】福島県いわき市四倉町字梅ケ丘185番地の3", "url": "https://www.kaigokensaku.mhlw.go.jp/07/index.php?action_kouhyou_detail_004_kani=true&JigyosyoCd=0770408136-00&ServiceCd=430&Type=search", "url2": null }, "geometry": { "type": "Point", "coordinates": [ 140.979515900000024, 37.1048736 ] } },
{ "type": "Feature", "properties": { "内容": "せいざん荘居宅介護支援事業所【居宅介護支援】福島県いわき市植田町堂ノ作49-12", "url": "https://www.kaigokensaku.mhlw.go.jp/07/index.php?action_kouhyou_detail_004_kani=true&JigyosyoCd=0770400075-00&ServiceCd=430&Type=search", "url2": "http://www.iwaki-aiseikai.jp" }, "geometry": { "type": "Point", "coordinates": [ 140.791641900000059, 36.9305692 ] } },
{ "type": "Feature", "properties": { "内容": "クリナップキャリアサービス株式会社介護南部センター【居宅介護支援】福島県いわき市常磐西郷町金山14-1", "url": "https://www.kaigokensaku.mhlw.go.jp/07/index.php?action_kouhyou_detail_004_kani=true&JigyosyoCd=0770403145-00&ServiceCd=430&Type=search", "url2": "http://www.cleanup-careerservice.jp/" }, "geometry": { "type": "Point", "coordinates": [ 140.856811900000025, 36.9862365 ] } },
{ "type": "Feature", "properties": { "内容": "ケアプランのラピライネット【居宅介護支援】福島県いわき市好間町上好間字洞３４番地の1", "url": "https://www.kaigokensaku.mhlw.go.jp/07/index.php?action_kouhyou_detail_004_kani=true&JigyosyoCd=0770403731-00&ServiceCd=430&Type=search", "url2": null }, "geometry": { "type": "Point", "coordinates": [ 140.8469052, 37.0697312 ] } },
{ "type": "Feature", "properties": { "内容": "だんらんケアプラン【居宅介護支援】福島県いわき市錦町釈迦堂60番地", "url": "https://www.kaigokensaku.mhlw.go.jp/07/index.php?action_kouhyou_detail_004_kani=true&JigyosyoCd=0770404978-00&ServiceCd=430&Type=search", "url2": null }, "geometry": { "type": "Point", "coordinates": [ 140.783560200000011, 36.903560300000017 ] } },
{ "type": "Feature", "properties": { "内容": "IN　居宅居宅介護支援事業所【居宅介護支援】福島県いわき市平字下高久馬場１１４番地", "url": "https://www.kaigokensaku.mhlw.go.jp/07/index.php?action_kouhyou_detail_004_kani=true&JigyosyoCd=0770406643-00&ServiceCd=430&Type=search", "url2": null }, "geometry": { "type": "Point", "coordinates": [ 140.9498089, 37.0318046 ] } },
{ "type": "Feature", "properties": { "内容": "八千代ケアプラン【居宅介護支援】福島県いわき市中央台高久2丁目8番地の3", "url": "https://www.kaigokensaku.mhlw.go.jp/07/index.php?action_kouhyou_detail_004_kani=true&JigyosyoCd=0770405819-00&ServiceCd=430&Type=search", "url2": null }, "geometry": { "type": "Point", "coordinates": [ 140.927274300000022, 37.006459800000016 ] } },
{ "type": "Feature", "properties": { "内容": "居宅介護支援事業所サニーポート小名浜【居宅介護支援】いわき市小名浜字神成塚１３３番地の１", "url": "https://www.kaigokensaku.mhlw.go.jp/07/index.php?action_kouhyou_detail_004_kani=true&JigyosyoCd=0770407187-00&ServiceCd=430&Type=search", "url2": "http://sunny-port.net/" }, "geometry": { "type": "Point", "coordinates": [ 140.8842233, 36.9518002 ] } },
{ "type": "Feature", "properties": { "内容": "居宅介護支援事業所　ふくださんち。【居宅介護支援】福島県いわき内郷内町四方北115番地2", "url": "https://www.kaigokensaku.mhlw.go.jp/07/index.php?action_kouhyou_detail_004_kani=true&JigyosyoCd=0770408367-00&ServiceCd=430&Type=search", "url2": "http://hp.kaipoke.biz/xe4/" }, "geometry": { "type": "Point", "coordinates": [ 140.8566083, 37.0395385 ] } },
{ "type": "Feature", "properties": { "内容": "居宅介護支援事業所ケアパートナー【居宅介護支援】福島県いわき市平字上川原９０番地オカダリバーフロントビル202号", "url": "https://www.kaigokensaku.mhlw.go.jp/07/index.php?action_kouhyou_detail_004_kani=true&JigyosyoCd=0770403723-00&ServiceCd=430&Type=search", "url2": null }, "geometry": { "type": "Point", "coordinates": [ 140.903524439470743, 37.057153669824331 ] } },
{ "type": "Feature", "properties": { "内容": "かしま居宅介護支援事業所【居宅介護支援】福島県いわき市鹿島町下蔵持字中沢目24番地", "url": "https://www.kaigokensaku.mhlw.go.jp/07/index.php?action_kouhyou_detail_004_kani=true&JigyosyoCd=0770400018-00&ServiceCd=430&Type=search", "url2": "http://www.kashimasou.jp/" }, "geometry": { "type": "Point", "coordinates": [ 140.91089779999993, 36.9925086 ] } },
{ "type": "Feature", "properties": { "内容": "社会福祉法人　光美会　人生の里　居宅介護支援事業所【居宅介護支援】いわき市内郷高野町五合田36-1", "url": "https://www.kaigokensaku.mhlw.go.jp/07/index.php?action_kouhyou_detail_004_kani=true&JigyosyoCd=0770406296-00&ServiceCd=430&Type=search", "url2": "http://www.koubikai.jp/" }, "geometry": { "type": "Point", "coordinates": [ 140.8006964, 37.0456944 ] } },
{ "type": "Feature", "properties": { "内容": "すみのや林城ケアプラン【居宅介護支援】福島県いわき市小名浜林城字辻前２番地", "url": "https://www.kaigokensaku.mhlw.go.jp/07/index.php?action_kouhyou_detail_004_kani=true&JigyosyoCd=0770404234-00&ServiceCd=430&Type=search", "url2": "http://www.suminoya.or.jp" }, "geometry": { "type": "Point", "coordinates": [ 140.89214370000002, 36.9823037 ] } },
{ "type": "Feature", "properties": { "内容": "ケアサービス　そると【居宅介護支援】福島県いわき市内郷御厩町３丁目４１", "url": "https://www.kaigokensaku.mhlw.go.jp/07/index.php?action_kouhyou_detail_004_kani=true&JigyosyoCd=0770407468-00&ServiceCd=430&Type=search", "url2": "https://care-service-salt.rdy.jp" }, "geometry": { "type": "Point", "coordinates": [ 140.87135553372957, 37.050489623599375 ] } },
{ "type": "Feature", "properties": { "内容": "指定居宅介護支援事業所ケアプランサービス優しい風【居宅介護支援】福島県いわき市錦町古川7－3", "url": "https://www.kaigokensaku.mhlw.go.jp/07/index.php?action_kouhyou_detail_004_kani=true&JigyosyoCd=0770408284-00&ServiceCd=430&Type=search", "url2": null }, "geometry": { "type": "Point", "coordinates": [ 140.780729599999972, 36.9113289 ] } },
{ "type": "Feature", "properties": { "内容": "エイブルケアプラン【居宅介護支援】福島県いわき市平下神谷字下川原1番地の49", "url": "https://www.kaigokensaku.mhlw.go.jp/07/index.php?action_kouhyou_detail_004_kani=true&JigyosyoCd=0770409530-00&ServiceCd=430&Type=search", "url2": "https://www.able-can.jp" }, "geometry": { "type": "Point", "coordinates": [ 140.945383022841469, 37.066340832053434 ] } },
{ "type": "Feature", "properties": { "内容": "居宅介護支援事業所サニーポート小名浜内郷事業所【居宅介護支援】福島県いわき市内郷高坂町大町６９番地の３MTビル", "url": "https://www.kaigokensaku.mhlw.go.jp/07/index.php?action_kouhyou_detail_004_kani=true&JigyosyoCd=0770408946-00&ServiceCd=430&Type=search", "url2": null }, "geometry": { "type": "Point", "coordinates": [ 140.8636602, 37.0467958 ] } },
{ "type": "Feature", "properties": { "内容": "いわき統合相談支援事務所【居宅介護支援】福島県いわき市泉玉露１丁目23番地の３パスタイムⅡ　103", "url": "https://www.kaigokensaku.mhlw.go.jp/07/index.php?action_kouhyou_detail_004_kani=true&JigyosyoCd=0770408268-00&ServiceCd=430&Type=search", "url2": null }, "geometry": { "type": "Point", "coordinates": [ 140.855810900000051, 36.9574934 ] } },
{ "type": "Feature", "properties": { "内容": "みなみけあぷらん【居宅介護支援】錦町沼ノ川２８－１２", "url": "https://www.kaigokensaku.mhlw.go.jp/07/index.php?action_kouhyou_detail_004_kani=true&JigyosyoCd=0770409365-00&ServiceCd=430&Type=search", "url2": "https://www.khy2017.com/" }, "geometry": { "type": "Point", "coordinates": [ 140.7767465, 36.9073228 ] } },
{ "type": "Feature", "properties": { "内容": "ケア・コンシェルジュ【居宅介護支援】福島県いわき市平字作町一丁目３番地の１５", "url": "https://www.kaigokensaku.mhlw.go.jp/07/index.php?action_kouhyou_detail_004_kani=true&JigyosyoCd=0770408524-00&ServiceCd=430&Type=search", "url2": "https://www.rencontrellc.com/" }, "geometry": { "type": "Point", "coordinates": [ 140.901554114155601, 37.050513003065831 ] } },
{ "type": "Feature", "properties": { "内容": "すくらむケア居宅介護支援事業所【居宅介護支援】福島県いわき市平上平窪字真似井62", "url": "https://www.kaigokensaku.mhlw.go.jp/07/index.php?action_kouhyou_detail_004_kani=true&JigyosyoCd=0770408581-00&ServiceCd=430&Type=search", "url2": null }, "geometry": { "type": "Point", "coordinates": [ 140.8752073, 37.0570505 ] } },
{ "type": "Feature", "properties": { "内容": "いきがい村　居宅介護支援事業所【居宅介護支援】福島県いわき市小浜町東ノ作164-2", "url": "https://www.kaigokensaku.mhlw.go.jp/07/index.php?action_kouhyou_detail_004_kani=true&JigyosyoCd=0770401628-00&ServiceCd=430&Type=search", "url2": "http://www.ikigaimura.jp" }, "geometry": { "type": "Point", "coordinates": [ 140.843004899999983, 36.9170222 ] } },
{ "type": "Feature", "properties": { "内容": "悠ケアプランセンター【居宅介護支援】福島県いわき市中央台飯野３丁目３３番地の１メディケア悠　中央台", "url": "https://www.kaigokensaku.mhlw.go.jp/07/index.php?action_kouhyou_detail_004_kani=true&JigyosyoCd=0770406700-00&ServiceCd=430&Type=search", "url2": "http://m-isi.com" }, "geometry": { "type": "Point", "coordinates": [ 140.915464374807698, 37.013191271237723 ] } },
{ "type": "Feature", "properties": { "内容": "居宅介護支援事業所　かすみ草【居宅介護支援】福島県いわき市常磐上湯長谷町湯台堂１２３－２", "url": "https://www.kaigokensaku.mhlw.go.jp/07/index.php?action_kouhyou_detail_004_kani=true&JigyosyoCd=0770407336-00&ServiceCd=430&Type=search", "url2": null }, "geometry": { "type": "Point", "coordinates": [ 140.837594689362447, 37.007305738814914 ] } },
{ "type": "Feature", "properties": { "内容": "内郷ケアプランサービス【居宅介護支援】福島県いわき市内郷高坂町大町27-1", "url": "https://www.kaigokensaku.mhlw.go.jp/07/index.php?action_kouhyou_detail_004_kani=true&JigyosyoCd=0770404564-00&ServiceCd=430&Type=search", "url2": "http://www.cosmocare,jp" }, "geometry": { "type": "Point", "coordinates": [ 140.862151, 37.04568 ] } },
{ "type": "Feature", "properties": { "内容": "居宅介護支援事業所すぎやま【居宅介護支援】福島県白河市豊年２５番地７", "url": "https://www.kaigokensaku.mhlw.go.jp/07/index.php?action_kouhyou_detail_004_kani=true&JigyosyoCd=0770501443-00&ServiceCd=430&Type=search", "url2": null }, "geometry": { "type": "Point", "coordinates": [ 140.2201676, 37.1199063 ] } },
{ "type": "Feature", "properties": { "内容": "居宅介護支援事業所　緑希望【居宅介護支援】福島県白河市明戸15番3", "url": "https://www.kaigokensaku.mhlw.go.jp/07/index.php?action_kouhyou_detail_004_kani=true&JigyosyoCd=0770501278-00&ServiceCd=430&Type=search", "url2": null }, "geometry": { "type": "Point", "coordinates": [ 140.224362400000018, 37.1247282 ] } },
{ "type": "Feature", "properties": { "内容": "居宅介護支援事業所　城南【居宅介護支援】福島県白河市道場小路91番地8", "url": "https://www.kaigokensaku.mhlw.go.jp/07/index.php?action_kouhyou_detail_004_kani=true&JigyosyoCd=0770500973-00&ServiceCd=430&Type=search", "url2": "http://www.jyonan-will.co.jp/" }, "geometry": { "type": "Point", "coordinates": [ 140.210088472981624, 37.129019999933661 ] } },
{ "type": "Feature", "properties": { "内容": "ひまわり茶屋居宅介護支援事業所【居宅介護支援】福島県白河市円明寺２４－１", "url": "https://www.kaigokensaku.mhlw.go.jp/07/index.php?action_kouhyou_detail_004_kani=true&JigyosyoCd=0770500999-00&ServiceCd=430&Type=search", "url2": "http://t-himawari.co.jp/" }, "geometry": { "type": "Point", "coordinates": [ 140.217420590264169, 37.122919909672888 ] } },
{ "type": "Feature", "properties": { "内容": "白河市社会福祉協議会　居宅介護支援事業所【居宅介護支援】福島県白河市北中川原３１３番地", "url": "https://www.kaigokensaku.mhlw.go.jp/07/index.php?action_kouhyou_detail_004_kani=true&JigyosyoCd=0770500460-00&ServiceCd=430&Type=search", "url2": "http://www.shirakawa-shakyo.ne.jp" }, "geometry": { "type": "Point", "coordinates": [ 140.227263599999986, 37.1244794 ] } },
{ "type": "Feature", "properties": { "内容": "居宅介護支援事業所　ハートフル【居宅介護支援】福島県白河市豊地大谷地７６番地", "url": "https://www.kaigokensaku.mhlw.go.jp/07/index.php?action_kouhyou_detail_004_kani=true&JigyosyoCd=0770500940-00&ServiceCd=430&Type=search", "url2": null }, "geometry": { "type": "Point", "coordinates": [ 140.21503110674584, 37.149936376067672 ] } },
{ "type": "Feature", "properties": { "内容": "白河市社会福祉協議会　表郷居宅介護支援事業所【居宅介護支援】福島県白河市表郷堀之内字堀ノ内１－５", "url": "https://www.kaigokensaku.mhlw.go.jp/07/index.php?action_kouhyou_detail_004_kani=true&JigyosyoCd=0770500502-00&ServiceCd=430&Type=search", "url2": null }, "geometry": { "type": "Point", "coordinates": [ 140.320807699999932, 37.0690045 ] } },
{ "type": "Feature", "properties": { "内容": "ひもろぎの園居宅介護支援事業所【居宅介護支援】福島県白河市関辺川前88", "url": "https://www.kaigokensaku.mhlw.go.jp/07/index.php?action_kouhyou_detail_004_kani=true&JigyosyoCd=0770500049-00&ServiceCd=430&Type=search", "url2": "https://sono-himorogi.org/" }, "geometry": { "type": "Point", "coordinates": [ 140.250843700000019, 37.0953891 ] } },
{ "type": "Feature", "properties": { "内容": "ひより居宅介護支援事業所【居宅介護支援】福島県白河市新白河1丁目104丸昌第2ビル2階", "url": "https://www.kaigokensaku.mhlw.go.jp/07/index.php?action_kouhyou_detail_004_kani=true&JigyosyoCd=0770501120-00&ServiceCd=430&Type=search", "url2": "http://taro-rlcs.com/" }, "geometry": { "type": "Point", "coordinates": [ 140.19616110000004, 37.124856200000018 ] } },
{ "type": "Feature", "properties": { "内容": "ＪＡ夢みなみ　福祉センターしらかわ居宅介護支援事業所【居宅介護支援】福島県白河市弥次郎窪２９番地１", "url": "https://www.kaigokensaku.mhlw.go.jp/07/index.php?action_kouhyou_detail_004_kani=true&JigyosyoCd=0770501229-00&ServiceCd=430&Type=search", "url2": "www.ja-yumeminami.or.jp" }, "geometry": { "type": "Point", "coordinates": [ 140.217565830827311, 37.142438172277721 ] } },
{ "type": "Feature", "properties": { "内容": "居宅介護支援事業所　小峰苑【居宅介護支援】福島県白河市新夏梨１番地２", "url": "https://www.kaigokensaku.mhlw.go.jp/07/index.php?action_kouhyou_detail_004_kani=true&JigyosyoCd=0770500031-00&ServiceCd=430&Type=search", "url2": "http://www2.gol.com/users/ip1110194676/" }, "geometry": { "type": "Point", "coordinates": [ 140.227589699999953, 37.0897947 ] } },
{ "type": "Feature", "properties": { "内容": "表郷「聖・オリーブの郷」居宅介護支援センター【居宅介護支援】福島県白河市表郷堀之内字堀ノ内１番１", "url": "https://www.kaigokensaku.mhlw.go.jp/07/index.php?action_kouhyou_detail_004_kani=true&JigyosyoCd=0772800017-00&ServiceCd=430&Type=search", "url2": "https://sosei.org" }, "geometry": { "type": "Point", "coordinates": [ 140.319421799999986, 37.0692378 ] } },
{ "type": "Feature", "properties": { "内容": "居宅介護支援事業所ひもろぎ【居宅介護支援】福島県白河市関辺引目橋33", "url": "https://www.kaigokensaku.mhlw.go.jp/07/index.php?action_kouhyou_detail_004_kani=true&JigyosyoCd=0770500676-00&ServiceCd=430&Type=search", "url2": "http://www.shintokukai.org/" }, "geometry": { "type": "Point", "coordinates": [ 140.237677699999949, 37.1007298 ] } },
{ "type": "Feature", "properties": { "内容": "株式会社島ケアサポートセンター【居宅介護支援】馬町8-1", "url": "https://www.kaigokensaku.mhlw.go.jp/07/index.php?action_kouhyou_detail_004_kani=true&JigyosyoCd=0770501344-00&ServiceCd=430&Type=search", "url2": "http://shimacare.info" }, "geometry": { "type": "Point", "coordinates": [ 140.2184899, 37.1248963 ] } },
{ "type": "Feature", "properties": { "内容": "白河厚生総合病院居宅介護支援事業所【居宅介護支援】福島県白河市豊地上弥次郎2番1", "url": "https://www.kaigokensaku.mhlw.go.jp/07/index.php?action_kouhyou_detail_004_kani=true&JigyosyoCd=0770500021-00&ServiceCd=430&Type=search", "url2": "http://www.shirakawa.ne.jp/~kousei/" }, "geometry": { "type": "Point", "coordinates": [ 140.2151695, 37.1456654 ] } },
{ "type": "Feature", "properties": { "内容": "居宅介護支援事業所　いこいの里【居宅介護支援】福島県白河市外薄葉１７－４", "url": "https://www.kaigokensaku.mhlw.go.jp/07/index.php?action_kouhyou_detail_004_kani=true&JigyosyoCd=0770500692-00&ServiceCd=430&Type=search", "url2": null }, "geometry": { "type": "Point", "coordinates": [ 140.221630327684522, 37.142444910038634 ] } },
{ "type": "Feature", "properties": { "内容": "居宅支援だいふく【居宅介護支援】福島県白河市白坂陣場３１０－１", "url": "https://www.kaigokensaku.mhlw.go.jp/07/index.php?action_kouhyou_detail_004_kani=true&JigyosyoCd=0770501294-00&ServiceCd=430&Type=search", "url2": null }, "geometry": { "type": "Point", "coordinates": [ 140.188864891189269, 37.08833598537629 ] } },
{ "type": "Feature", "properties": { "内容": "介サポート居宅介護支援事業所【居宅介護支援】福島県須賀川市大町４２－１番地", "url": "https://www.kaigokensaku.mhlw.go.jp/07/index.php?action_kouhyou_detail_004_kani=true&JigyosyoCd=0770701134-00&ServiceCd=430&Type=search", "url2": null }, "geometry": { "type": "Point", "coordinates": [ 140.370770868894965, 37.284857443646793 ] } },
{ "type": "Feature", "properties": { "内容": "だんらん居宅介護支援事業所【居宅介護支援】福島県須賀川市弘法坦117-3", "url": "https://www.kaigokensaku.mhlw.go.jp/07/index.php?action_kouhyou_detail_004_kani=true&JigyosyoCd=0770701217-00&ServiceCd=430&Type=search", "url2": "https://lasiq.co.jp" }, "geometry": { "type": "Point", "coordinates": [ 140.3694716, 37.2918768 ] } },
{ "type": "Feature", "properties": { "内容": "ゆう遊館居宅介護支援事業所【居宅介護支援】福島県須賀川市滑川字関ノ上２６番地1", "url": "https://www.kaigokensaku.mhlw.go.jp/07/index.php?action_kouhyou_detail_004_kani=true&JigyosyoCd=0770700730-00&ServiceCd=430&Type=search", "url2": "http://www17.plala.or.jp/aishinfukushikai/" }, "geometry": { "type": "Point", "coordinates": [ 140.365000799999962, 37.3251121 ] } },
{ "type": "Feature", "properties": { "内容": "あおぞら居宅介護支援事業所【居宅介護支援】福島県須賀川市台16番地1オーベルジュ須賀川201号室", "url": "https://www.kaigokensaku.mhlw.go.jp/07/index.php?action_kouhyou_detail_004_kani=true&JigyosyoCd=0770701449-00&ServiceCd=430&Type=search", "url2": null }, "geometry": { "type": "Point", "coordinates": [ 140.3688019, 37.299444 ] } },
{ "type": "Feature", "properties": { "内容": "あいセルフ居宅介護支援事業所【居宅介護支援】福島県須賀川市下小山田字孫八内102", "url": "https://www.kaigokensaku.mhlw.go.jp/07/index.php?action_kouhyou_detail_004_kani=true&JigyosyoCd=0770701399-00&ServiceCd=430&Type=search", "url2": null }, "geometry": { "type": "Point", "coordinates": [ 140.4239484, 37.275846700000017 ] } },
{ "type": "Feature", "properties": { "内容": "丸光産業株式会社　丸光ケアサービス　須賀川支店【居宅介護支援】福島県須賀川市古屋敷135-1", "url": "https://www.kaigokensaku.mhlw.go.jp/07/index.php?action_kouhyou_detail_004_kani=true&JigyosyoCd=0770700433-00&ServiceCd=430&Type=search", "url2": "http://marumitsu-care.jp/" }, "geometry": { "type": "Point", "coordinates": [ 140.37876510000001, 37.2966291 ] } },
{ "type": "Feature", "properties": { "内容": "花のん居宅支援事業所【居宅介護支援】森宿字辰根沢98番地53", "url": "https://www.kaigokensaku.mhlw.go.jp/07/index.php?action_kouhyou_detail_004_kani=true&JigyosyoCd=0770701407-00&ServiceCd=430&Type=search", "url2": null }, "geometry": { "type": "Point", "coordinates": [ 140.359337953739157, 37.312691222858206 ] } },
{ "type": "Feature", "properties": { "内容": "さんあい指定居宅介護支援事業所【居宅介護支援】福島県須賀川市森宿字狐石129-7", "url": "https://www.kaigokensaku.mhlw.go.jp/07/index.php?action_kouhyou_detail_004_kani=true&JigyosyoCd=0770701019-00&ServiceCd=430&Type=search", "url2": "https://ikedakinen-hp.or.jp" }, "geometry": { "type": "Point", "coordinates": [ 140.35820780492827, 37.305313581545938 ] } },
{ "type": "Feature", "properties": { "内容": "公立岩瀬病院指定居宅介護支援事業所【居宅介護支援】福島県須賀川市長禄町1番地", "url": "https://www.kaigokensaku.mhlw.go.jp/07/index.php?action_kouhyou_detail_004_kani=true&JigyosyoCd=0770700136-00&ServiceCd=430&Type=search", "url2": "http://www.iwase-hp.jp" }, "geometry": { "type": "Point", "coordinates": [ 140.372451800000022, 37.2948404 ] } },
{ "type": "Feature", "properties": { "内容": "医療法人社団　三成会　南東北春日居宅介護支援センター【居宅介護支援】福島県須賀川市南上町123-1", "url": "https://www.kaigokensaku.mhlw.go.jp/07/index.php?action_kouhyou_detail_004_kani=true&JigyosyoCd=0770701241-00&ServiceCd=430&Type=search", "url2": "http://www.kasuga-rehabili.com" }, "geometry": { "type": "Point", "coordinates": [ 140.386448500000029, 37.283453 ] } },
{ "type": "Feature", "properties": { "内容": "いわせ長寿苑居宅介護支援事業所【居宅介護支援】福島県須賀川市栄町370番", "url": "https://www.kaigokensaku.mhlw.go.jp/07/index.php?action_kouhyou_detail_004_kani=true&JigyosyoCd=0770700896-00&ServiceCd=430&Type=search", "url2": "http://www.iwase.or.jp" }, "geometry": { "type": "Point", "coordinates": [ 140.370211962238727, 37.297000176740589 ] } },
{ "type": "Feature", "properties": { "内容": "居宅介護支援事業所ジアイ【居宅介護支援】福島県須賀川市牛袋町123-1", "url": "https://www.kaigokensaku.mhlw.go.jp/07/index.php?action_kouhyou_detail_004_kani=true&JigyosyoCd=0770701498-00&ServiceCd=430&Type=search", "url2": "info@giay.jp" }, "geometry": { "type": "Point", "coordinates": [ 140.3547561, 37.2924627 ] } },
{ "type": "Feature", "properties": { "内容": "JA夢みなみ　福祉センターすかがわ居宅介護支援事業所【居宅介護支援】福島県須賀川市仁井田字鴻ノ目５０−１", "url": "https://www.kaigokensaku.mhlw.go.jp/07/index.php?action_kouhyou_detail_004_kani=true&JigyosyoCd=0770700540-00&ServiceCd=430&Type=search", "url2": "http://www.ja‐yumeminami.or.jp" }, "geometry": { "type": "Point", "coordinates": [ 140.327444426339412, 37.328177398627922 ] } },
{ "type": "Feature", "properties": { "内容": "つくし居宅介護支援事業所【居宅介護支援】福島県須賀川市東町54番地の8", "url": "https://www.kaigokensaku.mhlw.go.jp/07/index.php?action_kouhyou_detail_004_kani=true&JigyosyoCd=0770700334-00&ServiceCd=430&Type=search", "url2": "http://houshinkai.jp" }, "geometry": { "type": "Point", "coordinates": [ 140.376515682495068, 37.287266451544085 ] } },
{ "type": "Feature", "properties": { "内容": "オーブ居宅介護支援事業所【居宅介護支援】須賀川市並木町268-3チェリーローゼン202", "url": "https://www.kaigokensaku.mhlw.go.jp/07/index.php?action_kouhyou_detail_004_kani=true&JigyosyoCd=0770701522-00&ServiceCd=430&Type=search", "url2": null }, "geometry": { "type": "Point", "coordinates": [ 140.3682627, 37.275483 ] } },
{ "type": "Feature", "properties": { "内容": "ニチイケアセンター須賀川【居宅介護支援】福島県須賀川市塚田７４ヨネクラビル2F", "url": "https://www.kaigokensaku.mhlw.go.jp/07/index.php?action_kouhyou_detail_004_kani=true&JigyosyoCd=0770700268-00&ServiceCd=430&Type=search", "url2": "http://www.nichiigakkan.co.jp/" }, "geometry": { "type": "Point", "coordinates": [ 140.3727438, 37.299857 ] } },
{ "type": "Feature", "properties": { "内容": "なないろ居宅介護支援事業所【居宅介護支援】福島県須賀川市影沼町128番地", "url": "https://www.kaigokensaku.mhlw.go.jp/07/index.php?action_kouhyou_detail_004_kani=true&JigyosyoCd=0770701258-00&ServiceCd=430&Type=search", "url2": "http://care-netbiz/07/niji/" }, "geometry": { "type": "Point", "coordinates": [ 140.3521177, 37.2849355 ] } },
{ "type": "Feature", "properties": { "内容": "南東北須賀川居宅介護支援事業所【居宅介護支援】福島県須賀川市大袋町206-2総合南東北病院須賀川診療所内", "url": "https://www.kaigokensaku.mhlw.go.jp/07/index.php?action_kouhyou_detail_004_kani=true&JigyosyoCd=0770700029-00&ServiceCd=430&Type=search", "url2": "http://www.minamitohoku.or.jp/kanren/sukagawa_kyotaku.html" }, "geometry": { "type": "Point", "coordinates": [ 140.35727559999998, 37.2849051 ] } },
{ "type": "Feature", "properties": { "内容": "愛寿園指定居宅介護支援事業所【居宅介護支援】福島県須賀川市吉美根字土橋１２１番地", "url": "https://www.kaigokensaku.mhlw.go.jp/07/index.php?action_kouhyou_detail_004_kani=true&JigyosyoCd=0770700144-00&ServiceCd=430&Type=search", "url2": "https://sanaifukushikai.com" }, "geometry": { "type": "Point", "coordinates": [ 140.343609499999957, 37.3033114 ] } },
{ "type": "Feature", "properties": { "内容": "(株)福永指定居宅介護支援事業所【居宅介護支援】福島県須賀川市陣場町161番地", "url": "https://www.kaigokensaku.mhlw.go.jp/07/index.php?action_kouhyou_detail_004_kani=true&JigyosyoCd=0770700771-00&ServiceCd=430&Type=search", "url2": "https://fukunaga-sk.jp/" }, "geometry": { "type": "Point", "coordinates": [ 140.3630637, 37.2984677 ] } },
{ "type": "Feature", "properties": { "内容": "株式会社　アピックス介護事業部【居宅介護支援】福島県須賀川市森宿字ヒジリ田５４－４", "url": "https://www.kaigokensaku.mhlw.go.jp/07/index.php?action_kouhyou_detail_004_kani=true&JigyosyoCd=0770700300-00&ServiceCd=430&Type=search", "url2": "http://www.apcs.hm/" }, "geometry": { "type": "Point", "coordinates": [ 140.3658292, 37.3124163 ] } },
{ "type": "Feature", "properties": { "内容": "ケアプラン葵【居宅介護支援】福島県須賀川市山寺道８１番地7", "url": "https://www.kaigokensaku.mhlw.go.jp/07/index.php?action_kouhyou_detail_004_kani=true&JigyosyoCd=0770701555-00&ServiceCd=430&Type=search", "url2": null }, "geometry": { "type": "Point", "coordinates": [ 140.3689944, 37.3028509 ] } },
{ "type": "Feature", "properties": { "内容": "ひなたぼっこ居宅介護支援事業所【居宅介護支援】福島県喜多方市塩川町新江木字谷地田４", "url": "https://www.kaigokensaku.mhlw.go.jp/07/index.php?action_kouhyou_detail_004_kani=true&JigyosyoCd=0770800845-00&ServiceCd=430&Type=search", "url2": null }, "geometry": { "type": "Point", "coordinates": [ 139.891741799999977, 37.6098807 ] } },
{ "type": "Feature", "properties": { "内容": "ケアプランニング　けいと【居宅介護支援】福島県喜多方市岩月町宮津字下新田５９９３－１", "url": "https://www.kaigokensaku.mhlw.go.jp/07/index.php?action_kouhyou_detail_004_kani=true&JigyosyoCd=0770800886-00&ServiceCd=430&Type=search", "url2": null }, "geometry": { "type": "Point", "coordinates": [ 139.888187499999958, 37.6711197 ] } },
{ "type": "Feature", "properties": { "内容": "さくうん居宅介護支援事業所【居宅介護支援】福島県喜多方市松山町村松字北原３６３４－１", "url": "https://www.kaigokensaku.mhlw.go.jp/07/index.php?action_kouhyou_detail_004_kani=true&JigyosyoCd=0770800506-00&ServiceCd=430&Type=search", "url2": "https://www.sakuunkai.or.jp" }, "geometry": { "type": "Point", "coordinates": [ 139.869596799999954, 37.6814596 ] } },
{ "type": "Feature", "properties": { "内容": "JA会津よつば福祉支援センター会津【居宅介護支援】福島県喜多方市岩月町喜多方字渕ノ下171-4", "url": "https://www.kaigokensaku.mhlw.go.jp/07/index.php?action_kouhyou_detail_004_kani=true&JigyosyoCd=0770801066-00&ServiceCd=430&Type=search", "url2": null }, "geometry": { "type": "Point", "coordinates": [ 139.880041399999982, 37.6587932 ] } },
{ "type": "Feature", "properties": { "内容": "佐原指定居宅介護支援事業所【居宅介護支援】福島県喜多方市字永久7716番地の1", "url": "https://www.kaigokensaku.mhlw.go.jp/07/index.php?action_kouhyou_detail_004_kani=true&JigyosyoCd=0770800332-00&ServiceCd=430&Type=search", "url2": "http://www.sawara.or.jp/" }, "geometry": { "type": "Point", "coordinates": [ 139.8723675, 37.6460917 ] } },
{ "type": "Feature", "properties": { "内容": "社会福祉法人天心会　北原荘居宅介護支援センター【居宅介護支援】福島県喜多方市松山町村松字北原3656-3", "url": "https://www.kaigokensaku.mhlw.go.jp/07/index.php?action_kouhyou_detail_004_kani=true&JigyosyoCd=0770800019-00&ServiceCd=430&Type=search", "url2": "http://www.tenshinkai.or.jp" }, "geometry": { "type": "Point", "coordinates": [ 139.86910510000007, 37.6827927 ] } },
{ "type": "Feature", "properties": { "内容": "ケアプランセンター結【居宅介護支援】福島県喜多方市豊川町米室字大上川原　5393-2", "url": "https://www.kaigokensaku.mhlw.go.jp/07/index.php?action_kouhyou_detail_004_kani=true&JigyosyoCd=0770800944-00&ServiceCd=430&Type=search", "url2": null }, "geometry": { "type": "Point", "coordinates": [ 139.876873799108466, 37.643942427439043 ] } },
{ "type": "Feature", "properties": { "内容": "喜多方市社会福祉協議会　喜多方ケアプランセンター【居宅介護支援】福島県喜多方市字上江3646番地1", "url": "https://www.kaigokensaku.mhlw.go.jp/07/index.php?action_kouhyou_detail_004_kani=true&JigyosyoCd=0770800712-00&ServiceCd=430&Type=search", "url2": "http://www.kitakata-syakyo.or.jp/" }, "geometry": { "type": "Point", "coordinates": [ 139.885671499999944, 37.6555798 ] } },
{ "type": "Feature", "properties": { "内容": "居宅介護支援センターのぞみ【居宅介護支援】福島県喜多方市字蒔田3106番地の4", "url": "https://www.kaigokensaku.mhlw.go.jp/07/index.php?action_kouhyou_detail_004_kani=true&JigyosyoCd=0770800066-00&ServiceCd=430&Type=search", "url2": "https://keiwakai.net/" }, "geometry": { "type": "Point", "coordinates": [ 139.882637600377365, 37.65562403545313 ] } },
{ "type": "Feature", "properties": { "内容": "喜多方市社会福祉協議会　山都ケアプランセンター【居宅介護支援】福島県喜多方市山都町字北松ノ前３１４４番地", "url": "https://www.kaigokensaku.mhlw.go.jp/07/index.php?action_kouhyou_detail_004_kani=true&JigyosyoCd=0770800746-00&ServiceCd=430&Type=search", "url2": "http://www.kitakata-shakyo.or.jp/" }, "geometry": { "type": "Point", "coordinates": [ 139.76570879999997, 37.6400225 ] } },
{ "type": "Feature", "properties": { "内容": "秋元居宅介護支援事業所【居宅介護支援】福島県喜多方市字下川原8290-16", "url": "https://www.kaigokensaku.mhlw.go.jp/07/index.php?action_kouhyou_detail_004_kani=true&JigyosyoCd=0770800225-00&ServiceCd=430&Type=search", "url2": null }, "geometry": { "type": "Point", "coordinates": [ 139.864021, 37.644747099999989 ] } },
{ "type": "Feature", "properties": { "内容": "オレンジケアー居宅介護支援事業所【居宅介護支援】福島県相馬市西山字表西山114-22", "url": "https://www.kaigokensaku.mhlw.go.jp/07/index.php?action_kouhyou_detail_004_kani=true&JigyosyoCd=0770900512-00&ServiceCd=430&Type=search", "url2": null }, "geometry": { "type": "Point", "coordinates": [ 140.9117311, 37.7928897 ] } },
{ "type": "Feature", "properties": { "内容": "サンライフアライ【居宅介護支援】福島県相馬市中村字荒井町２２", "url": "https://www.kaigokensaku.mhlw.go.jp/07/index.php?action_kouhyou_detail_004_kani=true&JigyosyoCd=0770900769-00&ServiceCd=430&Type=search", "url2": null }, "geometry": { "type": "Point", "coordinates": [ 140.9208061, 37.803256300000037 ] } },
{ "type": "Feature", "properties": { "内容": "株式会社山りんご【居宅介護支援】福島県相馬市塚部字本社94-8", "url": "https://www.kaigokensaku.mhlw.go.jp/07/index.php?action_kouhyou_detail_004_kani=true&JigyosyoCd=0770900686-00&ServiceCd=430&Type=search", "url2": "yamarinngo-web" }, "geometry": { "type": "Point", "coordinates": [ 140.908609, 37.8375671 ] } },
{ "type": "Feature", "properties": { "内容": "ケアプランセンター　気ごころ【居宅介護支援】相馬市石上字南蛯沢４０３－２", "url": "https://www.kaigokensaku.mhlw.go.jp/07/index.php?action_kouhyou_detail_004_kani=true&JigyosyoCd=0770900488-00&ServiceCd=430&Type=search", "url2": "https//www.非営利活動法人こころ.com." }, "geometry": { "type": "Point", "coordinates": [ 140.910104865775111, 37.817659958605454 ] } },
{ "type": "Feature", "properties": { "内容": "ケアマネ事務所　あいざわ【居宅介護支援】福島県相馬市黒木字御門　168番地1", "url": "https://www.kaigokensaku.mhlw.go.jp/07/index.php?action_kouhyou_detail_004_kani=true&JigyosyoCd=0770900785-00&ServiceCd=430&Type=search", "url2": null }, "geometry": { "type": "Point", "coordinates": [ 140.903148499999986, 37.8078507 ] } },
{ "type": "Feature", "properties": { "内容": "相馬市在宅介護支援センター【居宅介護支援】福島県相馬市小泉字高池３５７番地（相馬市総合福祉センター内）", "url": "https://www.kaigokensaku.mhlw.go.jp/07/index.php?action_kouhyou_detail_004_kani=true&JigyosyoCd=0770900017-00&ServiceCd=430&Type=search", "url2": "ｈｔｔｐｓ：//ｗｗｗ．ｓｏｍａ-ｓｈａｋｙｏ．ｃｏｍ" }, "geometry": { "type": "Point", "coordinates": [ 140.918274689410424, 37.807111168202759 ] } },
{ "type": "Feature", "properties": { "内容": "ケアプラン福たま【居宅介護支援】福島県相馬市小泉字山田6番地の8", "url": "https://www.kaigokensaku.mhlw.go.jp/07/index.php?action_kouhyou_detail_004_kani=true&JigyosyoCd=0770900652-00&ServiceCd=430&Type=search", "url2": null }, "geometry": { "type": "Point", "coordinates": [ 140.936087600000064, 37.8086825 ] } },
{ "type": "Feature", "properties": { "内容": "ニチイケアセンター宇多の郷【居宅介護支援】福島県相馬市大曲字大毛内１４６", "url": "https://www.kaigokensaku.mhlw.go.jp/07/index.php?action_kouhyou_detail_004_kani=true&JigyosyoCd=0770900023-00&ServiceCd=430&Type=search", "url2": "http://www.nichiigakkan.co.jp" }, "geometry": { "type": "Point", "coordinates": [ 140.937562800000023, 37.7926224 ] } },
{ "type": "Feature", "properties": { "内容": "介護老人保健施設ベテランズサークル　居宅介護支援事業所【居宅介護支援】福島県相馬市小泉字高池３１９－１", "url": "https://www.kaigokensaku.mhlw.go.jp/07/index.php?action_kouhyou_detail_004_kani=true&JigyosyoCd=0770900090-00&ServiceCd=430&Type=search", "url2": "https://soma-vc.com" }, "geometry": { "type": "Point", "coordinates": [ 140.919208199999957, 37.8074731 ] } },
{ "type": "Feature", "properties": { "内容": "そうま介護センター【居宅介護支援】福島県相馬市今田字大竹３４", "url": "https://www.kaigokensaku.mhlw.go.jp/07/index.php?action_kouhyou_detail_004_kani=true&JigyosyoCd=0770900231-00&ServiceCd=430&Type=search", "url2": "http://soma-kaigo.com/" }, "geometry": { "type": "Point", "coordinates": [ 140.902916499999947, 37.7811941 ] } },
{ "type": "Feature", "properties": { "内容": "居宅介護支援事業所　友遊【居宅介護支援】福島県相馬市中村字北町１－８", "url": "https://www.kaigokensaku.mhlw.go.jp/07/index.php?action_kouhyou_detail_004_kani=true&JigyosyoCd=0770900629-00&ServiceCd=430&Type=search", "url2": "soma.fukushi.yuyu@gmail.com" }, "geometry": { "type": "Point", "coordinates": [ 140.9130563, 37.8001485 ] } },
{ "type": "Feature", "properties": { "内容": "相馬方部訪問看護ステーション【居宅介護支援】福島県相馬市新沼字坪ヶ迫142公立相馬総合病院内", "url": "https://www.kaigokensaku.mhlw.go.jp/07/index.php?action_kouhyou_detail_004_kani=true&JigyosyoCd=0770900066-00&ServiceCd=430&Type=search", "url2": null }, "geometry": { "type": "Point", "coordinates": [ 140.921719093209504, 37.811220594985507 ] } },
{ "type": "Feature", "properties": { "内容": "脇坂介護相談所【居宅介護支援】福島県相馬市中村字川沼249番地の3", "url": "https://www.kaigokensaku.mhlw.go.jp/07/index.php?action_kouhyou_detail_004_kani=true&JigyosyoCd=0770900728-00&ServiceCd=430&Type=search", "url2": null }, "geometry": { "type": "Point", "coordinates": [ 140.9143795, 37.8035602 ] } },
{ "type": "Feature", "properties": { "内容": "特別養護老人ホーム相馬ホーム【居宅介護支援】福島県相馬市小泉字高池７１８番地", "url": "https://www.kaigokensaku.mhlw.go.jp/07/index.php?action_kouhyou_detail_004_kani=true&JigyosyoCd=0770900108-00&ServiceCd=430&Type=search", "url2": "https://www.soumafukushikai.com/" }, "geometry": { "type": "Point", "coordinates": [ 140.917352599999958, 37.8106087 ] } },
{ "type": "Feature", "properties": { "内容": "二本松いわしろ紀行指定居宅介護支援事業所【居宅介護支援】福島県二本松市西勝田字杉内10番地", "url": "https://www.kaigokensaku.mhlw.go.jp/07/index.php?action_kouhyou_detail_004_kani=true&JigyosyoCd=0771000577-00&ServiceCd=430&Type=search", "url2": "http://iwashiro.aiai-fukushima.or.jp/" }, "geometry": { "type": "Point", "coordinates": [ 140.501089800000045, 37.5598036 ] } },
{ "type": "Feature", "properties": { "内容": "社会福祉法人あだち福祉会あだたら荘指定居宅介護支援事業所【居宅介護支援】福島県二本松市安達ヶ原一丁目２９１番地１", "url": "https://www.kaigokensaku.mhlw.go.jp/07/index.php?action_kouhyou_detail_004_kani=true&JigyosyoCd=0771000049-00&ServiceCd=430&Type=search", "url2": "http://www.adachifukushi.jp/" }, "geometry": { "type": "Point", "coordinates": [ 140.459370900000067, 37.5852918 ] } },
{ "type": "Feature", "properties": { "内容": "ハッピー愛ランド　ケアプランセンターあだち【居宅介護支援】福島県二本松市油井字下中ノ内33-2ハッピー愛ランドあだち", "url": "https://www.kaigokensaku.mhlw.go.jp/07/index.php?action_kouhyou_detail_004_kani=true&JigyosyoCd=0771000643-00&ServiceCd=430&Type=search", "url2": "https://www.happyisland.org" }, "geometry": { "type": "Point", "coordinates": [ 140.467074599999933, 37.6111973 ] } },
{ "type": "Feature", "properties": { "内容": "ケアテル介護センター　ゆかりの窓【居宅介護支援】福島県二本松市表二丁目865-9サイトウハイツ105号室", "url": "https://www.kaigokensaku.mhlw.go.jp/07/index.php?action_kouhyou_detail_004_kani=true&JigyosyoCd=0771000684-00&ServiceCd=430&Type=search", "url2": null }, "geometry": { "type": "Point", "coordinates": [ 140.438548200000014, 37.6061943 ] } },
{ "type": "Feature", "properties": { "内容": "指定居宅介護支援事業所あだたら【居宅介護支援】福島県二本松市油井字戸ノ内２１－１", "url": "https://www.kaigokensaku.mhlw.go.jp/07/index.php?action_kouhyou_detail_004_kani=true&JigyosyoCd=0771000502-00&ServiceCd=430&Type=search", "url2": "http://www.sg-adatara.jp/" }, "geometry": { "type": "Point", "coordinates": [ 140.4639664, 37.6145274 ] } },
{ "type": "Feature", "properties": { "内容": "ケアサービスセンターみどりの郷【居宅介護支援】福島県二本松市金色406-131号室", "url": "https://www.kaigokensaku.mhlw.go.jp/07/index.php?action_kouhyou_detail_004_kani=true&JigyosyoCd=0771000452-00&ServiceCd=430&Type=search", "url2": "https://koseikai-star.com/" }, "geometry": { "type": "Point", "coordinates": [ 140.431538659930652, 37.586170582514256 ] } },
{ "type": "Feature", "properties": { "内容": "二本松市社会福祉協議会ケアプランセンターにほんまつ【居宅介護支援】福島県二本松市油井字濡石１番地２", "url": "https://www.kaigokensaku.mhlw.go.jp/07/index.php?action_kouhyou_detail_004_kani=true&JigyosyoCd=0771000254-00&ServiceCd=430&Type=search", "url2": "http://nihonmatsushisyakyo.or.jp/" }, "geometry": { "type": "Point", "coordinates": [ 140.461153200000012, 37.6077394 ] } },
{ "type": "Feature", "properties": { "内容": "二本松病院附属居宅介護支援センター【居宅介護支援】福島県二本松市成田町1-867", "url": "https://www.kaigokensaku.mhlw.go.jp/07/index.php?action_kouhyou_detail_004_kani=true&JigyosyoCd=0771000023-00&ServiceCd=430&Type=search", "url2": "http://nihonmatsu.jcho.go.jp/rouken/" }, "geometry": { "type": "Point", "coordinates": [ 140.4215742, 37.5910489 ] } },
{ "type": "Feature", "properties": { "内容": "JWS陽だまりの郷指定居宅介護支援事業所【居宅介護支援】福島県二本松市表二丁目７７５番地", "url": "https://www.kaigokensaku.mhlw.go.jp/07/index.php?action_kouhyou_detail_004_kani=true&JigyosyoCd=0771000536-00&ServiceCd=430&Type=search", "url2": "http://jws-c.jp" }, "geometry": { "type": "Point", "coordinates": [ 140.436082931742476, 37.604394429149487 ] } },
{ "type": "Feature", "properties": { "内容": "医療法人辰星会　指定居宅介護支援事業所【居宅介護支援】福島県二本松市住吉１００番地　　介護老人保健施設やまびこ苑内", "url": "https://www.kaigokensaku.mhlw.go.jp/07/index.php?action_kouhyou_detail_004_kani=true&JigyosyoCd=0771000031-00&ServiceCd=430&Type=search", "url2": "http://www.masu-med.or.jp/localmtodivision/" }, "geometry": { "type": "Point", "coordinates": [ 140.403902199999948, 37.5545189 ] } },
{ "type": "Feature", "properties": { "内容": "居宅介護支援事業所なごみ【居宅介護支援】福島県二本松市針道字橇町29番地1", "url": "https://www.kaigokensaku.mhlw.go.jp/07/index.php?action_kouhyou_detail_004_kani=true&JigyosyoCd=0771000668-00&ServiceCd=430&Type=search", "url2": "cosmo-m-s.co.jp/aboutus/index.html" }, "geometry": { "type": "Point", "coordinates": [ 140.579392900000016, 37.5964861 ] } },
{ "type": "Feature", "properties": { "内容": "ＪＡ福島さくら　たむらふれあいセンター【居宅介護支援】福島県田村市船引町船引字南町通160番地", "url": "https://www.kaigokensaku.mhlw.go.jp/07/index.php?action_kouhyou_detail_004_kani=true&JigyosyoCd=0771100344-00&ServiceCd=430&Type=search", "url2": "http://www.jp.fsakura.or.jp" }, "geometry": { "type": "Point", "coordinates": [ 140.569975319303978, 37.439215228720194 ] } },
{ "type": "Feature", "properties": { "内容": "田村市居宅介護支援事業所【居宅介護支援】福島県田村市大越町上大越字古川９７番地", "url": "https://www.kaigokensaku.mhlw.go.jp/07/index.php?action_kouhyou_detail_004_kani=true&JigyosyoCd=0771100153-00&ServiceCd=430&Type=search", "url2": null }, "geometry": { "type": "Point", "coordinates": [ 140.625409915597913, 37.392498185120637 ] } },
{ "type": "Feature", "properties": { "内容": "居宅介護支援事業所「さくら」【居宅介護支援】福島県田村市船引町船引字馬場４３－１", "url": "https://www.kaigokensaku.mhlw.go.jp/07/index.php?action_kouhyou_detail_004_kani=true&JigyosyoCd=0773100458-00&ServiceCd=430&Type=search", "url2": null }, "geometry": { "type": "Point", "coordinates": [ 140.5695366, 37.4422799 ] } },
{ "type": "Feature", "properties": { "内容": "田村市船引在宅介護支援センター【居宅介護支援】福島県田村市船引町船引字源次郎131", "url": "https://www.kaigokensaku.mhlw.go.jp/07/index.php?action_kouhyou_detail_004_kani=true&JigyosyoCd=0773100110-00&ServiceCd=430&Type=search", "url2": "https://tamurafukushikai.com/" }, "geometry": { "type": "Point", "coordinates": [ 140.582404168786638, 37.452995092118151 ] } },
{ "type": "Feature", "properties": { "内容": "居宅介護支援事業所さくら・たきね【居宅介護支援】福島県田村市滝根町菅谷字大子堂153番地25（特別養護老人ホームさくらの里　内）", "url": "https://www.kaigokensaku.mhlw.go.jp/07/index.php?action_kouhyou_detail_004_kani=true&JigyosyoCd=0771100393-00&ServiceCd=430&Type=search", "url2": "www.keiseifukushikai.net" }, "geometry": { "type": "Point", "coordinates": [ 140.648508200000038, 37.352998 ] } },
{ "type": "Feature", "properties": { "内容": "船引クリニック　指定居宅介護支援事業所【居宅介護支援】福島県田村市船引町船引字砂子田42", "url": "https://www.kaigokensaku.mhlw.go.jp/07/index.php?action_kouhyou_detail_004_kani=true&JigyosyoCd=0773100177-00&ServiceCd=430&Type=search", "url2": "http://kenzankaik.jp/" }, "geometry": { "type": "Point", "coordinates": [ 140.571470592100127, 37.44631176186941 ] } },
{ "type": "Feature", "properties": { "内容": "指定居宅介護支援事業所　ふくろう【居宅介護支援】福島県南相馬市原町区国見町三丁目５番地の２４", "url": "https://www.kaigokensaku.mhlw.go.jp/07/index.php?action_kouhyou_detail_004_kani=true&JigyosyoCd=0771200201-00&ServiceCd=430&Type=search", "url2": null }, "geometry": { "type": "Point", "coordinates": [ 140.948152, 37.6269396 ] } },
{ "type": "Feature", "properties": { "内容": "居宅介護支援事業所相馬ケアプラン【居宅介護支援】福島県南相馬市原町区日の出町300", "url": "https://www.kaigokensaku.mhlw.go.jp/07/index.php?action_kouhyou_detail_004_kani=true&JigyosyoCd=0771200268-00&ServiceCd=430&Type=search", "url2": "https://somanosato.jp" }, "geometry": { "type": "Point", "coordinates": [ 140.987125907127847, 37.633022706828321 ] } },
{ "type": "Feature", "properties": { "内容": "ケアプランえ-る【居宅介護支援】福島県南相馬市原町区栄町2-78", "url": "https://www.kaigokensaku.mhlw.go.jp/07/index.php?action_kouhyou_detail_004_kani=true&JigyosyoCd=0771200318-00&ServiceCd=430&Type=search", "url2": null }, "geometry": { "type": "Point", "coordinates": [ 140.962684104893498, 37.637665255940384 ] } },
{ "type": "Feature", "properties": { "内容": "居宅介護支援事業所にじいろ【居宅介護支援】福島県南相馬市原町区陣ヶ崎358-1", "url": "https://www.kaigokensaku.mhlw.go.jp/07/index.php?action_kouhyou_detail_004_kani=true&JigyosyoCd=0771200649-00&ServiceCd=430&Type=search", "url2": "http://nijiiro-forest.co.jp/greeting.html" }, "geometry": { "type": "Point", "coordinates": [ 140.9370441, 37.6087551 ] } },
{ "type": "Feature", "properties": { "内容": "居宅介護支援事業所くすのき【居宅介護支援】福島県原町区中太田字西畑34番地", "url": "https://www.kaigokensaku.mhlw.go.jp/07/index.php?action_kouhyou_detail_004_kani=true&JigyosyoCd=0771200730-00&ServiceCd=430&Type=search", "url2": null }, "geometry": { "type": "Point", "coordinates": [ 140.9634461, 37.6135404 ] } },
{ "type": "Feature", "properties": { "内容": "指定居宅介護支援事業所　竹水園【居宅介護支援】福島県南相馬市原町区長野字南原41番特別養護老人ホーム　竹水園", "url": "https://www.kaigokensaku.mhlw.go.jp/07/index.php?action_kouhyou_detail_004_kani=true&JigyosyoCd=0771200383-00&ServiceCd=430&Type=search", "url2": "tokurou-tikusui@star.ocn.ne.jp" }, "geometry": { "type": "Point", "coordinates": [ 140.942763, 37.651712 ] } },
{ "type": "Feature", "properties": { "内容": "鹿島厚生病院居宅介護支援事業所【居宅介護支援】福島県南相馬市鹿島区横手字川原２", "url": "https://www.kaigokensaku.mhlw.go.jp/07/index.php?action_kouhyou_detail_004_kani=true&JigyosyoCd=0773300058-00&ServiceCd=430&Type=search", "url2": null }, "geometry": { "type": "Point", "coordinates": [ 140.963392399999947, 37.7086399 ] } },
{ "type": "Feature", "properties": { "内容": "特別養護老人ホーム長寿荘【居宅介護支援】福島県南相馬市原町区小川町４０９番地", "url": "https://www.kaigokensaku.mhlw.go.jp/07/index.php?action_kouhyou_detail_004_kani=true&JigyosyoCd=0770600153-00&ServiceCd=430&Type=search", "url2": "http://tyoujusou.jp/" }, "geometry": { "type": "Point", "coordinates": [ 140.960275200000069, 37.6486325 ] } },
{ "type": "Feature", "properties": { "内容": "ライブリー南相馬訪問看護ステーション【居宅介護支援】福島県南相馬市原町区大木戸字南東方１０１番地の１２", "url": "https://www.kaigokensaku.mhlw.go.jp/07/index.php?action_kouhyou_detail_004_kani=true&JigyosyoCd=0770600393-00&ServiceCd=430&Type=search", "url2": "https://lively-odak.jp/" }, "geometry": { "type": "Point", "coordinates": [ 140.941152699999947, 37.6233925 ] } },
{ "type": "Feature", "properties": { "内容": "指定居宅介護支援事業所　南相馬市社会福祉協議会【居宅介護支援】福島県南相馬市原町区小川町322番地の１", "url": "https://www.kaigokensaku.mhlw.go.jp/07/index.php?action_kouhyou_detail_004_kani=true&JigyosyoCd=0771200102-00&ServiceCd=430&Type=search", "url2": "h-kyotaku@m-somashakyo.or.jp" }, "geometry": { "type": "Point", "coordinates": [ 140.95704790000002, 37.6451049 ] } },
{ "type": "Feature", "properties": { "内容": "ＪＡふくしま未来居宅介護支援事業所そうま【居宅介護支援】福島県南相馬市鹿島区鹿島字御前ノ内26番地", "url": "https://www.kaigokensaku.mhlw.go.jp/07/index.php?action_kouhyou_detail_004_kani=true&JigyosyoCd=0771200490-00&ServiceCd=430&Type=search", "url2": "http://ja-f-mirai.or.jp" }, "geometry": { "type": "Point", "coordinates": [ 140.968789499999957, 37.7022547 ] } },
{ "type": "Feature", "properties": { "内容": "マヤーズ介護支援事務所【居宅介護支援】福島県南相馬市鹿島区寺内字鷹巣２３０番地", "url": "https://www.kaigokensaku.mhlw.go.jp/07/index.php?action_kouhyou_detail_004_kani=true&JigyosyoCd=0771200748-00&ServiceCd=430&Type=search", "url2": null }, "geometry": { "type": "Point", "coordinates": [ 140.94715930000001, 37.6937576 ] } },
{ "type": "Feature", "properties": { "内容": "あさがお居宅介護支援事業所【居宅介護支援】福島県南相馬市鹿島区西町三丁目６２番地", "url": "https://www.kaigokensaku.mhlw.go.jp/07/index.php?action_kouhyou_detail_004_kani=true&JigyosyoCd=0771200342-00&ServiceCd=430&Type=search", "url2": "http://www8.plala.or.jp/asagao/" }, "geometry": { "type": "Point", "coordinates": [ 140.9750166, 37.7045602 ] } },
{ "type": "Feature", "properties": { "内容": "居宅介護支援事業所いろは【居宅介護支援】福島県南相馬市小高区大富字東畑23", "url": "https://www.kaigokensaku.mhlw.go.jp/07/index.php?action_kouhyou_detail_004_kani=true&JigyosyoCd=0771200623-00&ServiceCd=430&Type=search", "url2": "http://iroha-odaka.com" }, "geometry": { "type": "Point", "coordinates": [ 140.9237156, 37.564527 ] } },
{ "type": "Feature", "properties": { "内容": "福寿園居宅介護支援センター【居宅介護支援】福島県南相馬市原町区高見町2丁目70番地", "url": "https://www.kaigokensaku.mhlw.go.jp/07/index.php?action_kouhyou_detail_004_kani=true&JigyosyoCd=0770600138-00&ServiceCd=430&Type=search", "url2": "http://minamisomafukushikai.or.jp/" }, "geometry": { "type": "Point", "coordinates": [ 140.984937299999956, 37.6358122 ] } },
{ "type": "Feature", "properties": { "内容": "居宅介護支援事業所　絆【居宅介護支援】保原町上保原字向台１－１７", "url": "https://www.kaigokensaku.mhlw.go.jp/07/index.php?action_kouhyou_detail_004_kani=true&JigyosyoCd=0771300803-00&ServiceCd=430&Type=search", "url2": "qqhe9gn9k@lake.ocn.ne.jp" }, "geometry": { "type": "Point", "coordinates": [ 140.5266332, 37.8081167 ] } },
{ "type": "Feature", "properties": { "内容": "居宅介護支援事業所あっぷる【居宅介護支援】福島県伊達市保原町字高子岡238番地U－プレイスだて", "url": "https://www.kaigokensaku.mhlw.go.jp/07/index.php?action_kouhyou_detail_004_kani=true&JigyosyoCd=0771300969-00&ServiceCd=430&Type=search", "url2": "https://networktyouzai.com/company/" }, "geometry": { "type": "Point", "coordinates": [ 140.527407157672116, 37.809333158251448 ] } },
{ "type": "Feature", "properties": { "内容": "ソーシャルワークスSTARtoLINE【居宅介護支援】福島県伊達市梁川町広瀬町136太田ハイツ105", "url": "https://www.kaigokensaku.mhlw.go.jp/07/index.php?action_kouhyou_detail_004_kani=true&JigyosyoCd=0771300951-00&ServiceCd=430&Type=search", "url2": "https://www.startoline.biz/" }, "geometry": { "type": "Point", "coordinates": [ 140.6032995, 37.8506114 ] } },
{ "type": "Feature", "properties": { "内容": "指定居宅介護支援事業所　いきいき【居宅介護支援】福島県伊達市梁川町上町36", "url": "https://www.kaigokensaku.mhlw.go.jp/07/index.php?action_kouhyou_detail_004_kani=true&JigyosyoCd=0771300753-00&ServiceCd=430&Type=search", "url2": "https://kakeikai.or.jp/kaigo/w3/" }, "geometry": { "type": "Point", "coordinates": [ 140.611280336225406, 37.859738403879192 ] } },
{ "type": "Feature", "properties": { "内容": "伊達市社会福祉協議会ケアプランセンター【居宅介護支援】福島県伊達市箱崎字川端７番地", "url": "https://www.kaigokensaku.mhlw.go.jp/07/index.php?action_kouhyou_detail_004_kani=true&JigyosyoCd=0771300027-00&ServiceCd=430&Type=search", "url2": "http://www.dateshisyakyou.org/" }, "geometry": { "type": "Point", "coordinates": [ 140.510920299999952, 37.815871 ] } },
{ "type": "Feature", "properties": { "内容": "まるわ居宅介護支援事業所【居宅介護支援】福島県伊達市保原町字宮下82-1", "url": "https://www.kaigokensaku.mhlw.go.jp/07/index.php?action_kouhyou_detail_004_kani=true&JigyosyoCd=0771300506-00&ServiceCd=430&Type=search", "url2": null }, "geometry": { "type": "Point", "coordinates": [ 140.556065845429998, 37.818403618930326 ] } },
{ "type": "Feature", "properties": { "内容": "ケアマネ事務所　心【居宅介護支援】福島県伊達市保原町大泉字菖蒲沢３５", "url": "https://www.kaigokensaku.mhlw.go.jp/07/index.php?action_kouhyou_detail_004_kani=true&JigyosyoCd=0771300878-00&ServiceCd=430&Type=search", "url2": null }, "geometry": { "type": "Point", "coordinates": [ 140.565782389402017, 37.822286037034701 ] } },
{ "type": "Feature", "properties": { "内容": "ケアライフサポート結和【居宅介護支援】福島県伊達市保原町字四丁目11-1四丁目テナント2階5号", "url": "https://www.kaigokensaku.mhlw.go.jp/07/index.php?action_kouhyou_detail_004_kani=true&JigyosyoCd=0771300977-00&ServiceCd=430&Type=search", "url2": "http://www.tasuku-date.com" }, "geometry": { "type": "Point", "coordinates": [ 140.55271173201595, 37.817717874160465 ] } },
{ "type": "Feature", "properties": { "内容": "有限会社　シルバー専科日和指定居宅介護支援事業所【居宅介護支援】福島県伊達市梁川町字赤五輪７５－３", "url": "https://www.kaigokensaku.mhlw.go.jp/07/index.php?action_kouhyou_detail_004_kani=true&JigyosyoCd=0772000061-00&ServiceCd=430&Type=search", "url2": "http://www.s-hiyori.com/" }, "geometry": { "type": "Point", "coordinates": [ 140.615385599999968, 37.8589834 ] } },
{ "type": "Feature", "properties": { "内容": "居宅介護支援事業所ハイジ【居宅介護支援】福島県伊達市保原町泉町100-1", "url": "https://www.kaigokensaku.mhlw.go.jp/07/index.php?action_kouhyou_detail_004_kani=true&JigyosyoCd=0771300373-00&ServiceCd=430&Type=search", "url2": null }, "geometry": { "type": "Point", "coordinates": [ 140.547100540479931, 37.821833899378795 ] } },
{ "type": "Feature", "properties": { "内容": "梁川ホーム指定居宅介護支援事業所【居宅介護支援】福島県伊達市梁川町字東土橋65番地1", "url": "https://www.kaigokensaku.mhlw.go.jp/07/index.php?action_kouhyou_detail_004_kani=true&JigyosyoCd=0772000095-00&ServiceCd=430&Type=search", "url2": "https://www.shintatsu.jp" }, "geometry": { "type": "Point", "coordinates": [ 140.593143599999962, 37.8466254 ] } },
{ "type": "Feature", "properties": { "内容": "あぶくまケアプランステーション【居宅介護支援】福島県伊達市保原町上保原字大地内39番地４", "url": "https://www.kaigokensaku.mhlw.go.jp/07/index.php?action_kouhyou_detail_004_kani=true&JigyosyoCd=0772000111-00&ServiceCd=430&Type=search", "url2": "https://www.jinsenkai.or.jp/" }, "geometry": { "type": "Point", "coordinates": [ 140.530021300000016, 37.812555299999985 ] } },
{ "type": "Feature", "properties": { "内容": "ファミーユ指居宅介護支援事業所【居宅介護支援】福島県伊達市保原町上保原字遍照原８－８", "url": "https://www.kaigokensaku.mhlw.go.jp/07/index.php?action_kouhyou_detail_004_kani=true&JigyosyoCd=0772000915-00&ServiceCd=430&Type=search", "url2": "famille-kyotaku2400@tokushinkai.care" }, "geometry": { "type": "Point", "coordinates": [ 140.533669423269203, 37.806421233769363 ] } },
{ "type": "Feature", "properties": { "内容": "JAふくしま未来居宅介護支援事業所だて【居宅介護支援】福島県伊達市保原町七丁目33番地３", "url": "https://www.kaigokensaku.mhlw.go.jp/07/index.php?action_kouhyou_detail_004_kani=true&JigyosyoCd=0771300712-00&ServiceCd=430&Type=search", "url2": null }, "geometry": { "type": "Point", "coordinates": [ 140.551731199999949, 37.82161 ] } },
{ "type": "Feature", "properties": { "内容": "ハッピー愛ランドケアプランセンターはるか【居宅介護支援】福島県伊達市保原町字泉町9-1", "url": "https://www.kaigokensaku.mhlw.go.jp/07/index.php?action_kouhyou_detail_004_kani=true&JigyosyoCd=0771300423-00&ServiceCd=430&Type=search", "url2": "http://www.happyisland.org/" }, "geometry": { "type": "Point", "coordinates": [ 140.546306499999986, 37.824318 ] } },
{ "type": "Feature", "properties": { "内容": "居宅介護支援事業所　りんどう【居宅介護支援】福島県伊達市中畑35番地1", "url": "https://www.kaigokensaku.mhlw.go.jp/07/index.php?action_kouhyou_detail_004_kani=true&JigyosyoCd=0771300936-00&ServiceCd=430&Type=search", "url2": "https://youi-kai.org" }, "geometry": { "type": "Point", "coordinates": [ 140.502787547290808, 37.821360218788705 ] } },
{ "type": "Feature", "properties": { "内容": "居宅介護支援事業所「まかせて」【居宅介護支援】福島県伊達市霊山町掛田字西裏20-1　2F", "url": "https://www.kaigokensaku.mhlw.go.jp/07/index.php?action_kouhyou_detail_004_kani=true&JigyosyoCd=0772000014-00&ServiceCd=430&Type=search", "url2": "https://youi-kai.org" }, "geometry": { "type": "Point", "coordinates": [ 140.593281965071441, 37.784022468750976 ] } },
{ "type": "Feature", "properties": { "内容": "指定居宅介護支援事業所「かがやき」【居宅介護支援】福島県伊達市月舘町御代田字扶桑畑42番地1", "url": "https://www.kaigokensaku.mhlw.go.jp/07/index.php?action_kouhyou_detail_004_kani=true&JigyosyoCd=0771300860-00&ServiceCd=430&Type=search", "url2": "http://morieno.com/" }, "geometry": { "type": "Point", "coordinates": [ 140.6084945, 37.7598036 ] } },
{ "type": "Feature", "properties": { "内容": "指定居宅介護支援事業所「もりえの」【居宅介護支援】福島県伊達市梁川町青葉町115番地", "url": "https://www.kaigokensaku.mhlw.go.jp/07/index.php?action_kouhyou_detail_004_kani=true&JigyosyoCd=0771300530-00&ServiceCd=430&Type=search", "url2": "https://morieno.com/" }, "geometry": { "type": "Point", "coordinates": [ 140.599823600000036, 37.8451258 ] } },
{ "type": "Feature", "properties": { "内容": "伊達すりかみ荘指定居宅介護支援事業所【居宅介護支援】福島県伊達市一本松64番地", "url": "https://www.kaigokensaku.mhlw.go.jp/07/index.php?action_kouhyou_detail_004_kani=true&JigyosyoCd=0772000139-00&ServiceCd=430&Type=search", "url2": "http://surikamisou.jp/" }, "geometry": { "type": "Point", "coordinates": [ 140.491955400000052, 37.8135318 ] } },
{ "type": "Feature", "properties": { "内容": "居宅介護支援事業所星風苑【居宅介護支援】福島県伊達市月舘町御代田字月崎山１番７", "url": "https://www.kaigokensaku.mhlw.go.jp/07/index.php?action_kouhyou_detail_004_kani=true&JigyosyoCd=0771300365-00&ServiceCd=430&Type=search", "url2": "https://jijinkai-seifuen.jp" }, "geometry": { "type": "Point", "coordinates": [ 140.602713699999981, 37.7519246 ] } },
{ "type": "Feature", "properties": { "内容": "まゆみの里指定居宅介護支援事業所【居宅介護支援】福島県本宮市青田字花掛20番地", "url": "https://www.kaigokensaku.mhlw.go.jp/07/index.php?action_kouhyou_detail_004_kani=true&JigyosyoCd=0772100046-00&ServiceCd=430&Type=search", "url2": "http://www.ochiaikai.jp/" }, "geometry": { "type": "Point", "coordinates": [ 140.392885100000058, 37.5021603 ] } },
{ "type": "Feature", "properties": { "内容": "社会福祉法人　本宮市社会福祉協議会　指定居宅介護支援事業所【居宅介護支援】福島県本宮市白岩字堤崎494番地22本宮市役所白沢総合支所内", "url": "https://www.kaigokensaku.mhlw.go.jp/07/index.php?action_kouhyou_detail_004_kani=true&JigyosyoCd=0771400033-00&ServiceCd=430&Type=search", "url2": "https://schit.net/motomiya-shakyo/" }, "geometry": { "type": "Point", "coordinates": [ 140.455122066225243, 37.507716172866793 ] } },
{ "type": "Feature", "properties": { "内容": "谷指定居宅介護支援事業所【居宅介護支援】福島県本宮市本宮字南町裡１２９番地", "url": "https://www.kaigokensaku.mhlw.go.jp/07/index.php?action_kouhyou_detail_004_kani=true&JigyosyoCd=0772100053-00&ServiceCd=430&Type=search", "url2": "https://www.tanihospital.jp/tani-care/" }, "geometry": { "type": "Point", "coordinates": [ 140.400581399999965, 37.5159449 ] } },
{ "type": "Feature", "properties": { "内容": "JAふくしま未来居宅介護支援事業所もとみや【居宅介護支援】福島県本宮市本宮字中台20-1", "url": "https://www.kaigokensaku.mhlw.go.jp/07/index.php?action_kouhyou_detail_004_kani=true&JigyosyoCd=0771400140-00&ServiceCd=430&Type=search", "url2": null }, "geometry": { "type": "Point", "coordinates": [ 140.397762199999988, 37.5220136 ] } },
{ "type": "Feature", "properties": { "内容": "しらさわ有寿園居宅介護支援事業所【居宅介護支援】福島県本宮市和田字戸ノ内321ｶｻｰﾚ１階", "url": "https://www.kaigokensaku.mhlw.go.jp/07/index.php?action_kouhyou_detail_004_kani=true&JigyosyoCd=0772100467-00&ServiceCd=430&Type=search", "url2": "http://asaka.or.jp/fukusikai/" }, "geometry": { "type": "Point", "coordinates": [ 140.428141500000038, 37.5179014 ] } },
{ "type": "Feature", "properties": { "内容": "マインド居宅介護支援センター【居宅介護支援】福島県本宮市本宮字万世160番地1", "url": "https://www.kaigokensaku.mhlw.go.jp/07/index.php?action_kouhyou_detail_004_kani=true&JigyosyoCd=0771400041-00&ServiceCd=430&Type=search", "url2": "http://www.mind-gr.co.jp" }, "geometry": { "type": "Point", "coordinates": [ 140.395686699835323, 37.514108646447632 ] } },
{ "type": "Feature", "properties": { "内容": "桑折町社会福祉協議会指定居宅介護支援事業所【居宅介護支援】福島県伊達郡桑折町大字谷地字道下22番地", "url": "https://www.kaigokensaku.mhlw.go.jp/07/index.php?action_kouhyou_detail_004_kani=true&JigyosyoCd=0772000212-00&ServiceCd=430&Type=search", "url2": "www.koori-shakyo.or.jp" }, "geometry": { "type": "Point", "coordinates": [ 140.521607099999983, 37.8544 ] } },
{ "type": "Feature", "properties": { "内容": "居宅介護支援事業所　コクーン【居宅介護支援】福島県伊達郡桑折町字桑島四1-5", "url": "https://www.kaigokensaku.mhlw.go.jp/07/index.php?action_kouhyou_detail_004_kani=true&JigyosyoCd=0772001467-00&ServiceCd=430&Type=search", "url2": "http:/www.cocoon.or.jp" }, "geometry": { "type": "Point", "coordinates": [ 140.515421800000013, 37.8458036 ] } },
{ "type": "Feature", "properties": { "内容": "サンサンケアステーション【居宅介護支援】福島県伊達郡桑折町谷地字道下20-1シニアシェアハウス　サンシア", "url": "https://www.kaigokensaku.mhlw.go.jp/07/index.php?action_kouhyou_detail_004_kani=true&JigyosyoCd=0772000881-00&ServiceCd=430&Type=search", "url2": "https://www.sankyo-hire.com/" }, "geometry": { "type": "Point", "coordinates": [ 140.519786349568193, 37.85509086563669 ] } },
{ "type": "Feature", "properties": { "内容": "NPOまごころ支援【居宅介護支援】福島県伊達郡国見町藤田字日渡四18-1", "url": "https://www.kaigokensaku.mhlw.go.jp/07/index.php?action_kouhyou_detail_004_kani=true&JigyosyoCd=0772001251-00&ServiceCd=430&Type=search", "url2": "https://www.magokoro923.com/" }, "geometry": { "type": "Point", "coordinates": [ 140.545221648023926, 37.874500762229843 ] } },
{ "type": "Feature", "properties": { "内容": "シルバー専科日和くにみ指定居宅介護支援事業所【居宅介護支援】福島県伊達郡国見町小坂梅ノ町９－９", "url": "https://www.kaigokensaku.mhlw.go.jp/07/index.php?action_kouhyou_detail_004_kani=true&JigyosyoCd=0772001525-00&ServiceCd=430&Type=search", "url2": "http://www.s-hiyori.com/" }, "geometry": { "type": "Point", "coordinates": [ 140.5366438, 37.8786924 ] } },
{ "type": "Feature", "properties": { "内容": "社会福祉法人　国見町社会福祉協議会指定居宅介護支援事業所【居宅介護支援】福島県伊達郡国見町大字藤田字南44番1", "url": "https://www.kaigokensaku.mhlw.go.jp/07/index.php?action_kouhyou_detail_004_kani=true&JigyosyoCd=0772000378-00&ServiceCd=430&Type=search", "url2": "http://www.kunimi-shakyo.or.jp/" }, "geometry": { "type": "Point", "coordinates": [ 140.544626599999987, 37.8750483 ] } },
{ "type": "Feature", "properties": { "内容": "川俣町社会福祉協議会指定居宅介護支援事業所【居宅介護支援】福島県伊達郡川俣町字川原田19-2", "url": "https://www.kaigokensaku.mhlw.go.jp/07/index.php?action_kouhyou_detail_004_kani=true&JigyosyoCd=0772000337-00&ServiceCd=430&Type=search", "url2": "<kawasha4@kawamata-shakyo.or.jp>" }, "geometry": { "type": "Point", "coordinates": [ 140.606821200000013, 37.6574534 ] } },
{ "type": "Feature", "properties": { "内容": "済生会かわまた居宅介護支援事業所【居宅介護支援】福島県伊達郡川俣町字五百田２０－１", "url": "https://www.kaigokensaku.mhlw.go.jp/07/index.php?action_kouhyou_detail_004_kani=true&JigyosyoCd=0772000667-00&ServiceCd=430&Type=search", "url2": "kawamata.saiseikai.or.jp" }, "geometry": { "type": "Point", "coordinates": [ 140.599287761376871, 37.666168202198122 ] } },
{ "type": "Feature", "properties": { "内容": "JAふくしま未来介護プランセンターかわまた【居宅介護支援】福島県伊達郡川俣町大字鶴沢字鶴東24番地ＪＡふくしま未来　川俣飯野営農センター2階", "url": "https://www.kaigokensaku.mhlw.go.jp/07/index.php?action_kouhyou_detail_004_kani=true&JigyosyoCd=0772001228-00&ServiceCd=430&Type=search", "url2": null }, "geometry": { "type": "Point", "coordinates": [ 140.580322298756101, 37.664853421521229 ] } },
{ "type": "Feature", "properties": { "内容": "南東北川俣居宅介護支援事業所【居宅介護支援】福島県伊達郡川俣町大字鶴沢字池ノ上30－1", "url": "https://www.kaigokensaku.mhlw.go.jp/07/index.php?action_kouhyou_detail_004_kani=true&JigyosyoCd=0772000931-00&ServiceCd=430&Type=search", "url2": "http://www.minamitohoku.or.jp/kawamata/index.htm" }, "geometry": { "type": "Point", "coordinates": [ 140.575051700000017, 37.6636992 ] } },
{ "type": "Feature", "properties": { "内容": "社会福祉法人大玉村社会福祉協議会　大玉村指定居宅介護支援事業所【居宅介護支援】福島県安達郡大玉村玉井字台36番地1大玉村地域包括支援センター", "url": "https://www.kaigokensaku.mhlw.go.jp/07/index.php?action_kouhyou_detail_004_kani=true&JigyosyoCd=0772100129-00&ServiceCd=430&Type=search", "url2": "http://ootama-syakyo.jp" }, "geometry": { "type": "Point", "coordinates": [ 140.369542100000018, 37.5348669 ] } },
{ "type": "Feature", "properties": { "内容": "居宅介護支援事業所　菜の花【居宅介護支援】福島県岩瀬郡鏡石町本町50", "url": "https://www.kaigokensaku.mhlw.go.jp/07/index.php?action_kouhyou_detail_004_kani=true&JigyosyoCd=0772200283-00&ServiceCd=430&Type=search", "url2": null }, "geometry": { "type": "Point", "coordinates": [ 140.349660299999982, 37.2592545 ] } },
{ "type": "Feature", "properties": { "内容": "岩瀬福祉会ケアプランセンターほほえみ【居宅介護支援】福島県岩瀬郡天栄村大字下松本字東田２３", "url": "https://www.kaigokensaku.mhlw.go.jp/07/index.php?action_kouhyou_detail_004_kani=true&JigyosyoCd=0772200026-00&ServiceCd=430&Type=search", "url2": "http://www.sw.iwasefukushi.jp/" }, "geometry": { "type": "Point", "coordinates": [ 140.243440700000065, 37.2564255 ] } },
{ "type": "Feature", "properties": { "内容": "下郷町居宅介護支援事業所【居宅介護支援】福島県南会津郡下郷町大字湯野上字杉ノ内乙548番地", "url": "https://www.kaigokensaku.mhlw.go.jp/07/index.php?action_kouhyou_detail_004_kani=true&JigyosyoCd=0772300042-00&ServiceCd=430&Type=search", "url2": "https://simogo-shakyo.or.jp" }, "geometry": { "type": "Point", "coordinates": [ 139.8992356, 37.2955212 ] } },
{ "type": "Feature", "properties": { "内容": "医療法人　正生会　佐藤医院　居宅介護支援事業所【居宅介護支援】福島県南会津郡下郷町大字塩生字下タ原1317番地", "url": "https://www.kaigokensaku.mhlw.go.jp/07/index.php?action_kouhyou_detail_004_kani=true&JigyosyoCd=0772300307-00&ServiceCd=430&Type=search", "url2": "http://www.shoseikai.or.jp" }, "geometry": { "type": "Point", "coordinates": [ 139.87104249999993, 37.2512471 ] } },
{ "type": "Feature", "properties": { "内容": "檜枝岐村居宅介護支援事業所【居宅介護支援】福島県南会津郡檜枝岐村字下ノ台401番地4檜枝岐村福祉センター", "url": "https://www.kaigokensaku.mhlw.go.jp/07/index.php?action_kouhyou_detail_004_kani=true&JigyosyoCd=0772300158-00&ServiceCd=430&Type=search", "url2": null }, "geometry": { "type": "Point", "coordinates": [ 139.3866098, 37.0207485 ] } },
{ "type": "Feature", "properties": { "内容": "只見指定居宅介護支援事業所【居宅介護支援】福島県南会津郡只見町大字長浜字久保田31番地", "url": "https://www.kaigokensaku.mhlw.go.jp/07/index.php?action_kouhyou_detail_004_kani=true&JigyosyoCd=0772300422-00&ServiceCd=430&Type=search", "url2": "http://minamiaidukai.or.jp/" }, "geometry": { "type": "Point", "coordinates": [ 139.374706734254431, 37.304552643162467 ] } },
{ "type": "Feature", "properties": { "内容": "南郷指定居宅介護支援事業所【居宅介護支援】福島県南会津郡南会津町片貝字根木屋向１番地１", "url": "https://www.kaigokensaku.mhlw.go.jp/07/index.php?action_kouhyou_detail_004_kani=true&JigyosyoCd=0772300067-00&ServiceCd=430&Type=search", "url2": null }, "geometry": { "type": "Point", "coordinates": [ 139.531204200000047, 37.2732583 ] } },
{ "type": "Feature", "properties": { "内容": "田島指定居宅介護支援事業所【居宅介護支援】福島県南会津郡南会津町永田字風下3番地1", "url": "https://www.kaigokensaku.mhlw.go.jp/07/index.php?action_kouhyou_detail_004_kani=true&JigyosyoCd=0772300024-00&ServiceCd=430&Type=search", "url2": null }, "geometry": { "type": "Point", "coordinates": [ 139.759997399999946, 37.2046494 ] } },
{ "type": "Feature", "properties": { "内容": "居宅介護支援事業所　優雅【居宅介護支援】福島県南会津郡南会津町田島字北下原111番", "url": "https://www.kaigokensaku.mhlw.go.jp/07/index.php?action_kouhyou_detail_004_kani=true&JigyosyoCd=0772300687-00&ServiceCd=430&Type=search", "url2": "https://ouzyukai.jp" }, "geometry": { "type": "Point", "coordinates": [ 139.7880801, 37.2078332 ] } },
{ "type": "Feature", "properties": { "内容": "南会津町社協指定居宅介護支援事業所【居宅介護支援】福島県南会津郡南会津町田島字中町甲３９1８番地１０", "url": "https://www.kaigokensaku.mhlw.go.jp/07/index.php?action_kouhyou_detail_004_kani=true&JigyosyoCd=0772300554-00&ServiceCd=430&Type=search", "url2": "https://www.m-aizu-shakyo.or.jp/" }, "geometry": { "type": "Point", "coordinates": [ 139.773957, 37.2007115 ] } },
{ "type": "Feature", "properties": { "内容": "ＪＡ会津よつば福祉支援センター　みなみ【居宅介護支援】福島県南会津郡南会津町田島字行司７６番地", "url": "https://www.kaigokensaku.mhlw.go.jp/07/index.php?action_kouhyou_detail_004_kani=true&JigyosyoCd=0772300711-00&ServiceCd=430&Type=search", "url2": null }, "geometry": { "type": "Point", "coordinates": [ 139.771507978573595, 37.204432018006841 ] } },
{ "type": "Feature", "properties": { "内容": "南会津町伊南指定居宅介護支援事業所【居宅介護支援】福島県南会津郡南会津町古町字太子堂186-2", "url": "https://www.kaigokensaku.mhlw.go.jp/07/index.php?action_kouhyou_detail_004_kani=true&JigyosyoCd=0772300083-00&ServiceCd=430&Type=search", "url2": "http://minamiaidukai.or.jp/publics/index/64/#page-content" }, "geometry": { "type": "Point", "coordinates": [ 139.527395299475074, 37.186177611161874 ] } },
{ "type": "Feature", "properties": { "内容": "居宅介護支援事業所　こころ【居宅介護支援】福島県耶麻郡北塩原村大字北山字地蔵堂２９０６番地１", "url": "https://www.kaigokensaku.mhlw.go.jp/07/index.php?action_kouhyou_detail_004_kani=true&JigyosyoCd=0772500666-00&ServiceCd=430&Type=search", "url2": "onods‐fuyokai＠bizimo.JP" }, "geometry": { "type": "Point", "coordinates": [ 139.9352525, 37.6553321 ] } },
{ "type": "Feature", "properties": { "内容": "社会福祉法人　北塩原村社会福祉協議会【居宅介護支援】福島県耶麻郡北塩原村大字大塩字堀田山8518番地93", "url": "https://www.kaigokensaku.mhlw.go.jp/07/index.php?action_kouhyou_detail_004_kani=true&JigyosyoCd=0772500112-00&ServiceCd=430&Type=search", "url2": "http://kitashiobara-shakyo.or.jp/" }, "geometry": { "type": "Point", "coordinates": [ 140.015023099999979, 37.6611356 ] } },
{ "type": "Feature", "properties": { "内容": "西会津町居宅介護支援事業所【居宅介護支援】福島県耶麻郡西会津町登世島字田畑乙2042-89", "url": "https://www.kaigokensaku.mhlw.go.jp/07/index.php?action_kouhyou_detail_004_kani=true&JigyosyoCd=0772500047-00&ServiceCd=430&Type=search", "url2": "http://nishiaizu-fukushi.jp" }, "geometry": { "type": "Point", "coordinates": [ 139.6391949, 37.5970886 ] } },
{ "type": "Feature", "properties": { "内容": "磐梯町居宅介護支援事業所【居宅介護支援】福島県耶麻郡磐梯町大字磐梯字諏訪山２９２６番地", "url": "https://www.kaigokensaku.mhlw.go.jp/07/index.php?action_kouhyou_detail_004_kani=true&JigyosyoCd=0772500062-00&ServiceCd=430&Type=search", "url2": "http://www.bandai.gr.jp" }, "geometry": { "type": "Point", "coordinates": [ 139.981228, 37.5571353 ] } },
{ "type": "Feature", "properties": { "内容": "指定居宅介護支援事業所ケアテル介護センター【居宅介護支援】福島県耶麻郡猪苗代町川桁字元寺２４０３番地１介護老人保健施設　ケアテル猪苗代内", "url": "https://www.kaigokensaku.mhlw.go.jp/07/index.php?action_kouhyou_detail_004_kani=true&JigyosyoCd=0772500427-00&ServiceCd=430&Type=search", "url2": "http;//www.caretel.jp" }, "geometry": { "type": "Point", "coordinates": [ 140.102874899999961, 37.549724800000014 ] } },
{ "type": "Feature", "properties": { "内容": "ゆうき指定居宅介護支援事業所【居宅介護支援】福島県耶麻郡猪苗代町字芦原９１番地１サンライズビル１階２号", "url": "https://www.kaigokensaku.mhlw.go.jp/07/index.php?action_kouhyou_detail_004_kani=true&JigyosyoCd=0772500583-00&ServiceCd=430&Type=search", "url2": "http://hp.kaipoke.biz/4u1/" }, "geometry": { "type": "Point", "coordinates": [ 140.108648704932023, 37.556475544302479 ] } },
{ "type": "Feature", "properties": { "内容": "いなわしろホーム指定居宅介護支援事業所【居宅介護支援】福島県耶麻郡猪苗代町大字三郷字寺南7962番地1", "url": "https://www.kaigokensaku.mhlw.go.jp/07/index.php?action_kouhyou_detail_004_kani=true&JigyosyoCd=0772500011-00&ServiceCd=430&Type=search", "url2": "http://www.inawashiro-home.org/" }, "geometry": { "type": "Point", "coordinates": [ 140.1386344, 37.5633738 ] } },
{ "type": "Feature", "properties": { "内容": "居宅介護支援事業所　わかば【居宅介護支援】福島県耶麻郡猪苗代町大字磐里字百目貫736番地1", "url": "https://www.kaigokensaku.mhlw.go.jp/07/index.php?action_kouhyou_detail_004_kani=true&JigyosyoCd=0772500633-00&ServiceCd=430&Type=search", "url2": null }, "geometry": { "type": "Point", "coordinates": [ 140.099910935696016, 37.548632611256622 ] } },
{ "type": "Feature", "properties": { "内容": "坂下厚生総合病院居宅介護支援事業所【居宅介護支援】福島県河沼郡会津坂下町字上柳田２２１０－１", "url": "https://www.kaigokensaku.mhlw.go.jp/07/index.php?action_kouhyou_detail_004_kani=true&JigyosyoCd=0772600045-00&ServiceCd=430&Type=search", "url2": ":http//www15.ocn.ne.jp/~bange/" }, "geometry": { "type": "Point", "coordinates": [ 139.807811383318011, 37.565770045761965 ] } },
{ "type": "Feature", "properties": { "内容": "マイム居宅支援センターばんげ【居宅介護支援】福島県会津坂下町台ノ下７４５番地", "url": "https://www.kaigokensaku.mhlw.go.jp/07/index.php?action_kouhyou_detail_004_kani=true&JigyosyoCd=0772600367-00&ServiceCd=430&Type=search", "url2": "http://www.aizu-jp.net/maimu/" }, "geometry": { "type": "Point", "coordinates": [ 139.833122199999906, 37.5588565 ] } },
{ "type": "Feature", "properties": { "内容": "会津寿楽指定居宅介護支援事業所【居宅介護支援】福島県河沼郡会津坂下町字中岩田95", "url": "https://www.kaigokensaku.mhlw.go.jp/07/index.php?action_kouhyou_detail_004_kani=true&JigyosyoCd=0772600035-00&ServiceCd=430&Type=search", "url2": null }, "geometry": { "type": "Point", "coordinates": [ 139.812281125933822, 37.561308421959673 ] } },
{ "type": "Feature", "properties": { "内容": "ニチイケアセンターばんげ【居宅介護支援】福島県河沼郡会津坂下町大字宮古字村西40-3", "url": "https://www.kaigokensaku.mhlw.go.jp/07/index.php?action_kouhyou_detail_004_kani=true&JigyosyoCd=0772600201-00&ServiceCd=430&Type=search", "url2": "htt://www.nichiigakkan.co.jp" }, "geometry": { "type": "Point", "coordinates": [ 139.8474043, 37.557371 ] } },
{ "type": "Feature", "properties": { "内容": "健康倶楽部あいづ　居宅介護支援事業所【居宅介護支援】福島県河沼郡会津坂下町字惣六１０番地", "url": "https://www.kaigokensaku.mhlw.go.jp/07/index.php?action_kouhyou_detail_004_kani=true&JigyosyoCd=0772600458-00&ServiceCd=430&Type=search", "url2": "http://www.heiseikai-group.com/" }, "geometry": { "type": "Point", "coordinates": [ 139.809561467845128, 37.563067007237969 ] } },
{ "type": "Feature", "properties": { "内容": "湯川村居宅介護支援事業所【居宅介護支援】福島県河沼郡湯川村大字笈川字長瀞甲８７５－６湯川村デイサービスセンター", "url": "https://www.kaigokensaku.mhlw.go.jp/07/index.php?action_kouhyou_detail_004_kani=true&JigyosyoCd=0772600342-00&ServiceCd=430&Type=search", "url2": null }, "geometry": { "type": "Point", "coordinates": [ 139.886078, 37.5657045 ] } },
{ "type": "Feature", "properties": { "内容": "柳津指定居宅介護支援事業所【居宅介護支援】福島県河沼郡柳津町大字柳津字上荒町甲1118", "url": "https://www.kaigokensaku.mhlw.go.jp/07/index.php?action_kouhyou_detail_004_kani=true&JigyosyoCd=0772600102-00&ServiceCd=430&Type=search", "url2": "http：//www．magokoro‐egao‐anshin.com/" }, "geometry": { "type": "Point", "coordinates": [ 139.726425100000029, 37.5276932 ] } },
{ "type": "Feature", "properties": { "内容": "かねやまホーム居宅介護支援事業所【居宅介護支援】福島県大沼郡金山町大字中川字沖根原1324番地", "url": "https://www.kaigokensaku.mhlw.go.jp/07/index.php?action_kouhyou_detail_004_kani=true&JigyosyoCd=0772700025-00&ServiceCd=430&Type=search", "url2": "https://www.kaneyama-f.or.jp/pages/17/" }, "geometry": { "type": "Point", "coordinates": [ 139.529466, 37.4745462 ] } },
{ "type": "Feature", "properties": { "内容": "すみれ荘居宅介護支援事業所【居宅介護支援】福島県大沼郡昭和村大字小中津川字石仏1836番地保健・医療・福祉総合センターすみれ荘", "url": "https://www.kaigokensaku.mhlw.go.jp/07/index.php?action_kouhyou_detail_004_kani=true&JigyosyoCd=0772700530-00&ServiceCd=430&Type=search", "url2": "http://www.shouwa-home-fukushima.jp" }, "geometry": { "type": "Point", "coordinates": [ 139.617934500000047, 37.331756 ] } },
{ "type": "Feature", "properties": { "内容": "宮川荘居宅介護支援事業所【居宅介護支援】福島県大沼郡会津美里町字高田道上2869-8社会福祉法人千桜会　在宅総合ケアセンター", "url": "https://www.kaigokensaku.mhlw.go.jp/07/index.php?action_kouhyou_detail_004_kani=true&JigyosyoCd=0772700017-00&ServiceCd=430&Type=search", "url2": "miyakawa_kyotaku@senoukai.or.jp" }, "geometry": { "type": "Point", "coordinates": [ 139.846273813214111, 37.468393656259288 ] } },
{ "type": "Feature", "properties": { "内容": "医療法人明精会　会津本郷指定居宅介護支援事業所【居宅介護支援】福島県大沼郡会津美里町字北川原１９番地", "url": "https://www.kaigokensaku.mhlw.go.jp/07/index.php?action_kouhyou_detail_004_kani=true&JigyosyoCd=0772700183-00&ServiceCd=430&Type=search", "url2": "http://www.meisei-kai.or.jp" }, "geometry": { "type": "Point", "coordinates": [ 139.885746299999937, 37.4521532 ] } },
{ "type": "Feature", "properties": { "内容": "マイム居宅支援センターみさと【居宅介護支援】福島県大沼郡会津美里町布才地638-1", "url": "https://www.kaigokensaku.mhlw.go.jp/07/index.php?action_kouhyou_detail_004_kani=true&JigyosyoCd=0772700522-00&ServiceCd=430&Type=search", "url2": "maimu_misato@aizu-jp.net" }, "geometry": { "type": "Point", "coordinates": [ 139.835363, 37.4602003 ] } },
{ "type": "Feature", "properties": { "内容": "ＪＡ会津よつば　福祉支援センター　みどり【居宅介護支援】福島県大沼郡会津美里町立石田字古宮前甲362-2", "url": "https://www.kaigokensaku.mhlw.go.jp/07/index.php?action_kouhyou_detail_004_kani=true&JigyosyoCd=0772700480-00&ServiceCd=430&Type=search", "url2": null }, "geometry": { "type": "Point", "coordinates": [ 139.829152199999953, 37.516967 ] } },
{ "type": "Feature", "properties": { "内容": "指定居宅介護支援事業所　えんじゅ【居宅介護支援】福島県大沼郡会津美里町勝原字西勝728番地1", "url": "https://www.kaigokensaku.mhlw.go.jp/07/index.php?action_kouhyou_detail_004_kani=true&JigyosyoCd=0772700514-00&ServiceCd=430&Type=search", "url2": "https://enjyudayservice.wixsite.com/enjyu" }, "geometry": { "type": "Point", "coordinates": [ 139.854039868219161, 37.445665687088358 ] } },
{ "type": "Feature", "properties": { "内容": "グリーンケア　居宅介護支援事業所【居宅介護支援】福島県大沼郡会津美里町荻窪字上野185番地", "url": "https://www.kaigokensaku.mhlw.go.jp/07/index.php?action_kouhyou_detail_004_kani=true&JigyosyoCd=0772700033-00&ServiceCd=430&Type=search", "url2": "http://www.heiseikai-group.com/" }, "geometry": { "type": "Point", "coordinates": [ 139.809628263754234, 37.450754866094165 ] } },
{ "type": "Feature", "properties": { "内容": "ハーモニーハウス指定居宅介護支援事業所【居宅介護支援】福島県大沼郡会津美里町字北川原14番地ケアハウスハーモニーほんごう内", "url": "https://www.kaigokensaku.mhlw.go.jp/07/index.php?action_kouhyou_detail_004_kani=true&JigyosyoCd=0772700399-00&ServiceCd=430&Type=search", "url2": "http://www.sin-ai.com/" }, "geometry": { "type": "Point", "coordinates": [ 139.886010100000021, 37.4532031 ] } },
{ "type": "Feature", "properties": { "内容": "さくらさくら介護支援センター【居宅介護支援】福島県西白河郡西郷村大字羽太字清水窪1-104", "url": "https://www.kaigokensaku.mhlw.go.jp/07/index.php?action_kouhyou_detail_004_kani=true&JigyosyoCd=0772801098-00&ServiceCd=430&Type=search", "url2": null }, "geometry": { "type": "Point", "coordinates": [ 140.1669779, 37.161013500000031 ] } },
{ "type": "Feature", "properties": { "内容": "はるかぜ居宅介護支援事業所【居宅介護支援】福島県西白河郡西郷村大字熊倉字道場久保51-10", "url": "https://www.kaigokensaku.mhlw.go.jp/07/index.php?action_kouhyou_detail_004_kani=true&JigyosyoCd=0772800892-00&ServiceCd=430&Type=search", "url2": null }, "geometry": { "type": "Point", "coordinates": [ 140.183247400000027, 37.1452204 ] } },
{ "type": "Feature", "properties": { "内容": "社会福祉法人西郷村社会福祉協議会指定居宅介護支援事業所【居宅介護支援】福島県西白河郡西郷村大字小田倉字上川向７６番地１", "url": "https://www.kaigokensaku.mhlw.go.jp/07/index.php?action_kouhyou_detail_004_kani=true&JigyosyoCd=0772800249-00&ServiceCd=430&Type=search", "url2": "http://nishigo-shakyo.or.jp/" }, "geometry": { "type": "Point", "coordinates": [ 140.156498478573667, 37.124569260246645 ] } },
{ "type": "Feature", "properties": { "内容": "丸光居宅介護支援事業所【居宅介護支援】福島県西白河郡西郷村大字柏野字鞍石１５－１", "url": "https://www.kaigokensaku.mhlw.go.jp/07/index.php?action_kouhyou_detail_004_kani=true&JigyosyoCd=0772800462-00&ServiceCd=430&Type=search", "url2": "https://marumitsu-care.jp/" }, "geometry": { "type": "Point", "coordinates": [ 140.1788666, 37.1592301 ] } },
{ "type": "Feature", "properties": { "内容": "ワンランド西郷居宅支援事業所【居宅介護支援】福島県西白河郡西郷村大字小田倉字大平　1-181", "url": "https://www.kaigokensaku.mhlw.go.jp/07/index.php?action_kouhyou_detail_004_kani=true&JigyosyoCd=0772800710-00&ServiceCd=430&Type=search", "url2": "care-nishigo@ｏｎｅland.co.jp" }, "geometry": { "type": "Point", "coordinates": [ 140.168822099999943, 37.1062554 ] } },
{ "type": "Feature", "properties": { "内容": "ニコニコ居宅介護支援事業所【居宅介護支援】福島県西白河郡西郷村字下前田東５－１", "url": "https://www.kaigokensaku.mhlw.go.jp/07/index.php?action_kouhyou_detail_004_kani=true&JigyosyoCd=0772800504-00&ServiceCd=430&Type=search", "url2": "http://www.hakueikai.gr.jp" }, "geometry": { "type": "Point", "coordinates": [ 140.19035580000002, 37.1228673 ] } },
{ "type": "Feature", "properties": { "内容": "泉崎村社会福祉協議会指定居宅介護支援事業所【居宅介護支援】福島県西白河郡泉崎村大字泉崎字山ヶ入１０１番地泉崎村保健福祉総合センター内", "url": "https://www.kaigokensaku.mhlw.go.jp/07/index.php?action_kouhyou_detail_004_kani=true&JigyosyoCd=0772800082-00&ServiceCd=430&Type=search", "url2": null }, "geometry": { "type": "Point", "coordinates": [ 140.291604799999959, 37.1581216 ] } },
{ "type": "Feature", "properties": { "内容": "泉崎南東北居宅介護支援事業所【居宅介護支援】福島県西白河郡泉崎村大字泉崎字山ヶ入１０１", "url": "https://www.kaigokensaku.mhlw.go.jp/07/index.php?action_kouhyou_detail_004_kani=true&JigyosyoCd=0772800801-00&ServiceCd=430&Type=search", "url2": "http://www.minamitohoku.or.jp/izumizaki/rehabilitation.html" }, "geometry": { "type": "Point", "coordinates": [ 140.291604799999959, 37.1581216 ] } },
{ "type": "Feature", "properties": { "内容": "居宅介護支援事業所　ひかりの里【居宅介護支援】福島県西白河郡中島村大字滑津字宿裏１０番地１", "url": "https://www.kaigokensaku.mhlw.go.jp/07/index.php?action_kouhyou_detail_004_kani=true&JigyosyoCd=0772800975-00&ServiceCd=430&Type=search", "url2": "http://www.so-we-cosmo.or.jp/" }, "geometry": { "type": "Point", "coordinates": [ 140.361430599999949, 37.1533367 ] } },
{ "type": "Feature", "properties": { "内容": "中島村社会福祉協議会居宅介護支援事業所【居宅介護支援】福島県西白河郡中島村滑津字二ツ山65番地3", "url": "https://www.kaigokensaku.mhlw.go.jp/07/index.php?action_kouhyou_detail_004_kani=true&JigyosyoCd=0772800033-00&ServiceCd=430&Type=search", "url2": null }, "geometry": { "type": "Point", "coordinates": [ 140.349934500000018, 37.1531449 ] } },
{ "type": "Feature", "properties": { "内容": "寿光園居宅介護支援事業所【居宅介護支援】福島県西白河郡矢吹町滝八幡159-2", "url": "https://www.kaigokensaku.mhlw.go.jp/07/index.php?action_kouhyou_detail_004_kani=true&JigyosyoCd=0772800785-00&ServiceCd=430&Type=search", "url2": "http://www.jyukouen.or.jp" }, "geometry": { "type": "Point", "coordinates": [ 140.3189175, 37.2143697 ] } },
{ "type": "Feature", "properties": { "内容": "居宅介護支援事業所きたむら【居宅介護支援】福島県西白河郡矢吹町八幡町２５６－１", "url": "https://www.kaigokensaku.mhlw.go.jp/07/index.php?action_kouhyou_detail_004_kani=true&JigyosyoCd=0772800587-00&ServiceCd=430&Type=search", "url2": null }, "geometry": { "type": "Point", "coordinates": [ 140.331062200000019, 37.1980363 ] } },
{ "type": "Feature", "properties": { "内容": "サンスマイル居宅介護支援事業所【居宅介護支援】福島県西白河郡矢吹町田町８６－３", "url": "https://www.kaigokensaku.mhlw.go.jp/07/index.php?action_kouhyou_detail_004_kani=true&JigyosyoCd=0772800876-00&ServiceCd=430&Type=search", "url2": "http://sunsmile.jp.net／" }, "geometry": { "type": "Point", "coordinates": [ 140.325374199999942, 37.1920509 ] } },
{ "type": "Feature", "properties": { "内容": "南東北矢吹居宅介護支援事業所【居宅介護支援】福島県西白河郡矢吹町文京町226", "url": "https://www.kaigokensaku.mhlw.go.jp/07/index.php?action_kouhyou_detail_004_kani=true&JigyosyoCd=0772800447-00&ServiceCd=430&Type=search", "url2": "http://www.asahi-providence.com/" }, "geometry": { "type": "Point", "coordinates": [ 140.338734100000011, 37.1881902 ] } },
{ "type": "Feature", "properties": { "内容": "すみれ介護相談センター【居宅介護支援】福島県西白河郡矢吹町本町198番地", "url": "https://www.kaigokensaku.mhlw.go.jp/07/index.php?action_kouhyou_detail_004_kani=true&JigyosyoCd=0772800314-00&ServiceCd=430&Type=search", "url2": "http://www.aida-hp.or.jp/" }, "geometry": { "type": "Point", "coordinates": [ 140.326401, 37.2062047 ] } },
{ "type": "Feature", "properties": { "内容": "居宅介護支援事業所　サポート【居宅介護支援】福島県西白河郡矢吹町27", "url": "https://www.kaigokensaku.mhlw.go.jp/07/index.php?action_kouhyou_detail_004_kani=true&JigyosyoCd=0772801015-00&ServiceCd=430&Type=search", "url2": null }, "geometry": { "type": "Point", "coordinates": [ 140.321224499999971, 37.1931618 ] } },
{ "type": "Feature", "properties": { "内容": "東西しらかわ農業協同組合　居宅介護支援事業所【居宅介護支援】福島県東白川郡棚倉町流字中豊８８", "url": "https://www.kaigokensaku.mhlw.go.jp/07/index.php?action_kouhyou_detail_004_kani=true&JigyosyoCd=0772900353-00&ServiceCd=430&Type=search", "url2": "http://www.touzai7.com" }, "geometry": { "type": "Point", "coordinates": [ 140.389879599999972, 36.9981901 ] } },
{ "type": "Feature", "properties": { "内容": "しあわせ指定居宅介護支援事業所【居宅介護支援】福島県東白川郡棚倉町大字棚倉字中居野68－1棚倉町保健福祉センター", "url": "https://www.kaigokensaku.mhlw.go.jp/07/index.php?action_kouhyou_detail_004_kani=true&JigyosyoCd=0772900047-00&ServiceCd=430&Type=search", "url2": "http://tanagurashakyo.jp" }, "geometry": { "type": "Point", "coordinates": [ 140.3801343, 37.0288333 ] } },
{ "type": "Feature", "properties": { "内容": "寿恵園居宅介護支援事業所【居宅介護支援】福島県東白川郡棚倉町大字棚倉字舘ヶ丘79番地", "url": "https://www.kaigokensaku.mhlw.go.jp/07/index.php?action_kouhyou_detail_004_kani=true&JigyosyoCd=0772900013-00&ServiceCd=430&Type=search", "url2": "http://www.jyukeien.com/" }, "geometry": { "type": "Point", "coordinates": [ 140.376423899999963, 37.0222757 ] } },
{ "type": "Feature", "properties": { "内容": "居宅介護支援事業所　なごみ【居宅介護支援】福島県東白川郡棚倉町大字棚倉字南町195番地1", "url": "https://www.kaigokensaku.mhlw.go.jp/07/index.php?action_kouhyou_detail_004_kani=true&JigyosyoCd=0772900387-00&ServiceCd=430&Type=search", "url2": null }, "geometry": { "type": "Point", "coordinates": [ 140.390134752359018, 37.022534461606121 ] } },
{ "type": "Feature", "properties": { "内容": "指定居宅介護支援事業所　社会福祉法人　矢祭町社会福祉協議会【居宅介護支援】福島県東白川郡矢祭町大字小田川字春田16-1矢祭町山村開発センター", "url": "https://www.kaigokensaku.mhlw.go.jp/07/index.php?action_kouhyou_detail_004_kani=true&JigyosyoCd=0772900114-00&ServiceCd=430&Type=search", "url2": "http://yamatsurisyakyo.or.jp/" }, "geometry": { "type": "Point", "coordinates": [ 140.424483169975275, 36.865796310532573 ] } },
{ "type": "Feature", "properties": { "内容": "藤井ハイム居宅介護支援事業所【居宅介護支援】福島県東白川郡塙町大字伊香字中妻241-1", "url": "https://www.kaigokensaku.mhlw.go.jp/07/index.php?action_kouhyou_detail_004_kani=true&JigyosyoCd=0772900346-00&ServiceCd=430&Type=search", "url2": "hanawa@seijikai.or.jp" }, "geometry": { "type": "Point", "coordinates": [ 140.401227, 36.940128 ] } },
{ "type": "Feature", "properties": { "内容": "塙町指定居宅介護支援事業所【居宅介護支援】福島県東白川郡塙町大字塙字材木町３２番地", "url": "https://www.kaigokensaku.mhlw.go.jp/07/index.php?action_kouhyou_detail_004_kani=true&JigyosyoCd=0772900106-00&ServiceCd=430&Type=search", "url2": null }, "geometry": { "type": "Point", "coordinates": [ 140.409598637285285, 36.960974431113705 ] } },
{ "type": "Feature", "properties": { "内容": "塙厚生病院居宅介護支援事業所【居宅介護支援】福島県東白川郡塙町大字塙字大町1丁目5番地", "url": "https://www.kaigokensaku.mhlw.go.jp/07/index.php?action_kouhyou_detail_004_kani=true&JigyosyoCd=0772900021-00&ServiceCd=430&Type=search", "url2": "http://www.hanawa-fkousei.jp/" }, "geometry": { "type": "Point", "coordinates": [ 140.408359099999984, 36.9601452 ] } },
{ "type": "Feature", "properties": { "内容": "鮫川村介護支援事業所「ひだまり荘」【居宅介護支援】福島県東白川郡鮫川村大字赤坂中野字宿ノ入35", "url": "https://www.kaigokensaku.mhlw.go.jp/07/index.php?action_kouhyou_detail_004_kani=true&JigyosyoCd=0772900031-00&ServiceCd=430&Type=search", "url2": null }, "geometry": { "type": "Point", "coordinates": [ 140.4978731, 37.0429685 ] } },
{ "type": "Feature", "properties": { "内容": "JA夢みなみ福祉センターいしかわ　居宅介護支援事業所【居宅介護支援】福島県石川郡石川町大字双里字神主17", "url": "https://www.kaigokensaku.mhlw.go.jp/07/index.php?action_kouhyou_detail_004_kani=true&JigyosyoCd=0773000534-00&ServiceCd=430&Type=search", "url2": null }, "geometry": { "type": "Point", "coordinates": [ 140.4765744, 37.1468995 ] } },
{ "type": "Feature", "properties": { "内容": "居宅介護支援事業所　ポプラ【居宅介護支援】福島県石川郡石川町字新町98番地の1", "url": "https://www.kaigokensaku.mhlw.go.jp/07/index.php?action_kouhyou_detail_004_kani=true&JigyosyoCd=0773000351-00&ServiceCd=430&Type=search", "url2": "http://www.seireikai.net" }, "geometry": { "type": "Point", "coordinates": [ 140.454592300000058, 37.1483597 ] } },
{ "type": "Feature", "properties": { "内容": "石川町在宅介護支援センターさくら荘【居宅介護支援】福島県石川郡石川町大字南山形字中野沢５４", "url": "https://www.kaigokensaku.mhlw.go.jp/07/index.php?action_kouhyou_detail_004_kani=true&JigyosyoCd=0773000039-00&ServiceCd=430&Type=search", "url2": null }, "geometry": { "type": "Point", "coordinates": [ 140.4689674, 37.1157561 ] } },
{ "type": "Feature", "properties": { "内容": "ライフケアステーションまつたや【居宅介護支援】福島県石川郡石川町字長久保92-1", "url": "https://www.kaigokensaku.mhlw.go.jp/07/index.php?action_kouhyou_detail_004_kani=true&JigyosyoCd=0773000518-00&ServiceCd=430&Type=search", "url2": "www.matsutaya-kaigo.com" }, "geometry": { "type": "Point", "coordinates": [ 140.447195330688487, 37.152057750820511 ] } },
{ "type": "Feature", "properties": { "内容": "石川町指定居宅介護支援事業所【居宅介護支援】福島県石川郡石川町字渡里沢37-5", "url": "https://www.kaigokensaku.mhlw.go.jp/07/index.php?action_kouhyou_detail_004_kani=true&JigyosyoCd=0773000203-00&ServiceCd=430&Type=search", "url2": "http://schit.net/ishikawa-shakyo/home" }, "geometry": { "type": "Point", "coordinates": [ 140.440966974232794, 37.144796878031975 ] } },
{ "type": "Feature", "properties": { "内容": "玉川村居宅介護支援センター【居宅介護支援】福島県石川郡玉川村大字中字入山59番地玉川村ふれあいセンター", "url": "https://www.kaigokensaku.mhlw.go.jp/07/index.php?action_kouhyou_detail_004_kani=true&JigyosyoCd=0773000096-00&ServiceCd=430&Type=search", "url2": "http://www.tamakawa-shakyo.jp/" }, "geometry": { "type": "Point", "coordinates": [ 140.410917847558153, 37.216026467991561 ] } },
{ "type": "Feature", "properties": { "内容": "居宅介護支援事業所よつば・ひらた【居宅介護支援】福島県石川郡平田村大字上蓬田字大隅30番地", "url": "https://www.kaigokensaku.mhlw.go.jp/07/index.php?action_kouhyou_detail_004_kani=true&JigyosyoCd=0773000377-00&ServiceCd=430&Type=search", "url2": "http://www.seireikai.net/" }, "geometry": { "type": "Point", "coordinates": [ 140.568159161901804, 37.244697175499475 ] } },
{ "type": "Feature", "properties": { "内容": "平田村居宅介護支援事業所【居宅介護支援】福島県石川郡平田村大字永田字戸花１５０番地", "url": "https://www.kaigokensaku.mhlw.go.jp/07/index.php?action_kouhyou_detail_004_kani=true&JigyosyoCd=0773000011-00&ServiceCd=430&Type=search", "url2": "http://hiratashyo.jp/" }, "geometry": { "type": "Point", "coordinates": [ 140.574043299999971, 37.2145224 ] } },
{ "type": "Feature", "properties": { "内容": "こころ居宅介護支援事業所【居宅介護支援】福島県石川郡浅川町大字浅川字根宿30番地1", "url": "https://www.kaigokensaku.mhlw.go.jp/07/index.php?action_kouhyou_detail_004_kani=true&JigyosyoCd=0773000583-00&ServiceCd=430&Type=search", "url2": "https://cococara-info.com/?fbclid=IwdGRjcANeo6VleHRuA2FlbQIxMQABHi9hhddcT6PmzA0Lsm-2Bz6jtQ7DwNrdV6fXYqTXN7UPyol0oqu9sFf8T92x_aem_RmcjW__ORiV0REp_auvYYA" }, "geometry": { "type": "Point", "coordinates": [ 140.421338600000013, 37.0843262 ] } },
{ "type": "Feature", "properties": { "内容": "浅川町指定居宅介護支援事業所【居宅介護支援】福島県石川郡浅川町大字袖山字森下288", "url": "https://www.kaigokensaku.mhlw.go.jp/07/index.php?action_kouhyou_detail_004_kani=true&JigyosyoCd=0773000070-00&ServiceCd=430&Type=search", "url2": null }, "geometry": { "type": "Point", "coordinates": [ 140.414159599999948, 37.0714792 ] } },
{ "type": "Feature", "properties": { "内容": "コスモス居宅介護支援事業所【居宅介護支援】福島県石川郡古殿町大字松川字横川99番地1", "url": "https://www.kaigokensaku.mhlw.go.jp/07/index.php?action_kouhyou_detail_004_kani=true&JigyosyoCd=0773000062-00&ServiceCd=430&Type=search", "url2": "http://www.furushakyo.jp" }, "geometry": { "type": "Point", "coordinates": [ 140.558698700000036, 37.0856652 ] } },
{ "type": "Feature", "properties": { "内容": "南東北三春居宅介護支援事業所【居宅介護支援】福島県田村郡田村町大字山田字クルミヤツ3-3三春南東北リハビリテーション・ケアセンター", "url": "https://www.kaigokensaku.mhlw.go.jp/07/index.php?action_kouhyou_detail_004_kani=true&JigyosyoCd=0773100805-00&ServiceCd=430&Type=search", "url2": null }, "geometry": { "type": "Point", "coordinates": [ 140.448194699999931, 37.4266348 ] } },
{ "type": "Feature", "properties": { "内容": "三春町介護支援事業所【居宅介護支援】福島県田村郡三春町字南町１番地", "url": "https://www.kaigokensaku.mhlw.go.jp/07/index.php?action_kouhyou_detail_004_kani=true&JigyosyoCd=0773100027-00&ServiceCd=430&Type=search", "url2": "http://www.miharu-shakyo.jp" }, "geometry": { "type": "Point", "coordinates": [ 140.493526800000041, 37.4408421 ] } },
{ "type": "Feature", "properties": { "内容": "居宅介護支援事業所　よつば【居宅介護支援】福島県田村郡三春町八島台７丁目５－１７", "url": "https://www.kaigokensaku.mhlw.go.jp/07/index.php?action_kouhyou_detail_004_kani=true&JigyosyoCd=0773100169-00&ServiceCd=430&Type=search", "url2": "http://www.seireikai.net" }, "geometry": { "type": "Point", "coordinates": [ 140.474297299999989, 37.4498323 ] } },
{ "type": "Feature", "properties": { "内容": "なごみの里ケアプランセンター【居宅介護支援】福島県田村郡三春町大字熊耳字上荒井１９８番地の１", "url": "https://www.kaigokensaku.mhlw.go.jp/07/index.php?action_kouhyou_detail_004_kani=true&JigyosyoCd=0773100573-00&ServiceCd=430&Type=search", "url2": "http://www.nagomi-miharu.com" }, "geometry": { "type": "Point", "coordinates": [ 140.505053, 37.4459279 ] } },
{ "type": "Feature", "properties": { "内容": "L-CUB介護支援センター三春【居宅介護支援】福島県田村郡三春町大字山田字クルミヤツ15-2-2", "url": "https://www.kaigokensaku.mhlw.go.jp/07/index.php?action_kouhyou_detail_004_kani=true&JigyosyoCd=0773100748-00&ServiceCd=430&Type=search", "url2": "https://www.l-cub.jp/" }, "geometry": { "type": "Point", "coordinates": [ 140.446644800000058, 37.4260876 ] } },
{ "type": "Feature", "properties": { "内容": "居宅介護支援事業所　もうぎ【居宅介護支援】福島県田村郡三春町大字下舞木字上ノ内９９番地の７", "url": "https://www.kaigokensaku.mhlw.go.jp/07/index.php?action_kouhyou_detail_004_kani=true&JigyosyoCd=0773100532-00&ServiceCd=430&Type=search", "url2": null }, "geometry": { "type": "Point", "coordinates": [ 140.435279300000047, 37.4209516 ] } },
{ "type": "Feature", "properties": { "内容": "居宅介護支援事業所あすか【居宅介護支援】福島県田村郡小野町大字谷津作字池ノ平51番地3", "url": "https://www.kaigokensaku.mhlw.go.jp/07/index.php?action_kouhyou_detail_004_kani=true&JigyosyoCd=0773100680-00&ServiceCd=430&Type=search", "url2": "https://www.aska-shinshin.com" }, "geometry": { "type": "Point", "coordinates": [ 140.640443612303216, 37.270699748560354 ] } },
{ "type": "Feature", "properties": { "内容": "社会福祉法人　小野町社会福祉協議会　　小野町居宅介護支援センター【居宅介護支援】福島県田村郡小野町大字小野新町字美売57-1", "url": "https://www.kaigokensaku.mhlw.go.jp/07/index.php?action_kouhyou_detail_004_kani=true&JigyosyoCd=0773100557-00&ServiceCd=430&Type=search", "url2": "http://www.onomachi-shakyo.or.jp" }, "geometry": { "type": "Point", "coordinates": [ 140.618991700000038, 37.2928107 ] } },
{ "type": "Feature", "properties": { "内容": "居宅介護支援事業所　さくら・おの【居宅介護支援】福島県田村郡小野町大字小野新町字中通64-1", "url": "https://www.kaigokensaku.mhlw.go.jp/07/index.php?action_kouhyou_detail_004_kani=true&JigyosyoCd=0773100813-00&ServiceCd=430&Type=search", "url2": null }, "geometry": { "type": "Point", "coordinates": [ 140.631076898147569, 37.280711978408554 ] } },
{ "type": "Feature", "properties": { "内容": "広野町居宅介護支援事業所広桜荘【居宅介護支援】福島県双葉郡広野町大字下浅見川字桜田　１１９－５", "url": "https://www.kaigokensaku.mhlw.go.jp/07/index.php?action_kouhyou_detail_004_kani=true&JigyosyoCd=0773200217-00&ServiceCd=430&Type=search", "url2": null }, "geometry": { "type": "Point", "coordinates": [ 140.994852600000058, 37.2090816 ] } },
{ "type": "Feature", "properties": { "内容": "楢葉町社会福祉協議会指定居宅介護支援事業所【居宅介護支援】福島県双葉郡楢葉町大字北田字鐘突堂５－５楢葉町保健福祉会館３階", "url": "https://www.kaigokensaku.mhlw.go.jp/07/index.php?action_kouhyou_detail_004_kani=true&JigyosyoCd=0773200074-00&ServiceCd=430&Type=search", "url2": "https://naraha.fukushima-syakyo.com/" }, "geometry": { "type": "Point", "coordinates": [ 140.992935638137027, 37.283704490960432 ] } },
{ "type": "Feature", "properties": { "内容": "富岡居宅介護支援事業所【居宅介護支援】福島県双葉郡富岡町本町一丁目１番地", "url": "https://www.kaigokensaku.mhlw.go.jp/07/index.php?action_kouhyou_detail_004_kani=true&JigyosyoCd=0773200852-00&ServiceCd=430&Type=search", "url2": "https://futaba-fukunosato.com/" }, "geometry": { "type": "Point", "coordinates": [ 141.0055039, 37.3411676 ] } },
{ "type": "Feature", "properties": { "内容": "富岡町社会福祉協議会　居宅介護支援事業所【居宅介護支援】福島県双葉郡富岡町中央一丁目8-1富岡町総合福祉センター内", "url": "https://www.kaigokensaku.mhlw.go.jp/07/index.php?action_kouhyou_detail_004_kani=true&JigyosyoCd=0773200258-00&ServiceCd=430&Type=search", "url2": "https://tomioka-shakyo.or.jp/" }, "geometry": { "type": "Point", "coordinates": [ 141.0078843, 37.3382928 ] } },
{ "type": "Feature", "properties": { "内容": "社会福祉法人　川内村社会福祉協議会【居宅介護支援】福島県双葉郡川内村大字下川内字坂シ内133-5", "url": "https://www.kaigokensaku.mhlw.go.jp/07/index.php?action_kouhyou_detail_004_kani=true&JigyosyoCd=0773200332-00&ServiceCd=430&Type=search", "url2": "https://www.kawauchi-shakyo.jp/news.php" }, "geometry": { "type": "Point", "coordinates": [ 140.837933199999952, 37.3320398 ] } },
{ "type": "Feature", "properties": { "内容": "浪江町社会福祉協議会　指定居宅介護支援事業所【居宅介護支援】福島県双葉郡浪江町大字権現堂字矢沢町6番地の1", "url": "https://www.kaigokensaku.mhlw.go.jp/07/index.php?action_kouhyou_detail_004_kani=true&JigyosyoCd=0773200041-00&ServiceCd=430&Type=search", "url2": "http://namieshakyo.com" }, "geometry": { "type": "Point", "coordinates": [ 140.9870661, 37.4915353 ] } },
{ "type": "Feature", "properties": { "内容": "ケアプランなみえ【居宅介護支援】福島県双葉郡浪江町大字立野字根渡１９６", "url": "https://www.kaigokensaku.mhlw.go.jp/07/index.php?action_kouhyou_detail_004_kani=true&JigyosyoCd=0773200886-00&ServiceCd=430&Type=search", "url2": null }, "geometry": { "type": "Point", "coordinates": [ 140.95489760000001, 37.5202558 ] } },
{ "type": "Feature", "properties": { "内容": "居宅介護支援事業所　自遊楽校【居宅介護支援】福島県相馬郡新地町谷地小屋字新地51-2", "url": "https://www.kaigokensaku.mhlw.go.jp/07/index.php?action_kouhyou_detail_004_kani=true&JigyosyoCd=0773300298-00&ServiceCd=430&Type=search", "url2": null }, "geometry": { "type": "Point", "coordinates": [ 140.9139553, 37.87518 ] } },
{ "type": "Feature", "properties": { "内容": "新地町在宅介護支援センター【居宅介護支援】福島県相馬郡新地町小川字川向18番地", "url": "https://www.kaigokensaku.mhlw.go.jp/07/index.php?action_kouhyou_detail_004_kani=true&JigyosyoCd=0773300023-00&ServiceCd=430&Type=search", "url2": "http://www.shinchifukushikai.jp/main/" }, "geometry": { "type": "Point", "coordinates": [ 140.9177502, 37.8637108 ] } },
{ "type": "Feature", "properties": { "内容": "社会福祉法人新地町社会福祉協議会【居宅介護支援】福島県相馬郡新地町谷地小屋字樋掛田40番地の１", "url": "https://www.kaigokensaku.mhlw.go.jp/07/index.php?action_kouhyou_detail_004_kani=true&JigyosyoCd=0773300132-00&ServiceCd=430&Type=search", "url2": "http://www.shinchi-shakyo.jp" }, "geometry": { "type": "Point", "coordinates": [ 140.920466, 37.8762374 ] } },
{ "type": "Feature", "properties": { "内容": "いいたて在宅介護支援センター【居宅介護支援】福島県相馬郡飯舘村伊丹沢字伊丹沢571", "url": "https://www.kaigokensaku.mhlw.go.jp/07/index.php?action_kouhyou_detail_004_kani=true&JigyosyoCd=0773300090-00&ServiceCd=430&Type=search", "url2": "http://www.iitate-home.jp" }, "geometry": { "type": "Point", "coordinates": [ 140.734714199999985, 37.678121 ] } }
]
}
