{
"type": "FeatureCollection",
"name": "geo_07_小学校",
"crs": { "type": "name", "properties": { "name": "urn:ogc:def:crs:EPSG::6668" } },
"features": [
{ "type": "Feature", "properties": { "P29_001": "07201", "P29_002": "B107110000014", "P29_003": "16001", "P29_004": "福島大学附属小学校", "P29_005": "福島県福島市新浜町4-6", "P29_006": "1", "P29_007": "1", "P29_008": "00", "P29_009": null }, "geometry": { "type": "Point", "coordinates": [ 140.469162412234539, 37.761119466874121 ] } },
{ "type": "Feature", "properties": { "P29_001": "07201", "P29_002": "B107220130014", "P29_003": "16001", "P29_004": "福島市立福島第一小学校", "P29_005": "福島県福島市杉妻町1-24", "P29_006": "3", "P29_007": "1", "P29_008": "00", "P29_009": null }, "geometry": { "type": "Point", "coordinates": [ 140.466653400168411, 37.75196553283125 ] } },
{ "type": "Feature", "properties": { "P29_001": "07201", "P29_002": "B107220130023", "P29_003": "16001", "P29_004": "福島市立福島第二小学校", "P29_005": "福島県福島市浜田町2-1", "P29_006": "3", "P29_007": "1", "P29_008": "00", "P29_009": null }, "geometry": { "type": "Point", "coordinates": [ 140.473347817961326, 37.759127793741349 ] } },
{ "type": "Feature", "properties": { "P29_001": "07201", "P29_002": "B107220130032", "P29_003": "16001", "P29_004": "福島市立福島第三小学校", "P29_005": "福島県福島市松浪町3-46", "P29_006": "3", "P29_007": "1", "P29_008": "00", "P29_009": null }, "geometry": { "type": "Point", "coordinates": [ 140.477525671364418, 37.76694896887755 ] } },
{ "type": "Feature", "properties": { "P29_001": "07201", "P29_002": "B107220130041", "P29_003": "16001", "P29_004": "福島市立福島第四小学校", "P29_005": "福島県福島市天神町11-31", "P29_006": "3", "P29_007": "1", "P29_008": "00", "P29_009": null }, "geometry": { "type": "Point", "coordinates": [ 140.463567995854078, 37.759954998018017 ] } },
{ "type": "Feature", "properties": { "P29_001": "07201", "P29_002": "B107220130050", "P29_003": "16001", "P29_004": "福島市立清明小学校", "P29_005": "福島県福島市清明町9-31", "P29_006": "3", "P29_007": "1", "P29_008": "00", "P29_009": null }, "geometry": { "type": "Point", "coordinates": [ 140.462686195096069, 37.745998237813978 ] } },
{ "type": "Feature", "properties": { "P29_001": "07201", "P29_002": "B107220130069", "P29_003": "16001", "P29_004": "福島市立三河台小学校", "P29_005": "福島県福島市三河南町17-7", "P29_006": "3", "P29_007": "1", "P29_008": "00", "P29_009": null }, "geometry": { "type": "Point", "coordinates": [ 140.45397529630003, 37.757669545233149 ] } },
{ "type": "Feature", "properties": { "P29_001": "07201", "P29_002": "B107220130078", "P29_003": "16001", "P29_004": "福島市立森合小学校", "P29_005": "福島県福島市森合字中谷地2-3", "P29_006": "3", "P29_007": "1", "P29_008": "00", "P29_009": null }, "geometry": { "type": "Point", "coordinates": [ 140.448966111676498, 37.767564835844659 ] } },
{ "type": "Feature", "properties": { "P29_001": "07201", "P29_002": "B107220130087", "P29_003": "16001", "P29_004": "福島市立渡利小学校", "P29_005": "福島県福島市渡利字八幡町120", "P29_006": "3", "P29_007": "1", "P29_008": "00", "P29_009": null }, "geometry": { "type": "Point", "coordinates": [ 140.478581216927466, 37.750326627711793 ] } },
{ "type": "Feature", "properties": { "P29_001": "07201", "P29_002": "B107220130096", "P29_003": "16001", "P29_004": "福島市立南向台小学校", "P29_005": "福島県福島市南向台2-36-1", "P29_006": "3", "P29_007": "1", "P29_008": "00", "P29_009": null }, "geometry": { "type": "Point", "coordinates": [ 140.482206668013333, 37.72532904863683 ] } },
{ "type": "Feature", "properties": { "P29_001": "07201", "P29_002": "B107220130103", "P29_003": "16001", "P29_004": "福島市立杉妻小学校", "P29_005": "福島県福島市伏拝字沢口18", "P29_006": "3", "P29_007": "1", "P29_008": "00", "P29_009": null }, "geometry": { "type": "Point", "coordinates": [ 140.463666546515896, 37.72410420583131 ] } },
{ "type": "Feature", "properties": { "P29_001": "07201", "P29_002": "B107220130112", "P29_003": "16001", "P29_004": "福島市立蓬莱小学校", "P29_005": "福島県福島市蓬莱町4-2-1", "P29_006": "3", "P29_007": "1", "P29_008": "00", "P29_009": null }, "geometry": { "type": "Point", "coordinates": [ 140.472408047985596, 37.699987173665271 ] } },
{ "type": "Feature", "properties": { "P29_001": "07201", "P29_002": "B107220130121", "P29_003": "16001", "P29_004": "福島市立蓬莱東小学校", "P29_005": "福島県福島市蓬莱町7-1-1", "P29_006": "3", "P29_007": "1", "P29_008": "00", "P29_009": null }, "geometry": { "type": "Point", "coordinates": [ 140.48326088776011, 37.693059593774322 ] } },
{ "type": "Feature", "properties": { "P29_001": "07201", "P29_002": "B107220130130", "P29_003": "16001", "P29_004": "福島市立清水小学校", "P29_005": "福島県福島市南沢又字柳清水20", "P29_006": "3", "P29_007": "1", "P29_008": "00", "P29_009": null }, "geometry": { "type": "Point", "coordinates": [ 140.443022573596465, 37.780151333573706 ] } },
{ "type": "Feature", "properties": { "P29_001": "07201", "P29_002": "B107220130149", "P29_003": "16001", "P29_004": "福島市立北沢又小学校", "P29_005": "福島県福島市北沢又字愛宕1", "P29_006": "3", "P29_007": "1", "P29_008": "00", "P29_009": null }, "geometry": { "type": "Point", "coordinates": [ 140.431549306291288, 37.785911104831357 ] } },
{ "type": "Feature", "properties": { "P29_001": "07201", "P29_002": "B107220130158", "P29_003": "16001", "P29_004": "福島市立御山小学校", "P29_005": "福島県福島市御山字長滝1-1", "P29_006": "3", "P29_007": "1", "P29_008": "00", "P29_009": null }, "geometry": { "type": "Point", "coordinates": [ 140.458592451894361, 37.778705725747372 ] } },
{ "type": "Feature", "properties": { "P29_001": "07201", "P29_002": "B107220130167", "P29_003": "16001", "P29_004": "福島市立岡山小学校", "P29_005": "福島県福島市山口字上中田43", "P29_006": "3", "P29_007": "1", "P29_008": "00", "P29_009": null }, "geometry": { "type": "Point", "coordinates": [ 140.510216991065221, 37.771338638350151 ] } },
{ "type": "Feature", "properties": { "P29_001": "07201", "P29_002": "B107220130176", "P29_003": "16001", "P29_004": "福島市立鎌田小学校", "P29_005": "福島県福島市丸子字石名田6", "P29_006": "3", "P29_007": "1", "P29_008": "00", "P29_009": null }, "geometry": { "type": "Point", "coordinates": [ 140.483747429732517, 37.788173009441678 ] } },
{ "type": "Feature", "properties": { "P29_001": "07201", "P29_002": "B107220130185", "P29_003": "16001", "P29_004": "福島市立月輪小学校", "P29_005": "福島県福島市鎌田字早津小屋12", "P29_006": "3", "P29_007": "1", "P29_008": "00", "P29_009": null }, "geometry": { "type": "Point", "coordinates": [ 140.509706325702126, 37.790756536573511 ] } },
{ "type": "Feature", "properties": { "P29_001": "07201", "P29_002": "B107220130194", "P29_003": "16001", "P29_004": "福島市立瀬上小学校", "P29_005": "福島県福島市瀬上町字一ノ坪28", "P29_006": "3", "P29_007": "1", "P29_008": "00", "P29_009": null }, "geometry": { "type": "Point", "coordinates": [ 140.490298373754655, 37.804882809021038 ] } },
{ "type": "Feature", "properties": { "P29_001": "07201", "P29_002": "B107220130201", "P29_003": "16001", "P29_004": "福島市立余目小学校", "P29_005": "福島県福島市宮代字瘤石45", "P29_006": "3", "P29_007": "1", "P29_008": "00", "P29_009": null }, "geometry": { "type": "Point", "coordinates": [ 140.473428880251276, 37.80637424568711 ] } },
{ "type": "Feature", "properties": { "P29_001": "07201", "P29_002": "B107220130210", "P29_003": "16001", "P29_004": "福島市立矢野目小学校", "P29_005": "福島県福島市南矢野目字関端2-1", "P29_006": "3", "P29_007": "1", "P29_008": "00", "P29_009": null }, "geometry": { "type": "Point", "coordinates": [ 140.463856507425078, 37.790380332949326 ] } },
{ "type": "Feature", "properties": { "P29_001": "07201", "P29_002": "B107220130229", "P29_003": "16001", "P29_004": "福島市立大笹生小学校", "P29_005": "福島県福島市大笹生字緑田1", "P29_006": "3", "P29_007": "1", "P29_008": "00", "P29_009": null }, "geometry": { "type": "Point", "coordinates": [ 140.402672867996131, 37.799037547684826 ] } },
{ "type": "Feature", "properties": { "P29_001": "07201", "P29_002": "B107220130238", "P29_003": "16001", "P29_004": "福島市立笹谷小学校", "P29_005": "福島県福島市笹谷字上町18", "P29_006": "3", "P29_007": "1", "P29_008": "00", "P29_009": null }, "geometry": { "type": "Point", "coordinates": [ 140.424117950675708, 37.795596940853287 ] } },
{ "type": "Feature", "properties": { "P29_001": "07201", "P29_002": "B107220130247", "P29_003": "16001", "P29_004": "福島市立吉井田小学校", "P29_005": "福島県福島市吉倉字桜内48", "P29_006": "3", "P29_007": "1", "P29_008": "00", "P29_009": null }, "geometry": { "type": "Point", "coordinates": [ 140.432460493049206, 37.744737540883101 ] } },
{ "type": "Feature", "properties": { "P29_001": "07201", "P29_002": "B107220130256", "P29_003": "16001", "P29_004": "福島市立荒井小学校", "P29_005": "福島県福島市荒井北3-7-4", "P29_006": "3", "P29_007": "1", "P29_008": "00", "P29_009": null }, "geometry": { "type": "Point", "coordinates": [ 140.387870223190333, 37.724596557923562 ] } },
{ "type": "Feature", "properties": { "P29_001": "07201", "P29_002": "B107220130265", "P29_003": "16001", "P29_004": "福島市立立子山小学校", "P29_005": "福島県福島市立子山字仲森38-1", "P29_006": "3", "P29_007": "1", "P29_008": "00", "P29_009": null }, "geometry": { "type": "Point", "coordinates": [ 140.516495804051146, 37.683240749782222 ] } },
{ "type": "Feature", "properties": { "P29_001": "07201", "P29_002": "B107220130274", "P29_003": "16001", "P29_004": "福島市立佐倉小学校", "P29_005": "福島県福島市上名倉字大光内1", "P29_006": "3", "P29_007": "1", "P29_008": "00", "P29_009": null }, "geometry": { "type": "Point", "coordinates": [ 140.390328073179717, 37.732961443005415 ] } },
{ "type": "Feature", "properties": { "P29_001": "07201", "P29_002": "B107220130283", "P29_003": "16001", "P29_004": "福島市立佐原小学校", "P29_005": "福島県福島市佐原字田中前24", "P29_006": "3", "P29_007": "1", "P29_008": "00", "P29_009": null }, "geometry": { "type": "Point", "coordinates": [ 140.355608038210733, 37.722687611692081 ] } },
{ "type": "Feature", "properties": { "P29_001": "07201", "P29_002": "B107220130292", "P29_003": "16001", "P29_004": "福島市立飯坂小学校", "P29_005": "福島県福島市飯坂町字桜下1", "P29_006": "3", "P29_007": "1", "P29_008": "00", "P29_009": null }, "geometry": { "type": "Point", "coordinates": [ 140.447573651013471, 37.832629198208643 ] } },
{ "type": "Feature", "properties": { "P29_001": "07201", "P29_002": "B107220130318", "P29_003": "16001", "P29_004": "福島市立平野小学校", "P29_005": "福島県福島市飯坂町平野字石堂10", "P29_006": "3", "P29_007": "1", "P29_008": "00", "P29_009": null }, "geometry": { "type": "Point", "coordinates": [ 140.442345652878799, 37.809467268134874 ] } },
{ "type": "Feature", "properties": { "P29_001": "07201", "P29_002": "B107220130327", "P29_003": "16001", "P29_004": "福島市立湯野小学校", "P29_005": "福島県福島市飯坂町湯野字台7", "P29_006": "3", "P29_007": "1", "P29_008": "00", "P29_009": null }, "geometry": { "type": "Point", "coordinates": [ 140.458768949853749, 37.831045541688397 ] } },
{ "type": "Feature", "properties": { "P29_001": "07201", "P29_002": "B107220130345", "P29_003": "16001", "P29_004": "福島市立松川小学校", "P29_005": "福島県福島市松川町字南諏訪原31-1", "P29_006": "3", "P29_007": "1", "P29_008": "00", "P29_009": null }, "geometry": { "type": "Point", "coordinates": [ 140.464379429963572, 37.656198858898748 ] } },
{ "type": "Feature", "properties": { "P29_001": "07201", "P29_002": "B107220130363", "P29_003": "16001", "P29_004": "福島市立金谷川小学校", "P29_005": "福島県福島市松川町浅川字陳場21", "P29_006": "3", "P29_007": "1", "P29_008": "00", "P29_009": null }, "geometry": { "type": "Point", "coordinates": [ 140.465240560238271, 37.683565437206973 ] } },
{ "type": "Feature", "properties": { "P29_001": "07201", "P29_002": "B107220130372", "P29_003": "16001", "P29_004": "福島市立下川崎小学校", "P29_005": "福島県福島市松川町沼袋字戸ノ内832-3", "P29_006": "3", "P29_007": "1", "P29_008": "00", "P29_009": null }, "geometry": { "type": "Point", "coordinates": [ 140.5002532338587, 37.644727755428278 ] } },
{ "type": "Feature", "properties": { "P29_001": "07201", "P29_002": "B107220130381", "P29_003": "16001", "P29_004": "福島市立鳥川小学校", "P29_005": "福島県福島市上鳥渡字茶中40", "P29_006": "3", "P29_007": "1", "P29_008": "00", "P29_009": null }, "geometry": { "type": "Point", "coordinates": [ 140.417579316814908, 37.734376461991808 ] } },
{ "type": "Feature", "properties": { "P29_001": "07201", "P29_002": "B107220130390", "P29_003": "16001", "P29_004": "福島市立大森小学校", "P29_005": "福島県福島市大森字南中道4", "P29_006": "3", "P29_007": "1", "P29_008": "00", "P29_009": null }, "geometry": { "type": "Point", "coordinates": [ 140.442012377787648, 37.727168567589494 ] } },
{ "type": "Feature", "properties": { "P29_001": "07201", "P29_002": "B107220130407", "P29_003": "16001", "P29_004": "福島市立平田小学校", "P29_005": "福島県福島市小田字本内26", "P29_006": "3", "P29_007": "1", "P29_008": "00", "P29_009": null }, "geometry": { "type": "Point", "coordinates": [ 140.430978826735412, 37.710685141206795 ] } },
{ "type": "Feature", "properties": { "P29_001": "07201", "P29_002": "B107220130416", "P29_003": "16001", "P29_004": "福島市立平石小学校", "P29_005": "福島県福島市平石字長屋敷1-1", "P29_006": "3", "P29_007": "1", "P29_008": "00", "P29_009": null }, "geometry": { "type": "Point", "coordinates": [ 140.446996810972962, 37.700834958829496 ] } },
{ "type": "Feature", "properties": { "P29_001": "07201", "P29_002": "B107220130425", "P29_003": "16001", "P29_004": "福島市立野田小学校", "P29_005": "福島県福島市笹木野字町尻2", "P29_006": "3", "P29_007": "1", "P29_008": "00", "P29_009": null }, "geometry": { "type": "Point", "coordinates": [ 140.423448155036851, 37.771360418671527 ] } },
{ "type": "Feature", "properties": { "P29_001": "07201", "P29_002": "B107220130434", "P29_003": "16001", "P29_004": "福島市立庭坂小学校", "P29_005": "福島県福島市町庭坂字愛宕堂1-1", "P29_006": "3", "P29_007": "1", "P29_008": "00", "P29_009": null }, "geometry": { "type": "Point", "coordinates": [ 140.380213915169662, 37.77281989416727 ] } },
{ "type": "Feature", "properties": { "P29_001": "07201", "P29_002": "B107220130443", "P29_003": "16001", "P29_004": "福島市立庭塚小学校", "P29_005": "福島県福島市在庭坂字薬師田19", "P29_006": "3", "P29_007": "1", "P29_008": "00", "P29_009": null }, "geometry": { "type": "Point", "coordinates": [ 140.375348477786758, 37.757581764259122 ] } },
{ "type": "Feature", "properties": { "P29_001": "07201", "P29_002": "B107220130452", "P29_003": "16001", "P29_004": "福島市立水保小学校", "P29_005": "福島県福島市土船字原野町19-1", "P29_006": "3", "P29_007": "1", "P29_008": "00", "P29_009": null }, "geometry": { "type": "Point", "coordinates": [ 140.384665959058566, 37.748512226347835 ] } },
{ "type": "Feature", "properties": { "P29_001": "07201", "P29_002": "B107220130461", "P29_003": "16001", "P29_004": "福島市立飯野小学校", "P29_005": "福島県福島市飯野町明治字遠久内2", "P29_006": "3", "P29_007": "1", "P29_008": "00", "P29_009": null }, "geometry": { "type": "Point", "coordinates": [ 140.529422003187534, 37.657090000569198 ] } },
{ "type": "Feature", "properties": { "P29_001": "07202", "P29_002": "B107220230013", "P29_003": "16001", "P29_004": "会津若松市立鶴城小学校", "P29_005": "福島県会津若松市栄町7-7", "P29_006": "3", "P29_007": "1", "P29_008": "00", "P29_009": null }, "geometry": { "type": "Point", "coordinates": [ 139.93134015976662, 37.493203253655224 ] } },
{ "type": "Feature", "properties": { "P29_001": "07202", "P29_002": "B107220230022", "P29_003": "16001", "P29_004": "会津若松市立城北小学校", "P29_005": "福島県会津若松市城北町2-1", "P29_006": "3", "P29_007": "1", "P29_008": "00", "P29_009": null }, "geometry": { "type": "Point", "coordinates": [ 139.926246967704003, 37.504237706005625 ] } },
{ "type": "Feature", "properties": { "P29_001": "07202", "P29_002": "B107220230031", "P29_003": "16001", "P29_004": "会津若松市立行仁小学校", "P29_005": "福島県会津若松市行仁町6-1", "P29_006": "3", "P29_007": "1", "P29_008": "00", "P29_009": null }, "geometry": { "type": "Point", "coordinates": [ 139.937611981876529, 37.497946447649994 ] } },
{ "type": "Feature", "properties": { "P29_001": "07202", "P29_002": "B107220230040", "P29_003": "16001", "P29_004": "会津若松市立城西小学校", "P29_005": "福島県会津若松市川原町4-1", "P29_006": "3", "P29_007": "1", "P29_008": "00", "P29_009": null }, "geometry": { "type": "Point", "coordinates": [ 139.916184171609103, 37.489307778914046 ] } },
{ "type": "Feature", "properties": { "P29_001": "07202", "P29_002": "B107220230059", "P29_003": "16001", "P29_004": "会津若松市立謹教小学校", "P29_005": "福島県会津若松市米代1-5-33", "P29_006": "3", "P29_007": "1", "P29_008": "00", "P29_009": null }, "geometry": { "type": "Point", "coordinates": [ 139.922732985967997, 37.489095685408664 ] } },
{ "type": "Feature", "properties": { "P29_001": "07202", "P29_002": "B107220230068", "P29_003": "16001", "P29_004": "会津若松市立日新小学校", "P29_005": "福島県会津若松市日新町7-40", "P29_006": "3", "P29_007": "1", "P29_008": "00", "P29_009": null }, "geometry": { "type": "Point", "coordinates": [ 139.918042672778142, 37.496480437760141 ] } },
{ "type": "Feature", "properties": { "P29_001": "07202", "P29_002": "B107220230077", "P29_003": "16001", "P29_004": "会津若松市立湊小学校", "P29_005": "福島県会津若松市湊町大字共和字上馬渡171", "P29_006": "3", "P29_007": "1", "P29_008": "00", "P29_009": null }, "geometry": { "type": "Point", "coordinates": [ 140.011317792173628, 37.469478063250826 ] } },
{ "type": "Feature", "properties": { "P29_001": "07202", "P29_002": "B107220230086", "P29_003": "16001", "P29_004": "会津若松市立一箕小学校", "P29_005": "福島県会津若松市山見町220", "P29_006": "3", "P29_007": "1", "P29_008": "00", "P29_009": null }, "geometry": { "type": "Point", "coordinates": [ 139.940542034279702, 37.506524216684461 ] } },
{ "type": "Feature", "properties": { "P29_001": "07202", "P29_002": "B107220230095", "P29_003": "16001", "P29_004": "会津若松市立松長小学校", "P29_005": "福島県会津若松市一箕町松長4-9-2", "P29_006": "3", "P29_007": "1", "P29_008": "00", "P29_009": null }, "geometry": { "type": "Point", "coordinates": [ 139.957591358111671, 37.525994784146498 ] } },
{ "type": "Feature", "properties": { "P29_001": "07202", "P29_002": "B107220230102", "P29_003": "16001", "P29_004": "会津若松市立永和小学校", "P29_005": "福島県会津若松市高野町大字上高野字村内43-1", "P29_006": "3", "P29_007": "1", "P29_008": "00", "P29_009": null }, "geometry": { "type": "Point", "coordinates": [ 139.909080836566631, 37.525105715585703 ] } },
{ "type": "Feature", "properties": { "P29_001": "07202", "P29_002": "B107220230111", "P29_003": "16001", "P29_004": "会津若松市立神指小学校", "P29_005": "福島県会津若松市神指町大字高瀬字大道東108-3", "P29_006": "3", "P29_007": "1", "P29_008": "00", "P29_009": null }, "geometry": { "type": "Point", "coordinates": [ 139.899542015694266, 37.518927333468454 ] } },
{ "type": "Feature", "properties": { "P29_001": "07202", "P29_002": "B107220230120", "P29_003": "16001", "P29_004": "会津若松市立門田小学校", "P29_005": "福島県会津若松市門田町大字中野字村前1-1", "P29_006": "3", "P29_007": "1", "P29_008": "00", "P29_009": null }, "geometry": { "type": "Point", "coordinates": [ 139.922056238573106, 37.468968746467795 ] } },
{ "type": "Feature", "properties": { "P29_001": "07202", "P29_002": "B107220230139", "P29_003": "16001", "P29_004": "会津若松市立城南小学校", "P29_005": "福島県会津若松市門田町大字黒岩字大坪25-1", "P29_006": "3", "P29_007": "1", "P29_008": "00", "P29_009": null }, "geometry": { "type": "Point", "coordinates": [ 139.933058075640986, 37.475965531123116 ] } },
{ "type": "Feature", "properties": { "P29_001": "07202", "P29_002": "B107220230148", "P29_003": "16001", "P29_004": "会津若松市立大戸小学校", "P29_005": "福島県会津若松市大戸町上三寄大豆田116", "P29_006": "3", "P29_007": "1", "P29_008": "00", "P29_009": null }, "geometry": { "type": "Point", "coordinates": [ 139.934537604010188, 37.392586189633697 ] } },
{ "type": "Feature", "properties": { "P29_001": "07202", "P29_002": "B107220230157", "P29_003": "16001", "P29_004": "会津若松市立東山小学校", "P29_005": "福島県会津若松市慶山1-2-1", "P29_006": "3", "P29_007": "1", "P29_008": "00", "P29_009": null }, "geometry": { "type": "Point", "coordinates": [ 139.946339058767194, 37.494154456382255 ] } },
{ "type": "Feature", "properties": { "P29_001": "07202", "P29_002": "B107220230166", "P29_003": "16001", "P29_004": "会津若松市立小金井小学校", "P29_005": "福島県会津若松市門田町大字日吉字小金井48", "P29_006": "3", "P29_007": "1", "P29_008": "00", "P29_009": null }, "geometry": { "type": "Point", "coordinates": [ 139.919421949794099, 37.477157487249983 ] } },
{ "type": "Feature", "properties": { "P29_001": "07202", "P29_002": "B107220230175", "P29_003": "16001", "P29_004": "会津若松市立荒舘小学校", "P29_005": "福島県会津若松市北会津町下荒井字八幡前13", "P29_006": "3", "P29_007": "1", "P29_008": "00", "P29_009": null }, "geometry": { "type": "Point", "coordinates": [ 139.867064899333627, 37.50775570769428 ] } },
{ "type": "Feature", "properties": { "P29_001": "07202", "P29_002": "B107220230184", "P29_003": "16001", "P29_004": "会津若松市立川南小学校", "P29_005": "福島県会津若松市北会津町小松490-2", "P29_006": "3", "P29_007": "1", "P29_008": "00", "P29_009": null }, "geometry": { "type": "Point", "coordinates": [ 139.880543124954102, 37.465455967622226 ] } },
{ "type": "Feature", "properties": { "P29_001": "07203", "P29_002": "B107220330012", "P29_003": "16001", "P29_004": "郡山市立日和田小学校", "P29_005": "福島県郡山市日和田町字日向19", "P29_006": "3", "P29_007": "1", "P29_008": "00", "P29_009": null }, "geometry": { "type": "Point", "coordinates": [ 140.393899499849425, 37.447288614208695 ] } },
{ "type": "Feature", "properties": { "P29_001": "07203", "P29_002": "B107220330021", "P29_003": "16001", "P29_004": "郡山市立高倉小学校", "P29_005": "福島県郡山市日和田町高倉字舘腰25-3", "P29_006": "3", "P29_007": "1", "P29_008": "00", "P29_009": null }, "geometry": { "type": "Point", "coordinates": [ 140.399204795701849, 37.478746417150752 ] } },
{ "type": "Feature", "properties": { "P29_001": "07203", "P29_002": "B107220330030", "P29_003": "16001", "P29_004": "郡山市立行健小学校", "P29_005": "福島県郡山市富久山町久保田字空谷地23-1", "P29_006": "3", "P29_007": "1", "P29_008": "00", "P29_009": null }, "geometry": { "type": "Point", "coordinates": [ 140.390318227202584, 37.417836442714851 ] } },
{ "type": "Feature", "properties": { "P29_001": "07203", "P29_002": "B107220330049", "P29_003": "16001", "P29_004": "郡山市立行健第二小学校", "P29_005": "福島県郡山市富久山町八山田字八津11-2", "P29_006": "3", "P29_007": "1", "P29_008": "00", "P29_009": null }, "geometry": { "type": "Point", "coordinates": [ 140.373557089706992, 37.434121910634381 ] } },
{ "type": "Feature", "properties": { "P29_001": "07203", "P29_002": "B107220330058", "P29_003": "16001", "P29_004": "郡山市立明健小学校", "P29_005": "福島県郡山市富久山町八山田字大森新田70", "P29_006": "3", "P29_007": "1", "P29_008": "00", "P29_009": null }, "geometry": { "type": "Point", "coordinates": [ 140.385176158283343, 37.430816770909814 ] } },
{ "type": "Feature", "properties": { "P29_001": "07203", "P29_002": "B107220330067", "P29_003": "16001", "P29_004": "郡山市立小泉小学校", "P29_005": "福島県郡山市富久山町北小泉字清水50", "P29_006": "3", "P29_007": "1", "P29_008": "00", "P29_009": null }, "geometry": { "type": "Point", "coordinates": [ 140.415659582093895, 37.424453332249954 ] } },
{ "type": "Feature", "properties": { "P29_001": "07203", "P29_002": "B107220330076", "P29_003": "16001", "P29_004": "郡山市立行徳小学校", "P29_005": "福島県郡山市富久山町久保田字三御堂143-1", "P29_006": "3", "P29_007": "1", "P29_008": "00", "P29_009": null }, "geometry": { "type": "Point", "coordinates": [ 140.375878995002381, 37.416626373074024 ] } },
{ "type": "Feature", "properties": { "P29_001": "07203", "P29_002": "B107220330085", "P29_003": "16001", "P29_004": "郡山市立安積第一小学校", "P29_005": "福島県郡山市安積荒井本町125", "P29_006": "3", "P29_007": "1", "P29_008": "00", "P29_009": null }, "geometry": { "type": "Point", "coordinates": [ 140.36470406201181, 37.366824192701273 ] } },
{ "type": "Feature", "properties": { "P29_001": "07203", "P29_002": "B107220330094", "P29_003": "16001", "P29_004": "郡山市立安積第二小学校", "P29_005": "福島県郡山市三穂田町川田字柿ノ木55", "P29_006": "3", "P29_007": "1", "P29_008": "00", "P29_009": null }, "geometry": { "type": "Point", "coordinates": [ 140.324233992027303, 37.362680290412655 ] } },
{ "type": "Feature", "properties": { "P29_001": "07203", "P29_002": "B107220330101", "P29_003": "16001", "P29_004": "郡山市立安積第三小学校", "P29_005": "福島県郡山市安積町成田字北山崎18-3", "P29_006": "3", "P29_007": "1", "P29_008": "00", "P29_009": null }, "geometry": { "type": "Point", "coordinates": [ 140.347517931504314, 37.35415753972989 ] } },
{ "type": "Feature", "properties": { "P29_001": "07203", "P29_002": "B107220330110", "P29_003": "16001", "P29_004": "郡山市立永盛小学校", "P29_005": "福島県郡山市安積町日出山字新鍬14", "P29_006": "3", "P29_007": "1", "P29_008": "00", "P29_009": null }, "geometry": { "type": "Point", "coordinates": [ 140.380534995942099, 37.365830003202113 ] } },
{ "type": "Feature", "properties": { "P29_001": "07203", "P29_002": "B107220330129", "P29_003": "16001", "P29_004": "郡山市立柴宮小学校", "P29_005": "福島県郡山市安積町荒井字萬海7-1", "P29_006": "3", "P29_007": "1", "P29_008": "00", "P29_009": null }, "geometry": { "type": "Point", "coordinates": [ 140.346086027953731, 37.374109552986347 ] } },
{ "type": "Feature", "properties": { "P29_001": "07203", "P29_002": "B107220330138", "P29_003": "16001", "P29_004": "郡山市立穂積小学校", "P29_005": "福島県郡山市三穂田町八幡字北山1-1", "P29_006": "3", "P29_007": "1", "P29_008": "00", "P29_009": null }, "geometry": { "type": "Point", "coordinates": [ 140.287868050300204, 37.363731603080168 ] } },
{ "type": "Feature", "properties": { "P29_001": "07203", "P29_002": "B107220330147", "P29_003": "16001", "P29_004": "郡山市立三和小学校", "P29_005": "福島県郡山市三穂田町富岡字柿ノ口14-1", "P29_006": "3", "P29_007": "1", "P29_008": "00", "P29_009": null }, "geometry": { "type": "Point", "coordinates": [ 140.271872334968066, 37.347331226932489 ] } },
{ "type": "Feature", "properties": { "P29_001": "07203", "P29_002": "B107220330156", "P29_003": "16001", "P29_004": "郡山市立多田野小学校", "P29_005": "福島県郡山市逢瀬町多田野字南大界1", "P29_006": "3", "P29_007": "1", "P29_008": "00", "P29_009": null }, "geometry": { "type": "Point", "coordinates": [ 140.272643069176496, 37.395982963218358 ] } },
{ "type": "Feature", "properties": { "P29_001": "07203", "P29_002": "B107220330165", "P29_003": "16001", "P29_004": "郡山市立多田野小学校堀口分校", "P29_005": "福島県郡山市逢瀬町多田野字上古川林9-1", "P29_006": "3", "P29_007": "1", "P29_008": "00", "P29_009": null }, "geometry": { "type": "Point", "coordinates": [ 140.234728443922222, 37.412439315276139 ] } },
{ "type": "Feature", "properties": { "P29_001": "07203", "P29_002": "B107220330174", "P29_003": "16001", "P29_004": "郡山市立河内小学校", "P29_005": "福島県郡山市逢瀬町河内字町東13-1", "P29_006": "3", "P29_007": "1", "P29_008": "00", "P29_009": null }, "geometry": { "type": "Point", "coordinates": [ 140.27409628052996, 37.417992400881189 ] } },
{ "type": "Feature", "properties": { "P29_001": "07203", "P29_002": "B107220330183", "P29_003": "16001", "P29_004": "郡山市立片平小学校", "P29_005": "福島県郡山市片平町字小林3-1", "P29_006": "3", "P29_007": "1", "P29_008": "00", "P29_009": null }, "geometry": { "type": "Point", "coordinates": [ 140.30485028461456, 37.427022314439796 ] } },
{ "type": "Feature", "properties": { "P29_001": "07203", "P29_002": "B107220330192", "P29_003": "16001", "P29_004": "郡山市立喜久田小学校", "P29_005": "福島県郡山市喜久田町堀之内字上馬面3", "P29_006": "3", "P29_007": "1", "P29_008": "00", "P29_009": null }, "geometry": { "type": "Point", "coordinates": [ 140.34290231755341, 37.452559629163559 ] } },
{ "type": "Feature", "properties": { "P29_001": "07203", "P29_002": "B107220330209", "P29_003": "16001", "P29_004": "郡山市立熱海小学校", "P29_005": "福島県郡山市熱海町高玉字樋口170", "P29_006": "3", "P29_007": "1", "P29_008": "00", "P29_009": null }, "geometry": { "type": "Point", "coordinates": [ 140.277009511045122, 37.490905401057148 ] } },
{ "type": "Feature", "properties": { "P29_001": "07203", "P29_002": "B107220330218", "P29_003": "16001", "P29_004": "郡山市立熱海小学校石筵分校", "P29_005": "福島県郡山市熱海町石筵字原田311-1", "P29_006": "3", "P29_007": "1", "P29_008": "00", "P29_009": null }, "geometry": { "type": "Point", "coordinates": [ 140.264591193833979, 37.530202010006185 ] } },
{ "type": "Feature", "properties": { "P29_001": "07203", "P29_002": "B107220330227", "P29_003": "16001", "P29_004": "郡山市立安子島小学校", "P29_005": "福島県郡山市熱海町安子島字桜畑78-1", "P29_006": "3", "P29_007": "1", "P29_008": "00", "P29_009": null }, "geometry": { "type": "Point", "coordinates": [ 140.309804376553387, 37.473996979523264 ] } },
{ "type": "Feature", "properties": { "P29_001": "07203", "P29_002": "B107220330236", "P29_003": "16001", "P29_004": "郡山市立守山小学校", "P29_005": "福島県郡山市田村町守山字三の丸1", "P29_006": "3", "P29_007": "1", "P29_008": "00", "P29_009": null }, "geometry": { "type": "Point", "coordinates": [ 140.412481982271885, 37.331239424708983 ] } },
{ "type": "Feature", "properties": { "P29_001": "07203", "P29_002": "B107220330245", "P29_003": "16001", "P29_004": "郡山市立御代田小学校", "P29_005": "福島県郡山市田村町御代田字中林8", "P29_006": "3", "P29_007": "1", "P29_008": "00", "P29_009": null }, "geometry": { "type": "Point", "coordinates": [ 140.380238568243243, 37.340653595377738 ] } },
{ "type": "Feature", "properties": { "P29_001": "07203", "P29_002": "B107220330254", "P29_003": "16001", "P29_004": "郡山市立高瀬小学校", "P29_005": "福島県郡山市田村町上行合字艮耕地22-3", "P29_006": "3", "P29_007": "1", "P29_008": "00", "P29_009": null }, "geometry": { "type": "Point", "coordinates": [ 140.40863703154028, 37.36616588685343 ] } },
{ "type": "Feature", "properties": { "P29_001": "07203", "P29_002": "B107220330263", "P29_003": "16001", "P29_004": "郡山市立谷田川小学校", "P29_005": "福島県郡山市田村町谷田川字北表21", "P29_006": "3", "P29_007": "1", "P29_008": "00", "P29_009": null }, "geometry": { "type": "Point", "coordinates": [ 140.450009869518482, 37.311814246563863 ] } },
{ "type": "Feature", "properties": { "P29_001": "07203", "P29_002": "B107220330272", "P29_003": "16001", "P29_004": "郡山市立金透小学校", "P29_005": "福島県郡山市堂前町5-21", "P29_006": "3", "P29_007": "1", "P29_008": "00", "P29_009": null }, "geometry": { "type": "Point", "coordinates": [ 140.380986320400751, 37.396343729590228 ] } },
{ "type": "Feature", "properties": { "P29_001": "07203", "P29_002": "B107220330281", "P29_003": "16001", "P29_004": "郡山市立芳山小学校", "P29_005": "福島県郡山市長者2-8-24", "P29_006": "3", "P29_007": "1", "P29_008": "00", "P29_009": null }, "geometry": { "type": "Point", "coordinates": [ 140.371381011468515, 37.401332554726331 ] } },
{ "type": "Feature", "properties": { "P29_001": "07203", "P29_002": "B107220330290", "P29_003": "16001", "P29_004": "郡山市立橘小学校", "P29_005": "福島県郡山市堤下町4-4", "P29_006": "3", "P29_007": "1", "P29_008": "00", "P29_009": null }, "geometry": { "type": "Point", "coordinates": [ 140.379083097757558, 37.391538892508002 ] } },
{ "type": "Feature", "properties": { "P29_001": "07203", "P29_002": "B107220330307", "P29_003": "16001", "P29_004": "郡山市立小原田小学校", "P29_005": "福島県郡山市小原田4-5-18", "P29_006": "3", "P29_007": "1", "P29_008": "00", "P29_009": null }, "geometry": { "type": "Point", "coordinates": [ 140.379742602409038, 37.379734790197261 ] } },
{ "type": "Feature", "properties": { "P29_001": "07203", "P29_002": "B107220330316", "P29_003": "16001", "P29_004": "郡山市立開成小学校", "P29_005": "福島県郡山市開成3-14-7", "P29_006": "3", "P29_007": "1", "P29_008": "00", "P29_009": null }, "geometry": { "type": "Point", "coordinates": [ 140.350829880305241, 37.394057028159871 ] } },
{ "type": "Feature", "properties": { "P29_001": "07203", "P29_002": "B107220330325", "P29_003": "16001", "P29_004": "郡山市立芳賀小学校", "P29_005": "福島県郡山市芳賀2-20-17", "P29_006": "3", "P29_007": "1", "P29_008": "00", "P29_009": null }, "geometry": { "type": "Point", "coordinates": [ 140.399569841280169, 37.389735982576958 ] } },
{ "type": "Feature", "properties": { "P29_001": "07203", "P29_002": "B107220330334", "P29_003": "16001", "P29_004": "郡山市立桃見台小学校", "P29_005": "福島県郡山市桃見台12-3", "P29_006": "3", "P29_007": "1", "P29_008": "00", "P29_009": null }, "geometry": { "type": "Point", "coordinates": [ 140.369654803457394, 37.405230452837763 ] } },
{ "type": "Feature", "properties": { "P29_001": "07203", "P29_002": "B107220330343", "P29_003": "16001", "P29_004": "郡山市立赤木小学校", "P29_005": "福島県郡山市赤木町7-41", "P29_006": "3", "P29_007": "1", "P29_008": "00", "P29_009": null }, "geometry": { "type": "Point", "coordinates": [ 140.381768286708677, 37.405078881715141 ] } },
{ "type": "Feature", "properties": { "P29_001": "07203", "P29_002": "B107220330352", "P29_003": "16001", "P29_004": "郡山市立薫小学校", "P29_005": "福島県郡山市鶴見坦2-19-7", "P29_006": "3", "P29_007": "1", "P29_008": "00", "P29_009": null }, "geometry": { "type": "Point", "coordinates": [ 140.363723503456811, 37.39136670509334 ] } },
{ "type": "Feature", "properties": { "P29_001": "07203", "P29_002": "B107220330361", "P29_003": "16001", "P29_004": "郡山市立富田小学校", "P29_005": "福島県郡山市町東3-147", "P29_006": "3", "P29_007": "1", "P29_008": "00", "P29_009": null }, "geometry": { "type": "Point", "coordinates": [ 140.346943315867691, 37.422554817422181 ] } },
{ "type": "Feature", "properties": { "P29_001": "07203", "P29_002": "B107220330370", "P29_003": "16001", "P29_004": "郡山市立富田東小学校", "P29_005": "福島県郡山市富田町字天神林36", "P29_006": "3", "P29_007": "1", "P29_008": "00", "P29_009": null }, "geometry": { "type": "Point", "coordinates": [ 140.359035008516713, 37.423555690099022 ] } },
{ "type": "Feature", "properties": { "P29_001": "07203", "P29_002": "B107220330389", "P29_003": "16001", "P29_004": "郡山市立富田西小学校", "P29_005": "福島県郡山市富田町大十内85-5", "P29_006": "3", "P29_007": "1", "P29_008": "00", "P29_009": null }, "geometry": { "type": "Point", "coordinates": [ 140.335771233251023, 37.417124205666674 ] } },
{ "type": "Feature", "properties": { "P29_001": "07203", "P29_002": "B107220330398", "P29_003": "16001", "P29_004": "郡山市立大槻小学校", "P29_005": "福島県郡山市大槻町字城の内120", "P29_006": "3", "P29_007": "1", "P29_008": "00", "P29_009": null }, "geometry": { "type": "Point", "coordinates": [ 140.317453242884511, 37.390946945153232 ] } },
{ "type": "Feature", "properties": { "P29_001": "07203", "P29_002": "B107220330405", "P29_003": "16001", "P29_004": "郡山市立白岩小学校", "P29_005": "福島県郡山市白岩町字柿ノ口1-1", "P29_006": "3", "P29_007": "1", "P29_008": "00", "P29_009": null }, "geometry": { "type": "Point", "coordinates": [ 140.431014039200051, 37.41085863183924 ] } },
{ "type": "Feature", "properties": { "P29_001": "07203", "P29_002": "B107220330414", "P29_003": "16001", "P29_004": "郡山市立東芳小学校", "P29_005": "福島県郡山市阿久津町字大闇250", "P29_006": "3", "P29_007": "1", "P29_008": "00", "P29_009": null }, "geometry": { "type": "Point", "coordinates": [ 140.413219920385444, 37.40319963932469 ] } },
{ "type": "Feature", "properties": { "P29_001": "07203", "P29_002": "B107220330423", "P29_003": "16001", "P29_004": "郡山市立桜小学校", "P29_005": "福島県郡山市字山崎5", "P29_006": "3", "P29_007": "1", "P29_008": "00", "P29_009": null }, "geometry": { "type": "Point", "coordinates": [ 140.36446031141142, 37.378380632164486 ] } },
{ "type": "Feature", "properties": { "P29_001": "07203", "P29_002": "B107220330432", "P29_003": "16001", "P29_004": "郡山市立桑野小学校", "P29_005": "福島県郡山市亀田1-36-17", "P29_006": "3", "P29_007": "1", "P29_008": "00", "P29_009": null }, "geometry": { "type": "Point", "coordinates": [ 140.345229595496306, 37.402864295823605 ] } },
{ "type": "Feature", "properties": { "P29_001": "07203", "P29_002": "B107220330441", "P29_003": "16001", "P29_004": "郡山市立大島小学校", "P29_005": "福島県郡山市並木4-10", "P29_006": "3", "P29_007": "1", "P29_008": "00", "P29_009": null }, "geometry": { "type": "Point", "coordinates": [ 140.356897617241799, 37.41059442309021 ] } },
{ "type": "Feature", "properties": { "P29_001": "07203", "P29_002": "B107220330450", "P29_003": "16001", "P29_004": "郡山市立緑ケ丘第一小学校", "P29_005": "福島県郡山市緑ケ丘東1-20-1", "P29_006": "3", "P29_007": "1", "P29_008": "00", "P29_009": null }, "geometry": { "type": "Point", "coordinates": [ 140.435611400546861, 37.376880412971651 ] } },
{ "type": "Feature", "properties": { "P29_001": "07203", "P29_002": "B107220330469", "P29_003": "16001", "P29_004": "郡山市立小山田小学校", "P29_005": "福島県郡山市大槻町字六角26", "P29_006": "3", "P29_007": "1", "P29_008": "00", "P29_009": null }, "geometry": { "type": "Point", "coordinates": [ 140.331484825059647, 37.404488781676903 ] } },
{ "type": "Feature", "properties": { "P29_001": "07203", "P29_002": "B107220330478", "P29_003": "16001", "P29_004": "郡山市立大成小学校", "P29_005": "福島県郡山市鳴神2-55", "P29_006": "3", "P29_007": "1", "P29_008": "00", "P29_009": null }, "geometry": { "type": "Point", "coordinates": [ 140.338007393318037, 37.393673118651684 ] } },
{ "type": "Feature", "properties": { "P29_001": "07203", "P29_002": "B107220330487", "P29_003": "16001", "P29_004": "郡山市立朝日が丘小学校", "P29_005": "福島県郡山市御前南4-1", "P29_006": "3", "P29_007": "1", "P29_008": "00", "P29_009": null }, "geometry": { "type": "Point", "coordinates": [ 140.331255328817235, 37.38298076608266 ] } },
{ "type": "Feature", "properties": { "P29_001": "07203", "P29_002": "B107220330496", "P29_003": "16001", "P29_004": "郡山市立宮城小学校", "P29_005": "福島県郡山市中田町高倉字宮ノ脇218-1", "P29_006": "3", "P29_007": "1", "P29_008": "00", "P29_009": null }, "geometry": { "type": "Point", "coordinates": [ 140.442975903944387, 37.372799727703352 ] } },
{ "type": "Feature", "properties": { "P29_001": "07203", "P29_002": "B107220330502", "P29_003": "16001", "P29_004": "郡山市立海老根小学校", "P29_005": "福島県郡山市中田町海老根字椚山150", "P29_006": "3", "P29_007": "1", "P29_008": "00", "P29_009": null }, "geometry": { "type": "Point", "coordinates": [ 140.471633807513882, 37.370330445518967 ] } },
{ "type": "Feature", "properties": { "P29_001": "07203", "P29_002": "B107220330511", "P29_003": "16001", "P29_004": "郡山市立御舘小学校", "P29_005": "福島県郡山市中田町中津川字町田前278", "P29_006": "3", "P29_007": "1", "P29_008": "00", "P29_009": null }, "geometry": { "type": "Point", "coordinates": [ 140.510322195712348, 37.361355763991483 ] } },
{ "type": "Feature", "properties": { "P29_001": "07204", "P29_002": "B107220430011", "P29_003": "16001", "P29_004": "いわき市立平第一小学校", "P29_005": "福島県いわき市平字揚土5", "P29_006": "3", "P29_007": "1", "P29_008": "00", "P29_009": null }, "geometry": { "type": "Point", "coordinates": [ 140.885420954809291, 37.058512258695266 ] } },
{ "type": "Feature", "properties": { "P29_001": "07204", "P29_002": "B107220430020", "P29_003": "16001", "P29_004": "いわき市立平第二小学校", "P29_005": "福島県いわき市平梅香町7-1", "P29_006": "3", "P29_007": "1", "P29_008": "00", "P29_009": null }, "geometry": { "type": "Point", "coordinates": [ 140.893057285650741, 37.063487120800687 ] } },
{ "type": "Feature", "properties": { "P29_001": "07204", "P29_002": "B107220430039", "P29_003": "16001", "P29_004": "いわき市立平第三小学校", "P29_005": "福島県いわき市平字作町3-4-2", "P29_006": "3", "P29_007": "1", "P29_008": "00", "P29_009": null }, "geometry": { "type": "Point", "coordinates": [ 140.902326641681128, 37.047901749068188 ] } },
{ "type": "Feature", "properties": { "P29_001": "07204", "P29_002": "B107220430048", "P29_003": "16001", "P29_004": "いわき市立平第四小学校", "P29_005": "福島県いわき市平下平窪字諸荷59-1", "P29_006": "3", "P29_007": "1", "P29_008": "00", "P29_009": null }, "geometry": { "type": "Point", "coordinates": [ 140.880362575497713, 37.082390863297277 ] } },
{ "type": "Feature", "properties": { "P29_001": "07204", "P29_002": "B107220430057", "P29_003": "16001", "P29_004": "いわき市立平第五小学校", "P29_005": "福島県いわき市平下荒川字川前54-1", "P29_006": "3", "P29_007": "1", "P29_008": "00", "P29_009": null }, "geometry": { "type": "Point", "coordinates": [ 140.907847743455306, 37.040678875796054 ] } },
{ "type": "Feature", "properties": { "P29_001": "07204", "P29_002": "B107220430066", "P29_003": "16001", "P29_004": "いわき市立平第六小学校", "P29_005": "福島県いわき市平中神谷字石脇22", "P29_006": "3", "P29_007": "1", "P29_008": "00", "P29_009": null }, "geometry": { "type": "Point", "coordinates": [ 140.931831869727944, 37.068292861719002 ] } },
{ "type": "Feature", "properties": { "P29_001": "07204", "P29_002": "B107220430075", "P29_003": "16001", "P29_004": "いわき市立郷ケ丘小学校", "P29_005": "福島県いわき市郷ヶ丘3-50-18", "P29_006": "3", "P29_007": "1", "P29_008": "00", "P29_009": null }, "geometry": { "type": "Point", "coordinates": [ 140.912794524055471, 37.029291919390971 ] } },
{ "type": "Feature", "properties": { "P29_001": "07204", "P29_002": "B107220430084", "P29_003": "16001", "P29_004": "いわき市立中央台北小学校", "P29_005": "福島県いわき市中央台飯野3-2-1", "P29_006": "3", "P29_007": "1", "P29_008": "00", "P29_009": null }, "geometry": { "type": "Point", "coordinates": [ 140.910946533150906, 37.016459904549563 ] } },
{ "type": "Feature", "properties": { "P29_001": "07204", "P29_002": "B107220430093", "P29_003": "16001", "P29_004": "いわき市立中央台南小学校", "P29_005": "福島県いわき市中央台鹿島2-1-1", "P29_006": "3", "P29_007": "1", "P29_008": "00", "P29_009": null }, "geometry": { "type": "Point", "coordinates": [ 140.922624801010443, 37.002630691471616 ] } },
{ "type": "Feature", "properties": { "P29_001": "07204", "P29_002": "B107220430100", "P29_003": "16001", "P29_004": "いわき市立中央台東小学校", "P29_005": "福島県いわき市中央台高久2-24", "P29_006": "3", "P29_007": "1", "P29_008": "00", "P29_009": null }, "geometry": { "type": "Point", "coordinates": [ 140.928390386505868, 37.008376868996649 ] } },
{ "type": "Feature", "properties": { "P29_001": "07204", "P29_002": "B107220430119", "P29_003": "16001", "P29_004": "いわき市立豊間小学校", "P29_005": "福島県いわき市平薄磯字南作358-1", "P29_006": "3", "P29_007": "1", "P29_008": "00", "P29_009": null }, "geometry": { "type": "Point", "coordinates": [ 140.974496630404474, 37.001453164375377 ] } },
{ "type": "Feature", "properties": { "P29_001": "07204", "P29_002": "B107220430128", "P29_003": "16001", "P29_004": "いわき市立高久小学校", "P29_005": "福島県いわき市平下高久字原極46-1", "P29_006": "3", "P29_007": "1", "P29_008": "00", "P29_009": null }, "geometry": { "type": "Point", "coordinates": [ 140.958268808834646, 37.029566294474705 ] } },
{ "type": "Feature", "properties": { "P29_001": "07204", "P29_002": "B107220430137", "P29_003": "16001", "P29_004": "いわき市立夏井小学校", "P29_005": "福島県いわき市平上大越字塚越1", "P29_006": "3", "P29_007": "1", "P29_008": "00", "P29_009": null }, "geometry": { "type": "Point", "coordinates": [ 140.952709645207364, 37.052553115931062 ] } },
{ "type": "Feature", "properties": { "P29_001": "07204", "P29_002": "B107220430146", "P29_003": "16001", "P29_004": "いわき市立草野小学校", "P29_005": "福島県いわき市平下神谷字宿25", "P29_006": "3", "P29_007": "1", "P29_008": "00", "P29_009": null }, "geometry": { "type": "Point", "coordinates": [ 140.947761139951837, 37.071398362203986 ] } },
{ "type": "Feature", "properties": { "P29_001": "07204", "P29_002": "B107220430155", "P29_003": "16001", "P29_004": "いわき市立草野小学校絹谷分校", "P29_005": "福島県いわき市平絹谷字四反田30", "P29_006": "3", "P29_007": "1", "P29_008": "00", "P29_009": null }, "geometry": { "type": "Point", "coordinates": [ 140.940132005920418, 37.09158400356506 ] } },
{ "type": "Feature", "properties": { "P29_001": "07204", "P29_002": "B107220430164", "P29_003": "16001", "P29_004": "いわき市立赤井小学校", "P29_005": "福島県いわき市平赤井字田町49", "P29_006": "3", "P29_007": "1", "P29_008": "00", "P29_009": null }, "geometry": { "type": "Point", "coordinates": [ 140.865080472401161, 37.087432284048901 ] } },
{ "type": "Feature", "properties": { "P29_001": "07204", "P29_002": "B107220430173", "P29_003": "16001", "P29_004": "いわき市立四倉小学校", "P29_005": "福島県いわき市四倉町字西4-3-3", "P29_006": "3", "P29_007": "1", "P29_008": "00", "P29_009": null }, "geometry": { "type": "Point", "coordinates": [ 140.987179062547881, 37.109320580524944 ] } },
{ "type": "Feature", "properties": { "P29_001": "07204", "P29_002": "B107220430182", "P29_003": "16001", "P29_004": "いわき市立大浦小学校", "P29_005": "福島県いわき市四倉町狐塚字松橋27", "P29_006": "3", "P29_007": "1", "P29_008": "00", "P29_009": null }, "geometry": { "type": "Point", "coordinates": [ 140.965867398951502, 37.094425737192473 ] } },
{ "type": "Feature", "properties": { "P29_001": "07204", "P29_002": "B107220430208", "P29_003": "16001", "P29_004": "いわき市立久之浜第一小学校", "P29_005": "福島県いわき市久之浜町久之浜字糠塚3-1", "P29_006": "3", "P29_007": "1", "P29_008": "00", "P29_009": null }, "geometry": { "type": "Point", "coordinates": [ 140.993069560771687, 37.143430473275558 ] } },
{ "type": "Feature", "properties": { "P29_001": "07204", "P29_002": "B107220430217", "P29_003": "16001", "P29_004": "いわき市立久之浜第二小学校", "P29_005": "福島県いわき市大久町大久字矢ノ目沢2-1", "P29_006": "3", "P29_007": "1", "P29_008": "00", "P29_009": null }, "geometry": { "type": "Point", "coordinates": [ 140.95439289146131, 37.176677099299255 ] } },
{ "type": "Feature", "properties": { "P29_001": "07204", "P29_002": "B107220430226", "P29_003": "16001", "P29_004": "いわき市立小川小学校", "P29_005": "福島県いわき市小川町上平字田之尻4", "P29_006": "3", "P29_007": "1", "P29_008": "00", "P29_009": null }, "geometry": { "type": "Point", "coordinates": [ 140.862502221469981, 37.13476913771764 ] } },
{ "type": "Feature", "properties": { "P29_001": "07204", "P29_002": "B107220430235", "P29_003": "16001", "P29_004": "いわき市立小玉小学校", "P29_005": "福島県いわき市小川町西小川字小玉2-1", "P29_006": "3", "P29_007": "1", "P29_008": "00", "P29_009": null }, "geometry": { "type": "Point", "coordinates": [ 140.862175536507408, 37.12267333595711 ] } },
{ "type": "Feature", "properties": { "P29_001": "07204", "P29_002": "B107220430244", "P29_003": "16001", "P29_004": "いわき市立川前小学校", "P29_005": "福島県いわき市川前町川前字中ノ萱25-1", "P29_006": "3", "P29_007": "1", "P29_008": "00", "P29_009": null }, "geometry": { "type": "Point", "coordinates": [ 140.752677160822174, 37.205345650631472 ] } },
{ "type": "Feature", "properties": { "P29_001": "07204", "P29_002": "B107220430253", "P29_003": "16001", "P29_004": "いわき市立桶売小学校", "P29_005": "福島県いわき市川前町下桶売字久保田96-2", "P29_006": "3", "P29_007": "1", "P29_008": "00", "P29_009": null }, "geometry": { "type": "Point", "coordinates": [ 140.722114862136038, 37.243969363249342 ] } },
{ "type": "Feature", "properties": { "P29_001": "07204", "P29_002": "B107220430262", "P29_003": "16001", "P29_004": "いわき市立小白井小学校", "P29_005": "福島県いわき市川前町小白井字将監小屋94-1", "P29_006": "3", "P29_007": "1", "P29_008": "00", "P29_009": null }, "geometry": { "type": "Point", "coordinates": [ 140.708104952863664, 37.299002604768468 ] } },
{ "type": "Feature", "properties": { "P29_001": "07204", "P29_002": "B107220430271", "P29_003": "16001", "P29_004": "いわき市立内町小学校", "P29_005": "福島県いわき市内郷内町水之出37", "P29_006": "3", "P29_007": "1", "P29_008": "00", "P29_009": null }, "geometry": { "type": "Point", "coordinates": [ 140.850352343033364, 37.035351231746176 ] } },
{ "type": "Feature", "properties": { "P29_001": "07204", "P29_002": "B107220430280", "P29_003": "16001", "P29_004": "いわき市立綴小学校", "P29_005": "福島県いわき市内郷綴町秋山88", "P29_006": "3", "P29_007": "1", "P29_008": "00", "P29_009": null }, "geometry": { "type": "Point", "coordinates": [ 140.855912659117649, 37.030981076808885 ] } },
{ "type": "Feature", "properties": { "P29_001": "07204", "P29_002": "B107220430299", "P29_003": "16001", "P29_004": "いわき市立御厩小学校", "P29_005": "福島県いわき市内郷御厩町2-121", "P29_006": "3", "P29_007": "1", "P29_008": "00", "P29_009": null }, "geometry": { "type": "Point", "coordinates": [ 140.869612599111804, 37.046373273488847 ] } },
{ "type": "Feature", "properties": { "P29_001": "07204", "P29_002": "B107220430306", "P29_003": "16001", "P29_004": "いわき市立高坂小学校", "P29_005": "福島県いわき市内郷高坂町台35", "P29_006": "3", "P29_007": "1", "P29_008": "00", "P29_009": null }, "geometry": { "type": "Point", "coordinates": [ 140.857215566049405, 37.041037278704302 ] } },
{ "type": "Feature", "properties": { "P29_001": "07204", "P29_002": "B107220430315", "P29_003": "16001", "P29_004": "いわき市立宮小学校", "P29_005": "福島県いわき市内郷宮町滝12-4", "P29_006": "3", "P29_007": "1", "P29_008": "00", "P29_009": null }, "geometry": { "type": "Point", "coordinates": [ 140.835182171479147, 37.045467484617717 ] } },
{ "type": "Feature", "properties": { "P29_001": "07204", "P29_002": "B107220430324", "P29_003": "16001", "P29_004": "いわき市立高野小学校", "P29_005": "福島県いわき市内郷高野町中倉82-3", "P29_006": "3", "P29_007": "1", "P29_008": "00", "P29_009": null }, "geometry": { "type": "Point", "coordinates": [ 140.795638223513322, 37.054184041508925 ] } },
{ "type": "Feature", "properties": { "P29_001": "07204", "P29_002": "B107220430333", "P29_003": "16001", "P29_004": "いわき市立好間第一小学校", "P29_005": "福島県いわき市好間町上好間字馬場前14", "P29_006": "3", "P29_007": "1", "P29_008": "00", "P29_009": null }, "geometry": { "type": "Point", "coordinates": [ 140.850983147399631, 37.06735765481703 ] } },
{ "type": "Feature", "properties": { "P29_001": "07204", "P29_002": "B107220430342", "P29_003": "16001", "P29_004": "いわき市立好間第二小学校", "P29_005": "福島県いわき市好間町今新田字手倉2", "P29_006": "3", "P29_007": "1", "P29_008": "00", "P29_009": null }, "geometry": { "type": "Point", "coordinates": [ 140.876430897236816, 37.0669598700253 ] } },
{ "type": "Feature", "properties": { "P29_001": "07204", "P29_002": "B107220430351", "P29_003": "16001", "P29_004": "いわき市立好間第四小学校", "P29_005": "福島県いわき市好間町大利字戸作田65", "P29_006": "3", "P29_007": "1", "P29_008": "00", "P29_009": null }, "geometry": { "type": "Point", "coordinates": [ 140.804481204015218, 37.075482880717445 ] } },
{ "type": "Feature", "properties": { "P29_001": "07204", "P29_002": "B107220430360", "P29_003": "16001", "P29_004": "いわき市立三和小学校", "P29_005": "福島県いわき市三和町下市萱字竹ノ内126", "P29_006": "3", "P29_007": "1", "P29_008": "00", "P29_009": null }, "geometry": { "type": "Point", "coordinates": [ 140.686648832242014, 37.143141275483835 ] } },
{ "type": "Feature", "properties": { "P29_001": "07204", "P29_002": "B107220430379", "P29_003": "16001", "P29_004": "いわき市立小名浜第一小学校", "P29_005": "福島県いわき市小名浜岡小名字台ノ上1-1", "P29_006": "3", "P29_007": "1", "P29_008": "00", "P29_009": null }, "geometry": { "type": "Point", "coordinates": [ 140.90120060994721, 36.962990638472832 ] } },
{ "type": "Feature", "properties": { "P29_001": "07204", "P29_002": "B107220430388", "P29_003": "16001", "P29_004": "いわき市立小名浜第二小学校", "P29_005": "福島県いわき市小名浜愛宕町3-2", "P29_006": "3", "P29_007": "1", "P29_008": "00", "P29_009": null }, "geometry": { "type": "Point", "coordinates": [ 140.895938971708574, 36.952075559302052 ] } },
{ "type": "Feature", "properties": { "P29_001": "07204", "P29_002": "B107220430397", "P29_003": "16001", "P29_004": "いわき市立小名浜第三小学校", "P29_005": "福島県いわき市小名浜住吉字搦町7-1", "P29_006": "3", "P29_007": "1", "P29_008": "00", "P29_009": null }, "geometry": { "type": "Point", "coordinates": [ 140.885705002193902, 36.97792299837019 ] } },
{ "type": "Feature", "properties": { "P29_001": "07204", "P29_002": "B107220430404", "P29_003": "16001", "P29_004": "いわき市立小名浜東小学校", "P29_005": "福島県いわき市小名浜諏訪町37-1", "P29_006": "3", "P29_007": "1", "P29_008": "00", "P29_009": null }, "geometry": { "type": "Point", "coordinates": [ 140.911861773329548, 36.954412834946012 ] } },
{ "type": "Feature", "properties": { "P29_001": "07204", "P29_002": "B107220430413", "P29_003": "16001", "P29_004": "いわき市立小名浜西小学校", "P29_005": "福島県いわき市小名浜大原小滝山3", "P29_006": "3", "P29_007": "1", "P29_008": "00", "P29_009": null }, "geometry": { "type": "Point", "coordinates": [ 140.897498880853504, 36.966267337666785 ] } },
{ "type": "Feature", "properties": { "P29_001": "07204", "P29_002": "B107220430422", "P29_003": "16001", "P29_004": "いわき市立鹿島小学校", "P29_005": "福島県いわき市鹿島町走熊字中島1-1", "P29_006": "3", "P29_007": "1", "P29_008": "00", "P29_009": null }, "geometry": { "type": "Point", "coordinates": [ 140.909686660958641, 36.995908623618213 ] } },
{ "type": "Feature", "properties": { "P29_001": "07204", "P29_002": "B107220430431", "P29_003": "16001", "P29_004": "いわき市立江名小学校", "P29_005": "福島県いわき市江名字天ケ作154", "P29_006": "3", "P29_007": "1", "P29_008": "00", "P29_009": null }, "geometry": { "type": "Point", "coordinates": [ 140.954424977605242, 36.971448311129208 ] } },
{ "type": "Feature", "properties": { "P29_001": "07204", "P29_002": "B107220430440", "P29_003": "16001", "P29_004": "いわき市立永崎小学校", "P29_005": "福島県いわき市永崎字川畑159-5", "P29_006": "3", "P29_007": "1", "P29_008": "00", "P29_009": null }, "geometry": { "type": "Point", "coordinates": [ 140.937205946216153, 36.955396094591947 ] } },
{ "type": "Feature", "properties": { "P29_001": "07204", "P29_002": "B107220430459", "P29_003": "16001", "P29_004": "いわき市立泉小学校", "P29_005": "福島県いわき市泉町字小山48-2", "P29_006": "3", "P29_007": "1", "P29_008": "00", "P29_009": null }, "geometry": { "type": "Point", "coordinates": [ 140.84785958232851, 36.950883092958883 ] } },
{ "type": "Feature", "properties": { "P29_001": "07204", "P29_002": "B107220430468", "P29_003": "16001", "P29_004": "いわき市立泉北小学校", "P29_005": "福島県いわき市泉町玉露字定田69", "P29_006": "3", "P29_007": "1", "P29_008": "00", "P29_009": null }, "geometry": { "type": "Point", "coordinates": [ 140.847656984041038, 36.962399035032291 ] } },
{ "type": "Feature", "properties": { "P29_001": "07204", "P29_002": "B107220430477", "P29_003": "16001", "P29_004": "いわき市立渡辺小学校", "P29_005": "福島県いわき市渡辺町田部字岸17-1", "P29_006": "3", "P29_007": "1", "P29_008": "00", "P29_009": null }, "geometry": { "type": "Point", "coordinates": [ 140.83006400040972, 36.958906000835604 ] } },
{ "type": "Feature", "properties": { "P29_001": "07204", "P29_002": "B107220430486", "P29_003": "16001", "P29_004": "いわき市立湯本第一小学校", "P29_005": "福島県いわき市常磐湯本町栄田11-10", "P29_006": "3", "P29_007": "1", "P29_008": "00", "P29_009": null }, "geometry": { "type": "Point", "coordinates": [ 140.848543118281384, 37.003419572031675 ] } },
{ "type": "Feature", "properties": { "P29_001": "07204", "P29_002": "B107220430495", "P29_003": "16001", "P29_004": "いわき市立湯本第二小学校", "P29_005": "福島県いわき市常磐湯本町日渡35", "P29_006": "3", "P29_007": "1", "P29_008": "00", "P29_009": null }, "geometry": { "type": "Point", "coordinates": [ 140.842315111445515, 37.018558233277929 ] } },
{ "type": "Feature", "properties": { "P29_001": "07204", "P29_002": "B107220430501", "P29_003": "16001", "P29_004": "いわき市立湯本第三小学校", "P29_005": "福島県いわき市常磐水野谷町竜ヶ沢36", "P29_006": "3", "P29_007": "1", "P29_008": "00", "P29_009": null }, "geometry": { "type": "Point", "coordinates": [ 140.863305403758545, 37.008404372760772 ] } },
{ "type": "Feature", "properties": { "P29_001": "07204", "P29_002": "B107220430510", "P29_003": "16001", "P29_004": "いわき市立長倉小学校", "P29_005": "福島県いわき市常磐上湯長谷町上ノ台99-2", "P29_006": "3", "P29_007": "1", "P29_008": "00", "P29_009": null }, "geometry": { "type": "Point", "coordinates": [ 140.837228122636276, 37.002433504888018 ] } },
{ "type": "Feature", "properties": { "P29_001": "07204", "P29_002": "B107220430529", "P29_003": "16001", "P29_004": "いわき市立磐崎小学校", "P29_005": "福島県いわき市常磐下湯長谷町勝善14-13", "P29_006": "3", "P29_007": "1", "P29_008": "00", "P29_009": null }, "geometry": { "type": "Point", "coordinates": [ 140.851004000852555, 36.988050996966969 ] } },
{ "type": "Feature", "properties": { "P29_001": "07204", "P29_002": "B107220430538", "P29_003": "16001", "P29_004": "いわき市立藤原小学校", "P29_005": "福島県いわき市常磐藤原町斑堂115-2", "P29_006": "3", "P29_007": "1", "P29_008": "00", "P29_009": null }, "geometry": { "type": "Point", "coordinates": [ 140.822458316293279, 37.001554236216819 ] } },
{ "type": "Feature", "properties": { "P29_001": "07204", "P29_002": "B107220430547", "P29_003": "16001", "P29_004": "いわき市立植田小学校", "P29_005": "福島県いわき市東田町向山1", "P29_006": "3", "P29_007": "1", "P29_008": "00", "P29_009": null }, "geometry": { "type": "Point", "coordinates": [ 140.804768461657517, 36.92426999833566 ] } },
{ "type": "Feature", "properties": { "P29_001": "07204", "P29_002": "B107220430556", "P29_003": "16001", "P29_004": "いわき市立汐見が丘小学校", "P29_005": "福島県いわき市小浜町西ノ作358", "P29_006": "3", "P29_007": "1", "P29_008": "00", "P29_009": null }, "geometry": { "type": "Point", "coordinates": [ 140.830357308223824, 36.922741277997993 ] } },
{ "type": "Feature", "properties": { "P29_001": "07204", "P29_002": "B107220430565", "P29_003": "16001", "P29_004": "いわき市立錦小学校", "P29_005": "福島県いわき市錦町鳥居東1-1", "P29_006": "3", "P29_007": "1", "P29_008": "00", "P29_009": null }, "geometry": { "type": "Point", "coordinates": [ 140.787681141602178, 36.910859700086569 ] } },
{ "type": "Feature", "properties": { "P29_001": "07204", "P29_002": "B107220430574", "P29_003": "16001", "P29_004": "いわき市立錦東小学校", "P29_005": "福島県いわき市錦町鷺内64-5", "P29_006": "3", "P29_007": "1", "P29_008": "00", "P29_009": null }, "geometry": { "type": "Point", "coordinates": [ 140.798264277372539, 36.901698630207846 ] } },
{ "type": "Feature", "properties": { "P29_001": "07204", "P29_002": "B107220430583", "P29_003": "16001", "P29_004": "いわき市立菊田小学校", "P29_005": "福島県いわき市山田町林崎前56", "P29_006": "3", "P29_007": "1", "P29_008": "00", "P29_009": null }, "geometry": { "type": "Point", "coordinates": [ 140.773879728390796, 36.928506905933737 ] } },
{ "type": "Feature", "properties": { "P29_001": "07204", "P29_002": "B107220430592", "P29_003": "16001", "P29_004": "いわき市立勿来第一小学校", "P29_005": "福島県いわき市勿来町窪田伊賀屋敷1-1", "P29_006": "3", "P29_007": "1", "P29_008": "00", "P29_009": null }, "geometry": { "type": "Point", "coordinates": [ 140.762325945555631, 36.893515360574845 ] } },
{ "type": "Feature", "properties": { "P29_001": "07204", "P29_002": "B107220430609", "P29_003": "16001", "P29_004": "いわき市立勿来第二小学校", "P29_005": "福島県いわき市勿来町関田和久75", "P29_006": "3", "P29_007": "1", "P29_008": "00", "P29_009": null }, "geometry": { "type": "Point", "coordinates": [ 140.788172069918289, 36.885588586658471 ] } },
{ "type": "Feature", "properties": { "P29_001": "07204", "P29_002": "B107220430618", "P29_003": "16001", "P29_004": "いわき市立勿来第三小学校", "P29_005": "福島県いわき市勿来町酒井北ノ内1", "P29_006": "3", "P29_007": "1", "P29_008": "00", "P29_009": null }, "geometry": { "type": "Point", "coordinates": [ 140.742164143332218, 36.885924957796874 ] } },
{ "type": "Feature", "properties": { "P29_001": "07204", "P29_002": "B107220430627", "P29_003": "16001", "P29_004": "いわき市立川部小学校", "P29_005": "福島県いわき市川部町川原65-1", "P29_006": "3", "P29_007": "1", "P29_008": "00", "P29_009": null }, "geometry": { "type": "Point", "coordinates": [ 140.731802334386003, 36.9068054681631 ] } },
{ "type": "Feature", "properties": { "P29_001": "07204", "P29_002": "B107220430636", "P29_003": "16001", "P29_004": "いわき市立上遠野小学校", "P29_005": "福島県いわき市遠野町上遠野字本町68", "P29_006": "3", "P29_007": "1", "P29_008": "00", "P29_009": null }, "geometry": { "type": "Point", "coordinates": [ 140.747347301553702, 37.009289245667041 ] } },
{ "type": "Feature", "properties": { "P29_001": "07204", "P29_002": "B107220430645", "P29_003": "16001", "P29_004": "いわき市立入遠野小学校", "P29_005": "福島県いわき市遠野町入遠野字前田142", "P29_006": "3", "P29_007": "1", "P29_008": "00", "P29_009": null }, "geometry": { "type": "Point", "coordinates": [ 140.707641018193669, 37.036936870055897 ] } },
{ "type": "Feature", "properties": { "P29_001": "07204", "P29_002": "B107220430654", "P29_003": "16001", "P29_004": "いわき市立田人小学校", "P29_005": "福島県いわき市田人町黒田字中野18-1", "P29_006": "3", "P29_007": "1", "P29_008": "00", "P29_009": null }, "geometry": { "type": "Point", "coordinates": [ 140.704209904185348, 36.963598440866569 ] } },
{ "type": "Feature", "properties": { "P29_001": "07205", "P29_002": "B107220530010", "P29_003": "16001", "P29_004": "白河市立白河第一小学校", "P29_005": "福島県白河市菖蒲沢41-1", "P29_006": "3", "P29_007": "1", "P29_008": "00", "P29_009": null }, "geometry": { "type": "Point", "coordinates": [ 140.211401407678437, 37.121072515184864 ] } },
{ "type": "Feature", "properties": { "P29_001": "07205", "P29_002": "B107220530029", "P29_003": "16001", "P29_004": "白河市立白河第二小学校", "P29_005": "福島県白河市日影2-8", "P29_006": "3", "P29_007": "1", "P29_008": "00", "P29_009": null }, "geometry": { "type": "Point", "coordinates": [ 140.201980277606737, 37.126458971970877 ] } },
{ "type": "Feature", "properties": { "P29_001": "07205", "P29_002": "B107220530038", "P29_003": "16001", "P29_004": "白河市立白河第三小学校", "P29_005": "福島県白河市寺小路64-2", "P29_006": "3", "P29_007": "1", "P29_008": "00", "P29_009": null }, "geometry": { "type": "Point", "coordinates": [ 140.22033664672179, 37.122861550752432 ] } },
{ "type": "Feature", "properties": { "P29_001": "07205", "P29_002": "B107220530047", "P29_003": "16001", "P29_004": "白河市立白河第四小学校", "P29_005": "福島県白河市久田野豆柄山3", "P29_006": "3", "P29_007": "1", "P29_008": "00", "P29_009": null }, "geometry": { "type": "Point", "coordinates": [ 140.258993825160758, 37.125849286310768 ] } },
{ "type": "Feature", "properties": { "P29_001": "07205", "P29_002": "B107220530056", "P29_003": "16001", "P29_004": "白河市立白河第五小学校", "P29_005": "福島県白河市白坂陣場317", "P29_006": "3", "P29_007": "1", "P29_008": "00", "P29_009": null }, "geometry": { "type": "Point", "coordinates": [ 140.188695813029199, 37.084503462743506 ] } },
{ "type": "Feature", "properties": { "P29_001": "07205", "P29_002": "B107220530065", "P29_003": "16001", "P29_004": "白河市立小田川小学校", "P29_005": "福島県白河市泉田池ノ上239", "P29_006": "3", "P29_007": "1", "P29_008": "00", "P29_009": null }, "geometry": { "type": "Point", "coordinates": [ 140.248082059831944, 37.153793110131936 ] } },
{ "type": "Feature", "properties": { "P29_001": "07205", "P29_002": "B107220530074", "P29_003": "16001", "P29_004": "白河市立五箇小学校", "P29_005": "福島県白河市田島165-2", "P29_006": "3", "P29_007": "1", "P29_008": "00", "P29_009": null }, "geometry": { "type": "Point", "coordinates": [ 140.286376372185401, 37.118329196749734 ] } },
{ "type": "Feature", "properties": { "P29_001": "07205", "P29_002": "B107220530083", "P29_003": "16001", "P29_004": "白河市立関辺小学校", "P29_005": "福島県白河市関辺松並26", "P29_006": "3", "P29_007": "1", "P29_008": "00", "P29_009": null }, "geometry": { "type": "Point", "coordinates": [ 140.250113214110741, 37.092446995224392 ] } },
{ "type": "Feature", "properties": { "P29_001": "07205", "P29_002": "B107220530092", "P29_003": "16001", "P29_004": "白河市立みさか小学校", "P29_005": "福島県白河市字みさか2-120", "P29_006": "3", "P29_007": "1", "P29_008": "00", "P29_009": null }, "geometry": { "type": "Point", "coordinates": [ 140.187192330227987, 37.111231873466927 ] } },
{ "type": "Feature", "properties": { "P29_001": "07205", "P29_002": "B107220530109", "P29_003": "16001", "P29_004": "白河市立表郷小学校", "P29_005": "福島県白河市表郷金山字瀬戸原108", "P29_006": "3", "P29_007": "1", "P29_008": "00", "P29_009": null }, "geometry": { "type": "Point", "coordinates": [ 140.30064873479094, 37.058917652621339 ] } },
{ "type": "Feature", "properties": { "P29_001": "07205", "P29_002": "B107220530118", "P29_003": "16001", "P29_004": "白河市立小野田小学校", "P29_005": "福島県白河市東下野出島字髪内195", "P29_006": "3", "P29_007": "1", "P29_008": "00", "P29_009": null }, "geometry": { "type": "Point", "coordinates": [ 140.384781569501655, 37.108223444591772 ] } },
{ "type": "Feature", "properties": { "P29_001": "07205", "P29_002": "B107220530127", "P29_003": "16001", "P29_004": "白河市立釜子小学校", "P29_005": "福島県白河市東釜子字西ノ内1", "P29_006": "3", "P29_007": "1", "P29_008": "00", "P29_009": null }, "geometry": { "type": "Point", "coordinates": [ 140.342474804969129, 37.101262361408445 ] } },
{ "type": "Feature", "properties": { "P29_001": "07205", "P29_002": "B107220530163", "P29_003": "16001", "P29_004": "白河市立大信小学校", "P29_005": "福島県白河市大信中新城字愛宕山108-1", "P29_006": "3", "P29_007": "1", "P29_008": "00", "P29_009": null }, "geometry": { "type": "Point", "coordinates": [ 140.268061886388324, 37.210997741128303 ] } },
{ "type": "Feature", "properties": { "P29_001": "07207", "P29_002": "B107220730018", "P29_003": "16001", "P29_004": "須賀川市立第一小学校", "P29_005": "福島県須賀川市大黒町100", "P29_006": "3", "P29_007": "1", "P29_008": "00", "P29_009": null }, "geometry": { "type": "Point", "coordinates": [ 140.367139964880664, 37.288078663138592 ] } },
{ "type": "Feature", "properties": { "P29_001": "07207", "P29_002": "B107220730027", "P29_003": "16001", "P29_004": "須賀川市立第二小学校", "P29_005": "福島県須賀川市弘法坦151", "P29_006": "3", "P29_007": "1", "P29_008": "00", "P29_009": null }, "geometry": { "type": "Point", "coordinates": [ 140.372388333545359, 37.292872765719757 ] } },
{ "type": "Feature", "properties": { "P29_001": "07207", "P29_002": "B107220730036", "P29_003": "16001", "P29_004": "須賀川市立第三小学校", "P29_005": "福島県須賀川市朝日田53", "P29_006": "3", "P29_007": "1", "P29_008": "00", "P29_009": null }, "geometry": { "type": "Point", "coordinates": [ 140.387048312262664, 37.27929655346545 ] } },
{ "type": "Feature", "properties": { "P29_001": "07207", "P29_002": "B107220730045", "P29_003": "16001", "P29_004": "須賀川市立西袋第一小学校", "P29_005": "福島県須賀川市日向町115", "P29_006": "3", "P29_007": "1", "P29_008": "00", "P29_009": null }, "geometry": { "type": "Point", "coordinates": [ 140.353728554151246, 37.29755088876378 ] } },
{ "type": "Feature", "properties": { "P29_001": "07207", "P29_002": "B107220730054", "P29_003": "16001", "P29_004": "須賀川市立西袋第二小学校", "P29_005": "福島県須賀川市大字袋田字小田切21", "P29_006": "3", "P29_007": "1", "P29_008": "00", "P29_009": null }, "geometry": { "type": "Point", "coordinates": [ 140.316482249960103, 37.304428335705261 ] } },
{ "type": "Feature", "properties": { "P29_001": "07207", "P29_002": "B107220730072", "P29_003": "16001", "P29_004": "須賀川市立小塩江小学校", "P29_005": "福島県須賀川市塩田字作田1", "P29_006": "3", "P29_007": "1", "P29_008": "00", "P29_009": null }, "geometry": { "type": "Point", "coordinates": [ 140.434177088945631, 37.290723815384943 ] } },
{ "type": "Feature", "properties": { "P29_001": "07207", "P29_002": "B107220730081", "P29_003": "16001", "P29_004": "須賀川市立阿武隈小学校", "P29_005": "福島県須賀川市古舘70", "P29_006": "3", "P29_007": "1", "P29_008": "00", "P29_009": null }, "geometry": { "type": "Point", "coordinates": [ 140.390710974348934, 37.29729991146818 ] } },
{ "type": "Feature", "properties": { "P29_001": "07207", "P29_002": "B107220730090", "P29_003": "16001", "P29_004": "須賀川市立仁井田小学校", "P29_005": "福島県須賀川市仁井田字長者井戸111-1", "P29_006": "3", "P29_007": "1", "P29_008": "00", "P29_009": null }, "geometry": { "type": "Point", "coordinates": [ 140.328657529135256, 37.336929183524639 ] } },
{ "type": "Feature", "properties": { "P29_001": "07207", "P29_002": "B107220730107", "P29_003": "16001", "P29_004": "須賀川市立柏城小学校", "P29_005": "福島県須賀川市滑川字東町127", "P29_006": "3", "P29_007": "1", "P29_008": "00", "P29_009": null }, "geometry": { "type": "Point", "coordinates": [ 140.371262462373551, 37.320436524145656 ] } },
{ "type": "Feature", "properties": { "P29_001": "07207", "P29_002": "B107220730116", "P29_003": "16001", "P29_004": "須賀川市立大東小学校", "P29_005": "福島県須賀川市大字雨田字芳ヶ平72", "P29_006": "3", "P29_007": "1", "P29_008": "00", "P29_009": null }, "geometry": { "type": "Point", "coordinates": [ 140.423136331450479, 37.265626437545322 ] } },
{ "type": "Feature", "properties": { "P29_001": "07207", "P29_002": "B107220730125", "P29_003": "16001", "P29_004": "須賀川市立大東小学校上小山田分校", "P29_005": "福島県須賀川市上小山田字小林10", "P29_006": "3", "P29_007": "1", "P29_008": "00", "P29_009": null }, "geometry": { "type": "Point", "coordinates": [ 140.454130647708013, 37.268754001118623 ] } },
{ "type": "Feature", "properties": { "P29_001": "07207", "P29_002": "B107220730134", "P29_003": "16001", "P29_004": "須賀川市立大森小学校", "P29_005": "福島県須賀川市狸森字杉内90", "P29_006": "3", "P29_007": "1", "P29_008": "00", "P29_009": null }, "geometry": { "type": "Point", "coordinates": [ 140.449478793088616, 37.238551196613336 ] } },
{ "type": "Feature", "properties": { "P29_001": "07207", "P29_002": "B107220730143", "P29_003": "16001", "P29_004": "須賀川市立長沼小学校", "P29_005": "福島県須賀川市長沼字殿町85", "P29_006": "3", "P29_007": "1", "P29_008": "00", "P29_009": null }, "geometry": { "type": "Point", "coordinates": [ 140.21361099576859, 37.293334000945727 ] } },
{ "type": "Feature", "properties": { "P29_001": "07207", "P29_002": "B107220730152", "P29_003": "16001", "P29_004": "須賀川市立長沼東小学校", "P29_005": "福島県須賀川市桙衝字下沖58", "P29_006": "3", "P29_007": "1", "P29_008": "00", "P29_009": null }, "geometry": { "type": "Point", "coordinates": [ 140.271876487068852, 37.273503740818576 ] } },
{ "type": "Feature", "properties": { "P29_001": "07207", "P29_002": "B107220730161", "P29_003": "16001", "P29_004": "須賀川市立白方小学校", "P29_005": "福島県須賀川市今泉字梅田181", "P29_006": "3", "P29_007": "1", "P29_008": "00", "P29_009": null }, "geometry": { "type": "Point", "coordinates": [ 140.253212282414665, 37.327509171241985 ] } },
{ "type": "Feature", "properties": { "P29_001": "07207", "P29_002": "B107220730170", "P29_003": "16001", "P29_004": "須賀川市立白江小学校", "P29_005": "福島県須賀川市大久保字室貫26", "P29_006": "3", "P29_007": "1", "P29_008": "00", "P29_009": null }, "geometry": { "type": "Point", "coordinates": [ 140.284436998171799, 37.301112004835026 ] } },
{ "type": "Feature", "properties": { "P29_001": "07208", "P29_002": "B107220830017", "P29_003": "16001", "P29_004": "喜多方市立第一小学校", "P29_005": "福島県喜多方市字水上6868", "P29_006": "3", "P29_007": "1", "P29_008": "00", "P29_009": null }, "geometry": { "type": "Point", "coordinates": [ 139.874740117625777, 37.656427190573268 ] } },
{ "type": "Feature", "properties": { "P29_001": "07208", "P29_002": "B107220830026", "P29_003": "16001", "P29_004": "喜多方市立第二小学校", "P29_005": "福島県喜多方市字六百苅7373", "P29_006": "3", "P29_007": "1", "P29_008": "00", "P29_009": null }, "geometry": { "type": "Point", "coordinates": [ 139.874044633641319, 37.648003759593749 ] } },
{ "type": "Feature", "properties": { "P29_001": "07208", "P29_002": "B107220830035", "P29_003": "16001", "P29_004": "喜多方市立松山小学校", "P29_005": "福島県喜多方市松山町村松字大坪1943-1", "P29_006": "3", "P29_007": "1", "P29_008": "00", "P29_009": null }, "geometry": { "type": "Point", "coordinates": [ 139.873967958164087, 37.671702294488647 ] } },
{ "type": "Feature", "properties": { "P29_001": "07208", "P29_002": "B107220830044", "P29_003": "16001", "P29_004": "喜多方市立上三宮小学校", "P29_005": "福島県喜多方市上三宮町上三宮字下松原2561-1", "P29_006": "3", "P29_007": "1", "P29_008": "00", "P29_009": null }, "geometry": { "type": "Point", "coordinates": [ 139.8612980346862, 37.682585036548403 ] } },
{ "type": "Feature", "properties": { "P29_001": "07208", "P29_002": "B107220830053", "P29_003": "16001", "P29_004": "喜多方市立第三小学校", "P29_005": "福島県喜多方市岩月町喜多方字林崎591-1", "P29_006": "3", "P29_007": "1", "P29_008": "00", "P29_009": null }, "geometry": { "type": "Point", "coordinates": [ 139.887321985785292, 37.667910450150956 ] } },
{ "type": "Feature", "properties": { "P29_001": "07208", "P29_002": "B107220830062", "P29_003": "16001", "P29_004": "喜多方市立関柴小学校", "P29_005": "福島県喜多方市関柴町三津井字下政所850", "P29_006": "3", "P29_007": "1", "P29_008": "00", "P29_009": null }, "geometry": { "type": "Point", "coordinates": [ 139.900761737493553, 37.651503089605384 ] } },
{ "type": "Feature", "properties": { "P29_001": "07208", "P29_002": "B107220830071", "P29_003": "16001", "P29_004": "喜多方市立熊倉小学校", "P29_005": "福島県喜多方市熊倉町熊倉クネ添1433", "P29_006": "3", "P29_007": "1", "P29_008": "00", "P29_009": null }, "geometry": { "type": "Point", "coordinates": [ 139.922833082907658, 37.643478673005092 ] } },
{ "type": "Feature", "properties": { "P29_001": "07208", "P29_002": "B107220830080", "P29_003": "16001", "P29_004": "喜多方市立豊川小学校", "P29_005": "福島県喜多方市豊川町一井字八百苅688", "P29_006": "3", "P29_007": "1", "P29_008": "00", "P29_009": null }, "geometry": { "type": "Point", "coordinates": [ 139.875992017485601, 37.633845851912184 ] } },
{ "type": "Feature", "properties": { "P29_001": "07208", "P29_002": "B107220830099", "P29_003": "16001", "P29_004": "喜多方市立慶徳小学校", "P29_005": "福島県喜多方市慶徳町豊岡字今町381", "P29_006": "3", "P29_007": "1", "P29_008": "00", "P29_009": null }, "geometry": { "type": "Point", "coordinates": [ 139.834751978907406, 37.633395475229705 ] } },
{ "type": "Feature", "properties": { "P29_001": "07208", "P29_002": "B107220830106", "P29_003": "16001", "P29_004": "喜多方市立熱塩小学校", "P29_005": "福島県喜多方市熱塩加納町山田字堂ノ下甲1613", "P29_006": "3", "P29_007": "1", "P29_008": "00", "P29_009": null }, "geometry": { "type": "Point", "coordinates": [ 139.879897784437446, 37.725622956970092 ] } },
{ "type": "Feature", "properties": { "P29_001": "07208", "P29_002": "B107220830115", "P29_003": "16001", "P29_004": "喜多方市立加納小学校", "P29_005": "福島県喜多方市熱塩加納町加納字西土合甲1325", "P29_006": "3", "P29_007": "1", "P29_008": "00", "P29_009": null }, "geometry": { "type": "Point", "coordinates": [ 139.857285510315393, 37.708458873056955 ] } },
{ "type": "Feature", "properties": { "P29_001": "07208", "P29_002": "B107220830124", "P29_003": "16001", "P29_004": "喜多方市立堂島小学校", "P29_005": "福島県喜多方市塩川町大字四奈川字西鎧召2076-1", "P29_006": "3", "P29_007": "1", "P29_008": "00", "P29_009": null }, "geometry": { "type": "Point", "coordinates": [ 139.857006756629318, 37.609641593839136 ] } },
{ "type": "Feature", "properties": { "P29_001": "07208", "P29_002": "B107220830133", "P29_003": "16001", "P29_004": "喜多方市立塩川小学校", "P29_005": "福島県喜多方市塩川町字東栄町2-1-1", "P29_006": "3", "P29_007": "1", "P29_008": "00", "P29_009": null }, "geometry": { "type": "Point", "coordinates": [ 139.891475604042739, 37.594251277462412 ] } },
{ "type": "Feature", "properties": { "P29_001": "07208", "P29_002": "B107220830142", "P29_003": "16001", "P29_004": "喜多方市立姥堂小学校", "P29_005": "福島県喜多方市塩川町小府根字曽谷田151-1", "P29_006": "3", "P29_007": "1", "P29_008": "00", "P29_009": null }, "geometry": { "type": "Point", "coordinates": [ 139.89115094933004, 37.615219515176705 ] } },
{ "type": "Feature", "properties": { "P29_001": "07208", "P29_002": "B107220830151", "P29_003": "16001", "P29_004": "喜多方市立駒形小学校", "P29_005": "福島県喜多方市塩川町中屋沢字竹屋丙32-1", "P29_006": "3", "P29_007": "1", "P29_008": "00", "P29_009": null }, "geometry": { "type": "Point", "coordinates": [ 139.913886710537867, 37.602978398811459 ] } },
{ "type": "Feature", "properties": { "P29_001": "07208", "P29_002": "B107220830160", "P29_003": "16001", "P29_004": "喜多方市立山都小学校", "P29_005": "福島県喜多方市山都町字上ノ原道西905-2", "P29_006": "3", "P29_007": "1", "P29_008": "00", "P29_009": null }, "geometry": { "type": "Point", "coordinates": [ 139.771626097230012, 37.643743290246874 ] } },
{ "type": "Feature", "properties": { "P29_001": "07208", "P29_002": "B107220830179", "P29_003": "16001", "P29_004": "喜多方市立高郷小学校", "P29_005": "福島県喜多方市高郷町上郷字堀田戊287", "P29_006": "3", "P29_007": "1", "P29_008": "00", "P29_009": null }, "geometry": { "type": "Point", "coordinates": [ 139.725136667743072, 37.614536361198219 ] } },
{ "type": "Feature", "properties": { "P29_001": "07209", "P29_002": "B107220930016", "P29_003": "16001", "P29_004": "相馬市立大野小学校", "P29_005": "福島県相馬市大坪字東畑7", "P29_006": "3", "P29_007": "1", "P29_008": "00", "P29_009": null }, "geometry": { "type": "Point", "coordinates": [ 140.897265957213278, 37.830722137674414 ] } },
{ "type": "Feature", "properties": { "P29_001": "07209", "P29_002": "B107220930025", "P29_003": "16001", "P29_004": "相馬市立山上小学校", "P29_005": "福島県相馬市山上字柳下32-2", "P29_006": "3", "P29_007": "1", "P29_008": "00", "P29_009": null }, "geometry": { "type": "Point", "coordinates": [ 140.880205210929375, 37.777306406605916 ] } },
{ "type": "Feature", "properties": { "P29_001": "07209", "P29_002": "B107220930034", "P29_003": "16001", "P29_004": "相馬市立八幡小学校", "P29_005": "福島県相馬市坪田字清水前9-3", "P29_006": "3", "P29_007": "1", "P29_008": "00", "P29_009": null }, "geometry": { "type": "Point", "coordinates": [ 140.914400048174969, 37.776833871848098 ] } },
{ "type": "Feature", "properties": { "P29_001": "07209", "P29_002": "B107220930043", "P29_003": "16001", "P29_004": "相馬市立中村第一小学校", "P29_005": "福島県相馬市中村字大手先一", "P29_006": "3", "P29_007": "1", "P29_008": "00", "P29_009": null }, "geometry": { "type": "Point", "coordinates": [ 140.917481754805408, 37.796604299800919 ] } },
{ "type": "Feature", "properties": { "P29_001": "07209", "P29_002": "B107220930052", "P29_003": "16001", "P29_004": "相馬市立中村第二小学校", "P29_005": "福島県相馬市尾浜字細田1", "P29_006": "3", "P29_007": "1", "P29_008": "00", "P29_009": null }, "geometry": { "type": "Point", "coordinates": [ 140.943956880848901, 37.821420926166255 ] } },
{ "type": "Feature", "properties": { "P29_001": "07209", "P29_002": "B107220930061", "P29_003": "16001", "P29_004": "相馬市立桜丘小学校", "P29_005": "福島県相馬市中村字桜ヶ丘179", "P29_006": "3", "P29_007": "1", "P29_008": "00", "P29_009": null }, "geometry": { "type": "Point", "coordinates": [ 140.915030034748298, 37.801702909603243 ] } },
{ "type": "Feature", "properties": { "P29_001": "07209", "P29_002": "B107220930070", "P29_003": "16001", "P29_004": "相馬市立飯豊小学校", "P29_005": "福島県相馬市大曲字天神前42", "P29_006": "3", "P29_007": "1", "P29_008": "00", "P29_009": null }, "geometry": { "type": "Point", "coordinates": [ 140.94903035975085, 37.788758810154839 ] } },
{ "type": "Feature", "properties": { "P29_001": "07209", "P29_002": "B107220930089", "P29_003": "16001", "P29_004": "相馬市立磯部小学校", "P29_005": "福島県相馬市磯部字上ノ台467-2", "P29_006": "3", "P29_007": "1", "P29_008": "00", "P29_009": null }, "geometry": { "type": "Point", "coordinates": [ 140.992016935629948, 37.760915370354034 ] } },
{ "type": "Feature", "properties": { "P29_001": "07209", "P29_002": "B107220930098", "P29_003": "16001", "P29_004": "相馬市立日立木小学校", "P29_005": "福島県相馬市日下石字神明前14", "P29_006": "3", "P29_007": "1", "P29_008": "00", "P29_009": null }, "geometry": { "type": "Point", "coordinates": [ 140.946798962089161, 37.76784751251602 ] } },
{ "type": "Feature", "properties": { "P29_001": "07210", "P29_002": "B107221030013", "P29_003": "16001", "P29_004": "二本松市立二本松南小学校", "P29_005": "福島県二本松市亀谷2-123", "P29_006": "3", "P29_007": "1", "P29_008": "00", "P29_009": null }, "geometry": { "type": "Point", "coordinates": [ 140.446258509151136, 37.594594488974927 ] } },
{ "type": "Feature", "properties": { "P29_001": "07210", "P29_002": "B107221030022", "P29_003": "16001", "P29_004": "二本松市立二本松北小学校", "P29_005": "福島県二本松市郭内1-1", "P29_006": "3", "P29_007": "1", "P29_008": "00", "P29_009": null }, "geometry": { "type": "Point", "coordinates": [ 140.434866718998563, 37.597022649458317 ] } },
{ "type": "Feature", "properties": { "P29_001": "07210", "P29_002": "B107221030031", "P29_003": "16001", "P29_004": "二本松市立塩沢小学校", "P29_005": "福島県二本松市塩沢町1-238-1", "P29_006": "3", "P29_007": "1", "P29_008": "00", "P29_009": null }, "geometry": { "type": "Point", "coordinates": [ 140.426394194862439, 37.615242509067883 ] } },
{ "type": "Feature", "properties": { "P29_001": "07210", "P29_002": "B107221030040", "P29_003": "16001", "P29_004": "二本松市立岳下小学校", "P29_005": "福島県二本松市大壇175-1", "P29_006": "3", "P29_007": "1", "P29_008": "00", "P29_009": null }, "geometry": { "type": "Point", "coordinates": [ 140.422923803747409, 37.586239990503458 ] } },
{ "type": "Feature", "properties": { "P29_001": "07210", "P29_002": "B107221030059", "P29_003": "16001", "P29_004": "二本松市立安達太良小学校", "P29_005": "福島県二本松市岳温泉1-177-1", "P29_006": "3", "P29_007": "1", "P29_008": "00", "P29_009": null }, "geometry": { "type": "Point", "coordinates": [ 140.353051248447457, 37.605500937360745 ] } },
{ "type": "Feature", "properties": { "P29_001": "07210", "P29_002": "B107221030068", "P29_003": "16001", "P29_004": "二本松市立原瀬小学校", "P29_005": "福島県二本松市原セ才木380", "P29_006": "3", "P29_007": "1", "P29_008": "00", "P29_009": null }, "geometry": { "type": "Point", "coordinates": [ 140.384741309299017, 37.585201563878996 ] } },
{ "type": "Feature", "properties": { "P29_001": "07210", "P29_002": "B107221030077", "P29_003": "16001", "P29_004": "二本松市立杉田小学校", "P29_005": "福島県二本松市中江195-1", "P29_006": "3", "P29_007": "1", "P29_008": "00", "P29_009": null }, "geometry": { "type": "Point", "coordinates": [ 140.416093744854521, 37.561748145514407 ] } },
{ "type": "Feature", "properties": { "P29_001": "07210", "P29_002": "B107221030086", "P29_003": "16001", "P29_004": "二本松市立石井小学校", "P29_005": "福島県二本松市小高内3", "P29_006": "3", "P29_007": "1", "P29_008": "00", "P29_009": null }, "geometry": { "type": "Point", "coordinates": [ 140.459567508887375, 37.562629927600135 ] } },
{ "type": "Feature", "properties": { "P29_001": "07210", "P29_002": "B107221030095", "P29_003": "16001", "P29_004": "二本松市立大平小学校", "P29_005": "福島県二本松市竹ノ内22-1", "P29_006": "3", "P29_007": "1", "P29_008": "00", "P29_009": null }, "geometry": { "type": "Point", "coordinates": [ 140.475522467616059, 37.580471493630391 ] } },
{ "type": "Feature", "properties": { "P29_001": "07210", "P29_002": "B107221030102", "P29_003": "16001", "P29_004": "二本松市立油井小学校", "P29_005": "福島県二本松市油井字台5", "P29_006": "3", "P29_007": "1", "P29_008": "00", "P29_009": null }, "geometry": { "type": "Point", "coordinates": [ 140.457890996493006, 37.605531116729836 ] } },
{ "type": "Feature", "properties": { "P29_001": "07210", "P29_002": "B107221030111", "P29_003": "16001", "P29_004": "二本松市立渋川小学校", "P29_005": "福島県二本松市渋川字神明森27", "P29_006": "3", "P29_007": "1", "P29_008": "00", "P29_009": null }, "geometry": { "type": "Point", "coordinates": [ 140.462182696243275, 37.634757026043282 ] } },
{ "type": "Feature", "properties": { "P29_001": "07210", "P29_002": "B107221030120", "P29_003": "16001", "P29_004": "二本松市立川崎小学校", "P29_005": "福島県二本松市上川崎字上種田1", "P29_006": "3", "P29_007": "1", "P29_008": "00", "P29_009": null }, "geometry": { "type": "Point", "coordinates": [ 140.491117043362323, 37.610325846803953 ] } },
{ "type": "Feature", "properties": { "P29_001": "07210", "P29_002": "B107221030139", "P29_003": "16001", "P29_004": "二本松市立小浜小学校", "P29_005": "福島県二本松市小浜字藤町100", "P29_006": "3", "P29_007": "1", "P29_008": "00", "P29_009": null }, "geometry": { "type": "Point", "coordinates": [ 140.512226228757072, 37.560877062087499 ] } },
{ "type": "Feature", "properties": { "P29_001": "07210", "P29_002": "B107221030148", "P29_003": "16001", "P29_004": "二本松市立新殿小学校", "P29_005": "福島県二本松市西新殿字永作10", "P29_006": "3", "P29_007": "1", "P29_008": "00", "P29_009": null }, "geometry": { "type": "Point", "coordinates": [ 140.563121407065609, 37.53427377344471 ] } },
{ "type": "Feature", "properties": { "P29_001": "07210", "P29_002": "B107221030157", "P29_003": "16001", "P29_004": "二本松市立旭小学校", "P29_005": "福島県二本松市田沢字鳥上44", "P29_006": "3", "P29_007": "1", "P29_008": "00", "P29_009": null }, "geometry": { "type": "Point", "coordinates": [ 140.634049719496687, 37.548476593782922 ] } },
{ "type": "Feature", "properties": { "P29_001": "07210", "P29_002": "B107221030166", "P29_003": "16001", "P29_004": "二本松市立東和小学校", "P29_005": "福島県二本松市針道字大町西46", "P29_006": "3", "P29_007": "1", "P29_008": "00", "P29_009": null }, "geometry": { "type": "Point", "coordinates": [ 140.568942568334478, 37.590548217068509 ] } },
{ "type": "Feature", "properties": { "P29_001": "07211", "P29_002": "B107221130012", "P29_003": "16001", "P29_004": "田村市立滝根小学校", "P29_005": "福島県田村市滝根町神俣字弥五郎内28", "P29_006": "3", "P29_007": "1", "P29_008": "00", "P29_009": null }, "geometry": { "type": "Point", "coordinates": [ 140.66269300230303, 37.321627999312511 ] } },
{ "type": "Feature", "properties": { "P29_001": "07211", "P29_002": "B107221130021", "P29_003": "16001", "P29_004": "田村市立大越小学校", "P29_005": "福島県田村市大越町上大越字元池70", "P29_006": "3", "P29_007": "1", "P29_008": "00", "P29_009": null }, "geometry": { "type": "Point", "coordinates": [ 140.631044081726969, 37.381861591274436 ] } },
{ "type": "Feature", "properties": { "P29_001": "07211", "P29_002": "B107221130030", "P29_003": "16001", "P29_004": "田村市立都路小学校", "P29_005": "福島県田村市都路町古道字北町24", "P29_006": "3", "P29_007": "1", "P29_008": "00", "P29_009": null }, "geometry": { "type": "Point", "coordinates": [ 140.792615139515732, 37.437888521731217 ] } },
{ "type": "Feature", "properties": { "P29_001": "07211", "P29_002": "B107221130049", "P29_003": "16001", "P29_004": "田村市立常葉小学校", "P29_005": "福島県田村市常葉町常葉字上野130", "P29_006": "3", "P29_007": "1", "P29_008": "00", "P29_009": null }, "geometry": { "type": "Point", "coordinates": [ 140.644588555312453, 37.440187557013424 ] } },
{ "type": "Feature", "properties": { "P29_001": "07211", "P29_002": "B107221130067", "P29_003": "16001", "P29_004": "田村市立船引南小学校", "P29_005": "福島県田村市船引町堀越字丸森2", "P29_006": "3", "P29_007": "1", "P29_008": "00", "P29_009": null }, "geometry": { "type": "Point", "coordinates": [ 140.570548307644771, 37.397616276850719 ] } },
{ "type": "Feature", "properties": { "P29_001": "07211", "P29_002": "B107221130076", "P29_003": "16001", "P29_004": "田村市立船引小学校", "P29_005": "福島県田村市船引町船引字南元町1", "P29_006": "3", "P29_007": "1", "P29_008": "00", "P29_009": null }, "geometry": { "type": "Point", "coordinates": [ 140.579993890598701, 37.436288902230395 ] } },
{ "type": "Feature", "properties": { "P29_001": "07211", "P29_002": "B107221130085", "P29_003": "16001", "P29_004": "田村市立美山小学校", "P29_005": "福島県田村市船引町北鹿又字後和田30", "P29_006": "3", "P29_007": "1", "P29_008": "00", "P29_009": null }, "geometry": { "type": "Point", "coordinates": [ 140.588448151672367, 37.473455692964556 ] } },
{ "type": "Feature", "properties": { "P29_001": "07212", "P29_002": "B107221230011", "P29_003": "16001", "P29_004": "南相馬市立原町第一小学校", "P29_005": "福島県南相馬市原町区東町2-66", "P29_006": "3", "P29_007": "1", "P29_008": "00", "P29_009": null }, "geometry": { "type": "Point", "coordinates": [ 140.962886190997494, 37.642507894831226 ] } },
{ "type": "Feature", "properties": { "P29_001": "07212", "P29_002": "B107221230020", "P29_003": "16001", "P29_004": "南相馬市立原町第二小学校", "P29_005": "福島県南相馬市原町区橋本町1-101", "P29_006": "3", "P29_007": "1", "P29_008": "00", "P29_009": null }, "geometry": { "type": "Point", "coordinates": [ 140.963566130403734, 37.634765298464963 ] } },
{ "type": "Feature", "properties": { "P29_001": "07212", "P29_002": "B107221230039", "P29_003": "16001", "P29_004": "南相馬市立原町第三小学校", "P29_005": "福島県南相馬市原町区上町1-13", "P29_006": "3", "P29_007": "1", "P29_008": "00", "P29_009": null }, "geometry": { "type": "Point", "coordinates": [ 140.951181551351851, 37.632137408739453 ] } },
{ "type": "Feature", "properties": { "P29_001": "07212", "P29_002": "B107221230048", "P29_003": "16001", "P29_004": "南相馬市立高平小学校", "P29_005": "福島県南相馬市原町区下北高平字古舘22", "P29_006": "3", "P29_007": "1", "P29_008": "00", "P29_009": null }, "geometry": { "type": "Point", "coordinates": [ 140.988162621577203, 37.651724823510165 ] } },
{ "type": "Feature", "properties": { "P29_001": "07212", "P29_002": "B107221230057", "P29_003": "16001", "P29_004": "南相馬市立大甕小学校", "P29_005": "福島県南相馬市原町区大甕字鶴蒔8", "P29_006": "3", "P29_007": "1", "P29_008": "00", "P29_009": null }, "geometry": { "type": "Point", "coordinates": [ 141.004818146599604, 37.610411730190762 ] } },
{ "type": "Feature", "properties": { "P29_001": "07212", "P29_002": "B107221230066", "P29_003": "16001", "P29_004": "南相馬市立太田小学校", "P29_005": "福島県南相馬市原町区益田字塩釜236", "P29_006": "3", "P29_007": "1", "P29_008": "00", "P29_009": null }, "geometry": { "type": "Point", "coordinates": [ 140.970234401979269, 37.606182478017004 ] } },
{ "type": "Feature", "properties": { "P29_001": "07212", "P29_002": "B107221230075", "P29_003": "16001", "P29_004": "南相馬市立石神第一小学校", "P29_005": "福島県南相馬市原町区北長野字北原田288", "P29_006": "3", "P29_007": "1", "P29_008": "00", "P29_009": null }, "geometry": { "type": "Point", "coordinates": [ 140.934955571892687, 37.659117433662438 ] } },
{ "type": "Feature", "properties": { "P29_001": "07212", "P29_002": "B107221230084", "P29_003": "16001", "P29_004": "南相馬市立石神第二小学校", "P29_005": "福島県南相馬市原町区大木戸字西原1", "P29_006": "3", "P29_007": "1", "P29_008": "00", "P29_009": null }, "geometry": { "type": "Point", "coordinates": [ 140.93392276996849, 37.634593805877358 ] } },
{ "type": "Feature", "properties": { "P29_001": "07212", "P29_002": "B107221230093", "P29_003": "16001", "P29_004": "南相馬市立鹿島小学校", "P29_005": "福島県南相馬市鹿島区鹿島字広町13", "P29_006": "3", "P29_007": "1", "P29_008": "00", "P29_009": null }, "geometry": { "type": "Point", "coordinates": [ 140.97650131780054, 37.70119864275452 ] } },
{ "type": "Feature", "properties": { "P29_001": "07212", "P29_002": "B107221230100", "P29_003": "16001", "P29_004": "南相馬市立八沢小学校", "P29_005": "福島県南相馬市鹿島区南屋形字北原32", "P29_006": "3", "P29_007": "1", "P29_008": "00", "P29_009": null }, "geometry": { "type": "Point", "coordinates": [ 140.98461783212403, 37.711704077725976 ] } },
{ "type": "Feature", "properties": { "P29_001": "07212", "P29_002": "B107221230119", "P29_003": "16001", "P29_004": "南相馬市立上真野小学校", "P29_005": "福島県南相馬市鹿島区浮田字一丁田81", "P29_006": "3", "P29_007": "1", "P29_008": "00", "P29_009": null }, "geometry": { "type": "Point", "coordinates": [ 140.929028476484774, 37.722846695351407 ] } },
{ "type": "Feature", "properties": { "P29_001": "07212", "P29_002": "B107221230128", "P29_003": "16001", "P29_004": "南相馬市立小高小学校", "P29_005": "福島県南相馬市小高区関場1-77-1", "P29_006": "3", "P29_007": "1", "P29_008": "00", "P29_009": null }, "geometry": { "type": "Point", "coordinates": [ 140.98540100386839, 37.561837995367718 ] } },
{ "type": "Feature", "properties": { "P29_001": "07213", "P29_002": "B107221330010", "P29_003": "16001", "P29_004": "伊達市立伊達小学校", "P29_005": "福島県伊達市舘ノ内20", "P29_006": "3", "P29_007": "1", "P29_008": "00", "P29_009": null }, "geometry": { "type": "Point", "coordinates": [ 140.497493917634472, 37.820428137639027 ] } },
{ "type": "Feature", "properties": { "P29_001": "07213", "P29_002": "B107221330029", "P29_003": "16001", "P29_004": "伊達市立伊達東小学校", "P29_005": "福島県伊達市伏黒字土井ノ内42", "P29_006": "3", "P29_007": "1", "P29_008": "00", "P29_009": null }, "geometry": { "type": "Point", "coordinates": [ 140.52387110219675, 37.823758592956139 ] } },
{ "type": "Feature", "properties": { "P29_001": "07213", "P29_002": "B107221330038", "P29_003": "16001", "P29_004": "伊達市立梁川小学校", "P29_005": "福島県伊達市梁川町字北本町21-1", "P29_006": "3", "P29_007": "1", "P29_008": "00", "P29_009": null }, "geometry": { "type": "Point", "coordinates": [ 140.602790622492932, 37.856704830337122 ] } },
{ "type": "Feature", "properties": { "P29_001": "07213", "P29_002": "B107221330047", "P29_003": "16001", "P29_004": "伊達市立堰本小学校", "P29_005": "福島県伊達市梁川町新田字南荒野33", "P29_006": "3", "P29_007": "1", "P29_008": "00", "P29_009": null }, "geometry": { "type": "Point", "coordinates": [ 140.600892903282613, 37.831882785337427 ] } },
{ "type": "Feature", "properties": { "P29_001": "07213", "P29_002": "B107221330056", "P29_003": "16001", "P29_004": "伊達市立粟野小学校", "P29_005": "福島県伊達市梁川町粟野字沼頭28", "P29_006": "3", "P29_007": "1", "P29_008": "00", "P29_009": null }, "geometry": { "type": "Point", "coordinates": [ 140.581391683521446, 37.850877334216719 ] } },
{ "type": "Feature", "properties": { "P29_001": "07213", "P29_002": "B107221330065", "P29_003": "16001", "P29_004": "伊達市立大田小学校", "P29_005": "福島県伊達市保原町大泉字前原内111", "P29_006": "3", "P29_007": "1", "P29_008": "00", "P29_009": null }, "geometry": { "type": "Point", "coordinates": [ 140.573660720448885, 37.825786184877543 ] } },
{ "type": "Feature", "properties": { "P29_001": "07213", "P29_002": "B107221330074", "P29_003": "16001", "P29_004": "伊達市立保原小学校", "P29_005": "福島県伊達市保原町字弥生町15", "P29_006": "3", "P29_007": "1", "P29_008": "00", "P29_009": null }, "geometry": { "type": "Point", "coordinates": [ 140.549637022571829, 37.820807796426337 ] } },
{ "type": "Feature", "properties": { "P29_001": "07213", "P29_002": "B107221330083", "P29_003": "16001", "P29_004": "伊達市立上保原小学校", "P29_005": "福島県伊達市保原町上保原字無苦代内11", "P29_006": "3", "P29_007": "1", "P29_008": "00", "P29_009": null }, "geometry": { "type": "Point", "coordinates": [ 140.539513383124103, 37.81398143344073 ] } },
{ "type": "Feature", "properties": { "P29_001": "07213", "P29_002": "B107221330092", "P29_003": "16001", "P29_004": "伊達市立柱沢小学校", "P29_005": "福島県伊達市保原町所沢字東畑100", "P29_006": "3", "P29_007": "1", "P29_008": "00", "P29_009": null }, "geometry": { "type": "Point", "coordinates": [ 140.569014570513275, 37.796940990720159 ] } },
{ "type": "Feature", "properties": { "P29_001": "07213", "P29_002": "B107221330109", "P29_003": "16001", "P29_004": "伊達市立掛田小学校", "P29_005": "福島県伊達市霊山町掛田字高ノ上2", "P29_006": "3", "P29_007": "1", "P29_008": "00", "P29_009": null }, "geometry": { "type": "Point", "coordinates": [ 140.593273723381856, 37.790271507217241 ] } },
{ "type": "Feature", "properties": { "P29_001": "07213", "P29_002": "B107221330118", "P29_003": "16001", "P29_004": "伊達市立小国小学校", "P29_005": "福島県伊達市霊山町下小国字中島26-1", "P29_006": "3", "P29_007": "1", "P29_008": "00", "P29_009": null }, "geometry": { "type": "Point", "coordinates": [ 140.579844268488785, 37.767065075884801 ] } },
{ "type": "Feature", "properties": { "P29_001": "07213", "P29_002": "B107221330145", "P29_003": "16001", "P29_004": "伊達市立月舘学園小学校", "P29_005": "福島県伊達市月舘町月舘字久保田1", "P29_006": "3", "P29_007": "1", "P29_008": "00", "P29_009": null }, "geometry": { "type": "Point", "coordinates": [ 140.608685093562684, 37.733124976838383 ] } },
{ "type": "Feature", "properties": { "P29_001": "07214", "P29_002": "B107221430019", "P29_003": "16001", "P29_004": "本宮市立本宮小学校", "P29_005": "福島県本宮市本宮字舘ノ越48", "P29_006": "3", "P29_007": "1", "P29_008": "00", "P29_009": null }, "geometry": { "type": "Point", "coordinates": [ 140.404248004887251, 37.520250000012972 ] } },
{ "type": "Feature", "properties": { "P29_001": "07214", "P29_002": "B107221430028", "P29_003": "16001", "P29_004": "本宮市立本宮まゆみ小学校", "P29_005": "福島県本宮市本宮字舞台1", "P29_006": "3", "P29_007": "1", "P29_008": "00", "P29_009": null }, "geometry": { "type": "Point", "coordinates": [ 140.388462998091427, 37.515389001126188 ] } },
{ "type": "Feature", "properties": { "P29_001": "07214", "P29_002": "B107221430037", "P29_003": "16001", "P29_004": "本宮市立五百川小学校", "P29_005": "福島県本宮市荒井字西畑1-1", "P29_006": "3", "P29_007": "1", "P29_008": "00", "P29_009": null }, "geometry": { "type": "Point", "coordinates": [ 140.392955999734596, 37.4954929993498 ] } },
{ "type": "Feature", "properties": { "P29_001": "07214", "P29_002": "B107221430046", "P29_003": "16001", "P29_004": "本宮市立岩根小学校", "P29_005": "福島県本宮市岩根字下年神12", "P29_006": "3", "P29_007": "1", "P29_008": "00", "P29_009": null }, "geometry": { "type": "Point", "coordinates": [ 140.350071850676329, 37.482290881470526 ] } },
{ "type": "Feature", "properties": { "P29_001": "07214", "P29_002": "B107221430055", "P29_003": "16001", "P29_004": "本宮市立糠沢小学校", "P29_005": "福島県本宮市糠沢字原23", "P29_006": "3", "P29_007": "1", "P29_008": "00", "P29_009": null }, "geometry": { "type": "Point", "coordinates": [ 140.428932546197359, 37.494532838905343 ] } },
{ "type": "Feature", "properties": { "P29_001": "07214", "P29_002": "B107221430064", "P29_003": "16001", "P29_004": "本宮市立和田小学校", "P29_005": "福島県本宮市和田字学校前1", "P29_006": "3", "P29_007": "1", "P29_008": "00", "P29_009": null }, "geometry": { "type": "Point", "coordinates": [ 140.443468338742235, 37.526969104514471 ] } },
{ "type": "Feature", "properties": { "P29_001": "07214", "P29_002": "B107221430073", "P29_003": "16001", "P29_004": "本宮市立白岩小学校", "P29_005": "福島県本宮市白岩字馬場193-1", "P29_006": "3", "P29_007": "1", "P29_008": "00", "P29_009": null }, "geometry": { "type": "Point", "coordinates": [ 140.473953001154769, 37.502631002371508 ] } },
{ "type": "Feature", "properties": { "P29_001": "07301", "P29_002": "B107230130013", "P29_003": "16001", "P29_004": "伊達郡桑折町立醸芳小学校", "P29_005": "福島県伊達郡桑折町字桑島三2-8", "P29_006": "3", "P29_007": "1", "P29_008": "00", "P29_009": null }, "geometry": { "type": "Point", "coordinates": [ 140.516259432335687, 37.846786730874634 ] } },
{ "type": "Feature", "properties": { "P29_001": "07301", "P29_002": "B107230130022", "P29_003": "16001", "P29_004": "伊達郡桑折町立睦合小学校", "P29_005": "福島県伊達郡桑折町大字成田字堰上46-3", "P29_006": "3", "P29_007": "1", "P29_008": "00", "P29_009": null }, "geometry": { "type": "Point", "coordinates": [ 140.501165549171333, 37.839584202532464 ] } },
{ "type": "Feature", "properties": { "P29_001": "07301", "P29_002": "B107230130031", "P29_003": "16001", "P29_004": "伊達郡桑折町立半田醸芳小学校", "P29_005": "福島県伊達郡桑折町南半田字上田町5", "P29_006": "3", "P29_007": "1", "P29_008": "00", "P29_009": null }, "geometry": { "type": "Point", "coordinates": [ 140.521437280987328, 37.86533807585284 ] } },
{ "type": "Feature", "properties": { "P29_001": "07301", "P29_002": "B107230130040", "P29_003": "16001", "P29_004": "伊達郡桑折町立伊達崎小学校", "P29_005": "福島県伊達郡桑折町大字下郡字細町1", "P29_006": "3", "P29_007": "1", "P29_008": "00", "P29_009": null }, "geometry": { "type": "Point", "coordinates": [ 140.540868417826005, 37.850646401358993 ] } },
{ "type": "Feature", "properties": { "P29_001": "07303", "P29_002": "B107230330011", "P29_003": "16001", "P29_004": "国見町立国見小学校", "P29_005": "福島県伊達郡国見町大字藤田字町尻一　2", "P29_006": "3", "P29_007": "1", "P29_008": "00", "P29_009": null }, "geometry": { "type": "Point", "coordinates": [ 140.548518517473298, 37.879235787833139 ] } },
{ "type": "Feature", "properties": { "P29_001": "07308", "P29_002": "B107230830025", "P29_003": "16001", "P29_004": "川俣町立川俣小学校", "P29_005": "福島県伊達郡川俣町字宮前36", "P29_006": "3", "P29_007": "1", "P29_008": "00", "P29_009": null }, "geometry": { "type": "Point", "coordinates": [ 140.599515419204636, 37.669466324292316 ] } },
{ "type": "Feature", "properties": { "P29_001": "07308", "P29_002": "B107230830061", "P29_003": "16001", "P29_004": "川俣町立山木屋小学校", "P29_005": "福島県伊達郡川俣町山木屋字小塚山9-1", "P29_006": "3", "P29_007": "1", "P29_008": "00", "P29_009": null }, "geometry": { "type": "Point", "coordinates": [ 140.675881096908967, 37.602701702921216 ] } },
{ "type": "Feature", "properties": { "P29_001": "07322", "P29_002": "B107232230018", "P29_003": "16001", "P29_004": "大玉村立大山小学校", "P29_005": "福島県安達郡大玉村大山字谷地1", "P29_006": "3", "P29_007": "1", "P29_008": "00", "P29_009": null }, "geometry": { "type": "Point", "coordinates": [ 140.386242784181547, 37.5458686512087 ] } },
{ "type": "Feature", "properties": { "P29_001": "07322", "P29_002": "B107232230027", "P29_003": "16001", "P29_004": "大玉村立玉井小学校", "P29_005": "福島県安達郡大玉村玉井字細田28-3", "P29_006": "3", "P29_007": "1", "P29_008": "00", "P29_009": null }, "geometry": { "type": "Point", "coordinates": [ 140.362071852830212, 37.53689443786795 ] } },
{ "type": "Feature", "properties": { "P29_001": "07342", "P29_002": "B107234230014", "P29_003": "16001", "P29_004": "鏡石町立第一小学校", "P29_005": "福島県岩瀬郡鏡石町中央1", "P29_006": "3", "P29_007": "1", "P29_008": "00", "P29_009": null }, "geometry": { "type": "Point", "coordinates": [ 140.343078062789175, 37.25233950076403 ] } },
{ "type": "Feature", "properties": { "P29_001": "07342", "P29_002": "B107234230023", "P29_003": "16001", "P29_004": "鏡石町立第二小学校", "P29_005": "福島県岩瀬郡鏡石町豊郷中238", "P29_006": "3", "P29_007": "1", "P29_008": "00", "P29_009": null }, "geometry": { "type": "Point", "coordinates": [ 140.357295249658449, 37.242235306622305 ] } },
{ "type": "Feature", "properties": { "P29_001": "07344", "P29_002": "B107234430012", "P29_003": "16001", "P29_004": "天栄村立広戸小学校", "P29_005": "福島県岩瀬郡天栄村大字飯豊字新山28", "P29_006": "3", "P29_007": "1", "P29_008": "00", "P29_009": null }, "geometry": { "type": "Point", "coordinates": [ 140.28621664141852, 37.247358629590906 ] } },
{ "type": "Feature", "properties": { "P29_001": "07344", "P29_002": "B107234430021", "P29_003": "16001", "P29_004": "天栄村立大里小学校", "P29_005": "福島県岩瀬郡天栄村大字大里字畑田25", "P29_006": "3", "P29_007": "1", "P29_008": "00", "P29_009": null }, "geometry": { "type": "Point", "coordinates": [ 140.248010804388088, 37.236477139644016 ] } },
{ "type": "Feature", "properties": { "P29_001": "07344", "P29_002": "B107234430030", "P29_003": "16001", "P29_004": "天栄村立牧本小学校", "P29_005": "福島県岩瀬郡天栄村大字牧之内字文舎35", "P29_006": "3", "P29_007": "1", "P29_008": "00", "P29_009": null }, "geometry": { "type": "Point", "coordinates": [ 140.19796312234098, 37.265286276742181 ] } },
{ "type": "Feature", "properties": { "P29_001": "07344", "P29_002": "B107234430049", "P29_003": "16001", "P29_004": "天栄村立湯本小学校", "P29_005": "福島県岩瀬郡天栄村大字田良尾字野仲36", "P29_006": "3", "P29_007": "1", "P29_008": "00", "P29_009": null }, "geometry": { "type": "Point", "coordinates": [ 140.00662039754215, 37.279117393110347 ] } },
{ "type": "Feature", "properties": { "P29_001": "07362", "P29_002": "B107236230019", "P29_003": "16001", "P29_004": "南会津郡下郷町立旭田小学校", "P29_005": "福島県南会津郡下郷町塩生字金堀場1935-1", "P29_006": "3", "P29_007": "1", "P29_008": "00", "P29_009": null }, "geometry": { "type": "Point", "coordinates": [ 139.875030998138499, 37.251108002512034 ] } },
{ "type": "Feature", "properties": { "P29_001": "07362", "P29_002": "B107236230028", "P29_003": "16001", "P29_004": "南会津郡下郷町立江川小学校", "P29_005": "福島県南会津郡下郷町大字湯野上字杉ノ内乙548", "P29_006": "3", "P29_007": "1", "P29_008": "00", "P29_009": null }, "geometry": { "type": "Point", "coordinates": [ 139.899358581633862, 37.295643124631113 ] } },
{ "type": "Feature", "properties": { "P29_001": "07362", "P29_002": "B107236230037", "P29_003": "16001", "P29_004": "南会津郡下郷町立楢原小学校", "P29_005": "福島県南会津郡下郷町大字豊成字山崎6407-2", "P29_006": "3", "P29_007": "1", "P29_008": "00", "P29_009": null }, "geometry": { "type": "Point", "coordinates": [ 139.864063334900749, 37.258114710315745 ] } },
{ "type": "Feature", "properties": { "P29_001": "07364", "P29_002": "B107236430017", "P29_003": "16001", "P29_004": "南会津郡檜枝岐村立檜枝岐小学校", "P29_005": "福島県南会津郡檜枝岐村字下ノ原939", "P29_006": "3", "P29_007": "1", "P29_008": "00", "P29_009": null }, "geometry": { "type": "Point", "coordinates": [ 139.388490756283375, 37.025334948775537 ] } },
{ "type": "Feature", "properties": { "P29_001": "07367", "P29_002": "B107236730014", "P29_003": "16001", "P29_004": "南会津郡只見町立只見小学校", "P29_005": "福島県南会津郡只見町大字只見字上ノ原1735-1", "P29_006": "3", "P29_007": "1", "P29_008": "00", "P29_009": null }, "geometry": { "type": "Point", "coordinates": [ 139.317772501425935, 37.351715253060519 ] } },
{ "type": "Feature", "properties": { "P29_001": "07367", "P29_002": "B107236730023", "P29_003": "16001", "P29_004": "南会津郡只見町立朝日小学校", "P29_005": "福島県南会津郡只見町大字黒谷字九日田230-1", "P29_006": "3", "P29_007": "1", "P29_008": "00", "P29_009": null }, "geometry": { "type": "Point", "coordinates": [ 139.362416954816922, 37.303412498928822 ] } },
{ "type": "Feature", "properties": { "P29_001": "07367", "P29_002": "B107236730032", "P29_003": "16001", "P29_004": "南会津郡只見町立明和小学校", "P29_005": "福島県南会津郡只見町大字小林字上照岡1336", "P29_006": "3", "P29_007": "1", "P29_008": "00", "P29_009": null }, "geometry": { "type": "Point", "coordinates": [ 139.454928095976385, 37.309454905960294 ] } },
{ "type": "Feature", "properties": { "P29_001": "07368", "P29_002": "B107236830013", "P29_003": "16001", "P29_004": "南会津郡南会津町立田島小学校", "P29_005": "福島県南会津郡南会津町田島字会下甲3316", "P29_006": "3", "P29_007": "1", "P29_008": "00", "P29_009": null }, "geometry": { "type": "Point", "coordinates": [ 139.77352850107593, 37.194202664514052 ] } },
{ "type": "Feature", "properties": { "P29_001": "07368", "P29_002": "B107236830022", "P29_003": "16001", "P29_004": "南会津郡南会津町立田島第二小学校", "P29_005": "福島県南会津郡南会津町長野字於三段340", "P29_006": "3", "P29_007": "1", "P29_008": "00", "P29_009": null }, "geometry": { "type": "Point", "coordinates": [ 139.812624418858206, 37.208755495423461 ] } },
{ "type": "Feature", "properties": { "P29_001": "07368", "P29_002": "B107236830031", "P29_003": "16001", "P29_004": "南会津町立桧沢小学校", "P29_005": "福島県南会津郡南会津町福米沢字宮ノ前1380", "P29_006": "3", "P29_007": "1", "P29_008": "00", "P29_009": null }, "geometry": { "type": "Point", "coordinates": [ 139.727136956368099, 37.205619040604361 ] } },
{ "type": "Feature", "properties": { "P29_001": "07368", "P29_002": "B107236830040", "P29_003": "16001", "P29_004": "南会津郡南会津町立荒海小学校", "P29_005": "福島県南会津郡南会津町関本字大道上495", "P29_006": "3", "P29_007": "1", "P29_008": "00", "P29_009": null }, "geometry": { "type": "Point", "coordinates": [ 139.735550636446732, 37.153903345549203 ] } },
{ "type": "Feature", "properties": { "P29_001": "07368", "P29_002": "B107236830059", "P29_003": "16001", "P29_004": "南会津郡南会津町立舘岩小学校", "P29_005": "福島県南会津郡南会津町松戸原3", "P29_006": "3", "P29_007": "1", "P29_008": "00", "P29_009": null }, "geometry": { "type": "Point", "coordinates": [ 139.532082205205995, 37.090928417516672 ] } },
{ "type": "Feature", "properties": { "P29_001": "07368", "P29_002": "B107236830068", "P29_003": "16001", "P29_004": "南会津郡南会津町立伊南小学校", "P29_005": "福島県南会津郡南会津町古町字石原525", "P29_006": "3", "P29_007": "1", "P29_008": "00", "P29_009": null }, "geometry": { "type": "Point", "coordinates": [ 139.527745730007553, 37.173686537939602 ] } },
{ "type": "Feature", "properties": { "P29_001": "07368", "P29_002": "B107236830077", "P29_003": "16001", "P29_004": "南会津町立南郷小学校", "P29_005": "福島県南会津郡南会津町山口字舟場885-1", "P29_006": "3", "P29_007": "1", "P29_008": "00", "P29_009": null }, "geometry": { "type": "Point", "coordinates": [ 139.534027290430032, 37.220890436974223 ] } },
{ "type": "Feature", "properties": { "P29_001": "07402", "P29_002": "B107240230011", "P29_003": "16001", "P29_004": "耶麻郡北塩原村立さくら小学校", "P29_005": "福島県耶麻郡北塩原村大字北山字北畑4275", "P29_006": "3", "P29_007": "1", "P29_008": "00", "P29_009": null }, "geometry": { "type": "Point", "coordinates": [ 139.925926473315712, 37.657079842507891 ] } },
{ "type": "Feature", "properties": { "P29_001": "07402", "P29_002": "B107240230020", "P29_003": "16001", "P29_004": "耶麻郡北塩原村立裏磐悌小学校", "P29_005": "福島県耶麻郡北塩原村大字桧原字剣ヶ峯1093-732", "P29_006": "3", "P29_007": "1", "P29_008": "00", "P29_009": null }, "geometry": { "type": "Point", "coordinates": [ 140.083400339182646, 37.65924898270616 ] } },
{ "type": "Feature", "properties": { "P29_001": "07405", "P29_002": "B107240530018", "P29_003": "16001", "P29_004": "耶麻郡西会津町立西会津小学校", "P29_005": "福島県耶麻郡西会津町尾野本字新森野66", "P29_006": "3", "P29_007": "1", "P29_008": "00", "P29_009": null }, "geometry": { "type": "Point", "coordinates": [ 139.65441362043407, 37.590179553851414 ] } },
{ "type": "Feature", "properties": { "P29_001": "07407", "P29_002": "B107240730016", "P29_003": "16001", "P29_004": "耶麻郡磐梯町立磐梯第一小学校", "P29_005": "福島県耶麻郡磐梯町大字磐梯字水口2528", "P29_006": "3", "P29_007": "1", "P29_008": "00", "P29_009": null }, "geometry": { "type": "Point", "coordinates": [ 139.986522175737264, 37.560255209651281 ] } },
{ "type": "Feature", "properties": { "P29_001": "07407", "P29_002": "B107240730025", "P29_003": "16001", "P29_004": "耶麻郡磐梯町立磐悌第二小学校", "P29_005": "福島県耶麻郡磐梯町大字大谷字屋敷前33", "P29_006": "3", "P29_007": "1", "P29_008": "00", "P29_009": null }, "geometry": { "type": "Point", "coordinates": [ 139.959984633792743, 37.574300029657429 ] } },
{ "type": "Feature", "properties": { "P29_001": "07408", "P29_002": "B107240830015", "P29_003": "16001", "P29_004": "猪苗代町立翁島小学校", "P29_005": "福島県耶麻郡猪苗代町大字三ツ和字家北906", "P29_006": "3", "P29_007": "1", "P29_008": "00", "P29_009": null }, "geometry": { "type": "Point", "coordinates": [ 140.072667455569018, 37.538790880228511 ] } },
{ "type": "Feature", "properties": { "P29_001": "07408", "P29_002": "B107240830024", "P29_003": "16001", "P29_004": "耶麻郡猪苗代町立千里小学校", "P29_005": "福島県耶麻郡猪苗代町大字千代田字前田甲312-1", "P29_006": "3", "P29_007": "1", "P29_008": "00", "P29_009": null }, "geometry": { "type": "Point", "coordinates": [ 140.108192969787353, 37.547706671104059 ] } },
{ "type": "Feature", "properties": { "P29_001": "07408", "P29_002": "B107240830033", "P29_003": "16001", "P29_004": "耶麻郡猪苗代町立猪苗代小学校", "P29_005": "福島県耶麻郡猪苗代町茶園5770", "P29_006": "3", "P29_007": "1", "P29_008": "00", "P29_009": null }, "geometry": { "type": "Point", "coordinates": [ 140.103815541846302, 37.563744996565468 ] } },
{ "type": "Feature", "properties": { "P29_001": "07408", "P29_002": "B107240830042", "P29_003": "16001", "P29_004": "耶麻郡猪苗代町立吾妻小学校", "P29_005": "福島県耶麻郡猪苗代町大字蚕養字中島乙592-3", "P29_006": "3", "P29_007": "1", "P29_008": "00", "P29_009": null }, "geometry": { "type": "Point", "coordinates": [ 140.13610500316156, 37.601074000602743 ] } },
{ "type": "Feature", "properties": { "P29_001": "07408", "P29_002": "B107240830051", "P29_003": "16001", "P29_004": "耶麻郡猪苗代町立緑小学校", "P29_005": "福島県耶麻郡猪苗代町大字中小松字狐川原甲1566-1", "P29_006": "3", "P29_007": "1", "P29_008": "00", "P29_009": null }, "geometry": { "type": "Point", "coordinates": [ 140.131788466581924, 37.516495345512794 ] } },
{ "type": "Feature", "properties": { "P29_001": "07408", "P29_002": "B107240830060", "P29_003": "16001", "P29_004": "耶麻郡猪苗代町立長瀬小学校", "P29_005": "福島県耶麻郡猪苗代町八幡字山神374-2", "P29_006": "3", "P29_007": "1", "P29_008": "00", "P29_009": null }, "geometry": { "type": "Point", "coordinates": [ 140.139967579713868, 37.558355879115339 ] } },
{ "type": "Feature", "properties": { "P29_001": "07421", "P29_002": "B107242130018", "P29_003": "16001", "P29_004": "会津坂下町立坂下南小学校", "P29_005": "福島県河沼郡会津坂下町字石田甲650", "P29_006": "3", "P29_007": "1", "P29_008": "00", "P29_009": null }, "geometry": { "type": "Point", "coordinates": [ 139.819367880709223, 37.5580182887525 ] } },
{ "type": "Feature", "properties": { "P29_001": "07421", "P29_002": "B107242130027", "P29_003": "16001", "P29_004": "会津坂下町立坂下東小学校", "P29_005": "福島県河沼郡会津坂下町字上口705", "P29_006": "3", "P29_007": "1", "P29_008": "00", "P29_009": null }, "geometry": { "type": "Point", "coordinates": [ 139.832980597004479, 37.561311569495139 ] } },
{ "type": "Feature", "properties": { "P29_001": "07422", "P29_002": "B107242230017", "P29_003": "16001", "P29_004": "河沼郡湯川村立笈川小学校", "P29_005": "福島県河沼郡湯川村大字笈川字舘24", "P29_006": "3", "P29_007": "1", "P29_008": "00", "P29_009": null }, "geometry": { "type": "Point", "coordinates": [ 139.887523180642489, 37.573657178491658 ] } },
{ "type": "Feature", "properties": { "P29_001": "07422", "P29_002": "B107242230026", "P29_003": "16001", "P29_004": "河沼郡湯川村立勝常小学校", "P29_005": "福島県河沼郡湯川村大字勝常字堂後827", "P29_006": "3", "P29_007": "1", "P29_008": "00", "P29_009": null }, "geometry": { "type": "Point", "coordinates": [ 139.871491595032325, 37.563297158033514 ] } },
{ "type": "Feature", "properties": { "P29_001": "07423", "P29_002": "B107242330016", "P29_003": "16001", "P29_004": "河沼郡柳津町立柳津小学校", "P29_005": "福島県河沼郡柳津町大字柳津字上村道下乙1580", "P29_006": "3", "P29_007": "1", "P29_008": "00", "P29_009": null }, "geometry": { "type": "Point", "coordinates": [ 139.721428950145139, 37.524898363545844 ] } },
{ "type": "Feature", "properties": { "P29_001": "07423", "P29_002": "B107242330025", "P29_003": "16001", "P29_004": "河沼郡柳津町立西山小学校", "P29_005": "福島県河沼郡柳津町大字砂子原字居平316", "P29_006": "3", "P29_007": "1", "P29_008": "00", "P29_009": null }, "geometry": { "type": "Point", "coordinates": [ 139.687146500594253, 37.445560885394869 ] } },
{ "type": "Feature", "properties": { "P29_001": "07444", "P29_002": "B107244430011", "P29_003": "16001", "P29_004": "大沼郡三島町立三島小学校", "P29_005": "福島県大沼郡三島町大字宮下字建堀1846", "P29_006": "3", "P29_007": "1", "P29_008": "00", "P29_009": null }, "geometry": { "type": "Point", "coordinates": [ 139.643307779909492, 37.46966257940575 ] } },
{ "type": "Feature", "properties": { "P29_001": "07445", "P29_002": "B107244530010", "P29_003": "16001", "P29_004": "大沼郡金山町立金山小学校", "P29_005": "福島県大沼郡金山町大字川口字馬場324", "P29_006": "3", "P29_007": "1", "P29_008": "00", "P29_009": null }, "geometry": { "type": "Point", "coordinates": [ 139.524571563003576, 37.452777753914184 ] } },
{ "type": "Feature", "properties": { "P29_001": "07445", "P29_002": "B107244530029", "P29_003": "16001", "P29_004": "大沼郡金山町立横田小学校", "P29_005": "福島県大沼郡金山町大字横田字上原1070", "P29_006": "3", "P29_007": "1", "P29_008": "00", "P29_009": null }, "geometry": { "type": "Point", "coordinates": [ 139.443692900380626, 37.395343270688137 ] } },
{ "type": "Feature", "properties": { "P29_001": "07446", "P29_002": "B107244630019", "P29_003": "16001", "P29_004": "大沼郡昭和村立昭和小学校", "P29_005": "福島県大沼郡昭和村下中津川字二十苅255", "P29_006": "3", "P29_007": "1", "P29_008": "00", "P29_009": null }, "geometry": { "type": "Point", "coordinates": [ 139.613569868601559, 37.331798136151633 ] } },
{ "type": "Feature", "properties": { "P29_001": "07447", "P29_002": "B107244730018", "P29_003": "16001", "P29_004": "大沼郡会津美里町立高田小学校", "P29_005": "福島県大沼郡会津美里町字法憧寺南甲3505", "P29_006": "3", "P29_007": "1", "P29_008": "00", "P29_009": null }, "geometry": { "type": "Point", "coordinates": [ 139.84110700399421, 37.460647105135529 ] } },
{ "type": "Feature", "properties": { "P29_001": "07447", "P29_002": "B107244730027", "P29_003": "16001", "P29_004": "大沼郡会津美里町立宮川小学校", "P29_005": "福島県大沼郡会津美里町冨川字上中川161-1", "P29_006": "3", "P29_007": "1", "P29_008": "00", "P29_009": null }, "geometry": { "type": "Point", "coordinates": [ 139.835692514892884, 37.446159048329328 ] } },
{ "type": "Feature", "properties": { "P29_001": "07447", "P29_002": "B107244730036", "P29_003": "16001", "P29_004": "大沼郡会津美里町立本郷小学校", "P29_005": "福島県大沼郡会津美里町字本郷道上34", "P29_006": "3", "P29_007": "1", "P29_008": "00", "P29_009": null }, "geometry": { "type": "Point", "coordinates": [ 139.882493433842171, 37.454577134352945 ] } },
{ "type": "Feature", "properties": { "P29_001": "07447", "P29_002": "B107244730045", "P29_003": "16001", "P29_004": "大沼郡会津美里町立新鶴小学校", "P29_005": "福島県大沼郡会津美里町鶴野辺字北三百苅775", "P29_006": "3", "P29_007": "1", "P29_008": "00", "P29_009": null }, "geometry": { "type": "Point", "coordinates": [ 139.831188822726489, 37.512516633944102 ] } },
{ "type": "Feature", "properties": { "P29_001": "07461", "P29_002": "B107246130019", "P29_003": "16001", "P29_004": "西白河郡西郷村立熊倉小学校", "P29_005": "福島県西白河郡西郷村大字熊倉字折口原33-1", "P29_006": "3", "P29_007": "1", "P29_008": "00", "P29_009": null }, "geometry": { "type": "Point", "coordinates": [ 140.155211326951729, 37.142939516944871 ] } },
{ "type": "Feature", "properties": { "P29_001": "07461", "P29_002": "B107246130028", "P29_003": "16001", "P29_004": "西白河郡西郷村立小田倉小学校", "P29_005": "福島県西白河郡西郷村大字小田倉字原中189", "P29_006": "3", "P29_007": "1", "P29_008": "00", "P29_009": null }, "geometry": { "type": "Point", "coordinates": [ 140.16160749159107, 37.119766324323187 ] } },
{ "type": "Feature", "properties": { "P29_001": "07461", "P29_002": "B107246130037", "P29_003": "16001", "P29_004": "西白河郡西郷村立米小学校", "P29_005": "福島県西白河郡西郷村米字向山59-1", "P29_006": "3", "P29_007": "1", "P29_008": "00", "P29_009": null }, "geometry": { "type": "Point", "coordinates": [ 140.180315434970481, 37.140081421072402 ] } },
{ "type": "Feature", "properties": { "P29_001": "07461", "P29_002": "B107246130046", "P29_003": "16001", "P29_004": "西白河郡西郷村立羽太小学校", "P29_005": "福島県西白河郡西郷村羽太字新宿52", "P29_006": "3", "P29_007": "1", "P29_008": "00", "P29_009": null }, "geometry": { "type": "Point", "coordinates": [ 140.155464794636117, 37.175585640237315 ] } },
{ "type": "Feature", "properties": { "P29_001": "07461", "P29_002": "B107246130055", "P29_003": "16001", "P29_004": "西白河郡西郷村立川谷小学校", "P29_005": "福島県西白河郡西郷村真船字蒲日向269", "P29_006": "3", "P29_007": "1", "P29_008": "00", "P29_009": null }, "geometry": { "type": "Point", "coordinates": [ 140.092726852647047, 37.161109244376533 ] } },
{ "type": "Feature", "properties": { "P29_001": "07464", "P29_002": "B107246430016", "P29_003": "16001", "P29_004": "西白河郡泉崎村立泉崎第一小学校", "P29_005": "福島県西白河郡泉崎村泉崎字高屋原71", "P29_006": "3", "P29_007": "1", "P29_008": "00", "P29_009": null }, "geometry": { "type": "Point", "coordinates": [ 140.292095608545509, 37.163251532717538 ] } },
{ "type": "Feature", "properties": { "P29_001": "07464", "P29_002": "B107246430025", "P29_003": "16001", "P29_004": "西白河郡泉崎村立泉崎第二小学校", "P29_005": "福島県西白河郡泉崎村北平山字新田東山48-2", "P29_006": "3", "P29_007": "1", "P29_008": "00", "P29_009": null }, "geometry": { "type": "Point", "coordinates": [ 140.315483303452112, 37.142066169584552 ] } },
{ "type": "Feature", "properties": { "P29_001": "07465", "P29_002": "B107246530015", "P29_003": "16001", "P29_004": "西白河郡中島村立滑津小学校", "P29_005": "福島県西白河郡中島村大字滑津字羽黒前2", "P29_006": "3", "P29_007": "1", "P29_008": "00", "P29_009": null }, "geometry": { "type": "Point", "coordinates": [ 140.370898674002007, 37.15498234573591 ] } },
{ "type": "Feature", "properties": { "P29_001": "07465", "P29_002": "B107246530024", "P29_003": "16001", "P29_004": "西白河郡中島村立吉子川小学校", "P29_005": "福島県西白河郡中島村大字二子塚字家来47", "P29_006": "3", "P29_007": "1", "P29_008": "00", "P29_009": null }, "geometry": { "type": "Point", "coordinates": [ 140.348280383333929, 37.131394297769518 ] } },
{ "type": "Feature", "properties": { "P29_001": "07466", "P29_002": "B107246630014", "P29_003": "16001", "P29_004": "矢吹町立中畑小学校", "P29_005": "福島県西白河郡矢吹町中畑329", "P29_006": "3", "P29_007": "1", "P29_008": "00", "P29_009": null }, "geometry": { "type": "Point", "coordinates": [ 140.352342757694885, 37.168592755153064 ] } },
{ "type": "Feature", "properties": { "P29_001": "07466", "P29_002": "B107246630023", "P29_003": "16001", "P29_004": "矢吹町立三神小学校", "P29_005": "福島県西白河郡矢吹町神田西130-2", "P29_006": "3", "P29_007": "1", "P29_008": "00", "P29_009": null }, "geometry": { "type": "Point", "coordinates": [ 140.384302408970854, 37.199997980370703 ] } },
{ "type": "Feature", "properties": { "P29_001": "07466", "P29_002": "B107246630032", "P29_003": "16001", "P29_004": "矢吹町立矢吹小学校", "P29_005": "福島県西白河郡矢吹町中町100", "P29_006": "3", "P29_007": "1", "P29_008": "00", "P29_009": null }, "geometry": { "type": "Point", "coordinates": [ 140.323818001178637, 37.201624716264973 ] } },
{ "type": "Feature", "properties": { "P29_001": "07466", "P29_002": "B107246630041", "P29_003": "16001", "P29_004": "西白河郡矢吹町立善郷小学校", "P29_005": "福島県西白河郡矢吹町小松384-2", "P29_006": "3", "P29_007": "1", "P29_008": "00", "P29_009": null }, "geometry": { "type": "Point", "coordinates": [ 140.334096062133938, 37.20598565657383 ] } },
{ "type": "Feature", "properties": { "P29_001": "07481", "P29_002": "B107248130015", "P29_003": "16001", "P29_004": "棚倉町立棚倉小学校", "P29_005": "福島県東白川郡棚倉町大字棚倉字北町118-1", "P29_006": "3", "P29_007": "1", "P29_008": "00", "P29_009": null }, "geometry": { "type": "Point", "coordinates": [ 140.387312993013097, 37.032396773588765 ] } },
{ "type": "Feature", "properties": { "P29_001": "07481", "P29_002": "B107248130024", "P29_003": "16001", "P29_004": "棚倉町立社川小学校", "P29_005": "福島県東白川郡棚倉町逆川字山梨子山19", "P29_006": "3", "P29_007": "1", "P29_008": "00", "P29_009": null }, "geometry": { "type": "Point", "coordinates": [ 140.377728425830497, 37.05444177123799 ] } },
{ "type": "Feature", "properties": { "P29_001": "07481", "P29_002": "B107248130033", "P29_003": "16001", "P29_004": "棚倉町立高野小学校", "P29_005": "福島県東白川郡棚倉町大字山際字仙石103", "P29_006": "3", "P29_007": "1", "P29_008": "00", "P29_009": null }, "geometry": { "type": "Point", "coordinates": [ 140.350771246452069, 37.020237491216491 ] } },
{ "type": "Feature", "properties": { "P29_001": "07481", "P29_002": "B107248130042", "P29_003": "16001", "P29_004": "棚倉町立近津小学校", "P29_005": "福島県東白川郡棚倉町大字下山本字桃木田34", "P29_006": "3", "P29_007": "1", "P29_008": "00", "P29_009": null }, "geometry": { "type": "Point", "coordinates": [ 140.39166019051018, 36.999097605211659 ] } },
{ "type": "Feature", "properties": { "P29_001": "07482", "P29_002": "B107248230014", "P29_003": "16001", "P29_004": "東白川郡矢祭町立矢祭小学校", "P29_005": "福島県東白川郡矢祭町大字東舘字下上野内10", "P29_006": "3", "P29_007": "1", "P29_008": "00", "P29_009": null }, "geometry": { "type": "Point", "coordinates": [ 140.425722277404333, 36.868433071554499 ] } },
{ "type": "Feature", "properties": { "P29_001": "07483", "P29_002": "B107248330013", "P29_003": "16001", "P29_004": "塙町立塙小学校", "P29_005": "福島県東白川郡塙町大字台宿字下川原5", "P29_006": "3", "P29_007": "1", "P29_008": "00", "P29_009": null }, "geometry": { "type": "Point", "coordinates": [ 140.406808315244291, 36.954963094586994 ] } },
{ "type": "Feature", "properties": { "P29_001": "07483", "P29_002": "B107248330022", "P29_003": "16001", "P29_004": "塙町立笹原小学校", "P29_005": "福島県東白川郡塙町大字川上字馬場77", "P29_006": "3", "P29_007": "1", "P29_008": "00", "P29_009": null }, "geometry": { "type": "Point", "coordinates": [ 140.444715448477581, 36.940160966045084 ] } },
{ "type": "Feature", "properties": { "P29_001": "07484", "P29_002": "B107248430012", "P29_003": "16001", "P29_004": "東白川郡鮫川村立鮫川小学校", "P29_005": "福島県東白川郡鮫川村大字赤坂中野字道少田86", "P29_006": "3", "P29_007": "1", "P29_008": "00", "P29_009": null }, "geometry": { "type": "Point", "coordinates": [ 140.506386880286897, 37.046784399932783 ] } },
{ "type": "Feature", "properties": { "P29_001": "07501", "P29_002": "B107250130011", "P29_003": "16001", "P29_004": "石川町立石川小学校", "P29_005": "福島県石川郡石川町大字双里字川向2-1", "P29_006": "3", "P29_007": "1", "P29_008": "00", "P29_009": null }, "geometry": { "type": "Point", "coordinates": [ 140.462656345297944, 37.146360477191372 ] } },
{ "type": "Feature", "properties": { "P29_001": "07501", "P29_002": "B107250130039", "P29_003": "16001", "P29_004": "石川郡石川町立野木沢小学校", "P29_005": "福島県石川郡石川町大字曲木字燈籠場5", "P29_006": "3", "P29_007": "1", "P29_008": "00", "P29_009": null }, "geometry": { "type": "Point", "coordinates": [ 140.429088724373855, 37.179161174858784 ] } },
{ "type": "Feature", "properties": { "P29_001": "07502", "P29_002": "B107250230010", "P29_003": "16001", "P29_004": "石川郡玉川村立玉川第一小学校", "P29_005": "福島県石川郡玉川村小高字中村前50", "P29_006": "3", "P29_007": "1", "P29_008": "00", "P29_009": null }, "geometry": { "type": "Point", "coordinates": [ 140.412035409009832, 37.214856800861902 ] } },
{ "type": "Feature", "properties": { "P29_001": "07502", "P29_002": "B107250230029", "P29_003": "16001", "P29_004": "石川郡玉川村立須釜小学校", "P29_005": "福島県石川郡玉川村大字南須釜字堂ノ内200", "P29_006": "3", "P29_007": "1", "P29_008": "00", "P29_009": null }, "geometry": { "type": "Point", "coordinates": [ 140.450460137226798, 37.210710598918737 ] } },
{ "type": "Feature", "properties": { "P29_001": "07503", "P29_002": "B107250330019", "P29_003": "16001", "P29_004": "平田村立蓬田小学校", "P29_005": "福島県石川郡平田村上蓬田字上宿1", "P29_006": "3", "P29_007": "1", "P29_008": "00", "P29_009": null }, "geometry": { "type": "Point", "coordinates": [ 140.571034475620706, 37.241758395185364 ] } },
{ "type": "Feature", "properties": { "P29_001": "07503", "P29_002": "B107250330028", "P29_003": "16001", "P29_004": "平田村立小平小学校", "P29_005": "福島県石川郡平田村北方字蛇石59", "P29_006": "3", "P29_007": "1", "P29_008": "00", "P29_009": null }, "geometry": { "type": "Point", "coordinates": [ 140.565411092708331, 37.18541784527249 ] } },
{ "type": "Feature", "properties": { "P29_001": "07504", "P29_002": "B107250430018", "P29_003": "16001", "P29_004": "浅川町立浅川小学校", "P29_005": "福島県石川郡浅川町大字浅川字荒町108", "P29_006": "3", "P29_007": "1", "P29_008": "00", "P29_009": null }, "geometry": { "type": "Point", "coordinates": [ 140.415116361103372, 37.081361284965311 ] } },
{ "type": "Feature", "properties": { "P29_001": "07505", "P29_002": "B107250530017", "P29_003": "16001", "P29_004": "石川郡古殿町立古殿小学校", "P29_005": "福島県石川郡古殿町大字田口字寺前208-1", "P29_006": "3", "P29_007": "1", "P29_008": "00", "P29_009": null }, "geometry": { "type": "Point", "coordinates": [ 140.536388770511195, 37.095745610157344 ] } },
{ "type": "Feature", "properties": { "P29_001": "07521", "P29_002": "B107252130017", "P29_003": "16001", "P29_004": "三春町立三春小学校", "P29_005": "福島県田村郡三春町字大町157", "P29_006": "3", "P29_007": "1", "P29_008": "00", "P29_009": null }, "geometry": { "type": "Point", "coordinates": [ 140.492590796386253, 37.442408049502738 ] } },
{ "type": "Feature", "properties": { "P29_001": "07521", "P29_002": "B107252130026", "P29_003": "16001", "P29_004": "三春町立岩江小学校", "P29_005": "福島県田村郡三春町上舞木字大谷ツ24", "P29_006": "3", "P29_007": "1", "P29_008": "00", "P29_009": null }, "geometry": { "type": "Point", "coordinates": [ 140.439596093944715, 37.422901130228063 ] } },
{ "type": "Feature", "properties": { "P29_001": "07521", "P29_002": "B107252130035", "P29_003": "16001", "P29_004": "三春町立御木沢小学校", "P29_005": "福島県田村郡三春町樋ノ口111", "P29_006": "3", "P29_007": "1", "P29_008": "00", "P29_009": null }, "geometry": { "type": "Point", "coordinates": [ 140.487515187562849, 37.456665171639202 ] } },
{ "type": "Feature", "properties": { "P29_001": "07521", "P29_002": "B107252130044", "P29_003": "16001", "P29_004": "三春町立中妻小学校", "P29_005": "福島県田村郡三春町大字沼沢字神ノ上139", "P29_006": "3", "P29_007": "1", "P29_008": "00", "P29_009": null }, "geometry": { "type": "Point", "coordinates": [ 140.461613837060469, 37.410905170026091 ] } },
{ "type": "Feature", "properties": { "P29_001": "07521", "P29_002": "B107252130053", "P29_003": "16001", "P29_004": "三春町立中郷小学校", "P29_005": "福島県田村郡三春町柴原字神久保235", "P29_006": "3", "P29_007": "1", "P29_008": "00", "P29_009": null }, "geometry": { "type": "Point", "coordinates": [ 140.486800553950474, 37.411265264454883 ] } },
{ "type": "Feature", "properties": { "P29_001": "07521", "P29_002": "B107252130062", "P29_003": "16001", "P29_004": "三春町立沢石小学校", "P29_005": "福島県田村郡三春町富沢字石田68", "P29_006": "3", "P29_007": "1", "P29_008": "00", "P29_009": null }, "geometry": { "type": "Point", "coordinates": [ 140.538245182664895, 37.488920868222408 ] } },
{ "type": "Feature", "properties": { "P29_001": "07522", "P29_002": "B107252230016", "P29_003": "16001", "P29_004": "小野町立小野小学校", "P29_005": "福島県田村郡小野町大字小野新町字万景43", "P29_006": "3", "P29_007": "1", "P29_008": "00", "P29_009": null }, "geometry": { "type": "Point", "coordinates": [ 140.629543579715858, 37.283264569006079 ] } },
{ "type": "Feature", "properties": { "P29_001": "07541", "P29_002": "B107254130013", "P29_003": "16001", "P29_004": "双葉郡広野町立広野小学校", "P29_005": "福島県双葉郡広野町中央台3-1", "P29_006": "3", "P29_007": "1", "P29_008": "00", "P29_009": null }, "geometry": { "type": "Point", "coordinates": [ 140.991989482392171, 37.214989261115861 ] } },
{ "type": "Feature", "properties": { "P29_001": "07542", "P29_002": "B107254230030", "P29_003": "16001", "P29_004": "楢葉町立楢葉小学校", "P29_005": "福島県双葉郡楢葉町大字下小塙字麦入31", "P29_006": "3", "P29_007": "1", "P29_008": "00", "P29_009": null }, "geometry": { "type": "Point", "coordinates": [ 140.998371629953056, 37.265667044938233 ] } },
{ "type": "Feature", "properties": { "P29_001": "07543", "P29_002": "B107254330057", "P29_003": "16001", "P29_004": "富岡町立富岡小学校", "P29_005": "福島県双葉郡富岡町大字小浜字中央237-2", "P29_006": "3", "P29_007": "1", "P29_008": "00", "P29_009": null }, "geometry": { "type": "Point", "coordinates": [ 141.017452846177633, 37.338453126224323 ] } },
{ "type": "Feature", "properties": { "P29_001": "07546", "P29_002": "B107254630018", "P29_003": "16001", "P29_004": "双葉町立双葉南小学校", "P29_005": "福島県双葉郡双葉町大字新山字清戸迫1-1", "P29_006": "3", "P29_007": "1", "P29_008": "00", "P29_009": null }, "geometry": { "type": "Point", "coordinates": [ 141.005557467253169, 37.441856386545659 ] } },
{ "type": "Feature", "properties": { "P29_001": "07546", "P29_002": "B107254630027", "P29_003": "16001", "P29_004": "双葉町立双葉北小学校", "P29_005": "福島県双葉郡双葉町大字長塚字越田63-1", "P29_006": "3", "P29_007": "1", "P29_008": "00", "P29_009": null }, "geometry": { "type": "Point", "coordinates": [ 141.004466129541328, 37.45692876201538 ] } },
{ "type": "Feature", "properties": { "P29_001": "07547", "P29_002": "B107254730071", "P29_003": "16001", "P29_004": "浪江町立なみえ創成小学校", "P29_005": "福島県双葉郡浪江町大字幾世橋字来福寺西73", "P29_006": "3", "P29_007": "1", "P29_008": "00", "P29_009": null }, "geometry": { "type": "Point", "coordinates": [ 141.008115693354483, 37.492084747663782 ] } },
{ "type": "Feature", "properties": { "P29_001": "07548", "P29_002": "B107254830016", "P29_003": "16001", "P29_004": "双葉郡葛尾村立葛尾小学校", "P29_005": "福島県双葉郡葛尾村大字落合字西ノ内50", "P29_006": "3", "P29_007": "1", "P29_008": "00", "P29_009": null }, "geometry": { "type": "Point", "coordinates": [ 140.76316029713098, 37.503741170186842 ] } },
{ "type": "Feature", "properties": { "P29_001": "07561", "P29_002": "B107256130018", "P29_003": "16001", "P29_004": "相馬郡新地町立福田小学校", "P29_005": "福島県相馬郡新地町大字福田字中里16", "P29_006": "3", "P29_007": "1", "P29_008": "00", "P29_009": null }, "geometry": { "type": "Point", "coordinates": [ 140.89340944497846, 37.889798505190477 ] } },
{ "type": "Feature", "properties": { "P29_001": "07561", "P29_002": "B107256130027", "P29_003": "16001", "P29_004": "相馬郡新地町立新地小学校", "P29_005": "福島県相馬郡新地町谷地小屋字愛宕1", "P29_006": "3", "P29_007": "1", "P29_008": "00", "P29_009": null }, "geometry": { "type": "Point", "coordinates": [ 140.916247531884039, 37.874179828749789 ] } },
{ "type": "Feature", "properties": { "P29_001": "07561", "P29_002": "B107256130036", "P29_003": "16001", "P29_004": "相馬郡新地町立駒ケ嶺小学校", "P29_005": "福島県相馬郡新地町駒ケ嶺字新町前52", "P29_006": "3", "P29_007": "1", "P29_008": "00", "P29_009": null }, "geometry": { "type": "Point", "coordinates": [ 140.917300733532727, 37.844494707696668 ] } },
{ "type": "Feature", "properties": { "P29_001": "07201", "P29_002": "B107320131011", "P29_003": "16001", "P29_004": "桜の聖母学院小学校", "P29_005": "福島県福島市花園町4-8", "P29_006": "4", "P29_007": "1", "P29_008": "00", "P29_009": null }, "geometry": { "type": "Point", "coordinates": [ 140.472397411177013, 37.762331910049127 ] } },
{ "type": "Feature", "properties": { "P29_001": "07202", "P29_002": "B107320231010", "P29_003": "16001", "P29_004": "会津若松ザベリオ学園小学校", "P29_005": "福島県会津若松市西栄町1-18", "P29_006": "4", "P29_007": "1", "P29_008": "00", "P29_009": null }, "geometry": { "type": "Point", "coordinates": [ 139.924901075439152, 37.492554331586248 ] } },
{ "type": "Feature", "properties": { "P29_001": "07203", "P29_002": "B107320331019", "P29_003": "16001", "P29_004": "郡山ザベリオ学園小学校", "P29_005": "福島県郡山市大槻町字古屋敷102", "P29_006": "4", "P29_007": "1", "P29_008": "00", "P29_009": null }, "geometry": { "type": "Point", "coordinates": [ 140.323665222820807, 37.401777842595251 ] } },
{ "type": "Feature", "properties": { "P29_001": "07204", "P29_002": "B107320431018", "P29_003": "16001", "P29_004": "いわき秀英小学校", "P29_005": "福島県いわき市泉町字滝ノ沢3-1", "P29_006": "4", "P29_007": "1", "P29_008": "00", "P29_009": null }, "geometry": { "type": "Point", "coordinates": [ 140.840479231744894, 36.949197268923321 ] } }
]
}
